**********************************************************************
** Visual Studio 2026 Developer Command Prompt v18.9.3
** Copyright (c) 2026 Microsoft Corporation
**********************************************************************
[vcvarsall.bat] Environment initialized for: 'x64_arm64'

Microsoft (R) Program Maintenance Utility Version 14.29.30159.0
Copyright (C) Microsoft Corporation.  All rights reserved.

	cl.exe /nologo /O2 /DNDEBUG /MT /I. /Isrc /nologo /W3 /EHsc /c /DWIN32 /D_CRT_SECURE_NO_WARNINGS /DWIN32_LEAN_AND_MEAN /DHAVE_WINCODEC_H /DWEBP_USE_THREAD /FdC:\Users\Public\jpegview-arm64-build\extras\scripts\libwebp-arm64\release-static\ARM64\obj\libwebp.pdb /FoC:\Users\Public\jpegview-arm64-build\extras\scripts\libwebp-arm64\release-static\ARM64\obj\dec\ src\dec\alpha_dec.c src\dec\buffer_dec.c src\dec\frame_dec.c src\dec\idec_dec.c src\dec\io_dec.c src\dec\quant_dec.c src\dec\tree_dec.c src\dec\vp8_dec.c src\dec\vp8l_dec.c src\dec\webp_dec.c 
alpha_dec.c
buffer_dec.c
frame_dec.c
idec_dec.c
io_dec.c
quant_dec.c
tree_dec.c
vp8_dec.c
vp8l_dec.c
webp_dec.c
Generating Code...
	cl.exe /nologo /O2 /DNDEBUG /MT /I. /Isrc /nologo /W3 /EHsc /c /DWIN32 /D_CRT_SECURE_NO_WARNINGS /DWIN32_LEAN_AND_MEAN /DHAVE_WINCODEC_H /DWEBP_USE_THREAD /FdC:\Users\Public\jpegview-arm64-build\extras\scripts\libwebp-arm64\release-static\ARM64\obj\libwebp.pdb /FoC:\Users\Public\jpegview-arm64-build\extras\scripts\libwebp-arm64\release-static\ARM64\obj\dsp\ src\dsp\alpha_processing.c src\dsp\alpha_processing_mips_dsp_r2.c src\dsp\alpha_processing_neon.c src\dsp\alpha_processing_sse2.c src\dsp\alpha_processing_sse41.c src\dsp\cpu.c src\dsp\dec.c src\dsp\dec_clip_tables.c src\dsp\dec_mips32.c src\dsp\dec_mips_dsp_r2.c src\dsp\dec_msa.c src\dsp\dec_neon.c src\dsp\dec_sse2.c src\dsp\dec_sse41.c src\dsp\filters.c src\dsp\filters_mips_dsp_r2.c src\dsp\filters_msa.c src\dsp\filters_neon.c src\dsp\filters_sse2.c src\dsp\lossless.c src\dsp\lossless_mips_dsp_r2.c src\dsp\lossless_msa.c src\dsp\lossless_neon.c src\dsp\lossless_sse2.c src\dsp\lossless_sse41.c src\dsp\rescaler.c src\dsp\rescaler_mips32.c src\dsp\rescaler_mips_dsp_r2.c src\dsp\rescaler_msa.c src\dsp\rescaler_neon.c src\dsp\rescaler_sse2.c src\dsp\upsampling.c src\dsp\upsampling_mips_dsp_r2.c src\dsp\upsampling_msa.c src\dsp\upsampling_neon.c src\dsp\upsampling_sse2.c src\dsp\upsampling_sse41.c src\dsp\yuv.c src\dsp\yuv_mips32.c src\dsp\yuv_mips_dsp_r2.c src\dsp\yuv_neon.c src\dsp\yuv_sse2.c src\dsp\yuv_sse41.c 
alpha_processing.c
alpha_processing_mips_dsp_r2.c
alpha_processing_neon.c
alpha_processing_sse2.c
alpha_processing_sse41.c
cpu.c
dec.c
dec_clip_tables.c
dec_mips32.c
dec_mips_dsp_r2.c
dec_msa.c
dec_neon.c
dec_sse2.c
dec_sse41.c
filters.c
filters_mips_dsp_r2.c
filters_msa.c
filters_neon.c
filters_sse2.c
lossless.c
Generating Code...
Compiling...
lossless_mips_dsp_r2.c
lossless_msa.c
lossless_neon.c
lossless_sse2.c
lossless_sse41.c
rescaler.c
rescaler_mips32.c
rescaler_mips_dsp_r2.c
rescaler_msa.c
rescaler_neon.c
rescaler_sse2.c
upsampling.c
upsampling_mips_dsp_r2.c
upsampling_msa.c
upsampling_neon.c
upsampling_sse2.c
upsampling_sse41.c
yuv.c
yuv_mips32.c
yuv_mips_dsp_r2.c
Generating Code...
Compiling...
yuv_neon.c
yuv_sse2.c
yuv_sse41.c
Generating Code...
	cl.exe /nologo /O2 /DNDEBUG /MT /I. /Isrc /nologo /W3 /EHsc /c /DWIN32 /D_CRT_SECURE_NO_WARNINGS /DWIN32_LEAN_AND_MEAN /DHAVE_WINCODEC_H /DWEBP_USE_THREAD /FdC:\Users\Public\jpegview-arm64-build\extras\scripts\libwebp-arm64\release-static\ARM64\obj\libwebp.pdb /FoC:\Users\Public\jpegview-arm64-build\extras\scripts\libwebp-arm64\release-static\ARM64\obj\utils\ src\utils\bit_reader_utils.c src\utils\color_cache_utils.c src\utils\filters_utils.c src\utils\huffman_utils.c src\utils\quant_levels_dec_utils.c src\utils\rescaler_utils.c src\utils\random_utils.c src\utils\thread_utils.c src\utils\utils.c 
bit_reader_utils.c
color_cache_utils.c
filters_utils.c
huffman_utils.c
quant_levels_dec_utils.c
rescaler_utils.c
random_utils.c
thread_utils.c
utils.c
Generating Code...
	lib.exe /nologo /out:C:\Users\Public\jpegview-arm64-build\extras\scripts\libwebp-arm64\release-static\ARM64\lib\libwebpdecoder.lib C:\Users\Public\jpegview-arm64-build\extras\scripts\libwebp-arm64\release-static\ARM64\obj\dec\alpha_dec.obj C:\Users\Public\jpegview-arm64-build\extras\scripts\libwebp-arm64\release-static\ARM64\obj\dec\buffer_dec.obj C:\Users\Public\jpegview-arm64-build\extras\scripts\libwebp-arm64\release-static\ARM64\obj\dec\frame_dec.obj C:\Users\Public\jpegview-arm64-build\extras\scripts\libwebp-arm64\release-static\ARM64\obj\dec\idec_dec.obj C:\Users\Public\jpegview-arm64-build\extras\scripts\libwebp-arm64\release-static\ARM64\obj\dec\io_dec.obj C:\Users\Public\jpegview-arm64-build\extras\scripts\libwebp-arm64\release-static\ARM64\obj\dec\quant_dec.obj C:\Users\Public\jpegview-arm64-build\extras\scripts\libwebp-arm64\release-static\ARM64\obj\dec\tree_dec.obj C:\Users\Public\jpegview-arm64-build\extras\scripts\libwebp-arm64\release-static\ARM64\obj\dec\vp8_dec.obj C:\Users\Public\jpegview-arm64-build\extras\scripts\libwebp-arm64\release-static\ARM64\obj\dec\vp8l_dec.obj C:\Users\Public\jpegview-arm64-build\extras\scripts\libwebp-arm64\release-static\ARM64\obj\dec\webp_dec.obj C:\Users\Public\jpegview-arm64-build\extras\scripts\libwebp-arm64\release-static\ARM64\obj\dsp\alpha_processing.obj C:\Users\Public\jpegview-arm64-build\extras\scripts\libwebp-arm64\release-static\ARM64\obj\dsp\alpha_processing_mips_dsp_r2.obj C:\Users\Public\jpegview-arm64-build\extras\scripts\libwebp-arm64\release-static\ARM64\obj\dsp\alpha_processing_neon.obj C:\Users\Public\jpegview-arm64-build\extras\scripts\libwebp-arm64\release-static\ARM64\obj\dsp\alpha_processing_sse2.obj C:\Users\Public\jpegview-arm64-build\extras\scripts\libwebp-arm64\release-static\ARM64\obj\dsp\alpha_processing_sse41.obj C:\Users\Public\jpegview-arm64-build\extras\scripts\libwebp-arm64\release-static\ARM64\obj\dsp\cpu.obj C:\Users\Public\jpegview-arm64-build\extras\scripts\libwebp-arm64\release-static\ARM64\obj\dsp\dec.obj C:\Users\Public\jpegview-arm64-build\extras\scripts\libwebp-arm64\release-static\ARM64\obj\dsp\dec_clip_tables.obj C:\Users\Public\jpegview-arm64-build\extras\scripts\libwebp-arm64\release-static\ARM64\obj\dsp\dec_mips32.obj C:\Users\Public\jpegview-arm64-build\extras\scripts\libwebp-arm64\release-static\ARM64\obj\dsp\dec_mips_dsp_r2.obj C:\Users\Public\jpegview-arm64-build\extras\scripts\libwebp-arm64\release-static\ARM64\obj\dsp\dec_msa.obj C:\Users\Public\jpegview-arm64-build\extras\scripts\libwebp-arm64\release-static\ARM64\obj\dsp\dec_neon.obj C:\Users\Public\jpegview-arm64-build\extras\scripts\libwebp-arm64\release-static\ARM64\obj\dsp\dec_sse2.obj C:\Users\Public\jpegview-arm64-build\extras\scripts\libwebp-arm64\release-static\ARM64\obj\dsp\dec_sse41.obj C:\Users\Public\jpegview-arm64-build\extras\scripts\libwebp-arm64\release-static\ARM64\obj\dsp\filters.obj C:\Users\Public\jpegview-arm64-build\extras\scripts\libwebp-arm64\release-static\ARM64\obj\dsp\filters_mips_dsp_r2.obj C:\Users\Public\jpegview-arm64-build\extras\scripts\libwebp-arm64\release-static\ARM64\obj\dsp\filters_msa.obj C:\Users\Public\jpegview-arm64-build\extras\scripts\libwebp-arm64\release-static\ARM64\obj\dsp\filters_neon.obj C:\Users\Public\jpegview-arm64-build\extras\scripts\libwebp-arm64\release-static\ARM64\obj\dsp\filters_sse2.obj C:\Users\Public\jpegview-arm64-build\extras\scripts\libwebp-arm64\release-static\ARM64\obj\dsp\lossless.obj C:\Users\Public\jpegview-arm64-build\extras\scripts\libwebp-arm64\release-static\ARM64\obj\dsp\lossless_mips_dsp_r2.obj C:\Users\Public\jpegview-arm64-build\extras\scripts\libwebp-arm64\release-static\ARM64\obj\dsp\lossless_msa.obj C:\Users\Public\jpegview-arm64-build\extras\scripts\libwebp-arm64\release-static\ARM64\obj\dsp\lossless_neon.obj C:\Users\Public\jpegview-arm64-build\extras\scripts\libwebp-arm64\release-static\ARM64\obj\dsp\lossless_sse2.obj C:\Users\Public\jpegview-arm64-build\extras\scripts\libwebp-arm64\release-static\ARM64\obj\dsp\lossless_sse41.obj C:\Users\Public\jpegview-arm64-build\extras\scripts\libwebp-arm64\release-static\ARM64\obj\dsp\rescaler.obj C:\Users\Public\jpegview-arm64-build\extras\scripts\libwebp-arm64\release-static\ARM64\obj\dsp\rescaler_mips32.obj C:\Users\Public\jpegview-arm64-build\extras\scripts\libwebp-arm64\release-static\ARM64\obj\dsp\rescaler_mips_dsp_r2.obj C:\Users\Public\jpegview-arm64-build\extras\scripts\libwebp-arm64\release-static\ARM64\obj\dsp\rescaler_msa.obj C:\Users\Public\jpegview-arm64-build\extras\scripts\libwebp-arm64\release-static\ARM64\obj\dsp\rescaler_neon.obj C:\Users\Public\jpegview-arm64-build\extras\scripts\libwebp-arm64\release-static\ARM64\obj\dsp\rescaler_sse2.obj C:\Users\Public\jpegview-arm64-build\extras\scripts\libwebp-arm64\release-static\ARM64\obj\dsp\upsampling.obj C:\Users\Public\jpegview-arm64-build\extras\scripts\libwebp-arm64\release-static\ARM64\obj\dsp\upsampling_mips_dsp_r2.obj C:\Users\Public\jpegview-arm64-build\extras\scripts\libwebp-arm64\release-static\ARM64\obj\dsp\upsampling_msa.obj C:\Users\Public\jpegview-arm64-build\extras\scripts\libwebp-arm64\release-static\ARM64\obj\dsp\upsampling_neon.obj C:\Users\Public\jpegview-arm64-build\extras\scripts\libwebp-arm64\release-static\ARM64\obj\dsp\upsampling_sse2.obj C:\Users\Public\jpegview-arm64-build\extras\scripts\libwebp-arm64\release-static\ARM64\obj\dsp\upsampling_sse41.obj C:\Users\Public\jpegview-arm64-build\extras\scripts\libwebp-arm64\release-static\ARM64\obj\dsp\yuv.obj C:\Users\Public\jpegview-arm64-build\extras\scripts\libwebp-arm64\release-static\ARM64\obj\dsp\yuv_mips32.obj C:\Users\Public\jpegview-arm64-build\extras\scripts\libwebp-arm64\release-static\ARM64\obj\dsp\yuv_mips_dsp_r2.obj C:\Users\Public\jpegview-arm64-build\extras\scripts\libwebp-arm64\release-static\ARM64\obj\dsp\yuv_neon.obj C:\Users\Public\jpegview-arm64-build\extras\scripts\libwebp-arm64\release-static\ARM64\obj\dsp\yuv_sse2.obj C:\Users\Public\jpegview-arm64-build\extras\scripts\libwebp-arm64\release-static\ARM64\obj\dsp\yuv_sse41.obj C:\Users\Public\jpegview-arm64-build\extras\scripts\libwebp-arm64\release-static\ARM64\obj\utils\bit_reader_utils.obj C:\Users\Public\jpegview-arm64-build\extras\scripts\libwebp-arm64\release-static\ARM64\obj\utils\color_cache_utils.obj C:\Users\Public\jpegview-arm64-build\extras\scripts\libwebp-arm64\release-static\ARM64\obj\utils\filters_utils.obj C:\Users\Public\jpegview-arm64-build\extras\scripts\libwebp-arm64\release-static\ARM64\obj\utils\huffman_utils.obj C:\Users\Public\jpegview-arm64-build\extras\scripts\libwebp-arm64\release-static\ARM64\obj\utils\quant_levels_dec_utils.obj C:\Users\Public\jpegview-arm64-build\extras\scripts\libwebp-arm64\release-static\ARM64\obj\utils\rescaler_utils.obj C:\Users\Public\jpegview-arm64-build\extras\scripts\libwebp-arm64\release-static\ARM64\obj\utils\random_utils.obj C:\Users\Public\jpegview-arm64-build\extras\scripts\libwebp-arm64\release-static\ARM64\obj\utils\thread_utils.obj C:\Users\Public\jpegview-arm64-build\extras\scripts\libwebp-arm64\release-static\ARM64\obj\utils\utils.obj
	xcopy C:\Users\Public\jpegview-arm64-build\extras\scripts\libwebp-arm64\release-static\ARM64\obj\*.pdb C:\Users\Public\jpegview-arm64-build\extras\scripts\libwebp-arm64\release-static\ARM64\lib /y
File not found - *.pdb
0 File(s) copied
	cl.exe /nologo /O2 /DNDEBUG /MT /I. /Isrc /nologo /W3 /EHsc /c /DWIN32 /D_CRT_SECURE_NO_WARNINGS /DWIN32_LEAN_AND_MEAN /DHAVE_WINCODEC_H /DWEBP_USE_THREAD /FdC:\Users\Public\jpegview-arm64-build\extras\scripts\libwebp-arm64\release-static\ARM64\obj\sharpyuv\ /FoC:\Users\Public\jpegview-arm64-build\extras\scripts\libwebp-arm64\release-static\ARM64\obj\sharpyuv\ sharpyuv\sharpyuv.c sharpyuv\sharpyuv_cpu.c sharpyuv\sharpyuv_csp.c sharpyuv\sharpyuv_dsp.c sharpyuv\sharpyuv_gamma.c sharpyuv\sharpyuv_neon.c sharpyuv\sharpyuv_sse2.c 
sharpyuv.c
sharpyuv_cpu.c
sharpyuv_csp.c
sharpyuv_dsp.c
sharpyuv_gamma.c
sharpyuv_neon.c
sharpyuv_sse2.c
Generating Code...
	lib.exe /nologo /out:C:\Users\Public\jpegview-arm64-build\extras\scripts\libwebp-arm64\release-static\ARM64\lib\libsharpyuv.lib C:\Users\Public\jpegview-arm64-build\extras\scripts\libwebp-arm64\release-static\ARM64\obj\sharpyuv\sharpyuv.obj C:\Users\Public\jpegview-arm64-build\extras\scripts\libwebp-arm64\release-static\ARM64\obj\sharpyuv\sharpyuv_cpu.obj C:\Users\Public\jpegview-arm64-build\extras\scripts\libwebp-arm64\release-static\ARM64\obj\sharpyuv\sharpyuv_csp.obj C:\Users\Public\jpegview-arm64-build\extras\scripts\libwebp-arm64\release-static\ARM64\obj\sharpyuv\sharpyuv_dsp.obj C:\Users\Public\jpegview-arm64-build\extras\scripts\libwebp-arm64\release-static\ARM64\obj\sharpyuv\sharpyuv_gamma.obj C:\Users\Public\jpegview-arm64-build\extras\scripts\libwebp-arm64\release-static\ARM64\obj\sharpyuv\sharpyuv_neon.obj C:\Users\Public\jpegview-arm64-build\extras\scripts\libwebp-arm64\release-static\ARM64\obj\sharpyuv\sharpyuv_sse2.obj
	xcopy C:\Users\Public\jpegview-arm64-build\extras\scripts\libwebp-arm64\release-static\ARM64\obj\*.pdb C:\Users\Public\jpegview-arm64-build\extras\scripts\libwebp-arm64\release-static\ARM64\lib /y
File not found - *.pdb
0 File(s) copied
	cl.exe /nologo /O2 /DNDEBUG /MT /I. /Isrc /nologo /W3 /EHsc /c /DWIN32 /D_CRT_SECURE_NO_WARNINGS /DWIN32_LEAN_AND_MEAN /DHAVE_WINCODEC_H /DWEBP_USE_THREAD /FdC:\Users\Public\jpegview-arm64-build\extras\scripts\libwebp-arm64\release-static\ARM64\obj\libwebp.pdb /FoC:\Users\Public\jpegview-arm64-build\extras\scripts\libwebp-arm64\release-static\ARM64\obj\enc\ src\enc\alpha_enc.c src\enc\analysis_enc.c src\enc\backward_references_cost_enc.c src\enc\backward_references_enc.c src\enc\config_enc.c src\enc\cost_enc.c src\enc\filter_enc.c src\enc\frame_enc.c src\enc\histogram_enc.c src\enc\iterator_enc.c src\enc\near_lossless_enc.c src\enc\picture_enc.c src\enc\picture_csp_enc.c src\enc\picture_psnr_enc.c src\enc\picture_rescale_enc.c src\enc\picture_tools_enc.c src\enc\predictor_enc.c src\enc\quant_enc.c src\enc\syntax_enc.c src\enc\token_enc.c src\enc\tree_enc.c src\enc\vp8l_enc.c src\enc\webp_enc.c 
alpha_enc.c
analysis_enc.c
backward_references_cost_enc.c
backward_references_enc.c
config_enc.c
cost_enc.c
filter_enc.c
frame_enc.c
histogram_enc.c
iterator_enc.c
near_lossless_enc.c
picture_enc.c
picture_csp_enc.c
picture_psnr_enc.c
picture_rescale_enc.c
picture_tools_enc.c
predictor_enc.c
quant_enc.c
syntax_enc.c
token_enc.c
Generating Code...
Compiling...
tree_enc.c
vp8l_enc.c
webp_enc.c
Generating Code...
	cl.exe /nologo /O2 /DNDEBUG /MT /I. /Isrc /nologo /W3 /EHsc /c /DWIN32 /D_CRT_SECURE_NO_WARNINGS /DWIN32_LEAN_AND_MEAN /DHAVE_WINCODEC_H /DWEBP_USE_THREAD /FdC:\Users\Public\jpegview-arm64-build\extras\scripts\libwebp-arm64\release-static\ARM64\obj\libwebp.pdb /FoC:\Users\Public\jpegview-arm64-build\extras\scripts\libwebp-arm64\release-static\ARM64\obj\dsp\ src\dsp\cost.c src\dsp\cost_mips32.c src\dsp\cost_mips_dsp_r2.c src\dsp\cost_neon.c src\dsp\cost_sse2.c src\dsp\enc.c src\dsp\enc_mips32.c src\dsp\enc_mips_dsp_r2.c src\dsp\enc_msa.c src\dsp\enc_neon.c src\dsp\enc_sse2.c src\dsp\enc_sse41.c src\dsp\lossless_enc.c src\dsp\lossless_enc_mips32.c src\dsp\lossless_enc_mips_dsp_r2.c src\dsp\lossless_enc_msa.c src\dsp\lossless_enc_neon.c src\dsp\lossless_enc_sse2.c src\dsp\lossless_enc_sse41.c src\dsp\ssim.c src\dsp\ssim_sse2.c 
cost.c
cost_mips32.c
cost_mips_dsp_r2.c
cost_neon.c
cost_sse2.c
enc.c
enc_mips32.c
enc_mips_dsp_r2.c
enc_msa.c
enc_neon.c
enc_sse2.c
enc_sse41.c
lossless_enc.c
lossless_enc_mips32.c
lossless_enc_mips_dsp_r2.c
lossless_enc_msa.c
lossless_enc_neon.c
lossless_enc_sse2.c
lossless_enc_sse41.c
ssim.c
Generating Code...
Compiling...
ssim_sse2.c
Generating Code...
	cl.exe /nologo /O2 /DNDEBUG /MT /I. /Isrc /nologo /W3 /EHsc /c /DWIN32 /D_CRT_SECURE_NO_WARNINGS /DWIN32_LEAN_AND_MEAN /DHAVE_WINCODEC_H /DWEBP_USE_THREAD /FdC:\Users\Public\jpegview-arm64-build\extras\scripts\libwebp-arm64\release-static\ARM64\obj\libwebp.pdb /FoC:\Users\Public\jpegview-arm64-build\extras\scripts\libwebp-arm64\release-static\ARM64\obj\utils\ src\utils\bit_writer_utils.c src\utils\huffman_encode_utils.c src\utils\quant_levels_utils.c 
bit_writer_utils.c
huffman_encode_utils.c
quant_levels_utils.c
Generating Code...
	lib.exe /nologo /out:C:\Users\Public\jpegview-arm64-build\extras\scripts\libwebp-arm64\release-static\ARM64\lib\libwebp.lib C:\Users\Public\jpegview-arm64-build\extras\scripts\libwebp-arm64\release-static\ARM64\obj\dec\alpha_dec.obj C:\Users\Public\jpegview-arm64-build\extras\scripts\libwebp-arm64\release-static\ARM64\obj\dec\buffer_dec.obj C:\Users\Public\jpegview-arm64-build\extras\scripts\libwebp-arm64\release-static\ARM64\obj\dec\frame_dec.obj C:\Users\Public\jpegview-arm64-build\extras\scripts\libwebp-arm64\release-static\ARM64\obj\dec\idec_dec.obj C:\Users\Public\jpegview-arm64-build\extras\scripts\libwebp-arm64\release-static\ARM64\obj\dec\io_dec.obj C:\Users\Public\jpegview-arm64-build\extras\scripts\libwebp-arm64\release-static\ARM64\obj\dec\quant_dec.obj C:\Users\Public\jpegview-arm64-build\extras\scripts\libwebp-arm64\release-static\ARM64\obj\dec\tree_dec.obj C:\Users\Public\jpegview-arm64-build\extras\scripts\libwebp-arm64\release-static\ARM64\obj\dec\vp8_dec.obj C:\Users\Public\jpegview-arm64-build\extras\scripts\libwebp-arm64\release-static\ARM64\obj\dec\vp8l_dec.obj C:\Users\Public\jpegview-arm64-build\extras\scripts\libwebp-arm64\release-static\ARM64\obj\dec\webp_dec.obj C:\Users\Public\jpegview-arm64-build\extras\scripts\libwebp-arm64\release-static\ARM64\obj\dsp\alpha_processing.obj C:\Users\Public\jpegview-arm64-build\extras\scripts\libwebp-arm64\release-static\ARM64\obj\dsp\alpha_processing_mips_dsp_r2.obj C:\Users\Public\jpegview-arm64-build\extras\scripts\libwebp-arm64\release-static\ARM64\obj\dsp\alpha_processing_neon.obj C:\Users\Public\jpegview-arm64-build\extras\scripts\libwebp-arm64\release-static\ARM64\obj\dsp\alpha_processing_sse2.obj C:\Users\Public\jpegview-arm64-build\extras\scripts\libwebp-arm64\release-static\ARM64\obj\dsp\alpha_processing_sse41.obj C:\Users\Public\jpegview-arm64-build\extras\scripts\libwebp-arm64\release-static\ARM64\obj\dsp\cpu.obj C:\Users\Public\jpegview-arm64-build\extras\scripts\libwebp-arm64\release-static\ARM64\obj\dsp\dec.obj C:\Users\Public\jpegview-arm64-build\extras\scripts\libwebp-arm64\release-static\ARM64\obj\dsp\dec_clip_tables.obj C:\Users\Public\jpegview-arm64-build\extras\scripts\libwebp-arm64\release-static\ARM64\obj\dsp\dec_mips32.obj C:\Users\Public\jpegview-arm64-build\extras\scripts\libwebp-arm64\release-static\ARM64\obj\dsp\dec_mips_dsp_r2.obj C:\Users\Public\jpegview-arm64-build\extras\scripts\libwebp-arm64\release-static\ARM64\obj\dsp\dec_msa.obj C:\Users\Public\jpegview-arm64-build\extras\scripts\libwebp-arm64\release-static\ARM64\obj\dsp\dec_neon.obj C:\Users\Public\jpegview-arm64-build\extras\scripts\libwebp-arm64\release-static\ARM64\obj\dsp\dec_sse2.obj C:\Users\Public\jpegview-arm64-build\extras\scripts\libwebp-arm64\release-static\ARM64\obj\dsp\dec_sse41.obj C:\Users\Public\jpegview-arm64-build\extras\scripts\libwebp-arm64\release-static\ARM64\obj\dsp\filters.obj C:\Users\Public\jpegview-arm64-build\extras\scripts\libwebp-arm64\release-static\ARM64\obj\dsp\filters_mips_dsp_r2.obj C:\Users\Public\jpegview-arm64-build\extras\scripts\libwebp-arm64\release-static\ARM64\obj\dsp\filters_msa.obj C:\Users\Public\jpegview-arm64-build\extras\scripts\libwebp-arm64\release-static\ARM64\obj\dsp\filters_neon.obj C:\Users\Public\jpegview-arm64-build\extras\scripts\libwebp-arm64\release-static\ARM64\obj\dsp\filters_sse2.obj C:\Users\Public\jpegview-arm64-build\extras\scripts\libwebp-arm64\release-static\ARM64\obj\dsp\lossless.obj C:\Users\Public\jpegview-arm64-build\extras\scripts\libwebp-arm64\release-static\ARM64\obj\dsp\lossless_mips_dsp_r2.obj C:\Users\Public\jpegview-arm64-build\extras\scripts\libwebp-arm64\release-static\ARM64\obj\dsp\lossless_msa.obj C:\Users\Public\jpegview-arm64-build\extras\scripts\libwebp-arm64\release-static\ARM64\obj\dsp\lossless_neon.obj C:\Users\Public\jpegview-arm64-build\extras\scripts\libwebp-arm64\release-static\ARM64\obj\dsp\lossless_sse2.obj C:\Users\Public\jpegview-arm64-build\extras\scripts\libwebp-arm64\release-static\ARM64\obj\dsp\lossless_sse41.obj C:\Users\Public\jpegview-arm64-build\extras\scripts\libwebp-arm64\release-static\ARM64\obj\dsp\rescaler.obj C:\Users\Public\jpegview-arm64-build\extras\scripts\libwebp-arm64\release-static\ARM64\obj\dsp\rescaler_mips32.obj C:\Users\Public\jpegview-arm64-build\extras\scripts\libwebp-arm64\release-static\ARM64\obj\dsp\rescaler_mips_dsp_r2.obj C:\Users\Public\jpegview-arm64-build\extras\scripts\libwebp-arm64\release-static\ARM64\obj\dsp\rescaler_msa.obj C:\Users\Public\jpegview-arm64-build\extras\scripts\libwebp-arm64\release-static\ARM64\obj\dsp\rescaler_neon.obj C:\Users\Public\jpegview-arm64-build\extras\scripts\libwebp-arm64\release-static\ARM64\obj\dsp\rescaler_sse2.obj C:\Users\Public\jpegview-arm64-build\extras\scripts\libwebp-arm64\release-static\ARM64\obj\dsp\upsampling.obj C:\Users\Public\jpegview-arm64-build\extras\scripts\libwebp-arm64\release-static\ARM64\obj\dsp\upsampling_mips_dsp_r2.obj C:\Users\Public\jpegview-arm64-build\extras\scripts\libwebp-arm64\release-static\ARM64\obj\dsp\upsampling_msa.obj C:\Users\Public\jpegview-arm64-build\extras\scripts\libwebp-arm64\release-static\ARM64\obj\dsp\upsampling_neon.obj C:\Users\Public\jpegview-arm64-build\extras\scripts\libwebp-arm64\release-static\ARM64\obj\dsp\upsampling_sse2.obj C:\Users\Public\jpegview-arm64-build\extras\scripts\libwebp-arm64\release-static\ARM64\obj\dsp\upsampling_sse41.obj C:\Users\Public\jpegview-arm64-build\extras\scripts\libwebp-arm64\release-static\ARM64\obj\dsp\yuv.obj C:\Users\Public\jpegview-arm64-build\extras\scripts\libwebp-arm64\release-static\ARM64\obj\dsp\yuv_mips32.obj C:\Users\Public\jpegview-arm64-build\extras\scripts\libwebp-arm64\release-static\ARM64\obj\dsp\yuv_mips_dsp_r2.obj C:\Users\Public\jpegview-arm64-build\extras\scripts\libwebp-arm64\release-static\ARM64\obj\dsp\yuv_neon.obj C:\Users\Public\jpegview-arm64-build\extras\scripts\libwebp-arm64\release-static\ARM64\obj\dsp\yuv_sse2.obj C:\Users\Public\jpegview-arm64-build\extras\scripts\libwebp-arm64\release-static\ARM64\obj\dsp\yuv_sse41.obj C:\Users\Public\jpegview-arm64-build\extras\scripts\libwebp-arm64\release-static\ARM64\obj\utils\bit_reader_utils.obj C:\Users\Public\jpegview-arm64-build\extras\scripts\libwebp-arm64\release-static\ARM64\obj\utils\color_cache_utils.obj C:\Users\Public\jpegview-arm64-build\extras\scripts\libwebp-arm64\release-static\ARM64\obj\utils\filters_utils.obj C:\Users\Public\jpegview-arm64-build\extras\scripts\libwebp-arm64\release-static\ARM64\obj\utils\huffman_utils.obj C:\Users\Public\jpegview-arm64-build\extras\scripts\libwebp-arm64\release-static\ARM64\obj\utils\quant_levels_dec_utils.obj C:\Users\Public\jpegview-arm64-build\extras\scripts\libwebp-arm64\release-static\ARM64\obj\utils\rescaler_utils.obj C:\Users\Public\jpegview-arm64-build\extras\scripts\libwebp-arm64\release-static\ARM64\obj\utils\random_utils.obj C:\Users\Public\jpegview-arm64-build\extras\scripts\libwebp-arm64\release-static\ARM64\obj\utils\thread_utils.obj C:\Users\Public\jpegview-arm64-build\extras\scripts\libwebp-arm64\release-static\ARM64\obj\utils\utils.obj C:\Users\Public\jpegview-arm64-build\extras\scripts\libwebp-arm64\release-static\ARM64\obj\enc\alpha_enc.obj C:\Users\Public\jpegview-arm64-build\extras\scripts\libwebp-arm64\release-static\ARM64\obj\enc\analysis_enc.obj C:\Users\Public\jpegview-arm64-build\extras\scripts\libwebp-arm64\release-static\ARM64\obj\enc\backward_references_cost_enc.obj C:\Users\Public\jpegview-arm64-build\extras\scripts\libwebp-arm64\release-static\ARM64\obj\enc\backward_references_enc.obj C:\Users\Public\jpegview-arm64-build\extras\scripts\libwebp-arm64\release-static\ARM64\obj\enc\config_enc.obj C:\Users\Public\jpegview-arm64-build\extras\scripts\libwebp-arm64\release-static\ARM64\obj\enc\cost_enc.obj C:\Users\Public\jpegview-arm64-build\extras\scripts\libwebp-arm64\release-static\ARM64\obj\enc\filter_enc.obj C:\Users\Public\jpegview-arm64-build\extras\scripts\libwebp-arm64\release-static\ARM64\obj\enc\frame_enc.obj C:\Users\Public\jpegview-arm64-build\extras\scripts\libwebp-arm64\release-static\ARM64\obj\enc\histogram_enc.obj C:\Users\Public\jpegview-arm64-build\extras\scripts\libwebp-arm64\release-static\ARM64\obj\enc\iterator_enc.obj C:\Users\Public\jpegview-arm64-build\extras\scripts\libwebp-arm64\release-static\ARM64\obj\enc\near_lossless_enc.obj C:\Users\Public\jpegview-arm64-build\extras\scripts\libwebp-arm64\release-static\ARM64\obj\enc\picture_enc.obj C:\Users\Public\jpegview-arm64-build\extras\scripts\libwebp-arm64\release-static\ARM64\obj\enc\picture_csp_enc.obj C:\Users\Public\jpegview-arm64-build\extras\scripts\libwebp-arm64\release-static\ARM64\obj\enc\picture_psnr_enc.obj C:\Users\Public\jpegview-arm64-build\extras\scripts\libwebp-arm64\release-static\ARM64\obj\enc\picture_rescale_enc.obj C:\Users\Public\jpegview-arm64-build\extras\scripts\libwebp-arm64\release-static\ARM64\obj\enc\picture_tools_enc.obj C:\Users\Public\jpegview-arm64-build\extras\scripts\libwebp-arm64\release-static\ARM64\obj\enc\predictor_enc.obj C:\Users\Public\jpegview-arm64-build\extras\scripts\libwebp-arm64\release-static\ARM64\obj\enc\quant_enc.obj C:\Users\Public\jpegview-arm64-build\extras\scripts\libwebp-arm64\release-static\ARM64\obj\enc\syntax_enc.obj C:\Users\Public\jpegview-arm64-build\extras\scripts\libwebp-arm64\release-static\ARM64\obj\enc\token_enc.obj C:\Users\Public\jpegview-arm64-build\extras\scripts\libwebp-arm64\release-static\ARM64\obj\enc\tree_enc.obj C:\Users\Public\jpegview-arm64-build\extras\scripts\libwebp-arm64\release-static\ARM64\obj\enc\vp8l_enc.obj C:\Users\Public\jpegview-arm64-build\extras\scripts\libwebp-arm64\release-static\ARM64\obj\enc\webp_enc.obj C:\Users\Public\jpegview-arm64-build\extras\scripts\libwebp-arm64\release-static\ARM64\obj\dsp\cost.obj C:\Users\Public\jpegview-arm64-build\extras\scripts\libwebp-arm64\release-static\ARM64\obj\dsp\cost_mips32.obj C:\Users\Public\jpegview-arm64-build\extras\scripts\libwebp-arm64\release-static\ARM64\obj\dsp\cost_mips_dsp_r2.obj C:\Users\Public\jpegview-arm64-build\extras\scripts\libwebp-arm64\release-static\ARM64\obj\dsp\cost_neon.obj C:\Users\Public\jpegview-arm64-build\extras\scripts\libwebp-arm64\release-static\ARM64\obj\dsp\cost_sse2.obj C:\Users\Public\jpegview-arm64-build\extras\scripts\libwebp-arm64\release-static\ARM64\obj\dsp\enc.obj C:\Users\Public\jpegview-arm64-build\extras\scripts\libwebp-arm64\release-static\ARM64\obj\dsp\enc_mips32.obj C:\Users\Public\jpegview-arm64-build\extras\scripts\libwebp-arm64\release-static\ARM64\obj\dsp\enc_mips_dsp_r2.obj C:\Users\Public\jpegview-arm64-build\extras\scripts\libwebp-arm64\release-static\ARM64\obj\dsp\enc_msa.obj C:\Users\Public\jpegview-arm64-build\extras\scripts\libwebp-arm64\release-static\ARM64\obj\dsp\enc_neon.obj C:\Users\Public\jpegview-arm64-build\extras\scripts\libwebp-arm64\release-static\ARM64\obj\dsp\enc_sse2.obj C:\Users\Public\jpegview-arm64-build\extras\scripts\libwebp-arm64\release-static\ARM64\obj\dsp\enc_sse41.obj C:\Users\Public\jpegview-arm64-build\extras\scripts\libwebp-arm64\release-static\ARM64\obj\dsp\lossless_enc.obj C:\Users\Public\jpegview-arm64-build\extras\scripts\libwebp-arm64\release-static\ARM64\obj\dsp\lossless_enc_mips32.obj C:\Users\Public\jpegview-arm64-build\extras\scripts\libwebp-arm64\release-static\ARM64\obj\dsp\lossless_enc_mips_dsp_r2.obj C:\Users\Public\jpegview-arm64-build\extras\scripts\libwebp-arm64\release-static\ARM64\obj\dsp\lossless_enc_msa.obj C:\Users\Public\jpegview-arm64-build\extras\scripts\libwebp-arm64\release-static\ARM64\obj\dsp\lossless_enc_neon.obj C:\Users\Public\jpegview-arm64-build\extras\scripts\libwebp-arm64\release-static\ARM64\obj\dsp\lossless_enc_sse2.obj C:\Users\Public\jpegview-arm64-build\extras\scripts\libwebp-arm64\release-static\ARM64\obj\dsp\lossless_enc_sse41.obj C:\Users\Public\jpegview-arm64-build\extras\scripts\libwebp-arm64\release-static\ARM64\obj\dsp\ssim.obj C:\Users\Public\jpegview-arm64-build\extras\scripts\libwebp-arm64\release-static\ARM64\obj\dsp\ssim_sse2.obj C:\Users\Public\jpegview-arm64-build\extras\scripts\libwebp-arm64\release-static\ARM64\obj\utils\bit_writer_utils.obj C:\Users\Public\jpegview-arm64-build\extras\scripts\libwebp-arm64\release-static\ARM64\obj\utils\huffman_encode_utils.obj C:\Users\Public\jpegview-arm64-build\extras\scripts\libwebp-arm64\release-static\ARM64\obj\utils\quant_levels_utils.obj C:\Users\Public\jpegview-arm64-build\extras\scripts\libwebp-arm64\release-static\ARM64\lib\libsharpyuv.lib
	xcopy C:\Users\Public\jpegview-arm64-build\extras\scripts\libwebp-arm64\release-static\ARM64\obj\*.pdb C:\Users\Public\jpegview-arm64-build\extras\scripts\libwebp-arm64\release-static\ARM64\lib /y
File not found - *.pdb
0 File(s) copied
	cl.exe /nologo /O2 /DNDEBUG /MT /I. /Isrc /nologo /W3 /EHsc /c /DWIN32 /D_CRT_SECURE_NO_WARNINGS /DWIN32_LEAN_AND_MEAN /DHAVE_WINCODEC_H /DWEBP_USE_THREAD /FdC:\Users\Public\jpegview-arm64-build\extras\scripts\libwebp-arm64\release-static\ARM64\obj\examples\ /FoC:\Users\Public\jpegview-arm64-build\extras\scripts\libwebp-arm64\release-static\ARM64\obj\examples\ examples\cwebp.c 
cwebp.c
	cl.exe /nologo /O2 /DNDEBUG /MT /I. /Isrc /nologo /W3 /EHsc /c /DWIN32 /D_CRT_SECURE_NO_WARNINGS /DWIN32_LEAN_AND_MEAN /DHAVE_WINCODEC_H /DWEBP_USE_THREAD /FdC:\Users\Public\jpegview-arm64-build\extras\scripts\libwebp-arm64\release-static\ARM64\obj\imageio\ /FoC:\Users\Public\jpegview-arm64-build\extras\scripts\libwebp-arm64\release-static\ARM64\obj\imageio\ imageio\image_dec.c imageio\jpegdec.c imageio\metadata.c imageio\pngdec.c imageio\pnmdec.c imageio\tiffdec.c imageio\webpdec.c imageio\wicdec.c 
image_dec.c
jpegdec.c
metadata.c
pngdec.c
pnmdec.c
tiffdec.c
webpdec.c
wicdec.c
Generating Code...
	cl.exe /nologo /O2 /DNDEBUG /MT /I. /Isrc /nologo /W3 /EHsc /c /DWIN32 /D_CRT_SECURE_NO_WARNINGS /DWIN32_LEAN_AND_MEAN /DHAVE_WINCODEC_H /DWEBP_USE_THREAD /FdC:\Users\Public\jpegview-arm64-build\extras\scripts\libwebp-arm64\release-static\ARM64\obj\imageio\ /FoC:\Users\Public\jpegview-arm64-build\extras\scripts\libwebp-arm64\release-static\ARM64\obj\imageio\ imageio\imageio_util.c 
imageio_util.c
	cl.exe /nologo /O2 /DNDEBUG /MT /I. /Isrc /nologo /W3 /EHsc /c /DWIN32 /D_CRT_SECURE_NO_WARNINGS /DWIN32_LEAN_AND_MEAN /DHAVE_WINCODEC_H /DWEBP_USE_THREAD /FdC:\Users\Public\jpegview-arm64-build\extras\scripts\libwebp-arm64\release-static\ARM64\obj\libwebp.pdb /FoC:\Users\Public\jpegview-arm64-build\extras\scripts\libwebp-arm64\release-static\ARM64\obj\demux\ src\demux\anim_decode.c src\demux\demux.c 
anim_decode.c
demux.c
Generating Code...
	lib.exe /nologo /out:C:\Users\Public\jpegview-arm64-build\extras\scripts\libwebp-arm64\release-static\ARM64\lib\libwebpdemux.lib C:\Users\Public\jpegview-arm64-build\extras\scripts\libwebp-arm64\release-static\ARM64\obj\demux\anim_decode.obj C:\Users\Public\jpegview-arm64-build\extras\scripts\libwebp-arm64\release-static\ARM64\obj\demux\demux.obj
	xcopy C:\Users\Public\jpegview-arm64-build\extras\scripts\libwebp-arm64\release-static\ARM64\obj\*.pdb C:\Users\Public\jpegview-arm64-build\extras\scripts\libwebp-arm64\release-static\ARM64\lib /y
File not found - *.pdb
0 File(s) copied
	cl.exe /nologo /O2 /DNDEBUG /MT /I. /Isrc /nologo /W3 /EHsc /c /DWIN32 /D_CRT_SECURE_NO_WARNINGS /DWIN32_LEAN_AND_MEAN /DHAVE_WINCODEC_H /DWEBP_USE_THREAD /FdC:\Users\Public\jpegview-arm64-build\extras\scripts\libwebp-arm64\release-static\ARM64\obj\examples\ /FoC:\Users\Public\jpegview-arm64-build\extras\scripts\libwebp-arm64\release-static\ARM64\obj\examples\ examples\example_util.c 
example_util.c
	link.exe /nologo /LARGEADDRESSAWARE /MANIFEST:EMBED /NXCOMPAT /DYNAMICBASE  /OUT:C:\Users\Public\jpegview-arm64-build\extras\scripts\libwebp-arm64\release-static\ARM64\bin\cwebp.exe C:\Users\Public\jpegview-arm64-build\extras\scripts\libwebp-arm64\release-static\ARM64\obj\examples\cwebp.obj C:\Users\Public\jpegview-arm64-build\extras\scripts\libwebp-arm64\release-static\ARM64\obj\imageio\image_dec.obj C:\Users\Public\jpegview-arm64-build\extras\scripts\libwebp-arm64\release-static\ARM64\obj\imageio\jpegdec.obj C:\Users\Public\jpegview-arm64-build\extras\scripts\libwebp-arm64\release-static\ARM64\obj\imageio\metadata.obj C:\Users\Public\jpegview-arm64-build\extras\scripts\libwebp-arm64\release-static\ARM64\obj\imageio\pngdec.obj C:\Users\Public\jpegview-arm64-build\extras\scripts\libwebp-arm64\release-static\ARM64\obj\imageio\pnmdec.obj C:\Users\Public\jpegview-arm64-build\extras\scripts\libwebp-arm64\release-static\ARM64\obj\imageio\tiffdec.obj C:\Users\Public\jpegview-arm64-build\extras\scripts\libwebp-arm64\release-static\ARM64\obj\imageio\webpdec.obj C:\Users\Public\jpegview-arm64-build\extras\scripts\libwebp-arm64\release-static\ARM64\obj\imageio\wicdec.obj C:\Users\Public\jpegview-arm64-build\extras\scripts\libwebp-arm64\release-static\ARM64\obj\imageio\imageio_util.obj C:\Users\Public\jpegview-arm64-build\extras\scripts\libwebp-arm64\release-static\ARM64\lib\libwebpdemux.lib C:\Users\Public\jpegview-arm64-build\extras\scripts\libwebp-arm64\release-static\ARM64\lib\libsharpyuv.lib C:\Users\Public\jpegview-arm64-build\extras\scripts\libwebp-arm64\release-static\ARM64\obj\examples\example_util.obj C:\Users\Public\jpegview-arm64-build\extras\scripts\libwebp-arm64\release-static\ARM64\lib\libwebp.lib ole32.lib windowscodecs.lib shlwapi.lib
	cl.exe /nologo /O2 /DNDEBUG /MT /I. /Isrc /nologo /W3 /EHsc /c /DWIN32 /D_CRT_SECURE_NO_WARNINGS /DWIN32_LEAN_AND_MEAN /DHAVE_WINCODEC_H /DWEBP_USE_THREAD /FdC:\Users\Public\jpegview-arm64-build\extras\scripts\libwebp-arm64\release-static\ARM64\obj\examples\ /FoC:\Users\Public\jpegview-arm64-build\extras\scripts\libwebp-arm64\release-static\ARM64\obj\examples\ examples\dwebp.c 
dwebp.c
	cl.exe /nologo /O2 /DNDEBUG /MT /I. /Isrc /nologo /W3 /EHsc /c /DWIN32 /D_CRT_SECURE_NO_WARNINGS /DWIN32_LEAN_AND_MEAN /DHAVE_WINCODEC_H /DWEBP_USE_THREAD /FdC:\Users\Public\jpegview-arm64-build\extras\scripts\libwebp-arm64\release-static\ARM64\obj\imageio\ /FoC:\Users\Public\jpegview-arm64-build\extras\scripts\libwebp-arm64\release-static\ARM64\obj\imageio\ imageio\image_enc.c 
image_enc.c
	link.exe /nologo /LARGEADDRESSAWARE /MANIFEST:EMBED /NXCOMPAT /DYNAMICBASE  /OUT:C:\Users\Public\jpegview-arm64-build\extras\scripts\libwebp-arm64\release-static\ARM64\bin\dwebp.exe C:\Users\Public\jpegview-arm64-build\extras\scripts\libwebp-arm64\release-static\ARM64\obj\examples\dwebp.obj C:\Users\Public\jpegview-arm64-build\extras\scripts\libwebp-arm64\release-static\ARM64\obj\imageio\image_dec.obj C:\Users\Public\jpegview-arm64-build\extras\scripts\libwebp-arm64\release-static\ARM64\obj\imageio\jpegdec.obj C:\Users\Public\jpegview-arm64-build\extras\scripts\libwebp-arm64\release-static\ARM64\obj\imageio\metadata.obj C:\Users\Public\jpegview-arm64-build\extras\scripts\libwebp-arm64\release-static\ARM64\obj\imageio\pngdec.obj C:\Users\Public\jpegview-arm64-build\extras\scripts\libwebp-arm64\release-static\ARM64\obj\imageio\pnmdec.obj C:\Users\Public\jpegview-arm64-build\extras\scripts\libwebp-arm64\release-static\ARM64\obj\imageio\tiffdec.obj C:\Users\Public\jpegview-arm64-build\extras\scripts\libwebp-arm64\release-static\ARM64\obj\imageio\webpdec.obj C:\Users\Public\jpegview-arm64-build\extras\scripts\libwebp-arm64\release-static\ARM64\obj\imageio\wicdec.obj C:\Users\Public\jpegview-arm64-build\extras\scripts\libwebp-arm64\release-static\ARM64\obj\imageio\image_enc.obj C:\Users\Public\jpegview-arm64-build\extras\scripts\libwebp-arm64\release-static\ARM64\obj\imageio\imageio_util.obj C:\Users\Public\jpegview-arm64-build\extras\scripts\libwebp-arm64\release-static\ARM64\lib\libwebpdemux.lib C:\Users\Public\jpegview-arm64-build\extras\scripts\libwebp-arm64\release-static\ARM64\obj\examples\example_util.obj C:\Users\Public\jpegview-arm64-build\extras\scripts\libwebp-arm64\release-static\ARM64\lib\libwebp.lib ole32.lib windowscodecs.lib shlwapi.lib
        1 file(s) copied.
        1 file(s) copied.
-- Building for: Visual Studio 18 2026
CMake Deprecation Warning at CMakeLists.txt:1 (cmake_minimum_required):
  Compatibility with CMake < 3.10 will be removed from a future version of
  CMake.

  Update the VERSION argument <min> value.  Or, use the <min>...<max> syntax
  to tell CMake that the project requires at least <min> but has been updated
  to work with policies introduced by <max> or earlier.


-- The C compiler identification is MSVC 19.29.30159.0
-- Detecting C compiler ABI info
-- Detecting C compiler ABI info - done
-- Check for working C compiler: C:/Program Files/Microsoft Visual Studio/18/Enterprise/VC/Tools/MSVC/14.29.30133/bin/HostX64/arm64/cl.exe - skipped
-- Detecting C compile features
-- Detecting C compile features - done
-- CMAKE_BUILD_TYPE = Release
-- VERSION = 2.1.91, BUILD = 20260918
-- 64-bit build (x86_64)
-- CMAKE_INSTALL_PREFIX = c:/libjpeg-turbo64
-- CMAKE_INSTALL_BINDIR = bin (c:/libjpeg-turbo64/bin)
-- CMAKE_INSTALL_DATAROOTDIR =  (c:/libjpeg-turbo64)
-- CMAKE_INSTALL_DOCDIR = doc (c:/libjpeg-turbo64/doc)
-- CMAKE_INSTALL_INCLUDEDIR = include (c:/libjpeg-turbo64/include)
-- CMAKE_INSTALL_LIBDIR = lib (c:/libjpeg-turbo64/lib)
-- Shared libraries enabled (ENABLE_SHARED = 1)
-- Static libraries enabled (ENABLE_STATIC = 1)
-- Arithmetic decoding support enabled (WITH_ARITH_DEC = 1)
-- Arithmetic encoding support enabled (WITH_ARITH_ENC = 1)
-- TurboJPEG API library enabled (WITH_TURBOJPEG = 1)
-- TurboJPEG Java wrapper disabled (WITH_JAVA = 0)
-- Emulating libjpeg API/ABI v6.2 (WITH_JPEG7 = 0, WITH_JPEG8 = 0)
-- libjpeg API shared library version = 62.4.0
-- Compiler flags = /DWIN32 /D_WINDOWS /W3 /MT /O2 /Ob2 /DNDEBUG
-- Linker flags = /machine:ARM64 /INCREMENTAL:NO
-- Looking for sys/types.h
-- Looking for sys/types.h - found
-- Looking for stdint.h
-- Looking for stdint.h - found
-- Looking for stddef.h
-- Looking for stddef.h - found
-- Check size of size_t
-- Check size of size_t - done
-- Check size of unsigned long
-- Check size of unsigned long - done
-- Looking for include file intrin.h
-- Looking for include file intrin.h - found
-- Performing Test INLINE_WORKS
-- Performing Test INLINE_WORKS - Success
-- INLINE = __forceinline (FORCE_INLINE = 1)
-- Performing Test HAVE_THREAD_LOCAL
-- Performing Test HAVE_THREAD_LOCAL - Success
-- THREAD_LOCAL = __declspec(thread)
-- CMAKE_EXECUTABLE_SUFFIX = .exe
-- SIMD extensions: None (WITH_SIMD = 0)
-- FLOATTEST8 = no-fp-contract
-- FLOATTEST12 = no-fp-contract
-- Configuring done (13.8s)
-- Generating done (1.1s)
-- Build files have been written to: C:/Users/Public/jpegview-arm64-build/extras/scripts/libjpeg-turbo/arm64
MSBuild version 18.9.1+a81b43525 for .NET Framework

  1>Checking Build System
  Building Custom Rule C:/Users/Public/jpegview-arm64-build/extras/third_party/libjpeg-turbo/CMakeLists.txt
  jcapistd.c
  jccoefct.c
  jccolor.c
  jcdctmgr.c
  jcdiffct.c
  jclossls.c
  jcmainct.c
  jcprepct.c
  jcsample.c
  jdapistd.c
  jdcoefct.c
  jdcolor.c
  jddctmgr.c
  jddiffct.c
  jdlossls.c
  jdmainct.c
  jdmerge.c
  jdpostct.c
  jdsample.c
  jfdctfst.c
  Generating Code...
  Compiling...
  jfdctint.c
  jidctflt.c
  jidctfst.c
  jidctint.c
  jidctred.c
  jquant1.c
  jquant2.c
  jutils.c
  Generating Code...
  jpeg12.vcxproj -> C:\Users\Public\jpegview-arm64-build\extras\scripts\libjpeg-turbo\arm64\jpeg12.dir\Release\jpeg12.lib
  Building Custom Rule C:/Users/Public/jpegview-arm64-build/extras/third_party/libjpeg-turbo/CMakeLists.txt
  jcapistd.c
  jccolor.c
  jcdiffct.c
  jclossls.c
  jcmainct.c
  jcprepct.c
  jcsample.c
  jdapistd.c
  jdcolor.c
  jddiffct.c
  jdlossls.c
  jdmainct.c
  jdpostct.c
  jdsample.c
  jquant1.c
  jquant2.c
  jutils.c
  Generating Code...
  jpeg16.vcxproj -> C:\Users\Public\jpegview-arm64-build\extras\scripts\libjpeg-turbo\arm64\jpeg16.dir\Release\jpeg16.lib
  Building Custom Rule C:/Users/Public/jpegview-arm64-build/extras/third_party/libjpeg-turbo/CMakeLists.txt
  rdppm.c
  wrppm.c
  Generating Code...
  turbojpeg12.vcxproj -> C:\Users\Public\jpegview-arm64-build\extras\scripts\libjpeg-turbo\arm64\turbojpeg12.dir\Release\turbojpeg12.lib
  Building Custom Rule C:/Users/Public/jpegview-arm64-build/extras/third_party/libjpeg-turbo/CMakeLists.txt
  rdppm.c
  wrppm.c
  Generating Code...
  turbojpeg16.vcxproj -> C:\Users\Public\jpegview-arm64-build\extras\scripts\libjpeg-turbo\arm64\turbojpeg16.dir\Release\turbojpeg16.lib
  Building Custom Rule C:/Users/Public/jpegview-arm64-build/extras/third_party/libjpeg-turbo/CMakeLists.txt
  jcapimin.c
  jcapistd.c
  jccoefct.c
  jccolor.c
  jcdctmgr.c
  jcdiffct.c
  jchuff.c
  jcicc.c
  jcinit.c
  jclhuff.c
  jclossls.c
  jcmainct.c
  jcmarker.c
  jcmaster.c
  jcomapi.c
  jcparam.c
  jcphuff.c
  jcprepct.c
  jcsample.c
  jctrans.c
  Generating Code...
  Compiling...
  jdapimin.c
  jdapistd.c
  jdatadst.c
  jdatasrc.c
  jdcoefct.c
  jdcolor.c
  jddctmgr.c
  jddiffct.c
  jdhuff.c
  jdicc.c
  jdinput.c
  jdlhuff.c
  jdlossls.c
  jdmainct.c
  jdmarker.c
  jdmaster.c
  jdmerge.c
  jdphuff.c
  jdpostct.c
  jdsample.c
  Generating Code...
  Compiling...
  jdtrans.c
  jerror.c
  jfdctflt.c
  jfdctfst.c
  jfdctint.c
  jidctflt.c
  jidctfst.c
  jidctint.c
  jidctred.c
  jquant1.c
  jquant2.c
  jutils.c
  jmemmgr.c
  jmemnobs.c
  jaricom.c
  jcarith.c
  jdarith.c
  turbojpeg.c
  transupp.c
  jdatadst-tj.c
  Generating Code...
  Compiling...
  jdatasrc-tj.c
  rdbmp.c
  rdppm.c
  wrbmp.c
  wrppm.c
  Generating Code...
  turbojpeg-static.vcxproj -> C:\Users\Public\jpegview-arm64-build\extras\scripts\libjpeg-turbo\arm64\Release\turbojpeg-static.lib
        1 file(s) copied.
-- Building for: Visual Studio 18 2026
-- The C compiler identification is MSVC 19.29.30159.0
-- Detecting C compiler ABI info
-- Detecting C compiler ABI info - done
-- Check for working C compiler: C:/Program Files/Microsoft Visual Studio/18/Enterprise/VC/Tools/MSVC/14.29.30133/bin/HostX64/arm64/cl.exe - skipped
-- Detecting C compile features
-- Detecting C compile features - done
-- Looking for sys/types.h
-- Looking for sys/types.h - found
-- Looking for stdint.h
-- Looking for stdint.h - found
-- Looking for stddef.h
-- Looking for stddef.h - found
-- Check size of off64_t
-- Check size of off64_t - failed
-- Looking for fseeko
-- Looking for fseeko - not found
-- Looking for unistd.h
-- Looking for unistd.h - not found
-- Configuring done (10.3s)
-- Generating done (0.2s)
-- Build files have been written to: C:/Users/Public/jpegview-arm64-build/extras/scripts/zlib-arm64
MSBuild version 18.9.1+a81b43525 for .NET Framework

  1>Checking Build System
  Building Custom Rule C:/Users/Public/jpegview-arm64-build/extras/third_party/libpng-apng.src-patch/zlib/CMakeLists.txt
  adler32.c
  compress.c
  crc32.c
  deflate.c
  gzclose.c
  gzlib.c
  gzread.c
  gzwrite.c
  inflate.c
  infback.c
  inftrees.c
  inffast.c
  trees.c
  uncompr.c
  zutil.c
  Generating Code...
  zlibstatic.vcxproj -> C:\Users\Public\jpegview-arm64-build\extras\scripts\zlib-arm64\Release\zlibstatic.lib
        1 file(s) copied.
-- Building for: Visual Studio 18 2026
CMake Deprecation Warning at CMakeLists.txt:33 (cmake_minimum_required):
  Compatibility with CMake < 3.10 will be removed from a future version of
  CMake.

  Update the VERSION argument <min> value.  Or, use the <min>...<max> syntax
  to tell CMake that the project requires at least <min> but has been updated
  to work with policies introduced by <max> or earlier.


CMake Deprecation Warning at CMakeLists.txt:34 (cmake_policy):
  Compatibility with CMake < 3.10 will be removed from a future version of
  CMake.

  Update the VERSION argument <min> value.  Or, use the <min>...<max> syntax
  to tell CMake that the project requires at least <min> but has been updated
  to work with policies introduced by <max> or earlier.


-- The C compiler identification is MSVC 19.29.30159.0
-- The ASM compiler identification is MSVC
CMake Warning (dev) at C:/Program Files/Microsoft Visual Studio/18/Enterprise/Common7/IDE/CommonExtensions/Microsoft/CMake/CMake/share/cmake-4.3/Modules/CMakeDetermineASMCompiler.cmake:234 (message):
  Policy CMP194 is not set: MSVC is not an assembler for language ASM.  Run
  "cmake --help-policy CMP194" for policy details.  Use the cmake_policy
  command to set the policy and suppress this warning.
Call Stack (most recent call first):
  CMakeLists.txt:36 (project)
This warning is for project developers.  Use -Wno-dev to suppress it.

-- Found assembler: C:/Program Files/Microsoft Visual Studio/18/Enterprise/VC/Tools/MSVC/14.29.30133/bin/HostX64/arm64/cl.exe
-- Detecting C compiler ABI info
-- Detecting C compiler ABI info - done
-- Check for working C compiler: C:/Program Files/Microsoft Visual Studio/18/Enterprise/VC/Tools/MSVC/14.29.30133/bin/HostX64/arm64/cl.exe - skipped
-- Detecting C compile features
-- Detecting C compile features - done
-- Found ZLIB: C:\Users\Public\jpegview-arm64-build\extras\scripts\zlib-arm64\Release\zlibstatic.lib (found version "1.3")
-- Performing Test HAVE_LD_VERSION_SCRIPT
-- Performing Test HAVE_LD_VERSION_SCRIPT - Failed
-- Performing Test HAVE_SOLARIS_LD_VERSION_SCRIPT
-- Performing Test HAVE_SOLARIS_LD_VERSION_SCRIPT - Failed
-- Configuring done (5.2s)
-- Generating done (0.1s)
-- Build files have been written to: C:/Users/Public/jpegview-arm64-build/extras/scripts/libpng-arm64
MSBuild version 18.9.1+a81b43525 for .NET Framework

  1>Checking Build System
  Building Custom Rule C:/Users/Public/jpegview-arm64-build/extras/third_party/libpng-apng.src-patch/libpng/CMakeLists.txt
  Building Custom Rule C:/Users/Public/jpegview-arm64-build/extras/third_party/libpng-apng.src-patch/libpng/CMakeLists.txt
cl : command line warning D9025: overriding '/MD' with '/MT' [C:\Users\Public\jpegview-arm64-build\extras\scripts\libpng-arm64\png_static.vcxproj]
  png.c
  pngerror.c
  pngget.c
  pngmem.c
  pngpread.c
  pngread.c
  pngrio.c
  pngrtran.c
  pngrutil.c
  pngset.c
  pngtrans.c
  pngwio.c
  pngwrite.c
  pngwtran.c
  pngwutil.c
  Generating Code...
  png_static.vcxproj -> C:\Users\Public\jpegview-arm64-build\extras\scripts\libpng-arm64\Release\libpng16_static.lib
        1 file(s) copied.
        1 file(s) copied.
-- Building for: Visual Studio 18 2026
-- The C compiler identification is MSVC 19.29.30159.0
-- The CXX compiler identification is MSVC 19.29.30159.0
-- Detecting C compiler ABI info
-- Detecting C compiler ABI info - done
-- Check for working C compiler: C:/Program Files/Microsoft Visual Studio/18/Enterprise/VC/Tools/MSVC/14.29.30133/bin/HostX64/arm64/cl.exe - skipped
-- Detecting C compile features
-- Detecting C compile features - done
-- Detecting CXX compiler ABI info
-- Detecting CXX compiler ABI info - done
-- Check for working CXX compiler: C:/Program Files/Microsoft Visual Studio/18/Enterprise/VC/Tools/MSVC/14.29.30133/bin/HostX64/arm64/cl.exe - skipped
-- Detecting CXX compile features
-- Detecting CXX compile features - done
-- Performing Test JPEGXL_EMSCRIPTEN
-- Performing Test JPEGXL_EMSCRIPTEN - Failed
-- CMAKE_SYSTEM_PROCESSOR is AMD64
-- Performing Test CXX_FUZZERS_SUPPORTED
-- Performing Test CXX_FUZZERS_SUPPORTED - Failed
-- Performing Test CXX_CONSTRUCTOR_ALIASES_SUPPORTED
-- Performing Test CXX_CONSTRUCTOR_ALIASES_SUPPORTED - Failed
-- Performing Test CXX_MACRO_PREFIX_MAP
-- Performing Test CXX_MACRO_PREFIX_MAP - Failed
-- Performing Test CXX_NO_RTTI_SUPPORTED
-- Performing Test CXX_NO_RTTI_SUPPORTED - Failed
-- Could NOT find PkgConfig (missing: PKG_CONFIG_EXECUTABLE) 
-- Performing Test JXL_HWY_DISABLED_TARGETS_FORCED
-- Performing Test JXL_HWY_DISABLED_TARGETS_FORCED - Failed
-- Compiled IDs C:MSVC, C++:MSVC
-- Disabled AVX512 (set JPEGXL_ENABLE_AVX512 to enable it)
-- Disabled AVX512_ZEN4 (set JPEGXL_ENABLE_AVX512_ZEN4 to enable it)
-- Performing Test CMAKE_HAVE_LIBC_PTHREAD
-- Performing Test CMAKE_HAVE_LIBC_PTHREAD - Failed
-- Looking for pthread_create in pthreads
-- Looking for pthread_create in pthreads - not found
-- Looking for pthread_create in pthread
-- Looking for pthread_create in pthread - not found
-- Found Threads: TRUE
-- Performing Test ATOMICS_LOCK_FREE_INSTRUCTIONS
-- Performing Test ATOMICS_LOCK_FREE_INSTRUCTIONS - Success
CMake Deprecation Warning at third_party/highway/CMakeLists.txt:25 (cmake_policy):
  The OLD behavior for policy CMP0111 will be removed from a future version
  of CMake.

  The cmake-policies(7) manual explains that the OLD behaviors of all
  policies are deprecated and that a policy should be set to OLD only under
  specific short-term circumstances.  Projects should be ported to the NEW
  behavior and not rely on setting a policy to OLD.


-- Performing Test HWY_EMSCRIPTEN
-- Performing Test HWY_EMSCRIPTEN - Failed
-- Performing Test HWY_RISCV
-- Performing Test HWY_RISCV - Failed
-- Looking for sys/auxv.h
-- Looking for sys/auxv.h - not found
-- Looking for asm/hwcap.h
-- Looking for asm/hwcap.h - not found
-- Build type is ''
-- Performing Test BROTLI_EMSCRIPTEN
-- Performing Test BROTLI_EMSCRIPTEN - Failed
-- Compiler is not EMSCRIPTEN
-- Looking for log2
-- Looking for log2 - found
-- Performing Test CXX_WPSABI_SUPPORTED
-- Performing Test CXX_WPSABI_SUPPORTED - Failed
-- Could NOT find ZLIB (missing: ZLIB_LIBRARY ZLIB_INCLUDE_DIR) 
-- Could NOT find PNG (missing: PNG_LIBRARY PNG_PNG_INCLUDE_DIR) 
CMake Deprecation Warning at third_party/sjpeg/CMakeLists.txt:15 (cmake_minimum_required):
  Compatibility with CMake < 3.10 will be removed from a future version of
  CMake.

  Update the VERSION argument <min> value.  Or, use the <min>...<max> syntax
  to tell CMake that the project requires at least <min> but has been updated
  to work with policies introduced by <max> or earlier.


-- Performing Test SJPEG_HAVE_FLAG___SSE2__
-- Performing Test SJPEG_HAVE_FLAG___SSE2__ - Failed
-- Performing Test SJPEG_HAVE_FLAG___SSE2__
-- Performing Test SJPEG_HAVE_FLAG___SSE2__ - Failed
-- Performing Test SJPEG_HAVE_FLAG___ARM_NEON__
-- Performing Test SJPEG_HAVE_FLAG___ARM_NEON__ - Failed
-- Performing Test SJPEG_HAVE_FLAG___ARM_NEON__
-- Performing Test SJPEG_HAVE_FLAG___ARM_NEON__ - Failed
-- Could NOT find ZLIB (missing: ZLIB_LIBRARY ZLIB_INCLUDE_DIR) 
-- Could NOT find PNG (missing: PNG_LIBRARY PNG_PNG_INCLUDE_DIR) 
-- Could NOT find JPEG (missing: JPEG_LIBRARY JPEG_INCLUDE_DIR) 
-- Found OpenGL: opengl32
-- Could NOT find GLUT (missing: GLUT_glut_LIBRARY GLUT_INCLUDE_DIR) 
-- Performing Test COMPILER_HAS_DEPRECATED_ATTR
-- Performing Test COMPILER_HAS_DEPRECATED_ATTR - Failed
-- Performing Test COMPILER_HAS_DEPRECATED
-- Performing Test COMPILER_HAS_DEPRECATED - Success
-- Performing Test LINKER_SUPPORT_EXCLUDE_LIBS
-- Performing Test LINKER_SUPPORT_EXCLUDE_LIBS - Success
-- Could NOT find GIF (missing: GIF_LIBRARY GIF_INCLUDE_DIR) (Required is at least version "5.1")
-- Could NOT find JPEG (missing: JPEG_LIBRARY JPEG_INCLUDE_DIR) 
-- Could NOT find ZLIB (missing: ZLIB_LIBRARY ZLIB_INCLUDE_DIR) 
-- Could NOT find PNG (missing: PNG_LIBRARY PNG_PNG_INCLUDE_DIR) 
-- Could NOT find JPEG (missing: JPEG_LIBRARY JPEG_INCLUDE_DIR) 
-- Could NOT find Doxygen (missing: DOXYGEN_EXECUTABLE) 
CMake Warning at CMakeLists.txt:512 (message):
  asciidoc was not found, the man pages will not be installed.


-- Building with JPEGXL_VERSION=(unknown)
-- Could NOT find ZLIB (missing: ZLIB_LIBRARY ZLIB_INCLUDE_DIR) 
-- Could NOT find PNG (missing: PNG_LIBRARY PNG_PNG_INCLUDE_DIR) 
-- Could NOT find PkgConfig (missing: PKG_CONFIG_EXECUTABLE) 
-- Building tools: cjxl;djxl;jxlinfo;cjpegli;djpegli;benchmark_xl
-- Configuring done (31.1s)
-- Generating done (1.8s)
-- Build files have been written to: C:/Users/Public/jpegview-arm64-build/extras/scripts/libjxl/arm64
MSBuild version 18.9.1+a81b43525 for .NET Framework

  1>Checking Build System
  Building Custom Rule C:/Users/Public/jpegview-arm64-build/extras/third_party/libjxl/lib/CMakeLists.txt
  Building Custom Rule C:/Users/Public/jpegview-arm64-build/extras/third_party/libjxl/lib/CMakeLists.txt
  cache_aligned.cc
C:\Users\Public\jpegview-arm64-build\extras\third_party\libjxl\lib/jxl/base/status.h(132,47): warning C4646: function declared with 'noreturn' has non-void return type [C:\Users\Public\jpegview-arm64-build\extras\scripts\libjxl\arm64\lib\jxl_base-obj.vcxproj]
  data_parallel.cc
C:\Users\Public\jpegview-arm64-build\extras\third_party\libjxl\lib/jxl/base/status.h(132,47): warning C4646: function declared with 'noreturn' has non-void return type [C:\Users\Public\jpegview-arm64-build\extras\scripts\libjxl\arm64\lib\jxl_base-obj.vcxproj]
  padded_bytes.cc
C:\Users\Public\jpegview-arm64-build\extras\third_party\libjxl\lib/jxl/base/status.h(132,47): warning C4646: function declared with 'noreturn' has non-void return type [C:\Users\Public\jpegview-arm64-build\extras\scripts\libjxl\arm64\lib\jxl_base-obj.vcxproj]
  random.cc
C:\Users\Public\jpegview-arm64-build\extras\third_party\libjxl\lib/jxl/base/status.h(132,47): warning C4646: function declared with 'noreturn' has non-void return type [C:\Users\Public\jpegview-arm64-build\extras\scripts\libjxl\arm64\lib\jxl_base-obj.vcxproj]
C:\Users\Public\jpegview-arm64-build\extras\third_party\libjxl\lib\jxl\base\random.cc(13,18): warning C4244: 'initializing': conversion from 'double' to 'float', possible loss of data [C:\Users\Public\jpegview-arm64-build\extras\scripts\libjxl\arm64\lib\jxl_base-obj.vcxproj]
  Generating Code...
  jxl_base-obj.vcxproj -> C:\Users\Public\jpegview-arm64-build\extras\scripts\libjxl\arm64\lib\jxl_base-obj.dir\Release\jxl_base-obj.lib
  Building Custom Rule C:/Users/Public/jpegview-arm64-build/extras/third_party/libjxl/lib/CMakeLists.txt
  ac_strategy.cc
C:\Users\Public\jpegview-arm64-build\extras\third_party\libjxl\lib/jxl/base/status.h(132,47): warning C4646: function declared with 'noreturn' has non-void return type [C:\Users\Public\jpegview-arm64-build\extras\scripts\libjxl\arm64\lib\jxl_dec-obj.vcxproj]
C:\Users\Public\jpegview-arm64-build\extras\third_party\libjxl\lib\jxl\ac_strategy.cc(53,1): warning C4267: '=': conversion from 'size_t' to 'jxl::coeff_order_t', possible loss of data [C:\Users\Public\jpegview-arm64-build\extras\scripts\libjxl\arm64\lib\jxl_dec-obj.vcxproj]
C:\Users\Public\jpegview-arm64-build\extras\third_party\libjxl\lib\jxl\ac_strategy.cc(79): message : see reference to function template instantiation 'void jxl::CoeffOrderAndLut<false>(jxl::AcStrategy,jxl::coeff_order_t *)' being compiled [C:\Users\Public\jpegview-arm64-build\extras\scripts\libjxl\arm64\lib\jxl_dec-obj.vcxproj]
C:\Users\Public\jpegview-arm64-build\extras\third_party\libjxl\lib\jxl\ac_strategy.cc(55,1): warning C4267: '=': conversion from 'size_t' to 'jxl::coeff_order_t', possible loss of data [C:\Users\Public\jpegview-arm64-build\extras\scripts\libjxl\arm64\lib\jxl_dec-obj.vcxproj]
C:\Users\Public\jpegview-arm64-build\extras\third_party\libjxl\lib\jxl\ac_strategy.cc(70,1): warning C4267: '=': conversion from 'size_t' to 'jxl::coeff_order_t', possible loss of data [C:\Users\Public\jpegview-arm64-build\extras\scripts\libjxl\arm64\lib\jxl_dec-obj.vcxproj]
C:\Users\Public\jpegview-arm64-build\extras\third_party\libjxl\lib\jxl\ac_strategy.cc(72,1): warning C4267: '=': conversion from 'size_t' to 'jxl::coeff_order_t', possible loss of data [C:\Users\Public\jpegview-arm64-build\extras\scripts\libjxl\arm64\lib\jxl_dec-obj.vcxproj]
  alpha.cc
  ans_common.cc
C:\Users\Public\jpegview-arm64-build\extras\third_party\libjxl\lib/jxl/base/status.h(132,47): warning C4646: function declared with 'noreturn' has non-void return type [C:\Users\Public\jpegview-arm64-build\extras\scripts\libjxl\arm64\lib\jxl_dec-obj.vcxproj]
C:\Users\Public\jpegview-arm64-build\extras\third_party\libjxl\lib\jxl\ans_common.cc(62,48): warning C4334: '<<': result of 32-bit shift implicitly converted to 64 bits (was 64-bit shift intended?) [C:\Users\Public\jpegview-arm64-build\extras\scripts\libjxl\arm64\lib\jxl_dec-obj.vcxproj]
C:\Users\Public\jpegview-arm64-build\extras\third_party\libjxl\lib\jxl\ans_common.cc(79,31): warning C4267: '=': conversion from 'size_t' to 'uint8_t', possible loss of data [C:\Users\Public\jpegview-arm64-build\extras\scripts\libjxl\arm64\lib\jxl_dec-obj.vcxproj]
C:\Users\Public\jpegview-arm64-build\extras\third_party\libjxl\lib\jxl\ans_common.cc(81,39): warning C4267: '=': conversion from 'size_t' to 'uint16_t', possible loss of data [C:\Users\Public\jpegview-arm64-build\extras\scripts\libjxl\arm64\lib\jxl_dec-obj.vcxproj]
C:\Users\Public\jpegview-arm64-build\extras\third_party\libjxl\lib\jxl\ans_common.cc(90,52): warning C4334: '<<': result of 32-bit shift implicitly converted to 64 bits (was 64-bit shift intended?) [C:\Users\Public\jpegview-arm64-build\extras\scripts\libjxl\arm64\lib\jxl_dec-obj.vcxproj]
C:\Users\Public\jpegview-arm64-build\extras\third_party\libjxl\lib\jxl\ans_common.cc(95,32): warning C4267: 'argument': conversion from 'size_t' to '_Ty', possible loss of data [C:\Users\Public\jpegview-arm64-build\extras\scripts\libjxl\arm64\lib\jxl_dec-obj.vcxproj]
          with
          [
              _Ty=uint32_t
          ]
C:\Users\Public\jpegview-arm64-build\extras\third_party\libjxl\lib\jxl\ans_common.cc(97,33): warning C4267: 'argument': conversion from 'size_t' to '_Ty', possible loss of data [C:\Users\Public\jpegview-arm64-build\extras\scripts\libjxl\arm64\lib\jxl_dec-obj.vcxproj]
          with
          [
              _Ty=uint32_t
          ]
C:\Users\Public\jpegview-arm64-build\extras\third_party\libjxl\lib\jxl\ans_common.cc(100,3): warning C4267: 'initializing': conversion from 'size_t' to 'uint32_t', possible loss of data [C:\Users\Public\jpegview-arm64-build\extras\scripts\libjxl\arm64\lib\jxl_dec-obj.vcxproj]
  blending.cc
C:\Users\Public\jpegview-arm64-build\extras\third_party\libjxl\lib/jxl/base/status.h(132,47): warning C4646: function declared with 'noreturn' has non-void return type [C:\Users\Public\jpegview-arm64-build\extras\scripts\libjxl\arm64\lib\jxl_dec-obj.vcxproj]
C:\Users\Public\jpegview-arm64-build\extras\third_party\libjxl\lib/jxl/ac_context.h(112,1): warning C4267: 'return': conversion from 'size_t' to 'uint32_t', possible loss of data [C:\Users\Public\jpegview-arm64-build\extras\scripts\libjxl\arm64\lib\jxl_dec-obj.vcxproj]
C:\Users\Public\jpegview-arm64-build\extras\third_party\libjxl\lib/jxl/ac_context.h(124,1): warning C4267: 'return': conversion from 'size_t' to 'uint32_t', possible loss of data [C:\Users\Public\jpegview-arm64-build\extras\scripts\libjxl\arm64\lib\jxl_dec-obj.vcxproj]
C:\Users\Public\jpegview-arm64-build\extras\third_party\libjxl\lib/jxl/ac_context.h(137,1): warning C4267: 'return': conversion from 'size_t' to 'uint32_t', possible loss of data [C:\Users\Public\jpegview-arm64-build\extras\scripts\libjxl\arm64\lib\jxl_dec-obj.vcxproj]
C:\Users\Public\jpegview-arm64-build\extras\third_party\libjxl\lib/jxl/chroma_from_luma.h(120,41): warning C4244: 'return': conversion from 'const uint32_t' to 'float', possible loss of data [C:\Users\Public\jpegview-arm64-build\extras\scripts\libjxl\arm64\lib\jxl_dec-obj.vcxproj]
C:\Users\Public\jpegview-arm64-build\extras\third_party\libjxl\lib/jxl/frame_header.h(105,1): warning C4267: '=': conversion from 'size_t' to 'uint32_t', possible loss of data [C:\Users\Public\jpegview-arm64-build\extras\scripts\libjxl\arm64\lib\jxl_dec-obj.vcxproj]
C:\Users\Public\jpegview-arm64-build\extras\third_party\libjxl\lib/jxl/quantizer.h(86,41): warning C4244: '=': conversion from 'double' to 'float', possible loss of data [C:\Users\Public\jpegview-arm64-build\extras\scripts\libjxl\arm64\lib\jxl_dec-obj.vcxproj]
C:\Users\Public\jpegview-arm64-build\extras\third_party\libjxl\lib/jxl/quantizer.h(87,49): warning C4244: '=': conversion from 'double' to 'float', possible loss of data [C:\Users\Public\jpegview-arm64-build\extras\scripts\libjxl\arm64\lib\jxl_dec-obj.vcxproj]
C:\Users\Public\jpegview-arm64-build\extras\third_party\libjxl\lib/jxl/dec_ans.h(78,1): warning C4267: 'initializing': conversion from 'size_t' to 'uint32_t', possible loss of data [C:\Users\Public\jpegview-arm64-build\extras\scripts\libjxl\arm64\lib\jxl_dec-obj.vcxproj]
C:\Users\Public\jpegview-arm64-build\extras\third_party\libjxl\lib/jxl/dec_ans.h(175,1): warning C4267: '=': conversion from 'size_t' to 'uint32_t', possible loss of data [C:\Users\Public\jpegview-arm64-build\extras\scripts\libjxl\arm64\lib\jxl_dec-obj.vcxproj]
C:\Users\Public\jpegview-arm64-build\extras\third_party\libjxl\lib/jxl/dec_ans.h(197,1): warning C4267: '=': conversion from 'size_t' to 'uint32_t', possible loss of data [C:\Users\Public\jpegview-arm64-build\extras\scripts\libjxl\arm64\lib\jxl_dec-obj.vcxproj]
C:\Users\Public\jpegview-arm64-build\extras\third_party\libjxl\lib/jxl/dec_ans.h(411,1): warning C4267: '=': conversion from 'size_t' to 'uint32_t', possible loss of data [C:\Users\Public\jpegview-arm64-build\extras\scripts\libjxl\arm64\lib\jxl_dec-obj.vcxproj]
C:\Users\Public\jpegview-arm64-build\extras\third_party\libjxl\lib/jxl/dec_ans.h(414,1): warning C4267: '=': conversion from 'size_t' to 'uint32_t', possible loss of data [C:\Users\Public\jpegview-arm64-build\extras\scripts\libjxl\arm64\lib\jxl_dec-obj.vcxproj]
C:\Users\Public\jpegview-arm64-build\extras\third_party\libjxl\lib/jxl/dec_cache.h(203,1): warning C4334: '<<': result of 32-bit shift implicitly converted to 64 bits (was 64-bit shift intended?) [C:\Users\Public\jpegview-arm64-build\extras\scripts\libjxl\arm64\lib\jxl_dec-obj.vcxproj]
C:\Users\Public\jpegview-arm64-build\extras\third_party\libjxl\lib/jxl/dec_ans.h(252,1): warning C4267: 'return': conversion from 'size_t' to 'uint32_t', possible loss of data [C:\Users\Public\jpegview-arm64-build\extras\scripts\libjxl\arm64\lib\jxl_dec-obj.vcxproj]
C:\Users\Public\jpegview-arm64-build\extras\third_party\libjxl\lib/jxl/dec_ans.h(288): message : see reference to function template instantiation 'uint32_t jxl::ANSSymbolReader::ReadHybridUintConfig<jxl::BitReader>(const jxl::HybridUintConfig &,size_t,BitReader *)' being compiled [C:\Users\Public\jpegview-arm64-build\extras\scripts\libjxl\arm64\lib\jxl_dec-obj.vcxproj]
          with
          [
              BitReader=jxl::BitReader
          ]
C:\Users\Public\jpegview-arm64-build\extras\third_party\libjxl\lib/jxl/dec_ans.h(254,1): warning C4267: 'initializing': conversion from 'size_t' to 'uint32_t', possible loss of data [C:\Users\Public\jpegview-arm64-build\extras\scripts\libjxl\arm64\lib\jxl_dec-obj.vcxproj]
C:\Users\Public\jpegview-arm64-build\extras\third_party\libjxl\lib/jxl/dec_ans.h(268,1): warning C4334: '<<': result of 32-bit shift implicitly converted to 64 bits (was 64-bit shift intended?) [C:\Users\Public\jpegview-arm64-build\extras\scripts\libjxl\arm64\lib\jxl_dec-obj.vcxproj]
C:\Users\Public\jpegview-arm64-build\extras\third_party\libjxl\lib/jxl/dec_ans.h(314,1): warning C4267: '=': conversion from 'size_t' to 'uint32_t', possible loss of data [C:\Users\Public\jpegview-arm64-build\extras\scripts\libjxl\arm64\lib\jxl_dec-obj.vcxproj]
C:\Users\Public\jpegview-arm64-build\extras\third_party\libjxl\lib/jxl/dec_ans.h(369): message : see reference to function template instantiation 'size_t jxl::ANSSymbolReader::ReadHybridUintClusteredInlined<true>(size_t,jxl::BitReader *__restrict )' being compiled [C:\Users\Public\jpegview-arm64-build\extras\scripts\libjxl\arm64\lib\jxl_dec-obj.vcxproj]
C:\Users\Public\jpegview-arm64-build\extras\third_party\libjxl\lib/jxl/dec_ans.h(394): message : see reference to function template instantiation 'size_t jxl::ANSSymbolReader::ReadHybridUintClustered<true>(size_t,jxl::BitReader *__restrict )' being compiled [C:\Users\Public\jpegview-arm64-build\extras\scripts\libjxl\arm64\lib\jxl_dec-obj.vcxproj]
C:\Users\Public\jpegview-arm64-build\extras\third_party\libjxl\lib/jxl/dec_ans.h(341,1): warning C4267: '=': conversion from 'size_t' to 'uint32_t', possible loss of data [C:\Users\Public\jpegview-arm64-build\extras\scripts\libjxl\arm64\lib\jxl_dec-obj.vcxproj]
C:\Users\Public\jpegview-arm64-build\extras\third_party\libjxl\lib/jxl/dec_ans.h(356,1): warning C4267: '=': conversion from 'size_t' to 'uint32_t', possible loss of data [C:\Users\Public\jpegview-arm64-build\extras\scripts\libjxl\arm64\lib\jxl_dec-obj.vcxproj]
C:\Users\Public\jpegview-arm64-build\extras\third_party\libjxl\lib/jxl/dec_ans.h(362,1): warning C4267: '=': conversion from 'size_t' to 'uint32_t', possible loss of data [C:\Users\Public\jpegview-arm64-build\extras\scripts\libjxl\arm64\lib\jxl_dec-obj.vcxproj]
  chroma_from_luma.cc
C:\Users\Public\jpegview-arm64-build\extras\third_party\libjxl\lib/jxl/base/status.h(132,47): warning C4646: function declared with 'noreturn' has non-void return type [C:\Users\Public\jpegview-arm64-build\extras\scripts\libjxl\arm64\lib\jxl_dec-obj.vcxproj]
C:\Users\Public\jpegview-arm64-build\extras\third_party\libjxl\lib/jxl/ac_context.h(112,1): warning C4267: 'return': conversion from 'size_t' to 'uint32_t', possible loss of data [C:\Users\Public\jpegview-arm64-build\extras\scripts\libjxl\arm64\lib\jxl_dec-obj.vcxproj]
C:\Users\Public\jpegview-arm64-build\extras\third_party\libjxl\lib/jxl/ac_context.h(124,1): warning C4267: 'return': conversion from 'size_t' to 'uint32_t', possible loss of data [C:\Users\Public\jpegview-arm64-build\extras\scripts\libjxl\arm64\lib\jxl_dec-obj.vcxproj]
C:\Users\Public\jpegview-arm64-build\extras\third_party\libjxl\lib/jxl/ac_context.h(137,1): warning C4267: 'return': conversion from 'size_t' to 'uint32_t', possible loss of data [C:\Users\Public\jpegview-arm64-build\extras\scripts\libjxl\arm64\lib\jxl_dec-obj.vcxproj]
C:\Users\Public\jpegview-arm64-build\extras\third_party\libjxl\lib/jxl/chroma_from_luma.h(120,41): warning C4244: 'return': conversion from 'const uint32_t' to 'float', possible loss of data [C:\Users\Public\jpegview-arm64-build\extras\scripts\libjxl\arm64\lib\jxl_dec-obj.vcxproj]
  coeff_order.cc
C:\Users\Public\jpegview-arm64-build\extras\third_party\libjxl\lib/jxl/base/status.h(132,47): warning C4646: function declared with 'noreturn' has non-void return type [C:\Users\Public\jpegview-arm64-build\extras\scripts\libjxl\arm64\lib\jxl_dec-obj.vcxproj]
C:\Users\Public\jpegview-arm64-build\extras\third_party\libjxl\lib/jxl/dec_ans.h(78,1): warning C4267: 'initializing': conversion from 'size_t' to 'uint32_t', possible loss of data [C:\Users\Public\jpegview-arm64-build\extras\scripts\libjxl\arm64\lib\jxl_dec-obj.vcxproj]
C:\Users\Public\jpegview-arm64-build\extras\third_party\libjxl\lib/jxl/dec_ans.h(175,1): warning C4267: '=': conversion from 'size_t' to 'uint32_t', possible loss of data [C:\Users\Public\jpegview-arm64-build\extras\scripts\libjxl\arm64\lib\jxl_dec-obj.vcxproj]
C:\Users\Public\jpegview-arm64-build\extras\third_party\libjxl\lib/jxl/dec_ans.h(197,1): warning C4267: '=': conversion from 'size_t' to 'uint32_t', possible loss of data [C:\Users\Public\jpegview-arm64-build\extras\scripts\libjxl\arm64\lib\jxl_dec-obj.vcxproj]
C:\Users\Public\jpegview-arm64-build\extras\third_party\libjxl\lib/jxl/dec_ans.h(411,1): warning C4267: '=': conversion from 'size_t' to 'uint32_t', possible loss of data [C:\Users\Public\jpegview-arm64-build\extras\scripts\libjxl\arm64\lib\jxl_dec-obj.vcxproj]
C:\Users\Public\jpegview-arm64-build\extras\third_party\libjxl\lib/jxl/dec_ans.h(414,1): warning C4267: '=': conversion from 'size_t' to 'uint32_t', possible loss of data [C:\Users\Public\jpegview-arm64-build\extras\scripts\libjxl\arm64\lib\jxl_dec-obj.vcxproj]
C:\Users\Public\jpegview-arm64-build\extras\third_party\libjxl\lib/jxl/ac_context.h(112,1): warning C4267: 'return': conversion from 'size_t' to 'uint32_t', possible loss of data [C:\Users\Public\jpegview-arm64-build\extras\scripts\libjxl\arm64\lib\jxl_dec-obj.vcxproj]
C:\Users\Public\jpegview-arm64-build\extras\third_party\libjxl\lib/jxl/ac_context.h(124,1): warning C4267: 'return': conversion from 'size_t' to 'uint32_t', possible loss of data [C:\Users\Public\jpegview-arm64-build\extras\scripts\libjxl\arm64\lib\jxl_dec-obj.vcxproj]
C:\Users\Public\jpegview-arm64-build\extras\third_party\libjxl\lib/jxl/ac_context.h(137,1): warning C4267: 'return': conversion from 'size_t' to 'uint32_t', possible loss of data [C:\Users\Public\jpegview-arm64-build\extras\scripts\libjxl\arm64\lib\jxl_dec-obj.vcxproj]
C:\Users\Public\jpegview-arm64-build\extras\third_party\libjxl\lib/jxl/modular/encoding/context_predict.h(110,1): warning C4267: 'initializing': conversion from 'size_t' to 'uint32_t', possible loss of data [C:\Users\Public\jpegview-arm64-build\extras\scripts\libjxl\arm64\lib\jxl_dec-obj.vcxproj]
C:\Users\Public\jpegview-arm64-build\extras\third_party\libjxl\lib/jxl/modular/encoding/context_predict.h(191,31): warning C4244: '=': conversion from 'jxl::pixel_type_w' to '_Ty', possible loss of data [C:\Users\Public\jpegview-arm64-build\extras\scripts\libjxl\arm64\lib\jxl_dec-obj.vcxproj]
          with
          [
              _Ty=int32_t
          ]
C:\Users\Public\jpegview-arm64-build\extras\third_party\libjxl\lib/jxl/modular/encoding/context_predict.h(196,37): warning C4244: '=': conversion from 'jxl::pixel_type_w' to '_Ty', possible loss of data [C:\Users\Public\jpegview-arm64-build\extras\scripts\libjxl\arm64\lib\jxl_dec-obj.vcxproj]
          with
          [
              _Ty=uint32_t
          ]
C:\Users\Public\jpegview-arm64-build\extras\third_party\libjxl\lib/jxl/modular/encoding/context_predict.h(199,1): warning C4244: '+=': conversion from 'jxl::pixel_type_w' to '_Ty', possible loss of data [C:\Users\Public\jpegview-arm64-build\extras\scripts\libjxl\arm64\lib\jxl_dec-obj.vcxproj]
          with
          [
              _Ty=uint32_t
          ]
C:\Users\Public\jpegview-arm64-build\extras\third_party\libjxl\lib/jxl/modular/encoding/context_predict.h(329,7): warning C4806: '|': unsafe operation: no value of type 'bool' promoted to type 'int' can equal the given constant [C:\Users\Public\jpegview-arm64-build\extras\scripts\libjxl\arm64\lib\jxl_dec-obj.vcxproj]
C:\Users\Public\jpegview-arm64-build\extras\third_party\libjxl\lib/jxl/modular/encoding/context_predict.h(330,7): warning C4806: '|': unsafe operation: no value of type 'bool' promoted to type 'int' can equal the given constant [C:\Users\Public\jpegview-arm64-build\extras\scripts\libjxl\arm64\lib\jxl_dec-obj.vcxproj]
C:\Users\Public\jpegview-arm64-build\extras\third_party\libjxl\lib/jxl/modular/encoding/context_predict.h(392,23): warning C4244: '=': conversion from '__int64' to 'jxl::pixel_type', possible loss of data [C:\Users\Public\jpegview-arm64-build\extras\scripts\libjxl\arm64\lib\jxl_dec-obj.vcxproj]
C:\Users\Public\jpegview-arm64-build\extras\third_party\libjxl\lib/jxl/modular/encoding/context_predict.h(393,15): warning C4244: '=': conversion from 'jxl::pixel_type_w' to 'jxl::pixel_type', possible loss of data [C:\Users\Public\jpegview-arm64-build\extras\scripts\libjxl\arm64\lib\jxl_dec-obj.vcxproj]
C:\Users\Public\jpegview-arm64-build\extras\third_party\libjxl\lib/jxl/modular/encoding/context_predict.h(397,62): warning C4244: 'argument': conversion from 'jxl::pixel_type_w' to 'const int32_t', possible loss of data [C:\Users\Public\jpegview-arm64-build\extras\scripts\libjxl\arm64\lib\jxl_dec-obj.vcxproj]
C:\Users\Public\jpegview-arm64-build\extras\third_party\libjxl\lib/jxl/modular/encoding/context_predict.h(397,56): warning C4244: 'argument': conversion from 'jxl::pixel_type_w' to 'const int32_t', possible loss of data [C:\Users\Public\jpegview-arm64-build\extras\scripts\libjxl\arm64\lib\jxl_dec-obj.vcxproj]
C:\Users\Public\jpegview-arm64-build\extras\third_party\libjxl\lib/jxl/modular/encoding/context_predict.h(397,49): warning C4244: 'argument': conversion from 'jxl::pixel_type_w' to 'const int32_t', possible loss of data [C:\Users\Public\jpegview-arm64-build\extras\scripts\libjxl\arm64\lib\jxl_dec-obj.vcxproj]
C:\Users\Public\jpegview-arm64-build\extras\third_party\libjxl\lib/jxl/modular/encoding/context_predict.h(398,23): warning C4244: '=': conversion from '__int64' to 'jxl::pixel_type', possible loss of data [C:\Users\Public\jpegview-arm64-build\extras\scripts\libjxl\arm64\lib\jxl_dec-obj.vcxproj]
C:\Users\Public\jpegview-arm64-build\extras\third_party\libjxl\lib/jxl/modular/encoding/context_predict.h(399,17): warning C4244: '=': conversion from 'jxl::pixel_type_w' to 'jxl::pixel_type', possible loss of data [C:\Users\Public\jpegview-arm64-build\extras\scripts\libjxl\arm64\lib\jxl_dec-obj.vcxproj]
C:\Users\Public\jpegview-arm64-build\extras\third_party\libjxl\lib/jxl/modular/encoding/context_predict.h(451,54): warning C4244: 'argument': conversion from 'jxl::pixel_type_w' to 'const int32_t', possible loss of data [C:\Users\Public\jpegview-arm64-build\extras\scripts\libjxl\arm64\lib\jxl_dec-obj.vcxproj]
C:\Users\Public\jpegview-arm64-build\extras\third_party\libjxl\lib/jxl/modular/encoding/context_predict.h(451,49): warning C4244: 'argument': conversion from 'jxl::pixel_type_w' to 'const int32_t', possible loss of data [C:\Users\Public\jpegview-arm64-build\extras\scripts\libjxl\arm64\lib\jxl_dec-obj.vcxproj]
C:\Users\Public\jpegview-arm64-build\extras\third_party\libjxl\lib/jxl/modular/encoding/context_predict.h(451,43): warning C4244: 'argument': conversion from 'jxl::pixel_type_w' to 'const int32_t', possible loss of data [C:\Users\Public\jpegview-arm64-build\extras\scripts\libjxl\arm64\lib\jxl_dec-obj.vcxproj]
C:\Users\Public\jpegview-arm64-build\extras\third_party\libjxl\lib\jxl\coeff_order.cc(41,52): warning C4267: 'argument': conversion from 'size_t' to 'uint32_t', possible loss of data [C:\Users\Public\jpegview-arm64-build\extras\scripts\libjxl\arm64\lib\jxl_dec-obj.vcxproj]
C:\Users\Public\jpegview-arm64-build\extras\third_party\libjxl\lib\jxl\coeff_order.cc(41,78): warning C4267: 'initializing': conversion from 'size_t' to 'uint32_t', possible loss of data [C:\Users\Public\jpegview-arm64-build\extras\scripts\libjxl\arm64\lib\jxl_dec-obj.vcxproj]
C:\Users\Public\jpegview-arm64-build\extras\third_party\libjxl\lib\jxl\coeff_order.cc(48,73): warning C4267: '=': conversion from 'size_t' to '_Ty', possible loss of data [C:\Users\Public\jpegview-arm64-build\extras\scripts\libjxl\arm64\lib\jxl_dec-obj.vcxproj]
          with
          [
              _Ty=uint32_t
          ]
C:\Users\Public\jpegview-arm64-build\extras\third_party\libjxl\lib/jxl/dec_ans.h(252,1): warning C4267: 'return': conversion from 'size_t' to 'uint32_t', possible loss of data [C:\Users\Public\jpegview-arm64-build\extras\scripts\libjxl\arm64\lib\jxl_dec-obj.vcxproj]
C:\Users\Public\jpegview-arm64-build\extras\third_party\libjxl\lib/jxl/dec_ans.h(288): message : see reference to function template instantiation 'uint32_t jxl::ANSSymbolReader::ReadHybridUintConfig<jxl::BitReader>(const jxl::HybridUintConfig &,size_t,BitReader *)' being compiled [C:\Users\Public\jpegview-arm64-build\extras\scripts\libjxl\arm64\lib\jxl_dec-obj.vcxproj]
          with
          [
              BitReader=jxl::BitReader
          ]
C:\Users\Public\jpegview-arm64-build\extras\third_party\libjxl\lib/jxl/dec_ans.h(254,1): warning C4267: 'initializing': conversion from 'size_t' to 'uint32_t', possible loss of data [C:\Users\Public\jpegview-arm64-build\extras\scripts\libjxl\arm64\lib\jxl_dec-obj.vcxproj]
C:\Users\Public\jpegview-arm64-build\extras\third_party\libjxl\lib/jxl/dec_ans.h(268,1): warning C4334: '<<': result of 32-bit shift implicitly converted to 64 bits (was 64-bit shift intended?) [C:\Users\Public\jpegview-arm64-build\extras\scripts\libjxl\arm64\lib\jxl_dec-obj.vcxproj]
C:\Users\Public\jpegview-arm64-build\extras\third_party\libjxl\lib/jxl/modular/encoding/context_predict.h(497,1): warning C4267: '=': conversion from 'size_t' to '_Ty', possible loss of data [C:\Users\Public\jpegview-arm64-build\extras\scripts\libjxl\arm64\lib\jxl_dec-obj.vcxproj]
          with
          [
              _Ty=int32_t
          ]
C:\Users\Public\jpegview-arm64-build\extras\third_party\libjxl\lib/jxl/modular/encoding/context_predict.h(559): message : see reference to function template instantiation 'jxl::PredictionResult jxl::detail::Predict<0>(jxl::Properties *,size_t,const jxl::pixel_type *__restrict ,const intptr_t,const size_t,const size_t,jxl::Predictor,const jxl::MATreeLookup *,const jxl::Channel *,jxl::weighted::State *,jxl::pixel_type_w *)' being compiled [C:\Users\Public\jpegview-arm64-build\extras\scripts\libjxl\arm64\lib\jxl_dec-obj.vcxproj]
C:\Users\Public\jpegview-arm64-build\extras\third_party\libjxl\lib/jxl/modular/encoding/context_predict.h(499,26): warning C4244: '=': conversion from 'jxl::pixel_type_w' to '_Ty', possible loss of data [C:\Users\Public\jpegview-arm64-build\extras\scripts\libjxl\arm64\lib\jxl_dec-obj.vcxproj]
          with
          [
              _Ty=int32_t
          ]
C:\Users\Public\jpegview-arm64-build\extras\third_party\libjxl\lib/jxl/modular/encoding/context_predict.h(500,27): warning C4244: '=': conversion from 'jxl::pixel_type_w' to '_Ty', possible loss of data [C:\Users\Public\jpegview-arm64-build\extras\scripts\libjxl\arm64\lib\jxl_dec-obj.vcxproj]
          with
          [
              _Ty=int32_t
          ]
C:\Users\Public\jpegview-arm64-build\extras\third_party\libjxl\lib/jxl/modular/encoding/context_predict.h(501,22): warning C4244: '=': conversion from 'jxl::pixel_type_w' to '_Ty', possible loss of data [C:\Users\Public\jpegview-arm64-build\extras\scripts\libjxl\arm64\lib\jxl_dec-obj.vcxproj]
          with
          [
              _Ty=int32_t
          ]
C:\Users\Public\jpegview-arm64-build\extras\third_party\libjxl\lib/jxl/modular/encoding/context_predict.h(502,22): warning C4244: '=': conversion from 'jxl::pixel_type_w' to '_Ty', possible loss of data [C:\Users\Public\jpegview-arm64-build\extras\scripts\libjxl\arm64\lib\jxl_dec-obj.vcxproj]
          with
          [
              _Ty=int32_t
          ]
C:\Users\Public\jpegview-arm64-build\extras\third_party\libjxl\lib/jxl/modular/encoding/context_predict.h(505,25): warning C4244: '=': conversion from 'jxl::pixel_type_w' to '_Ty', possible loss of data [C:\Users\Public\jpegview-arm64-build\extras\scripts\libjxl\arm64\lib\jxl_dec-obj.vcxproj]
          with
          [
              _Ty=int32_t
          ]
C:\Users\Public\jpegview-arm64-build\extras\third_party\libjxl\lib/jxl/modular/encoding/context_predict.h(508,33): warning C4244: '=': conversion from 'jxl::pixel_type_w' to '_Ty', possible loss of data [C:\Users\Public\jpegview-arm64-build\extras\scripts\libjxl\arm64\lib\jxl_dec-obj.vcxproj]
          with
          [
              _Ty=int32_t
          ]
C:\Users\Public\jpegview-arm64-build\extras\third_party\libjxl\lib/jxl/modular/encoding/context_predict.h(511,27): warning C4244: '=': conversion from 'jxl::pixel_type_w' to '_Ty', possible loss of data [C:\Users\Public\jpegview-arm64-build\extras\scripts\libjxl\arm64\lib\jxl_dec-obj.vcxproj]
          with
          [
              _Ty=int32_t
          ]
C:\Users\Public\jpegview-arm64-build\extras\third_party\libjxl\lib/jxl/modular/encoding/context_predict.h(512,30): warning C4244: '=': conversion from 'jxl::pixel_type_w' to '_Ty', possible loss of data [C:\Users\Public\jpegview-arm64-build\extras\scripts\libjxl\arm64\lib\jxl_dec-obj.vcxproj]
          with
          [
              _Ty=int32_t
          ]
C:\Users\Public\jpegview-arm64-build\extras\third_party\libjxl\lib/jxl/modular/encoding/context_predict.h(513,26): warning C4244: '=': conversion from 'jxl::pixel_type_w' to '_Ty', possible loss of data [C:\Users\Public\jpegview-arm64-build\extras\scripts\libjxl\arm64\lib\jxl_dec-obj.vcxproj]
          with
          [
              _Ty=int32_t
          ]
C:\Users\Public\jpegview-arm64-build\extras\third_party\libjxl\lib/jxl/modular/encoding/context_predict.h(514,26): warning C4244: '=': conversion from 'jxl::pixel_type_w' to '_Ty', possible loss of data [C:\Users\Public\jpegview-arm64-build\extras\scripts\libjxl\arm64\lib\jxl_dec-obj.vcxproj]
          with
          [
              _Ty=int32_t
          ]
C:\Users\Public\jpegview-arm64-build\extras\third_party\libjxl\lib/jxl/modular/encoding/context_predict.h(515,27): warning C4244: '=': conversion from 'jxl::pixel_type_w' to '_Ty', possible loss of data [C:\Users\Public\jpegview-arm64-build\extras\scripts\libjxl\arm64\lib\jxl_dec-obj.vcxproj]
          with
          [
              _Ty=int32_t
          ]
C:\Users\Public\jpegview-arm64-build\extras\third_party\libjxl\lib/jxl/modular/encoding/context_predict.h(485,1): warning C4305: 'initializing': truncation from 'int' to 'const bool' [C:\Users\Public\jpegview-arm64-build\extras\scripts\libjxl\arm64\lib\jxl_dec-obj.vcxproj]
C:\Users\Public\jpegview-arm64-build\extras\third_party\libjxl\lib/jxl/modular/encoding/context_predict.h(589): message : see reference to function template instantiation 'jxl::PredictionResult jxl::detail::Predict<17>(jxl::Properties *,size_t,const jxl::pixel_type *__restrict ,const intptr_t,const size_t,const size_t,jxl::Predictor,const jxl::MATreeLookup *,const jxl::Channel *,jxl::weighted::State *,jxl::pixel_type_w *)' being compiled [C:\Users\Public\jpegview-arm64-build\extras\scripts\libjxl\arm64\lib\jxl_dec-obj.vcxproj]
C:\Users\Public\jpegview-arm64-build\extras\third_party\libjxl\lib/jxl/lehmer_code.h(89,1): warning C4267: '=': conversion from 'size_t' to 'PermutationT', possible loss of data [C:\Users\Public\jpegview-arm64-build\extras\scripts\libjxl\arm64\lib\jxl_dec-obj.vcxproj]
          with
          [
              PermutationT=jxl::coeff_order_t
          ]
C:\Users\Public\jpegview-arm64-build\extras\third_party\libjxl\lib\jxl\coeff_order.cc(55): message : see reference to function template instantiation 'void jxl::DecodeLehmerCode<jxl::coeff_order_t>(const jxl::LehmerT *__restrict ,uint32_t *__restrict ,size_t,PermutationT *__restrict )' being compiled [C:\Users\Public\jpegview-arm64-build\extras\scripts\libjxl\arm64\lib\jxl_dec-obj.vcxproj]
          with
          [
              PermutationT=jxl::coeff_order_t
          ]
C:\Users\Public\jpegview-arm64-build\extras\third_party\libjxl\lib/jxl/dec_ans.h(314,1): warning C4267: '=': conversion from 'size_t' to 'uint32_t', possible loss of data [C:\Users\Public\jpegview-arm64-build\extras\scripts\libjxl\arm64\lib\jxl_dec-obj.vcxproj]
C:\Users\Public\jpegview-arm64-build\extras\third_party\libjxl\lib/jxl/dec_ans.h(369): message : see reference to function template instantiation 'size_t jxl::ANSSymbolReader::ReadHybridUintClusteredInlined<true>(size_t,jxl::BitReader *__restrict )' being compiled [C:\Users\Public\jpegview-arm64-build\extras\scripts\libjxl\arm64\lib\jxl_dec-obj.vcxproj]
C:\Users\Public\jpegview-arm64-build\extras\third_party\libjxl\lib/jxl/dec_ans.h(394): message : see reference to function template instantiation 'size_t jxl::ANSSymbolReader::ReadHybridUintClustered<true>(size_t,jxl::BitReader *__restrict )' being compiled [C:\Users\Public\jpegview-arm64-build\extras\scripts\libjxl\arm64\lib\jxl_dec-obj.vcxproj]
C:\Users\Public\jpegview-arm64-build\extras\third_party\libjxl\lib/jxl/dec_ans.h(341,1): warning C4267: '=': conversion from 'size_t' to 'uint32_t', possible loss of data [C:\Users\Public\jpegview-arm64-build\extras\scripts\libjxl\arm64\lib\jxl_dec-obj.vcxproj]
C:\Users\Public\jpegview-arm64-build\extras\third_party\libjxl\lib/jxl/dec_ans.h(356,1): warning C4267: '=': conversion from 'size_t' to 'uint32_t', possible loss of data [C:\Users\Public\jpegview-arm64-build\extras\scripts\libjxl\arm64\lib\jxl_dec-obj.vcxproj]
C:\Users\Public\jpegview-arm64-build\extras\third_party\libjxl\lib/jxl/dec_ans.h(362,1): warning C4267: '=': conversion from 'size_t' to 'uint32_t', possible loss of data [C:\Users\Public\jpegview-arm64-build\extras\scripts\libjxl\arm64\lib\jxl_dec-obj.vcxproj]
C:\Users\Public\jpegview-arm64-build\extras\third_party\libjxl\lib/jxl/modular/encoding/context_predict.h(161,33): warning C4244: '=': conversion from 'jxl::pixel_type_w' to '_Ty', possible loss of data [C:\Users\Public\jpegview-arm64-build\extras\scripts\libjxl\arm64\lib\jxl_dec-obj.vcxproj]
          with
          [
              _Ty=int32_t
          ]
C:\Users\Public\jpegview-arm64-build\extras\third_party\libjxl\lib/jxl/modular/encoding/context_predict.h(521): message : see reference to function template instantiation 'jxl::pixel_type_w jxl::weighted::State::Predict<false>(size_t,size_t,size_t,jxl::pixel_type_w,jxl::pixel_type_w,jxl::pixel_type_w,jxl::pixel_type_w,jxl::pixel_type_w,jxl::Properties *,size_t)' being compiled [C:\Users\Public\jpegview-arm64-build\extras\scripts\libjxl\arm64\lib\jxl_dec-obj.vcxproj]
C:\Users\Public\jpegview-arm64-build\extras\third_party\libjxl\lib/jxl/modular/encoding/context_predict.h(559): message : see reference to function template instantiation 'jxl::PredictionResult jxl::detail::Predict<0>(jxl::Properties *,size_t,const jxl::pixel_type *__restrict ,const intptr_t,const size_t,const size_t,jxl::Predictor,const jxl::MATreeLookup *,const jxl::Channel *,jxl::weighted::State *,jxl::pixel_type_w *)' being compiled [C:\Users\Public\jpegview-arm64-build\extras\scripts\libjxl\arm64\lib\jxl_dec-obj.vcxproj]
C:\Users\Public\jpegview-arm64-build\extras\third_party\libjxl\lib/jxl/lehmer_code.h(24,14): warning C4146: unary minus operator applied to unsigned type, result still unsigned [C:\Users\Public\jpegview-arm64-build\extras\scripts\libjxl\arm64\lib\jxl_dec-obj.vcxproj]
C:\Users\Public\jpegview-arm64-build\extras\third_party\libjxl\lib/jxl/lehmer_code.h(95): message : see reference to function template instantiation 'T jxl::ValueOfLowest1Bit<size_t>(T)' being compiled [C:\Users\Public\jpegview-arm64-build\extras\scripts\libjxl\arm64\lib\jxl_dec-obj.vcxproj]
          with
          [
              T=size_t
          ]
C:\Users\Public\jpegview-arm64-build\extras\third_party\libjxl\lib\jxl\coeff_order.cc(55): message : see reference to function template instantiation 'void jxl::DecodeLehmerCode<jxl::coeff_order_t>(const jxl::LehmerT *__restrict ,uint32_t *__restrict ,size_t,PermutationT *__restrict )' being compiled [C:\Users\Public\jpegview-arm64-build\extras\scripts\libjxl\arm64\lib\jxl_dec-obj.vcxproj]
          with
          [
              PermutationT=jxl::coeff_order_t
          ]
  color_encoding_internal.cc
C:\Users\Public\jpegview-arm64-build\extras\third_party\libjxl\lib/jxl/base/status.h(132,47): warning C4646: function declared with 'noreturn' has non-void return type [C:\Users\Public\jpegview-arm64-build\extras\scripts\libjxl\arm64\lib\jxl_dec-obj.vcxproj]
C:\Users\Public\jpegview-arm64-build\extras\third_party\libjxl\lib\jxl\color_encoding_internal.cc(114,38): warning C4244: 'argument': conversion from 'double' to 'float', possible loss of data [C:\Users\Public\jpegview-arm64-build\extras\scripts\libjxl\arm64\lib\jxl_dec-obj.vcxproj]
C:\Users\Public\jpegview-arm64-build\extras\third_party\libjxl\lib\jxl\color_encoding_internal.cc(251,25): warning C4244: 'argument': conversion from 'double' to 'float', possible loss of data [C:\Users\Public\jpegview-arm64-build\extras\scripts\libjxl\arm64\lib\jxl_dec-obj.vcxproj]
C:\Users\Public\jpegview-arm64-build\extras\third_party\libjxl\lib\jxl\color_encoding_internal.cc(251,18): warning C4244: '=': conversion from 'float' to 'uint32_t', possible loss of data [C:\Users\Public\jpegview-arm64-build\extras\scripts\libjxl\arm64\lib\jxl_dec-obj.vcxproj]
C:\Users\Public\jpegview-arm64-build\extras\third_party\libjxl\lib\jxl\color_encoding_internal.cc(516,19): warning C4244: '=': conversion from 'intptr_t' to 'int32_t', possible loss of data [C:\Users\Public\jpegview-arm64-build\extras\scripts\libjxl\arm64\lib\jxl_dec-obj.vcxproj]
C:\Users\Public\jpegview-arm64-build\extras\third_party\libjxl\lib\jxl\color_encoding_internal.cc(521,19): warning C4244: '=': conversion from 'intptr_t' to 'int32_t', possible loss of data [C:\Users\Public\jpegview-arm64-build\extras\scripts\libjxl\arm64\lib\jxl_dec-obj.vcxproj]
C:\Users\Public\jpegview-arm64-build\extras\third_party\libjxl\lib/jxl/matrix_ops.h(44,12): warning C4244: '=': conversion from 'double' to 'T', possible loss of data [C:\Users\Public\jpegview-arm64-build\extras\scripts\libjxl\arm64\lib\jxl_dec-obj.vcxproj]
          with
          [
              T=float
          ]
C:\Users\Public\jpegview-arm64-build\extras\third_party\libjxl\lib\jxl\color_encoding_internal.cc(729): message : see reference to function template instantiation 'void jxl::Mul3x3Vector<float>(const T *,const T *,T *)' being compiled [C:\Users\Public\jpegview-arm64-build\extras\scripts\libjxl\arm64\lib\jxl_dec-obj.vcxproj]
          with
          [
              T=float
          ]
C:\Users\Public\jpegview-arm64-build\extras\third_party\libjxl\lib/jxl/matrix_ops.h(31,22): warning C4244: '=': conversion from 'double' to 'T', possible loss of data [C:\Users\Public\jpegview-arm64-build\extras\scripts\libjxl\arm64\lib\jxl_dec-obj.vcxproj]
          with
          [
              T=float
          ]
C:\Users\Public\jpegview-arm64-build\extras\third_party\libjxl\lib\jxl\color_encoding_internal.cc(744): message : see reference to function template instantiation 'void jxl::Mul3x3Matrix<float>(const T *,const T *,T *)' being compiled [C:\Users\Public\jpegview-arm64-build\extras\scripts\libjxl\arm64\lib\jxl_dec-obj.vcxproj]
          with
          [
              T=float
          ]
C:\Users\Public\jpegview-arm64-build\extras\third_party\libjxl\lib/jxl/matrix_ops.h(77,25): warning C4244: '=': conversion from 'double' to 'T', possible loss of data [C:\Users\Public\jpegview-arm64-build\extras\scripts\libjxl\arm64\lib\jxl_dec-obj.vcxproj]
          with
          [
              T=float
          ]
C:\Users\Public\jpegview-arm64-build\extras\third_party\libjxl\lib\jxl\color_encoding_internal.cc(762): message : see reference to function template instantiation 'jxl::Status jxl::Inv3x3Matrix<float>(T *)' being compiled [C:\Users\Public\jpegview-arm64-build\extras\scripts\libjxl\arm64\lib\jxl_dec-obj.vcxproj]
          with
          [
              T=float
          ]
  color_management.cc
C:\Users\Public\jpegview-arm64-build\extras\third_party\libjxl\lib/jxl/base/status.h(132,47): warning C4646: function declared with 'noreturn' has non-void return type [C:\Users\Public\jpegview-arm64-build\extras\scripts\libjxl\arm64\lib\jxl_dec-obj.vcxproj]
C:\Users\Public\jpegview-arm64-build\extras\third_party\libjxl\lib/jxl/transfer_functions-inl.h(85,59): warning C4244: 'argument': conversion from 'const double' to 'float', possible loss of data [C:\Users\Public\jpegview-arm64-build\extras\scripts\libjxl\arm64\lib\jxl_dec-obj.vcxproj]
C:\Users\Public\jpegview-arm64-build\extras\third_party\libjxl\lib/jxl/transfer_functions-inl.h(85,48): warning C4244: 'argument': conversion from 'double' to 'float', possible loss of data [C:\Users\Public\jpegview-arm64-build\extras\scripts\libjxl\arm64\lib\jxl_dec-obj.vcxproj]
C:\Users\Public\jpegview-arm64-build\extras\third_party\libjxl\lib/jxl/transfer_functions-inl.h(89,25): warning C4244: 'argument': conversion from 'const double' to 'float', possible loss of data [C:\Users\Public\jpegview-arm64-build\extras\scripts\libjxl\arm64\lib\jxl_dec-obj.vcxproj]
C:\Users\Public\jpegview-arm64-build\extras\third_party\libjxl\lib/jxl/transfer_functions-inl.h(89,22): warning C4244: 'argument': conversion from 'const double' to 'float', possible loss of data [C:\Users\Public\jpegview-arm64-build\extras\scripts\libjxl\arm64\lib\jxl_dec-obj.vcxproj]
C:\Users\Public\jpegview-arm64-build\extras\third_party\libjxl\lib/jxl/transfer_functions-inl.h(98,55): warning C4244: 'argument': conversion from 'const double' to 'float', possible loss of data [C:\Users\Public\jpegview-arm64-build\extras\scripts\libjxl\arm64\lib\jxl_dec-obj.vcxproj]
C:\Users\Public\jpegview-arm64-build\extras\third_party\libjxl\lib/jxl/transfer_functions-inl.h(98,42): warning C4244: 'argument': conversion from 'double' to 'float', possible loss of data [C:\Users\Public\jpegview-arm64-build\extras\scripts\libjxl\arm64\lib\jxl_dec-obj.vcxproj]
C:\Users\Public\jpegview-arm64-build\extras\third_party\libjxl\lib/jxl/transfer_functions-inl.h(102,25): warning C4244: 'argument': conversion from 'const double' to 'float', possible loss of data [C:\Users\Public\jpegview-arm64-build\extras\scripts\libjxl\arm64\lib\jxl_dec-obj.vcxproj]
C:\Users\Public\jpegview-arm64-build\extras\third_party\libjxl\lib/jxl/transfer_functions-inl.h(102,22): warning C4244: 'argument': conversion from 'const double' to 'float', possible loss of data [C:\Users\Public\jpegview-arm64-build\extras\scripts\libjxl\arm64\lib\jxl_dec-obj.vcxproj]
C:\Users\Public\jpegview-arm64-build\extras\third_party\libjxl\lib/jxl/transfer_functions-inl.h(187,22): warning C4244: 'argument': conversion from 'const double' to 'float', possible loss of data [C:\Users\Public\jpegview-arm64-build\extras\scripts\libjxl\arm64\lib\jxl_dec-obj.vcxproj]
C:\Users\Public\jpegview-arm64-build\extras\third_party\libjxl\lib/jxl/transfer_functions-inl.h(186,24): warning C4244: 'argument': conversion from 'double' to 'float', possible loss of data [C:\Users\Public\jpegview-arm64-build\extras\scripts\libjxl\arm64\lib\jxl_dec-obj.vcxproj]
C:\Users\Public\jpegview-arm64-build\extras\third_party\libjxl\lib/jxl/transfer_functions-inl.h(228,25): warning C4244: 'argument': conversion from 'const double' to 'float', possible loss of data [C:\Users\Public\jpegview-arm64-build\extras\scripts\libjxl\arm64\lib\jxl_dec-obj.vcxproj]
C:\Users\Public\jpegview-arm64-build\extras\third_party\libjxl\lib/jxl/transfer_functions-inl.h(228,22): warning C4244: 'argument': conversion from 'const double' to 'float', possible loss of data [C:\Users\Public\jpegview-arm64-build\extras\scripts\libjxl\arm64\lib\jxl_dec-obj.vcxproj]
C:\Users\Public\jpegview-arm64-build\extras\third_party\libjxl\lib\jxl\color_management.cc(47,1): warning C4244: 'argument': conversion from 'const double' to 'float', possible loss of data [C:\Users\Public\jpegview-arm64-build\extras\scripts\libjxl\arm64\lib\jxl_dec-obj.vcxproj]
C:\Users\Public\jpegview-arm64-build\extras\third_party\libjxl\lib\jxl\color_management.cc(57,43): warning C4244: '=': conversion from 'double' to 'float', possible loss of data [C:\Users\Public\jpegview-arm64-build\extras\scripts\libjxl\arm64\lib\jxl_dec-obj.vcxproj]
C:\Users\Public\jpegview-arm64-build\extras\third_party\libjxl\lib\jxl\color_management.cc(61,46): warning C4244: '=': conversion from 'double' to 'float', possible loss of data [C:\Users\Public\jpegview-arm64-build\extras\scripts\libjxl\arm64\lib\jxl_dec-obj.vcxproj]
C:\Users\Public\jpegview-arm64-build\extras\third_party\libjxl\lib\jxl\color_management.cc(80,3): warning C4244: 'argument': conversion from 'const double' to 'float', possible loss of data [C:\Users\Public\jpegview-arm64-build\extras\scripts\libjxl\arm64\lib\jxl_dec-obj.vcxproj]
C:\Users\Public\jpegview-arm64-build\extras\third_party\libjxl\lib\jxl\color_management.cc(92,1): warning C4305: 'initializing': truncation from 'double' to 'const float' [C:\Users\Public\jpegview-arm64-build\extras\scripts\libjxl\arm64\lib\jxl_dec-obj.vcxproj]
C:\Users\Public\jpegview-arm64-build\extras\third_party\libjxl\lib\jxl\color_management.cc(97,40): warning C4305: 'initializing': truncation from 'double' to 'const float' [C:\Users\Public\jpegview-arm64-build\extras\scripts\libjxl\arm64\lib\jxl_dec-obj.vcxproj]
C:\Users\Public\jpegview-arm64-build\extras\third_party\libjxl\lib\jxl\color_management.cc(99,40): warning C4305: 'initializing': truncation from 'double' to 'const float' [C:\Users\Public\jpegview-arm64-build\extras\scripts\libjxl\arm64\lib\jxl_dec-obj.vcxproj]
C:\Users\Public\jpegview-arm64-build\extras\third_party\libjxl\lib\jxl\color_management.cc(150,47): warning C4244: 'argument': conversion from 'double' to 'float', possible loss of data [C:\Users\Public\jpegview-arm64-build\extras\scripts\libjxl\arm64\lib\jxl_dec-obj.vcxproj]
C:\Users\Public\jpegview-arm64-build\extras\third_party\libjxl\lib\jxl\color_management.cc(170,26): warning C4244: 'initializing': conversion from 'double' to 'float', possible loss of data [C:\Users\Public\jpegview-arm64-build\extras\scripts\libjxl\arm64\lib\jxl_dec-obj.vcxproj]
C:\Users\Public\jpegview-arm64-build\extras\third_party\libjxl\lib\jxl\color_management.cc(170,22): warning C4244: 'initializing': conversion from 'double' to 'const float', possible loss of data [C:\Users\Public\jpegview-arm64-build\extras\scripts\libjxl\arm64\lib\jxl_dec-obj.vcxproj]
C:\Users\Public\jpegview-arm64-build\extras\third_party\libjxl\lib\jxl\color_management.cc(171,17): warning C4244: '=': conversion from 'double' to 'float', possible loss of data [C:\Users\Public\jpegview-arm64-build\extras\scripts\libjxl\arm64\lib\jxl_dec-obj.vcxproj]
C:\Users\Public\jpegview-arm64-build\extras\third_party\libjxl\lib\jxl\color_management.cc(173,30): warning C4244: '=': conversion from 'double' to 'float', possible loss of data [C:\Users\Public\jpegview-arm64-build\extras\scripts\libjxl\arm64\lib\jxl_dec-obj.vcxproj]
C:\Users\Public\jpegview-arm64-build\extras\third_party\libjxl\lib\jxl\color_management.cc(203,67): warning C4267: 'argument': conversion from 'size_t' to 'uint8_t', possible loss of data [C:\Users\Public\jpegview-arm64-build\extras\scripts\libjxl\arm64\lib\jxl_dec-obj.vcxproj]
C:\Users\Public\jpegview-arm64-build\extras\third_party\libjxl\lib\jxl\color_management.cc(233,14): warning C4267: '=': conversion from 'size_t' to 'uint32_t', possible loss of data [C:\Users\Public\jpegview-arm64-build\extras\scripts\libjxl\arm64\lib\jxl_dec-obj.vcxproj]
C:\Users\Public\jpegview-arm64-build\extras\third_party\libjxl\lib\jxl\color_management.cc(281,3): warning C4244: 'argument': conversion from 'double' to 'float', possible loss of data [C:\Users\Public\jpegview-arm64-build\extras\scripts\libjxl\arm64\lib\jxl_dec-obj.vcxproj]
C:\Users\Public\jpegview-arm64-build\extras\third_party\libjxl\lib\jxl\color_management.cc(289,1): warning C4244: 'argument': conversion from 'double' to 'float', possible loss of data [C:\Users\Public\jpegview-arm64-build\extras\scripts\libjxl\arm64\lib\jxl_dec-obj.vcxproj]
C:\Users\Public\jpegview-arm64-build\extras\third_party\libjxl\lib\jxl\color_management.cc(327,13): warning C4244: 'initializing': conversion from 'float' to 'int32_t', possible loss of data [C:\Users\Public\jpegview-arm64-build\extras\scripts\libjxl\arm64\lib\jxl_dec-obj.vcxproj]
C:\Users\Public\jpegview-arm64-build\extras\third_party\libjxl\lib\jxl\color_management.cc(396,50): warning C4267: 'argument': conversion from 'size_t' to 'uint32_t', possible loss of data [C:\Users\Public\jpegview-arm64-build\extras\scripts\libjxl\arm64\lib\jxl_dec-obj.vcxproj]
C:\Users\Public\jpegview-arm64-build\extras\third_party\libjxl\lib\jxl\color_management.cc(416,53): warning C4267: 'argument': conversion from 'size_t' to 'uint32_t', possible loss of data [C:\Users\Public\jpegview-arm64-build\extras\scripts\libjxl\arm64\lib\jxl_dec-obj.vcxproj]
C:\Users\Public\jpegview-arm64-build\extras\third_party\libjxl\lib\jxl\color_management.cc(486,45): warning C4267: 'argument': conversion from 'size_t' to 'uint32_t', possible loss of data [C:\Users\Public\jpegview-arm64-build\extras\scripts\libjxl\arm64\lib\jxl_dec-obj.vcxproj]
C:\Users\Public\jpegview-arm64-build\extras\third_party\libjxl\lib\jxl\color_management.cc(497,48): warning C4267: 'argument': conversion from 'size_t' to 'uint16_t', possible loss of data [C:\Users\Public\jpegview-arm64-build\extras\scripts\libjxl\arm64\lib\jxl_dec-obj.vcxproj]
C:\Users\Public\jpegview-arm64-build\extras\third_party\libjxl\lib\jxl\color_management.cc(596,5): warning C4244: 'argument': conversion from 'const double' to 'float', possible loss of data [C:\Users\Public\jpegview-arm64-build\extras\scripts\libjxl\arm64\lib\jxl_dec-obj.vcxproj]
C:\Users\Public\jpegview-arm64-build\extras\third_party\libjxl\lib\jxl\color_management.cc(601,74): warning C4244: '+=': conversion from 'double' to 'float', possible loss of data [C:\Users\Public\jpegview-arm64-build\extras\scripts\libjxl\arm64\lib\jxl_dec-obj.vcxproj]
C:\Users\Public\jpegview-arm64-build\extras\third_party\libjxl\lib\jxl\color_management.cc(634,42): warning C4267: 'argument': conversion from 'size_t' to 'uint8_t', possible loss of data [C:\Users\Public\jpegview-arm64-build\extras\scripts\libjxl\arm64\lib\jxl_dec-obj.vcxproj]
C:\Users\Public\jpegview-arm64-build\extras\third_party\libjxl\lib\jxl\color_management.cc(657,42): warning C4267: 'argument': conversion from 'size_t' to 'uint8_t', possible loss of data [C:\Users\Public\jpegview-arm64-build\extras\scripts\libjxl\arm64\lib\jxl_dec-obj.vcxproj]
C:\Users\Public\jpegview-arm64-build\extras\third_party\libjxl\lib\jxl\color_management.cc(743,44): warning C4305: 'initializing': truncation from 'double' to 'float' [C:\Users\Public\jpegview-arm64-build\extras\scripts\libjxl\arm64\lib\jxl_dec-obj.vcxproj]
C:\Users\Public\jpegview-arm64-build\extras\third_party\libjxl\lib\jxl\color_management.cc(800,19): warning C4244: 'initializing': conversion from 'double' to 'float', possible loss of data [C:\Users\Public\jpegview-arm64-build\extras\scripts\libjxl\arm64\lib\jxl_dec-obj.vcxproj]
C:\Users\Public\jpegview-arm64-build\extras\third_party\libjxl\lib\jxl\color_management.cc(817,1): warning C4305: 'initializing': truncation from 'double' to '_Ty' [C:\Users\Public\jpegview-arm64-build\extras\scripts\libjxl\arm64\lib\jxl_dec-obj.vcxproj]
          with
          [
              _Ty=float
          ]
C:\Users\Public\jpegview-arm64-build\extras\third_party\libjxl\lib\jxl\color_management.cc(822,1): warning C4305: 'initializing': truncation from 'double' to '_Ty' [C:\Users\Public\jpegview-arm64-build\extras\scripts\libjxl\arm64\lib\jxl_dec-obj.vcxproj]
          with
          [
              _Ty=float
          ]
C:\Users\Public\jpegview-arm64-build\extras\third_party\libjxl\lib\jxl\color_management.cc(830,1): warning C4305: 'initializing': truncation from 'double' to '_Ty' [C:\Users\Public\jpegview-arm64-build\extras\scripts\libjxl\arm64\lib\jxl_dec-obj.vcxproj]
          with
          [
              _Ty=float
          ]
C:\Users\Public\jpegview-arm64-build\extras\third_party\libjxl\lib\jxl\color_management.cc(848,46): warning C4267: 'argument': conversion from 'size_t' to 'uint32_t', possible loss of data [C:\Users\Public\jpegview-arm64-build\extras\scripts\libjxl\arm64\lib\jxl_dec-obj.vcxproj]
C:\Users\Public\jpegview-arm64-build\extras\third_party\libjxl\lib\jxl\color_management.cc(851,29): warning C4267: 'argument': conversion from 'size_t' to 'uint32_t', possible loss of data [C:\Users\Public\jpegview-arm64-build\extras\scripts\libjxl\arm64\lib\jxl_dec-obj.vcxproj]
C:\Users\Public\jpegview-arm64-build\extras\third_party\libjxl\lib\jxl\color_management.cc(855,75): warning C4267: 'argument': conversion from 'size_t' to 'uint32_t', possible loss of data [C:\Users\Public\jpegview-arm64-build\extras\scripts\libjxl\arm64\lib\jxl_dec-obj.vcxproj]
C:\Users\Public\jpegview-arm64-build\extras\third_party\libjxl\lib/jxl/dec_tone_mapping-inl.h(81,37): warning C4244: 'return': conversion from 'double' to 'float', possible loss of data [C:\Users\Public\jpegview-arm64-build\extras\scripts\libjxl\arm64\lib\jxl_dec-obj.vcxproj]
C:\Users\Public\jpegview-arm64-build\extras\third_party\libjxl\lib/jxl/dec_tone_mapping-inl.h(80): message : while compiling class template member function 'float jxl::N_EMU128::`anonymous-namespace'::Rec2408ToneMapper<hwy::N_EMU128::Simd<T,1,0>>::InvEOTF(const float) const' [C:\Users\Public\jpegview-arm64-build\extras\scripts\libjxl\arm64\lib\jxl_dec-obj.vcxproj]
          with
          [
              T=float
          ]
C:\Users\Public\jpegview-arm64-build\extras\third_party\libjxl\lib/jxl/dec_tone_mapping-inl.h(112): message : see reference to function template instantiation 'float jxl::N_EMU128::`anonymous-namespace'::Rec2408ToneMapper<hwy::N_EMU128::Simd<T,1,0>>::InvEOTF(const float) const' being compiled [C:\Users\Public\jpegview-arm64-build\extras\scripts\libjxl\arm64\lib\jxl_dec-obj.vcxproj]
          with
          [
              T=float
          ]
C:\Users\Public\jpegview-arm64-build\extras\third_party\libjxl\lib\jxl\color_management.cc(68): message : see reference to class template instantiation 'jxl::N_EMU128::`anonymous-namespace'::Rec2408ToneMapper<hwy::N_EMU128::Simd<T,1,0>>' being compiled [C:\Users\Public\jpegview-arm64-build\extras\scripts\libjxl\arm64\lib\jxl_dec-obj.vcxproj]
          with
          [
              T=float
          ]
C:\Program Files\Microsoft Visual Studio\18\Enterprise\VC\Tools\MSVC\14.29.30133\include\utility(186,16): warning C4244: 'initializing': conversion from '_Ty' to '_Ty1', possible loss of data [C:\Users\Public\jpegview-arm64-build\extras\scripts\libjxl\arm64\lib\jxl_dec-obj.vcxproj]
          with
          [
              _Ty=int
          ]
          and
          [
              _Ty1=float
          ]
C:\Users\Public\jpegview-arm64-build\extras\third_party\libjxl\lib\jxl\color_management.cc(68): message : see reference to function template instantiation 'std::pair<float,float>::pair<int,int,0>(_Other1 &&,_Other2 &&) noexcept' being compiled [C:\Users\Public\jpegview-arm64-build\extras\scripts\libjxl\arm64\lib\jxl_dec-obj.vcxproj]
          with
          [
              _Other1=int,
              _Other2=int
          ]
C:\Users\Public\jpegview-arm64-build\extras\third_party\libjxl\lib\jxl\color_management.cc(67): message : see reference to function template instantiation 'std::pair<float,float>::pair<int,int,0>(_Other1 &&,_Other2 &&) noexcept' being compiled [C:\Users\Public\jpegview-arm64-build\extras\scripts\libjxl\arm64\lib\jxl_dec-obj.vcxproj]
          with
          [
              _Other1=int,
              _Other2=int
          ]
C:\Program Files\Microsoft Visual Studio\18\Enterprise\VC\Tools\MSVC\14.29.30133\include\utility(186,54): warning C4244: 'initializing': conversion from '_Ty' to '_Ty2', possible loss of data [C:\Users\Public\jpegview-arm64-build\extras\scripts\libjxl\arm64\lib\jxl_dec-obj.vcxproj]
          with
          [
              _Ty=int
          ]
          and
          [
              _Ty2=float
          ]
C:\Users\Public\jpegview-arm64-build\extras\third_party\libjxl\lib/jxl/matrix_ops.h(31,22): warning C4244: '=': conversion from 'double' to 'T', possible loss of data [C:\Users\Public\jpegview-arm64-build\extras\scripts\libjxl\arm64\lib\jxl_dec-obj.vcxproj]
          with
          [
              T=float
          ]
C:\Users\Public\jpegview-arm64-build\extras\third_party\libjxl\lib\jxl\color_management.cc(82): message : see reference to function template instantiation 'void jxl::Mul3x3Matrix<float>(const T *,const T *,T *)' being compiled [C:\Users\Public\jpegview-arm64-build\extras\scripts\libjxl\arm64\lib\jxl_dec-obj.vcxproj]
          with
          [
              T=float
          ]
  compressed_dc.cc
C:\Users\Public\jpegview-arm64-build\extras\third_party\libjxl\lib/jxl/base/status.h(132,47): warning C4646: function declared with 'noreturn' has non-void return type [C:\Users\Public\jpegview-arm64-build\extras\scripts\libjxl\arm64\lib\jxl_dec-obj.vcxproj]
C:\Users\Public\jpegview-arm64-build\extras\third_party\libjxl\lib/jxl/ac_context.h(112,1): warning C4267: 'return': conversion from 'size_t' to 'uint32_t', possible loss of data [C:\Users\Public\jpegview-arm64-build\extras\scripts\libjxl\arm64\lib\jxl_dec-obj.vcxproj]
C:\Users\Public\jpegview-arm64-build\extras\third_party\libjxl\lib/jxl/ac_context.h(124,1): warning C4267: 'return': conversion from 'size_t' to 'uint32_t', possible loss of data [C:\Users\Public\jpegview-arm64-build\extras\scripts\libjxl\arm64\lib\jxl_dec-obj.vcxproj]
C:\Users\Public\jpegview-arm64-build\extras\third_party\libjxl\lib/jxl/ac_context.h(137,1): warning C4267: 'return': conversion from 'size_t' to 'uint32_t', possible loss of data [C:\Users\Public\jpegview-arm64-build\extras\scripts\libjxl\arm64\lib\jxl_dec-obj.vcxproj]
C:\Users\Public\jpegview-arm64-build\extras\third_party\libjxl\lib/jxl/frame_header.h(105,1): warning C4267: '=': conversion from 'size_t' to 'uint32_t', possible loss of data [C:\Users\Public\jpegview-arm64-build\extras\scripts\libjxl\arm64\lib\jxl_dec-obj.vcxproj]
C:\Users\Public\jpegview-arm64-build\extras\third_party\libjxl\lib/jxl/chroma_from_luma.h(120,41): warning C4244: 'return': conversion from 'const uint32_t' to 'float', possible loss of data [C:\Users\Public\jpegview-arm64-build\extras\scripts\libjxl\arm64\lib\jxl_dec-obj.vcxproj]
C:\Users\Public\jpegview-arm64-build\extras\third_party\libjxl\lib/jxl/dec_ans.h(78,1): warning C4267: 'initializing': conversion from 'size_t' to 'uint32_t', possible loss of data [C:\Users\Public\jpegview-arm64-build\extras\scripts\libjxl\arm64\lib\jxl_dec-obj.vcxproj]
C:\Users\Public\jpegview-arm64-build\extras\third_party\libjxl\lib/jxl/dec_ans.h(175,1): warning C4267: '=': conversion from 'size_t' to 'uint32_t', possible loss of data [C:\Users\Public\jpegview-arm64-build\extras\scripts\libjxl\arm64\lib\jxl_dec-obj.vcxproj]
C:\Users\Public\jpegview-arm64-build\extras\third_party\libjxl\lib/jxl/dec_ans.h(197,1): warning C4267: '=': conversion from 'size_t' to 'uint32_t', possible loss of data [C:\Users\Public\jpegview-arm64-build\extras\scripts\libjxl\arm64\lib\jxl_dec-obj.vcxproj]
C:\Users\Public\jpegview-arm64-build\extras\third_party\libjxl\lib/jxl/dec_ans.h(411,1): warning C4267: '=': conversion from 'size_t' to 'uint32_t', possible loss of data [C:\Users\Public\jpegview-arm64-build\extras\scripts\libjxl\arm64\lib\jxl_dec-obj.vcxproj]
C:\Users\Public\jpegview-arm64-build\extras\third_party\libjxl\lib/jxl/dec_ans.h(414,1): warning C4267: '=': conversion from 'size_t' to 'uint32_t', possible loss of data [C:\Users\Public\jpegview-arm64-build\extras\scripts\libjxl\arm64\lib\jxl_dec-obj.vcxproj]
C:\Users\Public\jpegview-arm64-build\extras\third_party\libjxl\lib/jxl/quantizer.h(86,41): warning C4244: '=': conversion from 'double' to 'float', possible loss of data [C:\Users\Public\jpegview-arm64-build\extras\scripts\libjxl\arm64\lib\jxl_dec-obj.vcxproj]
C:\Users\Public\jpegview-arm64-build\extras\third_party\libjxl\lib/jxl/quantizer.h(87,49): warning C4244: '=': conversion from 'double' to 'float', possible loss of data [C:\Users\Public\jpegview-arm64-build\extras\scripts\libjxl\arm64\lib\jxl_dec-obj.vcxproj]
C:\Users\Public\jpegview-arm64-build\extras\third_party\libjxl\lib/jxl/dec_cache.h(203,1): warning C4334: '<<': result of 32-bit shift implicitly converted to 64 bits (was 64-bit shift intended?) [C:\Users\Public\jpegview-arm64-build\extras\scripts\libjxl\arm64\lib\jxl_dec-obj.vcxproj]
C:\Users\Public\jpegview-arm64-build\extras\third_party\libjxl\lib\jxl\compressed_dc.cc(200,1): warning C4267: 'argument': conversion from 'size_t' to 'const uint32_t', possible loss of data [C:\Users\Public\jpegview-arm64-build\extras\scripts\libjxl\arm64\lib\jxl_dec-obj.vcxproj]
C:\Users\Public\jpegview-arm64-build\extras\third_party\libjxl\lib\jxl\compressed_dc.cc(281,51): warning C4267: '*=': conversion from 'size_t' to 'int', possible loss of data [C:\Users\Public\jpegview-arm64-build\extras\scripts\libjxl\arm64\lib\jxl_dec-obj.vcxproj]
C:\Users\Public\jpegview-arm64-build\extras\third_party\libjxl\lib\jxl\compressed_dc.cc(283,51): warning C4267: '*=': conversion from 'size_t' to 'int', possible loss of data [C:\Users\Public\jpegview-arm64-build\extras\scripts\libjxl\arm64\lib\jxl_dec-obj.vcxproj]
C:\Users\Public\jpegview-arm64-build\extras\third_party\libjxl\lib/jxl/dec_ans.h(252,1): warning C4267: 'return': conversion from 'size_t' to 'uint32_t', possible loss of data [C:\Users\Public\jpegview-arm64-build\extras\scripts\libjxl\arm64\lib\jxl_dec-obj.vcxproj]
C:\Users\Public\jpegview-arm64-build\extras\third_party\libjxl\lib/jxl/dec_ans.h(288): message : see reference to function template instantiation 'uint32_t jxl::ANSSymbolReader::ReadHybridUintConfig<jxl::BitReader>(const jxl::HybridUintConfig &,size_t,BitReader *)' being compiled [C:\Users\Public\jpegview-arm64-build\extras\scripts\libjxl\arm64\lib\jxl_dec-obj.vcxproj]
          with
          [
              BitReader=jxl::BitReader
          ]
C:\Users\Public\jpegview-arm64-build\extras\third_party\libjxl\lib/jxl/dec_ans.h(254,1): warning C4267: 'initializing': conversion from 'size_t' to 'uint32_t', possible loss of data [C:\Users\Public\jpegview-arm64-build\extras\scripts\libjxl\arm64\lib\jxl_dec-obj.vcxproj]
C:\Users\Public\jpegview-arm64-build\extras\third_party\libjxl\lib/jxl/dec_ans.h(268,1): warning C4334: '<<': result of 32-bit shift implicitly converted to 64 bits (was 64-bit shift intended?) [C:\Users\Public\jpegview-arm64-build\extras\scripts\libjxl\arm64\lib\jxl_dec-obj.vcxproj]
C:\Users\Public\jpegview-arm64-build\extras\third_party\libjxl\lib/jxl/dec_ans.h(314,1): warning C4267: '=': conversion from 'size_t' to 'uint32_t', possible loss of data [C:\Users\Public\jpegview-arm64-build\extras\scripts\libjxl\arm64\lib\jxl_dec-obj.vcxproj]
C:\Users\Public\jpegview-arm64-build\extras\third_party\libjxl\lib/jxl/dec_ans.h(369): message : see reference to function template instantiation 'size_t jxl::ANSSymbolReader::ReadHybridUintClusteredInlined<true>(size_t,jxl::BitReader *__restrict )' being compiled [C:\Users\Public\jpegview-arm64-build\extras\scripts\libjxl\arm64\lib\jxl_dec-obj.vcxproj]
C:\Users\Public\jpegview-arm64-build\extras\third_party\libjxl\lib/jxl/dec_ans.h(394): message : see reference to function template instantiation 'size_t jxl::ANSSymbolReader::ReadHybridUintClustered<true>(size_t,jxl::BitReader *__restrict )' being compiled [C:\Users\Public\jpegview-arm64-build\extras\scripts\libjxl\arm64\lib\jxl_dec-obj.vcxproj]
C:\Users\Public\jpegview-arm64-build\extras\third_party\libjxl\lib/jxl/dec_ans.h(341,1): warning C4267: '=': conversion from 'size_t' to 'uint32_t', possible loss of data [C:\Users\Public\jpegview-arm64-build\extras\scripts\libjxl\arm64\lib\jxl_dec-obj.vcxproj]
C:\Users\Public\jpegview-arm64-build\extras\third_party\libjxl\lib/jxl/dec_ans.h(356,1): warning C4267: '=': conversion from 'size_t' to 'uint32_t', possible loss of data [C:\Users\Public\jpegview-arm64-build\extras\scripts\libjxl\arm64\lib\jxl_dec-obj.vcxproj]
C:\Users\Public\jpegview-arm64-build\extras\third_party\libjxl\lib/jxl/dec_ans.h(362,1): warning C4267: '=': conversion from 'size_t' to 'uint32_t', possible loss of data [C:\Users\Public\jpegview-arm64-build\extras\scripts\libjxl\arm64\lib\jxl_dec-obj.vcxproj]
  convolve_separable5.cc
C:\Users\Public\jpegview-arm64-build\extras\third_party\libjxl\lib/jxl/base/status.h(132,47): warning C4646: function declared with 'noreturn' has non-void return type [C:\Users\Public\jpegview-arm64-build\extras\scripts\libjxl\arm64\lib\jxl_dec-obj.vcxproj]
C:\Users\Public\jpegview-arm64-build\extras\third_party\libjxl\lib/jxl/convolve-inl.h(242,1): warning C4244: 'argument': conversion from 'const int64_t' to 'const uint32_t', possible loss of data [C:\Users\Public\jpegview-arm64-build\extras\scripts\libjxl\arm64\lib\jxl_dec-obj.vcxproj]
C:\Users\Public\jpegview-arm64-build\extras\third_party\libjxl\lib/jxl/convolve-inl.h(280): message : see reference to function template instantiation 'void jxl::N_EMU128::`anonymous-namespace'::ConvolveT<jxl::N_EMU128::Separable5Strategy>::RunInteriorRows<0,Weights>(const jxl::ImageF &,const jxl::Rect &,const int64_t,const int64_t,const Weights &,jxl::ThreadPool *,jxl::ImageF *)' being compiled [C:\Users\Public\jpegview-arm64-build\extras\scripts\libjxl\arm64\lib\jxl_dec-obj.vcxproj]
          with
          [
              Weights=jxl::WeightsSeparable5
          ]
C:\Users\Public\jpegview-arm64-build\extras\third_party\libjxl\lib/jxl/convolve-inl.h(279): message : see reference to function template instantiation 'void jxl::N_EMU128::`anonymous-namespace'::ConvolveT<jxl::N_EMU128::Separable5Strategy>::RunInteriorRows<0,Weights>(const jxl::ImageF &,const jxl::Rect &,const int64_t,const int64_t,const Weights &,jxl::ThreadPool *,jxl::ImageF *)' being compiled [C:\Users\Public\jpegview-arm64-build\extras\scripts\libjxl\arm64\lib\jxl_dec-obj.vcxproj]
          with
          [
              Weights=jxl::WeightsSeparable5
          ]
C:\Users\Public\jpegview-arm64-build\extras\third_party\libjxl\lib/jxl/convolve-inl.h(188): message : see reference to function template instantiation 'void jxl::N_EMU128::`anonymous-namespace'::ConvolveT<jxl::N_EMU128::Separable5Strategy>::RunRows<0,Image,Weights>(const Image &,const jxl::Rect &,const Weights &,jxl::ThreadPool *,Image *)' being compiled [C:\Users\Public\jpegview-arm64-build\extras\scripts\libjxl\arm64\lib\jxl_dec-obj.vcxproj]
          with
          [
              Image=jxl::ImageF,
              Weights=jxl::WeightsSeparable5
          ]
C:\Users\Public\jpegview-arm64-build\extras\third_party\libjxl\lib/jxl/convolve-inl.h(188): message : see reference to function template instantiation 'void jxl::N_EMU128::`anonymous-namespace'::ConvolveT<jxl::N_EMU128::Separable5Strategy>::RunRows<0,Image,Weights>(const Image &,const jxl::Rect &,const Weights &,jxl::ThreadPool *,Image *)' being compiled [C:\Users\Public\jpegview-arm64-build\extras\scripts\libjxl\arm64\lib\jxl_dec-obj.vcxproj]
          with
          [
              Image=jxl::ImageF,
              Weights=jxl::WeightsSeparable5
          ]
C:\Users\Public\jpegview-arm64-build\extras\third_party\libjxl\lib\jxl\convolve_separable5.cc(239): message : see reference to function template instantiation 'void jxl::N_EMU128::`anonymous-namespace'::ConvolveT<jxl::N_EMU128::Separable5Strategy>::Run<jxl::ImageF,jxl::WeightsSeparable5>(const Image &,const jxl::Rect &,const Weights &,jxl::ThreadPool *,Image *)' being compiled [C:\Users\Public\jpegview-arm64-build\extras\scripts\libjxl\arm64\lib\jxl_dec-obj.vcxproj]
          with
          [
              Image=jxl::ImageF,
              Weights=jxl::WeightsSeparable5
          ]
C:\Users\Public\jpegview-arm64-build\extras\third_party\libjxl\lib\jxl\convolve_separable5.cc(239): message : see reference to function template instantiation 'void jxl::N_EMU128::`anonymous-namespace'::ConvolveT<jxl::N_EMU128::Separable5Strategy>::Run<jxl::ImageF,jxl::WeightsSeparable5>(const Image &,const jxl::Rect &,const Weights &,jxl::ThreadPool *,Image *)' being compiled [C:\Users\Public\jpegview-arm64-build\extras\scripts\libjxl\arm64\lib\jxl_dec-obj.vcxproj]
          with
          [
              Image=jxl::ImageF,
              Weights=jxl::WeightsSeparable5
          ]
  convolve_separable7.cc
C:\Users\Public\jpegview-arm64-build\extras\third_party\libjxl\lib/jxl/base/status.h(132,47): warning C4646: function declared with 'noreturn' has non-void return type [C:\Users\Public\jpegview-arm64-build\extras\scripts\libjxl\arm64\lib\jxl_dec-obj.vcxproj]
C:\Users\Public\jpegview-arm64-build\extras\third_party\libjxl\lib/jxl/convolve-inl.h(242,1): warning C4244: 'argument': conversion from 'const int64_t' to 'const uint32_t', possible loss of data [C:\Users\Public\jpegview-arm64-build\extras\scripts\libjxl\arm64\lib\jxl_dec-obj.vcxproj]
C:\Users\Public\jpegview-arm64-build\extras\third_party\libjxl\lib/jxl/convolve-inl.h(280): message : see reference to function template instantiation 'void jxl::N_EMU128::`anonymous-namespace'::ConvolveT<jxl::N_EMU128::Separable7Strategy>::RunInteriorRows<0,Weights>(const jxl::ImageF &,const jxl::Rect &,const int64_t,const int64_t,const Weights &,jxl::ThreadPool *,jxl::ImageF *)' being compiled [C:\Users\Public\jpegview-arm64-build\extras\scripts\libjxl\arm64\lib\jxl_dec-obj.vcxproj]
          with
          [
              Weights=jxl::WeightsSeparable7
          ]
C:\Users\Public\jpegview-arm64-build\extras\third_party\libjxl\lib/jxl/convolve-inl.h(279): message : see reference to function template instantiation 'void jxl::N_EMU128::`anonymous-namespace'::ConvolveT<jxl::N_EMU128::Separable7Strategy>::RunInteriorRows<0,Weights>(const jxl::ImageF &,const jxl::Rect &,const int64_t,const int64_t,const Weights &,jxl::ThreadPool *,jxl::ImageF *)' being compiled [C:\Users\Public\jpegview-arm64-build\extras\scripts\libjxl\arm64\lib\jxl_dec-obj.vcxproj]
          with
          [
              Weights=jxl::WeightsSeparable7
          ]
C:\Users\Public\jpegview-arm64-build\extras\third_party\libjxl\lib/jxl/convolve-inl.h(188): message : see reference to function template instantiation 'void jxl::N_EMU128::`anonymous-namespace'::ConvolveT<jxl::N_EMU128::Separable7Strategy>::RunRows<0,Image,Weights>(const Image &,const jxl::Rect &,const Weights &,jxl::ThreadPool *,Image *)' being compiled [C:\Users\Public\jpegview-arm64-build\extras\scripts\libjxl\arm64\lib\jxl_dec-obj.vcxproj]
          with
          [
              Image=jxl::ImageF,
              Weights=jxl::WeightsSeparable7
          ]
C:\Users\Public\jpegview-arm64-build\extras\third_party\libjxl\lib/jxl/convolve-inl.h(188): message : see reference to function template instantiation 'void jxl::N_EMU128::`anonymous-namespace'::ConvolveT<jxl::N_EMU128::Separable7Strategy>::RunRows<0,Image,Weights>(const Image &,const jxl::Rect &,const Weights &,jxl::ThreadPool *,Image *)' being compiled [C:\Users\Public\jpegview-arm64-build\extras\scripts\libjxl\arm64\lib\jxl_dec-obj.vcxproj]
          with
          [
              Image=jxl::ImageF,
              Weights=jxl::WeightsSeparable7
          ]
C:\Users\Public\jpegview-arm64-build\extras\third_party\libjxl\lib\jxl\convolve_separable7.cc(263): message : see reference to function template instantiation 'void jxl::N_EMU128::`anonymous-namespace'::ConvolveT<jxl::N_EMU128::Separable7Strategy>::Run<jxl::ImageF,jxl::WeightsSeparable7>(const Image &,const jxl::Rect &,const Weights &,jxl::ThreadPool *,Image *)' being compiled [C:\Users\Public\jpegview-arm64-build\extras\scripts\libjxl\arm64\lib\jxl_dec-obj.vcxproj]
          with
          [
              Image=jxl::ImageF,
              Weights=jxl::WeightsSeparable7
          ]
C:\Users\Public\jpegview-arm64-build\extras\third_party\libjxl\lib\jxl\convolve_separable7.cc(263): message : see reference to function template instantiation 'void jxl::N_EMU128::`anonymous-namespace'::ConvolveT<jxl::N_EMU128::Separable7Strategy>::Run<jxl::ImageF,jxl::WeightsSeparable7>(const Image &,const jxl::Rect &,const Weights &,jxl::ThreadPool *,Image *)' being compiled [C:\Users\Public\jpegview-arm64-build\extras\scripts\libjxl\arm64\lib\jxl_dec-obj.vcxproj]
          with
          [
              Image=jxl::ImageF,
              Weights=jxl::WeightsSeparable7
          ]
  convolve_slow.cc
C:\Users\Public\jpegview-arm64-build\extras\third_party\libjxl\lib/jxl/base/status.h(132,47): warning C4646: function declared with 'noreturn' has non-void return type [C:\Users\Public\jpegview-arm64-build\extras\scripts\libjxl\arm64\lib\jxl_dec-obj.vcxproj]
C:\Users\Public\jpegview-arm64-build\extras\third_party\libjxl\lib\jxl\convolve_slow.cc(149,15): warning C4244: 'initializing': conversion from 'const int64_t' to 'int', possible loss of data [C:\Users\Public\jpegview-arm64-build\extras\scripts\libjxl\arm64\lib\jxl_dec-obj.vcxproj]
C:\Users\Public\jpegview-arm64-build\extras\third_party\libjxl\lib\jxl\convolve_slow.cc(154,17): warning C4244: 'initializing': conversion from 'const int64_t' to 'int', possible loss of data [C:\Users\Public\jpegview-arm64-build\extras\scripts\libjxl\arm64\lib\jxl_dec-obj.vcxproj]
  convolve_symmetric3.cc
C:\Users\Public\jpegview-arm64-build\extras\third_party\libjxl\lib/jxl/base/status.h(132,47): warning C4646: function declared with 'noreturn' has non-void return type [C:\Users\Public\jpegview-arm64-build\extras\scripts\libjxl\arm64\lib\jxl_dec-obj.vcxproj]
C:\Users\Public\jpegview-arm64-build\extras\third_party\libjxl\lib/jxl/convolve-inl.h(242,1): warning C4244: 'argument': conversion from 'const int64_t' to 'const uint32_t', possible loss of data [C:\Users\Public\jpegview-arm64-build\extras\scripts\libjxl\arm64\lib\jxl_dec-obj.vcxproj]
C:\Users\Public\jpegview-arm64-build\extras\third_party\libjxl\lib/jxl/convolve-inl.h(280): message : see reference to function template instantiation 'void jxl::N_EMU128::`anonymous-namespace'::ConvolveT<jxl::N_EMU128::Symmetric3Strategy>::RunInteriorRows<0,Weights>(const jxl::ImageF &,const jxl::Rect &,const int64_t,const int64_t,const Weights &,jxl::ThreadPool *,jxl::ImageF *)' being compiled [C:\Users\Public\jpegview-arm64-build\extras\scripts\libjxl\arm64\lib\jxl_dec-obj.vcxproj]
          with
          [
              Weights=jxl::WeightsSymmetric3
          ]
C:\Users\Public\jpegview-arm64-build\extras\third_party\libjxl\lib/jxl/convolve-inl.h(279): message : see reference to function template instantiation 'void jxl::N_EMU128::`anonymous-namespace'::ConvolveT<jxl::N_EMU128::Symmetric3Strategy>::RunInteriorRows<0,Weights>(const jxl::ImageF &,const jxl::Rect &,const int64_t,const int64_t,const Weights &,jxl::ThreadPool *,jxl::ImageF *)' being compiled [C:\Users\Public\jpegview-arm64-build\extras\scripts\libjxl\arm64\lib\jxl_dec-obj.vcxproj]
          with
          [
              Weights=jxl::WeightsSymmetric3
          ]
C:\Users\Public\jpegview-arm64-build\extras\third_party\libjxl\lib/jxl/convolve-inl.h(188): message : see reference to function template instantiation 'void jxl::N_EMU128::`anonymous-namespace'::ConvolveT<jxl::N_EMU128::Symmetric3Strategy>::RunRows<0,Image,Weights>(const Image &,const jxl::Rect &,const Weights &,jxl::ThreadPool *,Image *)' being compiled [C:\Users\Public\jpegview-arm64-build\extras\scripts\libjxl\arm64\lib\jxl_dec-obj.vcxproj]
          with
          [
              Image=jxl::ImageF,
              Weights=jxl::WeightsSymmetric3
          ]
C:\Users\Public\jpegview-arm64-build\extras\third_party\libjxl\lib/jxl/convolve-inl.h(188): message : see reference to function template instantiation 'void jxl::N_EMU128::`anonymous-namespace'::ConvolveT<jxl::N_EMU128::Symmetric3Strategy>::RunRows<0,Image,Weights>(const Image &,const jxl::Rect &,const Weights &,jxl::ThreadPool *,Image *)' being compiled [C:\Users\Public\jpegview-arm64-build\extras\scripts\libjxl\arm64\lib\jxl_dec-obj.vcxproj]
          with
          [
              Image=jxl::ImageF,
              Weights=jxl::WeightsSymmetric3
          ]
C:\Users\Public\jpegview-arm64-build\extras\third_party\libjxl\lib\jxl\convolve_symmetric3.cc(172): message : see reference to function template instantiation 'void jxl::N_EMU128::`anonymous-namespace'::ConvolveT<jxl::N_EMU128::Symmetric3Strategy>::Run<jxl::ImageF,jxl::WeightsSymmetric3>(const Image &,const jxl::Rect &,const Weights &,jxl::ThreadPool *,Image *)' being compiled [C:\Users\Public\jpegview-arm64-build\extras\scripts\libjxl\arm64\lib\jxl_dec-obj.vcxproj]
          with
          [
              Image=jxl::ImageF,
              Weights=jxl::WeightsSymmetric3
          ]
C:\Users\Public\jpegview-arm64-build\extras\third_party\libjxl\lib\jxl\convolve_symmetric3.cc(172): message : see reference to function template instantiation 'void jxl::N_EMU128::`anonymous-namespace'::ConvolveT<jxl::N_EMU128::Symmetric3Strategy>::Run<jxl::ImageF,jxl::WeightsSymmetric3>(const Image &,const jxl::Rect &,const Weights &,jxl::ThreadPool *,Image *)' being compiled [C:\Users\Public\jpegview-arm64-build\extras\scripts\libjxl\arm64\lib\jxl_dec-obj.vcxproj]
          with
          [
              Image=jxl::ImageF,
              Weights=jxl::WeightsSymmetric3
          ]
  convolve_symmetric5.cc
C:\Users\Public\jpegview-arm64-build\extras\third_party\libjxl\lib/jxl/base/status.h(132,47): warning C4646: function declared with 'noreturn' has non-void return type [C:\Users\Public\jpegview-arm64-build\extras\scripts\libjxl\arm64\lib\jxl_dec-obj.vcxproj]
  dct_scales.cc
C:\Users\Public\jpegview-arm64-build\extras\third_party\libjxl\lib/jxl/dct_scales.h(57,1): warning C4305: 'initializing': truncation from 'double' to 'const float' [C:\Users\Public\jpegview-arm64-build\extras\scripts\libjxl\arm64\lib\jxl_dec-obj.vcxproj]
C:\Users\Public\jpegview-arm64-build\extras\third_party\libjxl\lib/jxl/dct_scales.h(67,1): warning C4305: 'initializing': truncation from 'double' to 'const float' [C:\Users\Public\jpegview-arm64-build\extras\scripts\libjxl\arm64\lib\jxl_dec-obj.vcxproj]
C:\Users\Public\jpegview-arm64-build\extras\third_party\libjxl\lib/jxl/dct_scales.h(76,1): warning C4305: 'initializing': truncation from 'double' to 'const float' [C:\Users\Public\jpegview-arm64-build\extras\scripts\libjxl\arm64\lib\jxl_dec-obj.vcxproj]
C:\Users\Public\jpegview-arm64-build\extras\third_party\libjxl\lib/jxl/dct_scales.h(98,1): warning C4305: 'initializing': truncation from 'double' to 'const float' [C:\Users\Public\jpegview-arm64-build\extras\scripts\libjxl\arm64\lib\jxl_dec-obj.vcxproj]
C:\Users\Public\jpegview-arm64-build\extras\third_party\libjxl\lib/jxl/dct_scales.h(136,1): warning C4305: 'initializing': truncation from 'double' to 'const float' [C:\Users\Public\jpegview-arm64-build\extras\scripts\libjxl\arm64\lib\jxl_dec-obj.vcxproj]
C:\Users\Public\jpegview-arm64-build\extras\third_party\libjxl\lib/jxl/dct_scales.h(152,1): warning C4305: 'initializing': truncation from 'double' to 'const float' [C:\Users\Public\jpegview-arm64-build\extras\scripts\libjxl\arm64\lib\jxl_dec-obj.vcxproj]
C:\Users\Public\jpegview-arm64-build\extras\third_party\libjxl\lib/jxl/dct_scales.h(162,1): warning C4305: 'initializing': truncation from 'double' to 'const float' [C:\Users\Public\jpegview-arm64-build\extras\scripts\libjxl\arm64\lib\jxl_dec-obj.vcxproj]
C:\Users\Public\jpegview-arm64-build\extras\third_party\libjxl\lib/jxl/dct_scales.h(171,1): warning C4305: 'initializing': truncation from 'double' to 'const float' [C:\Users\Public\jpegview-arm64-build\extras\scripts\libjxl\arm64\lib\jxl_dec-obj.vcxproj]
C:\Users\Public\jpegview-arm64-build\extras\third_party\libjxl\lib/jxl/dct_scales.h(193,1): warning C4305: 'initializing': truncation from 'double' to 'const float' [C:\Users\Public\jpegview-arm64-build\extras\scripts\libjxl\arm64\lib\jxl_dec-obj.vcxproj]
C:\Users\Public\jpegview-arm64-build\extras\third_party\libjxl\lib/jxl/dct_scales.h(231,1): warning C4305: 'initializing': truncation from 'double' to 'const float' [C:\Users\Public\jpegview-arm64-build\extras\scripts\libjxl\arm64\lib\jxl_dec-obj.vcxproj]
C:\Users\Public\jpegview-arm64-build\extras\third_party\libjxl\lib/jxl/dct_scales.h(245,1): warning C4305: 'initializing': truncation from 'double' to 'const float' [C:\Users\Public\jpegview-arm64-build\extras\scripts\libjxl\arm64\lib\jxl_dec-obj.vcxproj]
C:\Users\Public\jpegview-arm64-build\extras\third_party\libjxl\lib/jxl/dct_scales.h(255,1): warning C4305: 'initializing': truncation from 'double' to 'const float' [C:\Users\Public\jpegview-arm64-build\extras\scripts\libjxl\arm64\lib\jxl_dec-obj.vcxproj]
C:\Users\Public\jpegview-arm64-build\extras\third_party\libjxl\lib/jxl/dct_scales.h(264,1): warning C4305: 'initializing': truncation from 'double' to 'const float' [C:\Users\Public\jpegview-arm64-build\extras\scripts\libjxl\arm64\lib\jxl_dec-obj.vcxproj]
C:\Users\Public\jpegview-arm64-build\extras\third_party\libjxl\lib/jxl/dct_scales.h(276,1): warning C4305: 'initializing': truncation from 'double' to 'const float' [C:\Users\Public\jpegview-arm64-build\extras\scripts\libjxl\arm64\lib\jxl_dec-obj.vcxproj]
C:\Users\Public\jpegview-arm64-build\extras\third_party\libjxl\lib/jxl/dct_scales.h(292,1): warning C4305: 'initializing': truncation from 'double' to 'const float' [C:\Users\Public\jpegview-arm64-build\extras\scripts\libjxl\arm64\lib\jxl_dec-obj.vcxproj]
C:\Users\Public\jpegview-arm64-build\extras\third_party\libjxl\lib/jxl/dct_scales.h(319,1): warning C4305: 'initializing': truncation from 'double' to 'const float' [C:\Users\Public\jpegview-arm64-build\extras\scripts\libjxl\arm64\lib\jxl_dec-obj.vcxproj]
C:\Users\Public\jpegview-arm64-build\extras\third_party\libjxl\lib/jxl/dct_scales.h(368,1): warning C4305: 'initializing': truncation from 'double' to 'const float' [C:\Users\Public\jpegview-arm64-build\extras\scripts\libjxl\arm64\lib\jxl_dec-obj.vcxproj]
  dec_ans.cc
C:\Users\Public\jpegview-arm64-build\extras\third_party\libjxl\lib/jxl/base/status.h(132,47): warning C4646: function declared with 'noreturn' has non-void return type [C:\Users\Public\jpegview-arm64-build\extras\scripts\libjxl\arm64\lib\jxl_dec-obj.vcxproj]
C:\Users\Public\jpegview-arm64-build\extras\third_party\libjxl\lib/jxl/dec_ans.h(78,1): warning C4267: 'initializing': conversion from 'size_t' to 'uint32_t', possible loss of data [C:\Users\Public\jpegview-arm64-build\extras\scripts\libjxl\arm64\lib\jxl_dec-obj.vcxproj]
C:\Users\Public\jpegview-arm64-build\extras\third_party\libjxl\lib/jxl/dec_ans.h(175,1): warning C4267: '=': conversion from 'size_t' to 'uint32_t', possible loss of data [C:\Users\Public\jpegview-arm64-build\extras\scripts\libjxl\arm64\lib\jxl_dec-obj.vcxproj]
C:\Users\Public\jpegview-arm64-build\extras\third_party\libjxl\lib/jxl/dec_ans.h(197,1): warning C4267: '=': conversion from 'size_t' to 'uint32_t', possible loss of data [C:\Users\Public\jpegview-arm64-build\extras\scripts\libjxl\arm64\lib\jxl_dec-obj.vcxproj]
C:\Users\Public\jpegview-arm64-build\extras\third_party\libjxl\lib/jxl/dec_ans.h(411,1): warning C4267: '=': conversion from 'size_t' to 'uint32_t', possible loss of data [C:\Users\Public\jpegview-arm64-build\extras\scripts\libjxl\arm64\lib\jxl_dec-obj.vcxproj]
C:\Users\Public\jpegview-arm64-build\extras\third_party\libjxl\lib/jxl/dec_ans.h(414,1): warning C4267: '=': conversion from 'size_t' to 'uint32_t', possible loss of data [C:\Users\Public\jpegview-arm64-build\extras\scripts\libjxl\arm64\lib\jxl_dec-obj.vcxproj]
C:\Users\Public\jpegview-arm64-build\extras\third_party\libjxl\lib\jxl\dec_ans.cc(52,19): warning C4244: 'initializing': conversion from 'uint64_t' to 'int', possible loss of data [C:\Users\Public\jpegview-arm64-build\extras\scripts\libjxl\arm64\lib\jxl_dec-obj.vcxproj]
C:\Users\Public\jpegview-arm64-build\extras\third_party\libjxl\lib\jxl\dec_ans.cc(57,48): warning C4244: 'initializing': conversion from 'uint64_t' to 'int', possible loss of data [C:\Users\Public\jpegview-arm64-build\extras\scripts\libjxl\arm64\lib\jxl_dec-obj.vcxproj]
C:\Users\Public\jpegview-arm64-build\extras\third_party\libjxl\lib\jxl\dec_ans.cc(57,27): warning C4244: 'initializing': conversion from 'uint64_t' to 'const int', possible loss of data [C:\Users\Public\jpegview-arm64-build\extras\scripts\libjxl\arm64\lib\jxl_dec-obj.vcxproj]
C:\Users\Public\jpegview-arm64-build\extras\third_party\libjxl\lib\jxl\dec_ans.cc(69,46): warning C4244: '=': conversion from 'uint64_t' to '_Ty', possible loss of data [C:\Users\Public\jpegview-arm64-build\extras\scripts\libjxl\arm64\lib\jxl_dec-obj.vcxproj]
          with
          [
              _Ty=int32_t
          ]
C:\Users\Public\jpegview-arm64-build\extras\third_party\libjxl\lib\jxl\dec_ans.cc(73,17): warning C4244: 'initializing': conversion from 'uint64_t' to 'int', possible loss of data [C:\Users\Public\jpegview-arm64-build\extras\scripts\libjxl\arm64\lib\jxl_dec-obj.vcxproj]
C:\Users\Public\jpegview-arm64-build\extras\third_party\libjxl\lib\jxl\dec_ans.cc(83,67): warning C4267: 'initializing': conversion from 'size_t' to 'int', possible loss of data [C:\Users\Public\jpegview-arm64-build\extras\scripts\libjxl\arm64\lib\jxl_dec-obj.vcxproj]
C:\Users\Public\jpegview-arm64-build\extras\third_party\libjxl\lib\jxl\dec_ans.cc(88,49): warning C4334: '<<': result of 32-bit shift implicitly converted to 64 bits (was 64-bit shift intended?) [C:\Users\Public\jpegview-arm64-build\extras\scripts\libjxl\arm64\lib\jxl_dec-obj.vcxproj]
C:\Users\Public\jpegview-arm64-build\extras\third_party\libjxl\lib\jxl\dec_ans.cc(88,51): warning C4244: '=': conversion from 'uint64_t' to 'uint32_t', possible loss of data [C:\Users\Public\jpegview-arm64-build\extras\scripts\libjxl\arm64\lib\jxl_dec-obj.vcxproj]
C:\Users\Public\jpegview-arm64-build\extras\third_party\libjxl\lib\jxl\dec_ans.cc(124,15): warning C4244: 'initializing': conversion from 'uint64_t' to 'int', possible loss of data [C:\Users\Public\jpegview-arm64-build\extras\scripts\libjxl\arm64\lib\jxl_dec-obj.vcxproj]
C:\Users\Public\jpegview-arm64-build\extras\third_party\libjxl\lib\jxl\dec_ans.cc(136,21): warning C4267: '=': conversion from 'size_t' to 'int', possible loss of data [C:\Users\Public\jpegview-arm64-build\extras\scripts\libjxl\arm64\lib\jxl_dec-obj.vcxproj]
C:\Users\Public\jpegview-arm64-build\extras\third_party\libjxl\lib\jxl\dec_ans.cc(169,78): warning C4334: '<<': result of 32-bit shift implicitly converted to 64 bits (was 64-bit shift intended?) [C:\Users\Public\jpegview-arm64-build\extras\scripts\libjxl\arm64\lib\jxl_dec-obj.vcxproj]
C:\Users\Public\jpegview-arm64-build\extras\third_party\libjxl\lib\jxl\dec_ans.cc(168,44): warning C4244: '=': conversion from 'uint64_t' to '_Ty', possible loss of data [C:\Users\Public\jpegview-arm64-build\extras\scripts\libjxl\arm64\lib\jxl_dec-obj.vcxproj]
          with
          [
              _Ty=int32_t
          ]
C:\Users\Public\jpegview-arm64-build\extras\third_party\libjxl\lib\jxl\dec_ans.cc(225,70): warning C4334: '<<': result of 32-bit shift implicitly converted to 64 bits (was 64-bit shift intended?) [C:\Users\Public\jpegview-arm64-build\extras\scripts\libjxl\arm64\lib\jxl_dec-obj.vcxproj]
C:\Users\Public\jpegview-arm64-build\extras\third_party\libjxl\lib\jxl\dec_ans.cc(246,71): warning C4267: 'initializing': conversion from 'size_t' to 'int', possible loss of data [C:\Users\Public\jpegview-arm64-build\extras\scripts\libjxl\arm64\lib\jxl_dec-obj.vcxproj]
C:\Users\Public\jpegview-arm64-build\extras\third_party\libjxl\lib\jxl\dec_ans.cc(255,70): warning C4334: '<<': result of 32-bit shift implicitly converted to 64 bits (was 64-bit shift intended?) [C:\Users\Public\jpegview-arm64-build\extras\scripts\libjxl\arm64\lib\jxl_dec-obj.vcxproj]
C:\Users\Public\jpegview-arm64-build\extras\third_party\libjxl\lib\jxl\dec_ans.cc(280,77): warning C4267: 'argument': conversion from 'size_t' to 'uint32_t', possible loss of data [C:\Users\Public\jpegview-arm64-build\extras\scripts\libjxl\arm64\lib\jxl_dec-obj.vcxproj]
C:\Users\Public\jpegview-arm64-build\extras\third_party\libjxl\lib\jxl\dec_ans.cc(324,64): warning C4267: 'initializing': conversion from 'size_t' to 'uint32_t', possible loss of data [C:\Users\Public\jpegview-arm64-build\extras\scripts\libjxl\arm64\lib\jxl_dec-obj.vcxproj]
C:\Users\Public\jpegview-arm64-build\extras\third_party\libjxl\lib\jxl\dec_ans.cc(350,51): warning C4244: '=': conversion from 'uint64_t' to 'uint8_t', possible loss of data [C:\Users\Public\jpegview-arm64-build\extras\scripts\libjxl\arm64\lib\jxl_dec-obj.vcxproj]
C:\Users\Public\jpegview-arm64-build\extras\third_party\libjxl\lib\jxl\dec_ans.cc(355,61): warning C4334: '<<': result of 32-bit shift implicitly converted to 64 bits (was 64-bit shift intended?) [C:\Users\Public\jpegview-arm64-build\extras\scripts\libjxl\arm64\lib\jxl_dec-obj.vcxproj]
C:\Users\Public\jpegview-arm64-build\extras\third_party\libjxl\lib/jxl/dec_ans.h(252,1): warning C4267: 'return': conversion from 'size_t' to 'uint32_t', possible loss of data [C:\Users\Public\jpegview-arm64-build\extras\scripts\libjxl\arm64\lib\jxl_dec-obj.vcxproj]
C:\Users\Public\jpegview-arm64-build\extras\third_party\libjxl\lib/jxl/dec_ans.h(288): message : see reference to function template instantiation 'uint32_t jxl::ANSSymbolReader::ReadHybridUintConfig<jxl::BitReader>(const jxl::HybridUintConfig &,size_t,BitReader *)' being compiled [C:\Users\Public\jpegview-arm64-build\extras\scripts\libjxl\arm64\lib\jxl_dec-obj.vcxproj]
          with
          [
              BitReader=jxl::BitReader
          ]
C:\Users\Public\jpegview-arm64-build\extras\third_party\libjxl\lib/jxl/dec_ans.h(254,1): warning C4267: 'initializing': conversion from 'size_t' to 'uint32_t', possible loss of data [C:\Users\Public\jpegview-arm64-build\extras\scripts\libjxl\arm64\lib\jxl_dec-obj.vcxproj]
C:\Users\Public\jpegview-arm64-build\extras\third_party\libjxl\lib/jxl/dec_ans.h(268,1): warning C4334: '<<': result of 32-bit shift implicitly converted to 64 bits (was 64-bit shift intended?) [C:\Users\Public\jpegview-arm64-build\extras\scripts\libjxl\arm64\lib\jxl_dec-obj.vcxproj]
C:\Users\Public\jpegview-arm64-build\extras\third_party\libjxl\lib/jxl/dec_ans.h(314,1): warning C4267: '=': conversion from 'size_t' to 'uint32_t', possible loss of data [C:\Users\Public\jpegview-arm64-build\extras\scripts\libjxl\arm64\lib\jxl_dec-obj.vcxproj]
C:\Users\Public\jpegview-arm64-build\extras\third_party\libjxl\lib/jxl/dec_ans.h(369): message : see reference to function template instantiation 'size_t jxl::ANSSymbolReader::ReadHybridUintClusteredInlined<true>(size_t,jxl::BitReader *__restrict )' being compiled [C:\Users\Public\jpegview-arm64-build\extras\scripts\libjxl\arm64\lib\jxl_dec-obj.vcxproj]
C:\Users\Public\jpegview-arm64-build\extras\third_party\libjxl\lib/jxl/dec_ans.h(394): message : see reference to function template instantiation 'size_t jxl::ANSSymbolReader::ReadHybridUintClustered<true>(size_t,jxl::BitReader *__restrict )' being compiled [C:\Users\Public\jpegview-arm64-build\extras\scripts\libjxl\arm64\lib\jxl_dec-obj.vcxproj]
C:\Users\Public\jpegview-arm64-build\extras\third_party\libjxl\lib/jxl/dec_ans.h(341,1): warning C4267: '=': conversion from 'size_t' to 'uint32_t', possible loss of data [C:\Users\Public\jpegview-arm64-build\extras\scripts\libjxl\arm64\lib\jxl_dec-obj.vcxproj]
C:\Users\Public\jpegview-arm64-build\extras\third_party\libjxl\lib/jxl/dec_ans.h(356,1): warning C4267: '=': conversion from 'size_t' to 'uint32_t', possible loss of data [C:\Users\Public\jpegview-arm64-build\extras\scripts\libjxl\arm64\lib\jxl_dec-obj.vcxproj]
C:\Users\Public\jpegview-arm64-build\extras\third_party\libjxl\lib/jxl/dec_ans.h(362,1): warning C4267: '=': conversion from 'size_t' to 'uint32_t', possible loss of data [C:\Users\Public\jpegview-arm64-build\extras\scripts\libjxl\arm64\lib\jxl_dec-obj.vcxproj]
  dec_cache.cc
C:\Users\Public\jpegview-arm64-build\extras\third_party\libjxl\lib/jxl/base/status.h(132,47): warning C4646: function declared with 'noreturn' has non-void return type [C:\Users\Public\jpegview-arm64-build\extras\scripts\libjxl\arm64\lib\jxl_dec-obj.vcxproj]
C:\Users\Public\jpegview-arm64-build\extras\third_party\libjxl\lib/jxl/ac_context.h(112,1): warning C4267: 'return': conversion from 'size_t' to 'uint32_t', possible loss of data [C:\Users\Public\jpegview-arm64-build\extras\scripts\libjxl\arm64\lib\jxl_dec-obj.vcxproj]
C:\Users\Public\jpegview-arm64-build\extras\third_party\libjxl\lib/jxl/ac_context.h(124,1): warning C4267: 'return': conversion from 'size_t' to 'uint32_t', possible loss of data [C:\Users\Public\jpegview-arm64-build\extras\scripts\libjxl\arm64\lib\jxl_dec-obj.vcxproj]
C:\Users\Public\jpegview-arm64-build\extras\third_party\libjxl\lib/jxl/ac_context.h(137,1): warning C4267: 'return': conversion from 'size_t' to 'uint32_t', possible loss of data [C:\Users\Public\jpegview-arm64-build\extras\scripts\libjxl\arm64\lib\jxl_dec-obj.vcxproj]
C:\Users\Public\jpegview-arm64-build\extras\third_party\libjxl\lib/jxl/chroma_from_luma.h(120,41): warning C4244: 'return': conversion from 'const uint32_t' to 'float', possible loss of data [C:\Users\Public\jpegview-arm64-build\extras\scripts\libjxl\arm64\lib\jxl_dec-obj.vcxproj]
C:\Users\Public\jpegview-arm64-build\extras\third_party\libjxl\lib/jxl/frame_header.h(105,1): warning C4267: '=': conversion from 'size_t' to 'uint32_t', possible loss of data [C:\Users\Public\jpegview-arm64-build\extras\scripts\libjxl\arm64\lib\jxl_dec-obj.vcxproj]
C:\Users\Public\jpegview-arm64-build\extras\third_party\libjxl\lib/jxl/quantizer.h(86,41): warning C4244: '=': conversion from 'double' to 'float', possible loss of data [C:\Users\Public\jpegview-arm64-build\extras\scripts\libjxl\arm64\lib\jxl_dec-obj.vcxproj]
C:\Users\Public\jpegview-arm64-build\extras\third_party\libjxl\lib/jxl/quantizer.h(87,49): warning C4244: '=': conversion from 'double' to 'float', possible loss of data [C:\Users\Public\jpegview-arm64-build\extras\scripts\libjxl\arm64\lib\jxl_dec-obj.vcxproj]
C:\Users\Public\jpegview-arm64-build\extras\third_party\libjxl\lib/jxl/dec_ans.h(78,1): warning C4267: 'initializing': conversion from 'size_t' to 'uint32_t', possible loss of data [C:\Users\Public\jpegview-arm64-build\extras\scripts\libjxl\arm64\lib\jxl_dec-obj.vcxproj]
C:\Users\Public\jpegview-arm64-build\extras\third_party\libjxl\lib/jxl/dec_ans.h(175,1): warning C4267: '=': conversion from 'size_t' to 'uint32_t', possible loss of data [C:\Users\Public\jpegview-arm64-build\extras\scripts\libjxl\arm64\lib\jxl_dec-obj.vcxproj]
C:\Users\Public\jpegview-arm64-build\extras\third_party\libjxl\lib/jxl/dec_ans.h(197,1): warning C4267: '=': conversion from 'size_t' to 'uint32_t', possible loss of data [C:\Users\Public\jpegview-arm64-build\extras\scripts\libjxl\arm64\lib\jxl_dec-obj.vcxproj]
C:\Users\Public\jpegview-arm64-build\extras\third_party\libjxl\lib/jxl/dec_ans.h(411,1): warning C4267: '=': conversion from 'size_t' to 'uint32_t', possible loss of data [C:\Users\Public\jpegview-arm64-build\extras\scripts\libjxl\arm64\lib\jxl_dec-obj.vcxproj]
C:\Users\Public\jpegview-arm64-build\extras\third_party\libjxl\lib/jxl/dec_ans.h(414,1): warning C4267: '=': conversion from 'size_t' to 'uint32_t', possible loss of data [C:\Users\Public\jpegview-arm64-build\extras\scripts\libjxl\arm64\lib\jxl_dec-obj.vcxproj]
C:\Users\Public\jpegview-arm64-build\extras\third_party\libjxl\lib/jxl/dec_cache.h(203,1): warning C4334: '<<': result of 32-bit shift implicitly converted to 64 bits (was 64-bit shift intended?) [C:\Users\Public\jpegview-arm64-build\extras\scripts\libjxl\arm64\lib\jxl_dec-obj.vcxproj]
C:\Users\Public\jpegview-arm64-build\extras\third_party\libjxl\lib/jxl/dec_ans.h(252,1): warning C4267: 'return': conversion from 'size_t' to 'uint32_t', possible loss of data [C:\Users\Public\jpegview-arm64-build\extras\scripts\libjxl\arm64\lib\jxl_dec-obj.vcxproj]
C:\Users\Public\jpegview-arm64-build\extras\third_party\libjxl\lib/jxl/dec_ans.h(288): message : see reference to function template instantiation 'uint32_t jxl::ANSSymbolReader::ReadHybridUintConfig<jxl::BitReader>(const jxl::HybridUintConfig &,size_t,BitReader *)' being compiled [C:\Users\Public\jpegview-arm64-build\extras\scripts\libjxl\arm64\lib\jxl_dec-obj.vcxproj]
          with
          [
              BitReader=jxl::BitReader
          ]
C:\Users\Public\jpegview-arm64-build\extras\third_party\libjxl\lib/jxl/dec_ans.h(254,1): warning C4267: 'initializing': conversion from 'size_t' to 'uint32_t', possible loss of data [C:\Users\Public\jpegview-arm64-build\extras\scripts\libjxl\arm64\lib\jxl_dec-obj.vcxproj]
C:\Users\Public\jpegview-arm64-build\extras\third_party\libjxl\lib/jxl/dec_ans.h(268,1): warning C4334: '<<': result of 32-bit shift implicitly converted to 64 bits (was 64-bit shift intended?) [C:\Users\Public\jpegview-arm64-build\extras\scripts\libjxl\arm64\lib\jxl_dec-obj.vcxproj]
C:\Users\Public\jpegview-arm64-build\extras\third_party\libjxl\lib/jxl/dec_ans.h(314,1): warning C4267: '=': conversion from 'size_t' to 'uint32_t', possible loss of data [C:\Users\Public\jpegview-arm64-build\extras\scripts\libjxl\arm64\lib\jxl_dec-obj.vcxproj]
C:\Users\Public\jpegview-arm64-build\extras\third_party\libjxl\lib/jxl/dec_ans.h(369): message : see reference to function template instantiation 'size_t jxl::ANSSymbolReader::ReadHybridUintClusteredInlined<true>(size_t,jxl::BitReader *__restrict )' being compiled [C:\Users\Public\jpegview-arm64-build\extras\scripts\libjxl\arm64\lib\jxl_dec-obj.vcxproj]
C:\Users\Public\jpegview-arm64-build\extras\third_party\libjxl\lib/jxl/dec_ans.h(394): message : see reference to function template instantiation 'size_t jxl::ANSSymbolReader::ReadHybridUintClustered<true>(size_t,jxl::BitReader *__restrict )' being compiled [C:\Users\Public\jpegview-arm64-build\extras\scripts\libjxl\arm64\lib\jxl_dec-obj.vcxproj]
C:\Users\Public\jpegview-arm64-build\extras\third_party\libjxl\lib/jxl/dec_ans.h(341,1): warning C4267: '=': conversion from 'size_t' to 'uint32_t', possible loss of data [C:\Users\Public\jpegview-arm64-build\extras\scripts\libjxl\arm64\lib\jxl_dec-obj.vcxproj]
C:\Users\Public\jpegview-arm64-build\extras\third_party\libjxl\lib/jxl/dec_ans.h(356,1): warning C4267: '=': conversion from 'size_t' to 'uint32_t', possible loss of data [C:\Users\Public\jpegview-arm64-build\extras\scripts\libjxl\arm64\lib\jxl_dec-obj.vcxproj]
C:\Users\Public\jpegview-arm64-build\extras\third_party\libjxl\lib/jxl/dec_ans.h(362,1): warning C4267: '=': conversion from 'size_t' to 'uint32_t', possible loss of data [C:\Users\Public\jpegview-arm64-build\extras\scripts\libjxl\arm64\lib\jxl_dec-obj.vcxproj]
  dec_context_map.cc
C:\Users\Public\jpegview-arm64-build\extras\third_party\libjxl\lib/jxl/base/status.h(132,47): warning C4646: function declared with 'noreturn' has non-void return type [C:\Users\Public\jpegview-arm64-build\extras\scripts\libjxl\arm64\lib\jxl_dec-obj.vcxproj]
C:\Users\Public\jpegview-arm64-build\extras\third_party\libjxl\lib/jxl/dec_ans.h(78,1): warning C4267: 'initializing': conversion from 'size_t' to 'uint32_t', possible loss of data [C:\Users\Public\jpegview-arm64-build\extras\scripts\libjxl\arm64\lib\jxl_dec-obj.vcxproj]
C:\Users\Public\jpegview-arm64-build\extras\third_party\libjxl\lib/jxl/dec_ans.h(175,1): warning C4267: '=': conversion from 'size_t' to 'uint32_t', possible loss of data [C:\Users\Public\jpegview-arm64-build\extras\scripts\libjxl\arm64\lib\jxl_dec-obj.vcxproj]
C:\Users\Public\jpegview-arm64-build\extras\third_party\libjxl\lib/jxl/dec_ans.h(197,1): warning C4267: '=': conversion from 'size_t' to 'uint32_t', possible loss of data [C:\Users\Public\jpegview-arm64-build\extras\scripts\libjxl\arm64\lib\jxl_dec-obj.vcxproj]
C:\Users\Public\jpegview-arm64-build\extras\third_party\libjxl\lib/jxl/dec_ans.h(411,1): warning C4267: '=': conversion from 'size_t' to 'uint32_t', possible loss of data [C:\Users\Public\jpegview-arm64-build\extras\scripts\libjxl\arm64\lib\jxl_dec-obj.vcxproj]
C:\Users\Public\jpegview-arm64-build\extras\third_party\libjxl\lib/jxl/dec_ans.h(414,1): warning C4267: '=': conversion from 'size_t' to 'uint32_t', possible loss of data [C:\Users\Public\jpegview-arm64-build\extras\scripts\libjxl\arm64\lib\jxl_dec-obj.vcxproj]
C:\Users\Public\jpegview-arm64-build\extras\third_party\libjxl\lib/jxl/ac_context.h(112,1): warning C4267: 'return': conversion from 'size_t' to 'uint32_t', possible loss of data [C:\Users\Public\jpegview-arm64-build\extras\scripts\libjxl\arm64\lib\jxl_dec-obj.vcxproj]
C:\Users\Public\jpegview-arm64-build\extras\third_party\libjxl\lib/jxl/ac_context.h(124,1): warning C4267: 'return': conversion from 'size_t' to 'uint32_t', possible loss of data [C:\Users\Public\jpegview-arm64-build\extras\scripts\libjxl\arm64\lib\jxl_dec-obj.vcxproj]
C:\Users\Public\jpegview-arm64-build\extras\third_party\libjxl\lib/jxl/ac_context.h(137,1): warning C4267: 'return': conversion from 'size_t' to 'uint32_t', possible loss of data [C:\Users\Public\jpegview-arm64-build\extras\scripts\libjxl\arm64\lib\jxl_dec-obj.vcxproj]
C:\Users\Public\jpegview-arm64-build\extras\third_party\libjxl\lib/jxl/inverse_mtf-inl.h(45,20): warning C4267: '-=': conversion from 'size_t' to 'uint8_t', possible loss of data [C:\Users\Public\jpegview-arm64-build\extras\scripts\libjxl\arm64\lib\jxl_dec-obj.vcxproj]
C:\Users\Public\jpegview-arm64-build\extras\third_party\libjxl\lib\jxl\dec_context_map.cc(46,24): warning C4244: 'initializing': conversion from 'uint64_t' to 'int', possible loss of data [C:\Users\Public\jpegview-arm64-build\extras\scripts\libjxl\arm64\lib\jxl_dec-obj.vcxproj]
C:\Users\Public\jpegview-arm64-build\extras\third_party\libjxl\lib\jxl\dec_context_map.cc(49,44): warning C4244: '=': conversion from 'uint64_t' to '_Ty', possible loss of data [C:\Users\Public\jpegview-arm64-build\extras\scripts\libjxl\arm64\lib\jxl_dec-obj.vcxproj]
          with
          [
              _Ty=uint8_t
          ]
C:\Users\Public\jpegview-arm64-build\extras\third_party\libjxl\lib\jxl\dec_context_map.cc(70,35): warning C4267: 'initializing': conversion from 'size_t' to 'uint32_t', possible loss of data [C:\Users\Public\jpegview-arm64-build\extras\scripts\libjxl\arm64\lib\jxl_dec-obj.vcxproj]
C:\Users\Public\jpegview-arm64-build\extras\third_party\libjxl\lib\jxl\dec_context_map.cc(82,75): warning C4267: 'argument': conversion from 'size_t' to 'int', possible loss of data [C:\Users\Public\jpegview-arm64-build\extras\scripts\libjxl\arm64\lib\jxl_dec-obj.vcxproj]
C:\Users\Public\jpegview-arm64-build\extras\third_party\libjxl\lib/jxl/dec_ans.h(252,1): warning C4267: 'return': conversion from 'size_t' to 'uint32_t', possible loss of data [C:\Users\Public\jpegview-arm64-build\extras\scripts\libjxl\arm64\lib\jxl_dec-obj.vcxproj]
C:\Users\Public\jpegview-arm64-build\extras\third_party\libjxl\lib/jxl/dec_ans.h(288): message : see reference to function template instantiation 'uint32_t jxl::ANSSymbolReader::ReadHybridUintConfig<jxl::BitReader>(const jxl::HybridUintConfig &,size_t,BitReader *)' being compiled [C:\Users\Public\jpegview-arm64-build\extras\scripts\libjxl\arm64\lib\jxl_dec-obj.vcxproj]
          with
          [
              BitReader=jxl::BitReader
          ]
C:\Users\Public\jpegview-arm64-build\extras\third_party\libjxl\lib/jxl/dec_ans.h(254,1): warning C4267: 'initializing': conversion from 'size_t' to 'uint32_t', possible loss of data [C:\Users\Public\jpegview-arm64-build\extras\scripts\libjxl\arm64\lib\jxl_dec-obj.vcxproj]
C:\Users\Public\jpegview-arm64-build\extras\third_party\libjxl\lib/jxl/dec_ans.h(268,1): warning C4334: '<<': result of 32-bit shift implicitly converted to 64 bits (was 64-bit shift intended?) [C:\Users\Public\jpegview-arm64-build\extras\scripts\libjxl\arm64\lib\jxl_dec-obj.vcxproj]
C:\Users\Public\jpegview-arm64-build\extras\third_party\libjxl\lib/jxl/dec_ans.h(314,1): warning C4267: '=': conversion from 'size_t' to 'uint32_t', possible loss of data [C:\Users\Public\jpegview-arm64-build\extras\scripts\libjxl\arm64\lib\jxl_dec-obj.vcxproj]
C:\Users\Public\jpegview-arm64-build\extras\third_party\libjxl\lib/jxl/dec_ans.h(369): message : see reference to function template instantiation 'size_t jxl::ANSSymbolReader::ReadHybridUintClusteredInlined<true>(size_t,jxl::BitReader *__restrict )' being compiled [C:\Users\Public\jpegview-arm64-build\extras\scripts\libjxl\arm64\lib\jxl_dec-obj.vcxproj]
C:\Users\Public\jpegview-arm64-build\extras\third_party\libjxl\lib/jxl/dec_ans.h(394): message : see reference to function template instantiation 'size_t jxl::ANSSymbolReader::ReadHybridUintClustered<true>(size_t,jxl::BitReader *__restrict )' being compiled [C:\Users\Public\jpegview-arm64-build\extras\scripts\libjxl\arm64\lib\jxl_dec-obj.vcxproj]
C:\Users\Public\jpegview-arm64-build\extras\third_party\libjxl\lib/jxl/dec_ans.h(341,1): warning C4267: '=': conversion from 'size_t' to 'uint32_t', possible loss of data [C:\Users\Public\jpegview-arm64-build\extras\scripts\libjxl\arm64\lib\jxl_dec-obj.vcxproj]
C:\Users\Public\jpegview-arm64-build\extras\third_party\libjxl\lib/jxl/dec_ans.h(356,1): warning C4267: '=': conversion from 'size_t' to 'uint32_t', possible loss of data [C:\Users\Public\jpegview-arm64-build\extras\scripts\libjxl\arm64\lib\jxl_dec-obj.vcxproj]
C:\Users\Public\jpegview-arm64-build\extras\third_party\libjxl\lib/jxl/dec_ans.h(362,1): warning C4267: '=': conversion from 'size_t' to 'uint32_t', possible loss of data [C:\Users\Public\jpegview-arm64-build\extras\scripts\libjxl\arm64\lib\jxl_dec-obj.vcxproj]
  dec_external_image.cc
C:\Users\Public\jpegview-arm64-build\extras\third_party\libjxl\lib/jxl/base/status.h(132,47): warning C4646: function declared with 'noreturn' has non-void return type [C:\Users\Public\jpegview-arm64-build\extras\scripts\libjxl\arm64\lib\jxl_dec-obj.vcxproj]
C:\Users\Public\jpegview-arm64-build\extras\third_party\libjxl\lib/jxl/ac_context.h(112,1): warning C4267: 'return': conversion from 'size_t' to 'uint32_t', possible loss of data [C:\Users\Public\jpegview-arm64-build\extras\scripts\libjxl\arm64\lib\jxl_dec-obj.vcxproj]
C:\Users\Public\jpegview-arm64-build\extras\third_party\libjxl\lib/jxl/ac_context.h(124,1): warning C4267: 'return': conversion from 'size_t' to 'uint32_t', possible loss of data [C:\Users\Public\jpegview-arm64-build\extras\scripts\libjxl\arm64\lib\jxl_dec-obj.vcxproj]
C:\Users\Public\jpegview-arm64-build\extras\third_party\libjxl\lib/jxl/ac_context.h(137,1): warning C4267: 'return': conversion from 'size_t' to 'uint32_t', possible loss of data [C:\Users\Public\jpegview-arm64-build\extras\scripts\libjxl\arm64\lib\jxl_dec-obj.vcxproj]
C:\Users\Public\jpegview-arm64-build\extras\third_party\libjxl\lib/jxl/chroma_from_luma.h(120,41): warning C4244: 'return': conversion from 'const uint32_t' to 'float', possible loss of data [C:\Users\Public\jpegview-arm64-build\extras\scripts\libjxl\arm64\lib\jxl_dec-obj.vcxproj]
C:\Users\Public\jpegview-arm64-build\extras\third_party\libjxl\lib/jxl/frame_header.h(105,1): warning C4267: '=': conversion from 'size_t' to 'uint32_t', possible loss of data [C:\Users\Public\jpegview-arm64-build\extras\scripts\libjxl\arm64\lib\jxl_dec-obj.vcxproj]
C:\Users\Public\jpegview-arm64-build\extras\third_party\libjxl\lib/jxl/quantizer.h(86,41): warning C4244: '=': conversion from 'double' to 'float', possible loss of data [C:\Users\Public\jpegview-arm64-build\extras\scripts\libjxl\arm64\lib\jxl_dec-obj.vcxproj]
C:\Users\Public\jpegview-arm64-build\extras\third_party\libjxl\lib/jxl/quantizer.h(87,49): warning C4244: '=': conversion from 'double' to 'float', possible loss of data [C:\Users\Public\jpegview-arm64-build\extras\scripts\libjxl\arm64\lib\jxl_dec-obj.vcxproj]
C:\Users\Public\jpegview-arm64-build\extras\third_party\libjxl\lib/jxl/dec_ans.h(78,1): warning C4267: 'initializing': conversion from 'size_t' to 'uint32_t', possible loss of data [C:\Users\Public\jpegview-arm64-build\extras\scripts\libjxl\arm64\lib\jxl_dec-obj.vcxproj]
C:\Users\Public\jpegview-arm64-build\extras\third_party\libjxl\lib/jxl/dec_ans.h(175,1): warning C4267: '=': conversion from 'size_t' to 'uint32_t', possible loss of data [C:\Users\Public\jpegview-arm64-build\extras\scripts\libjxl\arm64\lib\jxl_dec-obj.vcxproj]
C:\Users\Public\jpegview-arm64-build\extras\third_party\libjxl\lib/jxl/dec_ans.h(197,1): warning C4267: '=': conversion from 'size_t' to 'uint32_t', possible loss of data [C:\Users\Public\jpegview-arm64-build\extras\scripts\libjxl\arm64\lib\jxl_dec-obj.vcxproj]
C:\Users\Public\jpegview-arm64-build\extras\third_party\libjxl\lib/jxl/dec_ans.h(411,1): warning C4267: '=': conversion from 'size_t' to 'uint32_t', possible loss of data [C:\Users\Public\jpegview-arm64-build\extras\scripts\libjxl\arm64\lib\jxl_dec-obj.vcxproj]
C:\Users\Public\jpegview-arm64-build\extras\third_party\libjxl\lib/jxl/dec_ans.h(414,1): warning C4267: '=': conversion from 'size_t' to 'uint32_t', possible loss of data [C:\Users\Public\jpegview-arm64-build\extras\scripts\libjxl\arm64\lib\jxl_dec-obj.vcxproj]
C:\Users\Public\jpegview-arm64-build\extras\third_party\libjxl\lib/jxl/dec_cache.h(203,1): warning C4334: '<<': result of 32-bit shift implicitly converted to 64 bits (was 64-bit shift intended?) [C:\Users\Public\jpegview-arm64-build\extras\scripts\libjxl\arm64\lib\jxl_dec-obj.vcxproj]
C:\Users\Public\jpegview-arm64-build\extras\third_party\libjxl\lib/jxl/transfer_functions-inl.h(85,59): warning C4244: 'argument': conversion from 'const double' to 'float', possible loss of data [C:\Users\Public\jpegview-arm64-build\extras\scripts\libjxl\arm64\lib\jxl_dec-obj.vcxproj]
C:\Users\Public\jpegview-arm64-build\extras\third_party\libjxl\lib/jxl/transfer_functions-inl.h(85,48): warning C4244: 'argument': conversion from 'double' to 'float', possible loss of data [C:\Users\Public\jpegview-arm64-build\extras\scripts\libjxl\arm64\lib\jxl_dec-obj.vcxproj]
C:\Users\Public\jpegview-arm64-build\extras\third_party\libjxl\lib/jxl/transfer_functions-inl.h(89,25): warning C4244: 'argument': conversion from 'const double' to 'float', possible loss of data [C:\Users\Public\jpegview-arm64-build\extras\scripts\libjxl\arm64\lib\jxl_dec-obj.vcxproj]
C:\Users\Public\jpegview-arm64-build\extras\third_party\libjxl\lib/jxl/transfer_functions-inl.h(89,22): warning C4244: 'argument': conversion from 'const double' to 'float', possible loss of data [C:\Users\Public\jpegview-arm64-build\extras\scripts\libjxl\arm64\lib\jxl_dec-obj.vcxproj]
C:\Users\Public\jpegview-arm64-build\extras\third_party\libjxl\lib/jxl/transfer_functions-inl.h(98,55): warning C4244: 'argument': conversion from 'const double' to 'float', possible loss of data [C:\Users\Public\jpegview-arm64-build\extras\scripts\libjxl\arm64\lib\jxl_dec-obj.vcxproj]
C:\Users\Public\jpegview-arm64-build\extras\third_party\libjxl\lib/jxl/transfer_functions-inl.h(98,42): warning C4244: 'argument': conversion from 'double' to 'float', possible loss of data [C:\Users\Public\jpegview-arm64-build\extras\scripts\libjxl\arm64\lib\jxl_dec-obj.vcxproj]
C:\Users\Public\jpegview-arm64-build\extras\third_party\libjxl\lib/jxl/transfer_functions-inl.h(102,25): warning C4244: 'argument': conversion from 'const double' to 'float', possible loss of data [C:\Users\Public\jpegview-arm64-build\extras\scripts\libjxl\arm64\lib\jxl_dec-obj.vcxproj]
C:\Users\Public\jpegview-arm64-build\extras\third_party\libjxl\lib/jxl/transfer_functions-inl.h(102,22): warning C4244: 'argument': conversion from 'const double' to 'float', possible loss of data [C:\Users\Public\jpegview-arm64-build\extras\scripts\libjxl\arm64\lib\jxl_dec-obj.vcxproj]
C:\Users\Public\jpegview-arm64-build\extras\third_party\libjxl\lib/jxl/transfer_functions-inl.h(187,22): warning C4244: 'argument': conversion from 'const double' to 'float', possible loss of data [C:\Users\Public\jpegview-arm64-build\extras\scripts\libjxl\arm64\lib\jxl_dec-obj.vcxproj]
C:\Users\Public\jpegview-arm64-build\extras\third_party\libjxl\lib/jxl/transfer_functions-inl.h(186,24): warning C4244: 'argument': conversion from 'double' to 'float', possible loss of data [C:\Users\Public\jpegview-arm64-build\extras\scripts\libjxl\arm64\lib\jxl_dec-obj.vcxproj]
C:\Users\Public\jpegview-arm64-build\extras\third_party\libjxl\lib/jxl/transfer_functions-inl.h(228,25): warning C4244: 'argument': conversion from 'const double' to 'float', possible loss of data [C:\Users\Public\jpegview-arm64-build\extras\scripts\libjxl\arm64\lib\jxl_dec-obj.vcxproj]
C:\Users\Public\jpegview-arm64-build\extras\third_party\libjxl\lib/jxl/transfer_functions-inl.h(228,22): warning C4244: 'argument': conversion from 'const double' to 'float', possible loss of data [C:\Users\Public\jpegview-arm64-build\extras\scripts\libjxl\arm64\lib\jxl_dec-obj.vcxproj]
C:\Users\Public\jpegview-arm64-build\extras\third_party\libjxl\lib\jxl\dec_external_image.cc(395,15): warning C4244: 'initializing': conversion from 'unsigned __int64' to 'float', possible loss of data [C:\Users\Public\jpegview-arm64-build\extras\scripts\libjxl\arm64\lib\jxl_dec-obj.vcxproj]
C:\Users\Public\jpegview-arm64-build\extras\third_party\libjxl\lib/jxl/dec_ans.h(252,1): warning C4267: 'return': conversion from 'size_t' to 'uint32_t', possible loss of data [C:\Users\Public\jpegview-arm64-build\extras\scripts\libjxl\arm64\lib\jxl_dec-obj.vcxproj]
C:\Users\Public\jpegview-arm64-build\extras\third_party\libjxl\lib/jxl/dec_ans.h(288): message : see reference to function template instantiation 'uint32_t jxl::ANSSymbolReader::ReadHybridUintConfig<jxl::BitReader>(const jxl::HybridUintConfig &,size_t,BitReader *)' being compiled [C:\Users\Public\jpegview-arm64-build\extras\scripts\libjxl\arm64\lib\jxl_dec-obj.vcxproj]
          with
          [
              BitReader=jxl::BitReader
          ]
C:\Users\Public\jpegview-arm64-build\extras\third_party\libjxl\lib/jxl/dec_ans.h(254,1): warning C4267: 'initializing': conversion from 'size_t' to 'uint32_t', possible loss of data [C:\Users\Public\jpegview-arm64-build\extras\scripts\libjxl\arm64\lib\jxl_dec-obj.vcxproj]
C:\Users\Public\jpegview-arm64-build\extras\third_party\libjxl\lib/jxl/dec_ans.h(268,1): warning C4334: '<<': result of 32-bit shift implicitly converted to 64 bits (was 64-bit shift intended?) [C:\Users\Public\jpegview-arm64-build\extras\scripts\libjxl\arm64\lib\jxl_dec-obj.vcxproj]
C:\Users\Public\jpegview-arm64-build\extras\third_party\libjxl\lib/jxl/dec_ans.h(314,1): warning C4267: '=': conversion from 'size_t' to 'uint32_t', possible loss of data [C:\Users\Public\jpegview-arm64-build\extras\scripts\libjxl\arm64\lib\jxl_dec-obj.vcxproj]
C:\Users\Public\jpegview-arm64-build\extras\third_party\libjxl\lib/jxl/dec_ans.h(369): message : see reference to function template instantiation 'size_t jxl::ANSSymbolReader::ReadHybridUintClusteredInlined<true>(size_t,jxl::BitReader *__restrict )' being compiled [C:\Users\Public\jpegview-arm64-build\extras\scripts\libjxl\arm64\lib\jxl_dec-obj.vcxproj]
C:\Users\Public\jpegview-arm64-build\extras\third_party\libjxl\lib/jxl/dec_ans.h(394): message : see reference to function template instantiation 'size_t jxl::ANSSymbolReader::ReadHybridUintClustered<true>(size_t,jxl::BitReader *__restrict )' being compiled [C:\Users\Public\jpegview-arm64-build\extras\scripts\libjxl\arm64\lib\jxl_dec-obj.vcxproj]
C:\Users\Public\jpegview-arm64-build\extras\third_party\libjxl\lib/jxl/dec_ans.h(341,1): warning C4267: '=': conversion from 'size_t' to 'uint32_t', possible loss of data [C:\Users\Public\jpegview-arm64-build\extras\scripts\libjxl\arm64\lib\jxl_dec-obj.vcxproj]
C:\Users\Public\jpegview-arm64-build\extras\third_party\libjxl\lib/jxl/dec_ans.h(356,1): warning C4267: '=': conversion from 'size_t' to 'uint32_t', possible loss of data [C:\Users\Public\jpegview-arm64-build\extras\scripts\libjxl\arm64\lib\jxl_dec-obj.vcxproj]
C:\Users\Public\jpegview-arm64-build\extras\third_party\libjxl\lib/jxl/dec_ans.h(362,1): warning C4267: '=': conversion from 'size_t' to 'uint32_t', possible loss of data [C:\Users\Public\jpegview-arm64-build\extras\scripts\libjxl\arm64\lib\jxl_dec-obj.vcxproj]
  dec_frame.cc
C:\Users\Public\jpegview-arm64-build\extras\third_party\libjxl\lib/jxl/base/status.h(132,47): warning C4646: function declared with 'noreturn' has non-void return type [C:\Users\Public\jpegview-arm64-build\extras\scripts\libjxl\arm64\lib\jxl_dec-obj.vcxproj]
C:\Users\Public\jpegview-arm64-build\extras\third_party\libjxl\lib/jxl/ac_context.h(112,1): warning C4267: 'return': conversion from 'size_t' to 'uint32_t', possible loss of data [C:\Users\Public\jpegview-arm64-build\extras\scripts\libjxl\arm64\lib\jxl_dec-obj.vcxproj]
C:\Users\Public\jpegview-arm64-build\extras\third_party\libjxl\lib/jxl/ac_context.h(124,1): warning C4267: 'return': conversion from 'size_t' to 'uint32_t', possible loss of data [C:\Users\Public\jpegview-arm64-build\extras\scripts\libjxl\arm64\lib\jxl_dec-obj.vcxproj]
C:\Users\Public\jpegview-arm64-build\extras\third_party\libjxl\lib/jxl/ac_context.h(137,1): warning C4267: 'return': conversion from 'size_t' to 'uint32_t', possible loss of data [C:\Users\Public\jpegview-arm64-build\extras\scripts\libjxl\arm64\lib\jxl_dec-obj.vcxproj]
C:\Users\Public\jpegview-arm64-build\extras\third_party\libjxl\lib/jxl/chroma_from_luma.h(120,41): warning C4244: 'return': conversion from 'const uint32_t' to 'float', possible loss of data [C:\Users\Public\jpegview-arm64-build\extras\scripts\libjxl\arm64\lib\jxl_dec-obj.vcxproj]
C:\Users\Public\jpegview-arm64-build\extras\third_party\libjxl\lib/jxl/frame_header.h(105,1): warning C4267: '=': conversion from 'size_t' to 'uint32_t', possible loss of data [C:\Users\Public\jpegview-arm64-build\extras\scripts\libjxl\arm64\lib\jxl_dec-obj.vcxproj]
C:\Users\Public\jpegview-arm64-build\extras\third_party\libjxl\lib/jxl/quantizer.h(86,41): warning C4244: '=': conversion from 'double' to 'float', possible loss of data [C:\Users\Public\jpegview-arm64-build\extras\scripts\libjxl\arm64\lib\jxl_dec-obj.vcxproj]
C:\Users\Public\jpegview-arm64-build\extras\third_party\libjxl\lib/jxl/quantizer.h(87,49): warning C4244: '=': conversion from 'double' to 'float', possible loss of data [C:\Users\Public\jpegview-arm64-build\extras\scripts\libjxl\arm64\lib\jxl_dec-obj.vcxproj]
C:\Users\Public\jpegview-arm64-build\extras\third_party\libjxl\lib/jxl/dec_ans.h(78,1): warning C4267: 'initializing': conversion from 'size_t' to 'uint32_t', possible loss of data [C:\Users\Public\jpegview-arm64-build\extras\scripts\libjxl\arm64\lib\jxl_dec-obj.vcxproj]
C:\Users\Public\jpegview-arm64-build\extras\third_party\libjxl\lib/jxl/dec_ans.h(175,1): warning C4267: '=': conversion from 'size_t' to 'uint32_t', possible loss of data [C:\Users\Public\jpegview-arm64-build\extras\scripts\libjxl\arm64\lib\jxl_dec-obj.vcxproj]
C:\Users\Public\jpegview-arm64-build\extras\third_party\libjxl\lib/jxl/dec_ans.h(197,1): warning C4267: '=': conversion from 'size_t' to 'uint32_t', possible loss of data [C:\Users\Public\jpegview-arm64-build\extras\scripts\libjxl\arm64\lib\jxl_dec-obj.vcxproj]
C:\Users\Public\jpegview-arm64-build\extras\third_party\libjxl\lib/jxl/dec_ans.h(411,1): warning C4267: '=': conversion from 'size_t' to 'uint32_t', possible loss of data [C:\Users\Public\jpegview-arm64-build\extras\scripts\libjxl\arm64\lib\jxl_dec-obj.vcxproj]
C:\Users\Public\jpegview-arm64-build\extras\third_party\libjxl\lib/jxl/dec_ans.h(414,1): warning C4267: '=': conversion from 'size_t' to 'uint32_t', possible loss of data [C:\Users\Public\jpegview-arm64-build\extras\scripts\libjxl\arm64\lib\jxl_dec-obj.vcxproj]
C:\Users\Public\jpegview-arm64-build\extras\third_party\libjxl\lib/jxl/dec_cache.h(203,1): warning C4334: '<<': result of 32-bit shift implicitly converted to 64 bits (was 64-bit shift intended?) [C:\Users\Public\jpegview-arm64-build\extras\scripts\libjxl\arm64\lib\jxl_dec-obj.vcxproj]
C:\Users\Public\jpegview-arm64-build\extras\third_party\libjxl\lib/jxl/modular/encoding/context_predict.h(110,1): warning C4267: 'initializing': conversion from 'size_t' to 'uint32_t', possible loss of data [C:\Users\Public\jpegview-arm64-build\extras\scripts\libjxl\arm64\lib\jxl_dec-obj.vcxproj]
C:\Users\Public\jpegview-arm64-build\extras\third_party\libjxl\lib/jxl/modular/encoding/context_predict.h(191,31): warning C4244: '=': conversion from 'jxl::pixel_type_w' to '_Ty', possible loss of data [C:\Users\Public\jpegview-arm64-build\extras\scripts\libjxl\arm64\lib\jxl_dec-obj.vcxproj]
          with
          [
              _Ty=int
          ]
C:\Users\Public\jpegview-arm64-build\extras\third_party\libjxl\lib/jxl/modular/encoding/context_predict.h(196,37): warning C4244: '=': conversion from 'jxl::pixel_type_w' to '_Ty', possible loss of data [C:\Users\Public\jpegview-arm64-build\extras\scripts\libjxl\arm64\lib\jxl_dec-obj.vcxproj]
          with
          [
              _Ty=uint32_t
          ]
C:\Users\Public\jpegview-arm64-build\extras\third_party\libjxl\lib/jxl/modular/encoding/context_predict.h(199,1): warning C4244: '+=': conversion from 'jxl::pixel_type_w' to '_Ty', possible loss of data [C:\Users\Public\jpegview-arm64-build\extras\scripts\libjxl\arm64\lib\jxl_dec-obj.vcxproj]
          with
          [
              _Ty=uint32_t
          ]
C:\Users\Public\jpegview-arm64-build\extras\third_party\libjxl\lib/jxl/modular/encoding/context_predict.h(329,7): warning C4806: '|': unsafe operation: no value of type 'bool' promoted to type 'int' can equal the given constant [C:\Users\Public\jpegview-arm64-build\extras\scripts\libjxl\arm64\lib\jxl_dec-obj.vcxproj]
C:\Users\Public\jpegview-arm64-build\extras\third_party\libjxl\lib/jxl/modular/encoding/context_predict.h(330,7): warning C4806: '|': unsafe operation: no value of type 'bool' promoted to type 'int' can equal the given constant [C:\Users\Public\jpegview-arm64-build\extras\scripts\libjxl\arm64\lib\jxl_dec-obj.vcxproj]
C:\Users\Public\jpegview-arm64-build\extras\third_party\libjxl\lib/jxl/modular/encoding/context_predict.h(392,23): warning C4244: '=': conversion from '__int64' to 'jxl::pixel_type', possible loss of data [C:\Users\Public\jpegview-arm64-build\extras\scripts\libjxl\arm64\lib\jxl_dec-obj.vcxproj]
C:\Users\Public\jpegview-arm64-build\extras\third_party\libjxl\lib/jxl/modular/encoding/context_predict.h(393,15): warning C4244: '=': conversion from 'jxl::pixel_type_w' to 'jxl::pixel_type', possible loss of data [C:\Users\Public\jpegview-arm64-build\extras\scripts\libjxl\arm64\lib\jxl_dec-obj.vcxproj]
C:\Users\Public\jpegview-arm64-build\extras\third_party\libjxl\lib/jxl/modular/encoding/context_predict.h(397,62): warning C4244: 'argument': conversion from 'jxl::pixel_type_w' to 'const int32_t', possible loss of data [C:\Users\Public\jpegview-arm64-build\extras\scripts\libjxl\arm64\lib\jxl_dec-obj.vcxproj]
C:\Users\Public\jpegview-arm64-build\extras\third_party\libjxl\lib/jxl/modular/encoding/context_predict.h(397,56): warning C4244: 'argument': conversion from 'jxl::pixel_type_w' to 'const int32_t', possible loss of data [C:\Users\Public\jpegview-arm64-build\extras\scripts\libjxl\arm64\lib\jxl_dec-obj.vcxproj]
C:\Users\Public\jpegview-arm64-build\extras\third_party\libjxl\lib/jxl/modular/encoding/context_predict.h(397,49): warning C4244: 'argument': conversion from 'jxl::pixel_type_w' to 'const int32_t', possible loss of data [C:\Users\Public\jpegview-arm64-build\extras\scripts\libjxl\arm64\lib\jxl_dec-obj.vcxproj]
C:\Users\Public\jpegview-arm64-build\extras\third_party\libjxl\lib/jxl/modular/encoding/context_predict.h(398,23): warning C4244: '=': conversion from '__int64' to 'jxl::pixel_type', possible loss of data [C:\Users\Public\jpegview-arm64-build\extras\scripts\libjxl\arm64\lib\jxl_dec-obj.vcxproj]
C:\Users\Public\jpegview-arm64-build\extras\third_party\libjxl\lib/jxl/modular/encoding/context_predict.h(399,17): warning C4244: '=': conversion from 'jxl::pixel_type_w' to 'jxl::pixel_type', possible loss of data [C:\Users\Public\jpegview-arm64-build\extras\scripts\libjxl\arm64\lib\jxl_dec-obj.vcxproj]
C:\Users\Public\jpegview-arm64-build\extras\third_party\libjxl\lib/jxl/modular/encoding/context_predict.h(451,54): warning C4244: 'argument': conversion from 'jxl::pixel_type_w' to 'const int32_t', possible loss of data [C:\Users\Public\jpegview-arm64-build\extras\scripts\libjxl\arm64\lib\jxl_dec-obj.vcxproj]
C:\Users\Public\jpegview-arm64-build\extras\third_party\libjxl\lib/jxl/modular/encoding/context_predict.h(451,49): warning C4244: 'argument': conversion from 'jxl::pixel_type_w' to 'const int32_t', possible loss of data [C:\Users\Public\jpegview-arm64-build\extras\scripts\libjxl\arm64\lib\jxl_dec-obj.vcxproj]
C:\Users\Public\jpegview-arm64-build\extras\third_party\libjxl\lib/jxl/modular/encoding/context_predict.h(451,43): warning C4244: 'argument': conversion from 'jxl::pixel_type_w' to 'const int32_t', possible loss of data [C:\Users\Public\jpegview-arm64-build\extras\scripts\libjxl\arm64\lib\jxl_dec-obj.vcxproj]
C:\Users\Public\jpegview-arm64-build\extras\third_party\libjxl\lib/jxl/dec_frame.h(161,1): warning C4267: 'argument': conversion from 'size_t' to '_Ty', possible loss of data [C:\Users\Public\jpegview-arm64-build\extras\scripts\libjxl\arm64\lib\jxl_dec-obj.vcxproj]
          with
          [
              _Ty=int
          ]
C:\Users\Public\jpegview-arm64-build\extras\third_party\libjxl\lib\jxl\dec_frame.cc(219,50): warning C4267: '=': conversion from 'size_t' to 'int', possible loss of data [C:\Users\Public\jpegview-arm64-build\extras\scripts\libjxl\arm64\lib\jxl_dec-obj.vcxproj]
C:\Users\Public\jpegview-arm64-build\extras\third_party\libjxl\lib\jxl\dec_frame.cc(220,51): warning C4267: '=': conversion from 'size_t' to 'int', possible loss of data [C:\Users\Public\jpegview-arm64-build\extras\scripts\libjxl\arm64\lib\jxl_dec-obj.vcxproj]
C:\Users\Public\jpegview-arm64-build\extras\third_party\libjxl\lib\jxl\dec_frame.cc(224,80): warning C4267: '=': conversion from 'size_t' to 'uint32_t', possible loss of data [C:\Users\Public\jpegview-arm64-build\extras\scripts\libjxl\arm64\lib\jxl_dec-obj.vcxproj]
C:\Users\Public\jpegview-arm64-build\extras\third_party\libjxl\lib\jxl\dec_frame.cc(226,80): warning C4267: '=': conversion from 'size_t' to 'uint32_t', possible loss of data [C:\Users\Public\jpegview-arm64-build\extras\scripts\libjxl\arm64\lib\jxl_dec-obj.vcxproj]
C:\Users\Public\jpegview-arm64-build\extras\third_party\libjxl\lib\jxl\dec_frame.cc(425,26): warning C4334: '<<': result of 32-bit shift implicitly converted to 64 bits (was 64-bit shift intended?) [C:\Users\Public\jpegview-arm64-build\extras\scripts\libjxl\arm64\lib\jxl_dec-obj.vcxproj]
C:\Users\Public\jpegview-arm64-build\extras\third_party\libjxl\lib\jxl\dec_frame.cc(434,28): warning C4334: '<<': result of 32-bit shift implicitly converted to 64 bits (was 64-bit shift intended?) [C:\Users\Public\jpegview-arm64-build\extras\scripts\libjxl\arm64\lib\jxl_dec-obj.vcxproj]
C:\Users\Public\jpegview-arm64-build\extras\third_party\libjxl\lib\jxl\dec_frame.cc(501,58): warning C4267: '+=': conversion from 'size_t' to '_Ty', possible loss of data [C:\Users\Public\jpegview-arm64-build\extras\scripts\libjxl\arm64\lib\jxl_dec-obj.vcxproj]
          with
          [
              _Ty=uint8_t
          ]
C:\Users\Public\jpegview-arm64-build\extras\third_party\libjxl\lib\jxl\dec_frame.cc(638,1): warning C4267: 'argument': conversion from 'size_t' to 'const uint32_t', possible loss of data [C:\Users\Public\jpegview-arm64-build\extras\scripts\libjxl\arm64\lib\jxl_dec-obj.vcxproj]
C:\Users\Public\jpegview-arm64-build\extras\third_party\libjxl\lib\jxl\dec_frame.cc(711,1): warning C4267: 'argument': conversion from 'size_t' to 'const uint32_t', possible loss of data [C:\Users\Public\jpegview-arm64-build\extras\scripts\libjxl\arm64\lib\jxl_dec-obj.vcxproj]
C:\Users\Public\jpegview-arm64-build\extras\third_party\libjxl\lib\jxl\dec_frame.cc(771,1): warning C4267: 'argument': conversion from 'size_t' to 'const uint32_t', possible loss of data [C:\Users\Public\jpegview-arm64-build\extras\scripts\libjxl\arm64\lib\jxl_dec-obj.vcxproj]
C:\Users\Public\jpegview-arm64-build\extras\third_party\libjxl\lib/jxl/dec_ans.h(252,1): warning C4267: 'return': conversion from 'size_t' to 'uint32_t', possible loss of data [C:\Users\Public\jpegview-arm64-build\extras\scripts\libjxl\arm64\lib\jxl_dec-obj.vcxproj]
C:\Users\Public\jpegview-arm64-build\extras\third_party\libjxl\lib/jxl/dec_ans.h(288): message : see reference to function template instantiation 'uint32_t jxl::ANSSymbolReader::ReadHybridUintConfig<jxl::BitReader>(const jxl::HybridUintConfig &,size_t,BitReader *)' being compiled [C:\Users\Public\jpegview-arm64-build\extras\scripts\libjxl\arm64\lib\jxl_dec-obj.vcxproj]
          with
          [
              BitReader=jxl::BitReader
          ]
C:\Users\Public\jpegview-arm64-build\extras\third_party\libjxl\lib/jxl/dec_ans.h(254,1): warning C4267: 'initializing': conversion from 'size_t' to 'uint32_t', possible loss of data [C:\Users\Public\jpegview-arm64-build\extras\scripts\libjxl\arm64\lib\jxl_dec-obj.vcxproj]
C:\Users\Public\jpegview-arm64-build\extras\third_party\libjxl\lib/jxl/dec_ans.h(268,1): warning C4334: '<<': result of 32-bit shift implicitly converted to 64 bits (was 64-bit shift intended?) [C:\Users\Public\jpegview-arm64-build\extras\scripts\libjxl\arm64\lib\jxl_dec-obj.vcxproj]
C:\Users\Public\jpegview-arm64-build\extras\third_party\libjxl\lib/jxl/modular/encoding/context_predict.h(497,1): warning C4267: '=': conversion from 'size_t' to '_Ty', possible loss of data [C:\Users\Public\jpegview-arm64-build\extras\scripts\libjxl\arm64\lib\jxl_dec-obj.vcxproj]
          with
          [
              _Ty=int
          ]
C:\Users\Public\jpegview-arm64-build\extras\third_party\libjxl\lib/jxl/modular/encoding/context_predict.h(559): message : see reference to function template instantiation 'jxl::PredictionResult jxl::detail::Predict<0>(jxl::Properties *,size_t,const jxl::pixel_type *__restrict ,const intptr_t,const size_t,const size_t,jxl::Predictor,const jxl::MATreeLookup *,const jxl::Channel *,jxl::weighted::State *,jxl::pixel_type_w *)' being compiled [C:\Users\Public\jpegview-arm64-build\extras\scripts\libjxl\arm64\lib\jxl_dec-obj.vcxproj]
C:\Users\Public\jpegview-arm64-build\extras\third_party\libjxl\lib/jxl/modular/encoding/context_predict.h(499,26): warning C4244: '=': conversion from 'jxl::pixel_type_w' to '_Ty', possible loss of data [C:\Users\Public\jpegview-arm64-build\extras\scripts\libjxl\arm64\lib\jxl_dec-obj.vcxproj]
          with
          [
              _Ty=int
          ]
C:\Users\Public\jpegview-arm64-build\extras\third_party\libjxl\lib/jxl/modular/encoding/context_predict.h(500,27): warning C4244: '=': conversion from 'jxl::pixel_type_w' to '_Ty', possible loss of data [C:\Users\Public\jpegview-arm64-build\extras\scripts\libjxl\arm64\lib\jxl_dec-obj.vcxproj]
          with
          [
              _Ty=int
          ]
C:\Users\Public\jpegview-arm64-build\extras\third_party\libjxl\lib/jxl/modular/encoding/context_predict.h(501,22): warning C4244: '=': conversion from 'jxl::pixel_type_w' to '_Ty', possible loss of data [C:\Users\Public\jpegview-arm64-build\extras\scripts\libjxl\arm64\lib\jxl_dec-obj.vcxproj]
          with
          [
              _Ty=int
          ]
C:\Users\Public\jpegview-arm64-build\extras\third_party\libjxl\lib/jxl/modular/encoding/context_predict.h(502,22): warning C4244: '=': conversion from 'jxl::pixel_type_w' to '_Ty', possible loss of data [C:\Users\Public\jpegview-arm64-build\extras\scripts\libjxl\arm64\lib\jxl_dec-obj.vcxproj]
          with
          [
              _Ty=int
          ]
C:\Users\Public\jpegview-arm64-build\extras\third_party\libjxl\lib/jxl/modular/encoding/context_predict.h(505,25): warning C4244: '=': conversion from 'jxl::pixel_type_w' to '_Ty', possible loss of data [C:\Users\Public\jpegview-arm64-build\extras\scripts\libjxl\arm64\lib\jxl_dec-obj.vcxproj]
          with
          [
              _Ty=int
          ]
C:\Users\Public\jpegview-arm64-build\extras\third_party\libjxl\lib/jxl/modular/encoding/context_predict.h(508,33): warning C4244: '=': conversion from 'jxl::pixel_type_w' to '_Ty', possible loss of data [C:\Users\Public\jpegview-arm64-build\extras\scripts\libjxl\arm64\lib\jxl_dec-obj.vcxproj]
          with
          [
              _Ty=int
          ]
C:\Users\Public\jpegview-arm64-build\extras\third_party\libjxl\lib/jxl/modular/encoding/context_predict.h(511,27): warning C4244: '=': conversion from 'jxl::pixel_type_w' to '_Ty', possible loss of data [C:\Users\Public\jpegview-arm64-build\extras\scripts\libjxl\arm64\lib\jxl_dec-obj.vcxproj]
          with
          [
              _Ty=int
          ]
C:\Users\Public\jpegview-arm64-build\extras\third_party\libjxl\lib/jxl/modular/encoding/context_predict.h(512,30): warning C4244: '=': conversion from 'jxl::pixel_type_w' to '_Ty', possible loss of data [C:\Users\Public\jpegview-arm64-build\extras\scripts\libjxl\arm64\lib\jxl_dec-obj.vcxproj]
          with
          [
              _Ty=int
          ]
C:\Users\Public\jpegview-arm64-build\extras\third_party\libjxl\lib/jxl/modular/encoding/context_predict.h(513,26): warning C4244: '=': conversion from 'jxl::pixel_type_w' to '_Ty', possible loss of data [C:\Users\Public\jpegview-arm64-build\extras\scripts\libjxl\arm64\lib\jxl_dec-obj.vcxproj]
          with
          [
              _Ty=int
          ]
C:\Users\Public\jpegview-arm64-build\extras\third_party\libjxl\lib/jxl/modular/encoding/context_predict.h(514,26): warning C4244: '=': conversion from 'jxl::pixel_type_w' to '_Ty', possible loss of data [C:\Users\Public\jpegview-arm64-build\extras\scripts\libjxl\arm64\lib\jxl_dec-obj.vcxproj]
          with
          [
              _Ty=int
          ]
C:\Users\Public\jpegview-arm64-build\extras\third_party\libjxl\lib/jxl/modular/encoding/context_predict.h(515,27): warning C4244: '=': conversion from 'jxl::pixel_type_w' to '_Ty', possible loss of data [C:\Users\Public\jpegview-arm64-build\extras\scripts\libjxl\arm64\lib\jxl_dec-obj.vcxproj]
          with
          [
              _Ty=int
          ]
C:\Users\Public\jpegview-arm64-build\extras\third_party\libjxl\lib/jxl/modular/encoding/context_predict.h(485,1): warning C4305: 'initializing': truncation from 'int' to 'const bool' [C:\Users\Public\jpegview-arm64-build\extras\scripts\libjxl\arm64\lib\jxl_dec-obj.vcxproj]
C:\Users\Public\jpegview-arm64-build\extras\third_party\libjxl\lib/jxl/modular/encoding/context_predict.h(589): message : see reference to function template instantiation 'jxl::PredictionResult jxl::detail::Predict<17>(jxl::Properties *,size_t,const jxl::pixel_type *__restrict ,const intptr_t,const size_t,const size_t,jxl::Predictor,const jxl::MATreeLookup *,const jxl::Channel *,jxl::weighted::State *,jxl::pixel_type_w *)' being compiled [C:\Users\Public\jpegview-arm64-build\extras\scripts\libjxl\arm64\lib\jxl_dec-obj.vcxproj]
C:\Users\Public\jpegview-arm64-build\extras\third_party\libjxl\lib/jxl/dec_ans.h(314,1): warning C4267: '=': conversion from 'size_t' to 'uint32_t', possible loss of data [C:\Users\Public\jpegview-arm64-build\extras\scripts\libjxl\arm64\lib\jxl_dec-obj.vcxproj]
C:\Users\Public\jpegview-arm64-build\extras\third_party\libjxl\lib/jxl/dec_ans.h(369): message : see reference to function template instantiation 'size_t jxl::ANSSymbolReader::ReadHybridUintClusteredInlined<true>(size_t,jxl::BitReader *__restrict )' being compiled [C:\Users\Public\jpegview-arm64-build\extras\scripts\libjxl\arm64\lib\jxl_dec-obj.vcxproj]
C:\Users\Public\jpegview-arm64-build\extras\third_party\libjxl\lib/jxl/dec_ans.h(394): message : see reference to function template instantiation 'size_t jxl::ANSSymbolReader::ReadHybridUintClustered<true>(size_t,jxl::BitReader *__restrict )' being compiled [C:\Users\Public\jpegview-arm64-build\extras\scripts\libjxl\arm64\lib\jxl_dec-obj.vcxproj]
C:\Users\Public\jpegview-arm64-build\extras\third_party\libjxl\lib/jxl/dec_ans.h(341,1): warning C4267: '=': conversion from 'size_t' to 'uint32_t', possible loss of data [C:\Users\Public\jpegview-arm64-build\extras\scripts\libjxl\arm64\lib\jxl_dec-obj.vcxproj]
C:\Users\Public\jpegview-arm64-build\extras\third_party\libjxl\lib/jxl/dec_ans.h(356,1): warning C4267: '=': conversion from 'size_t' to 'uint32_t', possible loss of data [C:\Users\Public\jpegview-arm64-build\extras\scripts\libjxl\arm64\lib\jxl_dec-obj.vcxproj]
C:\Users\Public\jpegview-arm64-build\extras\third_party\libjxl\lib/jxl/dec_ans.h(362,1): warning C4267: '=': conversion from 'size_t' to 'uint32_t', possible loss of data [C:\Users\Public\jpegview-arm64-build\extras\scripts\libjxl\arm64\lib\jxl_dec-obj.vcxproj]
C:\Users\Public\jpegview-arm64-build\extras\third_party\libjxl\lib/jxl/modular/encoding/context_predict.h(161,33): warning C4244: '=': conversion from 'jxl::pixel_type_w' to '_Ty', possible loss of data [C:\Users\Public\jpegview-arm64-build\extras\scripts\libjxl\arm64\lib\jxl_dec-obj.vcxproj]
          with
          [
              _Ty=int
          ]
C:\Users\Public\jpegview-arm64-build\extras\third_party\libjxl\lib/jxl/modular/encoding/context_predict.h(521): message : see reference to function template instantiation 'jxl::pixel_type_w jxl::weighted::State::Predict<false>(size_t,size_t,size_t,jxl::pixel_type_w,jxl::pixel_type_w,jxl::pixel_type_w,jxl::pixel_type_w,jxl::pixel_type_w,jxl::Properties *,size_t)' being compiled [C:\Users\Public\jpegview-arm64-build\extras\scripts\libjxl\arm64\lib\jxl_dec-obj.vcxproj]
C:\Users\Public\jpegview-arm64-build\extras\third_party\libjxl\lib/jxl/modular/encoding/context_predict.h(559): message : see reference to function template instantiation 'jxl::PredictionResult jxl::detail::Predict<0>(jxl::Properties *,size_t,const jxl::pixel_type *__restrict ,const intptr_t,const size_t,const size_t,jxl::Predictor,const jxl::MATreeLookup *,const jxl::Channel *,jxl::weighted::State *,jxl::pixel_type_w *)' being compiled [C:\Users\Public\jpegview-arm64-build\extras\scripts\libjxl\arm64\lib\jxl_dec-obj.vcxproj]
  Generating Code...
  Compiling...
  dec_group.cc
C:\Users\Public\jpegview-arm64-build\extras\third_party\libjxl\lib/jxl/base/status.h(132,47): warning C4646: function declared with 'noreturn' has non-void return type [C:\Users\Public\jpegview-arm64-build\extras\scripts\libjxl\arm64\lib\jxl_dec-obj.vcxproj]
C:\Users\Public\jpegview-arm64-build\extras\third_party\libjxl\lib/jxl/ac_context.h(112,1): warning C4267: 'return': conversion from 'size_t' to 'uint32_t', possible loss of data [C:\Users\Public\jpegview-arm64-build\extras\scripts\libjxl\arm64\lib\jxl_dec-obj.vcxproj]
C:\Users\Public\jpegview-arm64-build\extras\third_party\libjxl\lib/jxl/ac_context.h(124,1): warning C4267: 'return': conversion from 'size_t' to 'uint32_t', possible loss of data [C:\Users\Public\jpegview-arm64-build\extras\scripts\libjxl\arm64\lib\jxl_dec-obj.vcxproj]
C:\Users\Public\jpegview-arm64-build\extras\third_party\libjxl\lib/jxl/ac_context.h(137,1): warning C4267: 'return': conversion from 'size_t' to 'uint32_t', possible loss of data [C:\Users\Public\jpegview-arm64-build\extras\scripts\libjxl\arm64\lib\jxl_dec-obj.vcxproj]
C:\Users\Public\jpegview-arm64-build\extras\third_party\libjxl\lib/jxl/chroma_from_luma.h(120,41): warning C4244: 'return': conversion from 'const uint32_t' to 'float', possible loss of data [C:\Users\Public\jpegview-arm64-build\extras\scripts\libjxl\arm64\lib\jxl_dec-obj.vcxproj]
C:\Users\Public\jpegview-arm64-build\extras\third_party\libjxl\lib/jxl/dec_ans.h(78,1): warning C4267: 'initializing': conversion from 'size_t' to 'uint32_t', possible loss of data [C:\Users\Public\jpegview-arm64-build\extras\scripts\libjxl\arm64\lib\jxl_dec-obj.vcxproj]
C:\Users\Public\jpegview-arm64-build\extras\third_party\libjxl\lib/jxl/dec_ans.h(175,1): warning C4267: '=': conversion from 'size_t' to 'uint32_t', possible loss of data [C:\Users\Public\jpegview-arm64-build\extras\scripts\libjxl\arm64\lib\jxl_dec-obj.vcxproj]
C:\Users\Public\jpegview-arm64-build\extras\third_party\libjxl\lib/jxl/dec_ans.h(197,1): warning C4267: '=': conversion from 'size_t' to 'uint32_t', possible loss of data [C:\Users\Public\jpegview-arm64-build\extras\scripts\libjxl\arm64\lib\jxl_dec-obj.vcxproj]
C:\Users\Public\jpegview-arm64-build\extras\third_party\libjxl\lib/jxl/dec_ans.h(411,1): warning C4267: '=': conversion from 'size_t' to 'uint32_t', possible loss of data [C:\Users\Public\jpegview-arm64-build\extras\scripts\libjxl\arm64\lib\jxl_dec-obj.vcxproj]
C:\Users\Public\jpegview-arm64-build\extras\third_party\libjxl\lib/jxl/dec_ans.h(414,1): warning C4267: '=': conversion from 'size_t' to 'uint32_t', possible loss of data [C:\Users\Public\jpegview-arm64-build\extras\scripts\libjxl\arm64\lib\jxl_dec-obj.vcxproj]
C:\Users\Public\jpegview-arm64-build\extras\third_party\libjxl\lib/jxl/frame_header.h(105,1): warning C4267: '=': conversion from 'size_t' to 'uint32_t', possible loss of data [C:\Users\Public\jpegview-arm64-build\extras\scripts\libjxl\arm64\lib\jxl_dec-obj.vcxproj]
C:\Users\Public\jpegview-arm64-build\extras\third_party\libjxl\lib/jxl/quantizer.h(86,41): warning C4244: '=': conversion from 'double' to 'float', possible loss of data [C:\Users\Public\jpegview-arm64-build\extras\scripts\libjxl\arm64\lib\jxl_dec-obj.vcxproj]
C:\Users\Public\jpegview-arm64-build\extras\third_party\libjxl\lib/jxl/quantizer.h(87,49): warning C4244: '=': conversion from 'double' to 'float', possible loss of data [C:\Users\Public\jpegview-arm64-build\extras\scripts\libjxl\arm64\lib\jxl_dec-obj.vcxproj]
C:\Users\Public\jpegview-arm64-build\extras\third_party\libjxl\lib/jxl/dec_cache.h(203,1): warning C4334: '<<': result of 32-bit shift implicitly converted to 64 bits (was 64-bit shift intended?) [C:\Users\Public\jpegview-arm64-build\extras\scripts\libjxl\arm64\lib\jxl_dec-obj.vcxproj]
C:\Users\Public\jpegview-arm64-build\extras\third_party\libjxl\lib/jxl/dct_scales.h(57,1): warning C4305: 'initializing': truncation from 'double' to 'const float' [C:\Users\Public\jpegview-arm64-build\extras\scripts\libjxl\arm64\lib\jxl_dec-obj.vcxproj]
C:\Users\Public\jpegview-arm64-build\extras\third_party\libjxl\lib/jxl/dct_scales.h(67,1): warning C4305: 'initializing': truncation from 'double' to 'const float' [C:\Users\Public\jpegview-arm64-build\extras\scripts\libjxl\arm64\lib\jxl_dec-obj.vcxproj]
C:\Users\Public\jpegview-arm64-build\extras\third_party\libjxl\lib/jxl/dct_scales.h(76,1): warning C4305: 'initializing': truncation from 'double' to 'const float' [C:\Users\Public\jpegview-arm64-build\extras\scripts\libjxl\arm64\lib\jxl_dec-obj.vcxproj]
C:\Users\Public\jpegview-arm64-build\extras\third_party\libjxl\lib/jxl/dct_scales.h(98,1): warning C4305: 'initializing': truncation from 'double' to 'const float' [C:\Users\Public\jpegview-arm64-build\extras\scripts\libjxl\arm64\lib\jxl_dec-obj.vcxproj]
C:\Users\Public\jpegview-arm64-build\extras\third_party\libjxl\lib/jxl/dct_scales.h(136,1): warning C4305: 'initializing': truncation from 'double' to 'const float' [C:\Users\Public\jpegview-arm64-build\extras\scripts\libjxl\arm64\lib\jxl_dec-obj.vcxproj]
C:\Users\Public\jpegview-arm64-build\extras\third_party\libjxl\lib/jxl/dct_scales.h(152,1): warning C4305: 'initializing': truncation from 'double' to 'const float' [C:\Users\Public\jpegview-arm64-build\extras\scripts\libjxl\arm64\lib\jxl_dec-obj.vcxproj]
C:\Users\Public\jpegview-arm64-build\extras\third_party\libjxl\lib/jxl/dct_scales.h(162,1): warning C4305: 'initializing': truncation from 'double' to 'const float' [C:\Users\Public\jpegview-arm64-build\extras\scripts\libjxl\arm64\lib\jxl_dec-obj.vcxproj]
C:\Users\Public\jpegview-arm64-build\extras\third_party\libjxl\lib/jxl/dct_scales.h(171,1): warning C4305: 'initializing': truncation from 'double' to 'const float' [C:\Users\Public\jpegview-arm64-build\extras\scripts\libjxl\arm64\lib\jxl_dec-obj.vcxproj]
C:\Users\Public\jpegview-arm64-build\extras\third_party\libjxl\lib/jxl/dct_scales.h(193,1): warning C4305: 'initializing': truncation from 'double' to 'const float' [C:\Users\Public\jpegview-arm64-build\extras\scripts\libjxl\arm64\lib\jxl_dec-obj.vcxproj]
C:\Users\Public\jpegview-arm64-build\extras\third_party\libjxl\lib/jxl/dct_scales.h(231,1): warning C4305: 'initializing': truncation from 'double' to 'const float' [C:\Users\Public\jpegview-arm64-build\extras\scripts\libjxl\arm64\lib\jxl_dec-obj.vcxproj]
C:\Users\Public\jpegview-arm64-build\extras\third_party\libjxl\lib/jxl/dct_scales.h(245,1): warning C4305: 'initializing': truncation from 'double' to 'const float' [C:\Users\Public\jpegview-arm64-build\extras\scripts\libjxl\arm64\lib\jxl_dec-obj.vcxproj]
C:\Users\Public\jpegview-arm64-build\extras\third_party\libjxl\lib/jxl/dct_scales.h(255,1): warning C4305: 'initializing': truncation from 'double' to 'const float' [C:\Users\Public\jpegview-arm64-build\extras\scripts\libjxl\arm64\lib\jxl_dec-obj.vcxproj]
C:\Users\Public\jpegview-arm64-build\extras\third_party\libjxl\lib/jxl/dct_scales.h(264,1): warning C4305: 'initializing': truncation from 'double' to 'const float' [C:\Users\Public\jpegview-arm64-build\extras\scripts\libjxl\arm64\lib\jxl_dec-obj.vcxproj]
C:\Users\Public\jpegview-arm64-build\extras\third_party\libjxl\lib/jxl/dct_scales.h(276,1): warning C4305: 'initializing': truncation from 'double' to 'const float' [C:\Users\Public\jpegview-arm64-build\extras\scripts\libjxl\arm64\lib\jxl_dec-obj.vcxproj]
C:\Users\Public\jpegview-arm64-build\extras\third_party\libjxl\lib/jxl/dct_scales.h(292,1): warning C4305: 'initializing': truncation from 'double' to 'const float' [C:\Users\Public\jpegview-arm64-build\extras\scripts\libjxl\arm64\lib\jxl_dec-obj.vcxproj]
C:\Users\Public\jpegview-arm64-build\extras\third_party\libjxl\lib/jxl/dct_scales.h(319,1): warning C4305: 'initializing': truncation from 'double' to 'const float' [C:\Users\Public\jpegview-arm64-build\extras\scripts\libjxl\arm64\lib\jxl_dec-obj.vcxproj]
C:\Users\Public\jpegview-arm64-build\extras\third_party\libjxl\lib/jxl/dct_scales.h(368,1): warning C4305: 'initializing': truncation from 'double' to 'const float' [C:\Users\Public\jpegview-arm64-build\extras\scripts\libjxl\arm64\lib\jxl_dec-obj.vcxproj]
C:\Users\Public\jpegview-arm64-build\extras\third_party\libjxl\lib\jxl\dec_group.cc(307,63): warning C4334: '<<': result of 32-bit shift implicitly converted to 64 bits (was 64-bit shift intended?) [C:\Users\Public\jpegview-arm64-build\extras\scripts\libjxl\arm64\lib\jxl_dec-obj.vcxproj]
C:\Users\Public\jpegview-arm64-build\extras\third_party\libjxl\lib\jxl\dec_group.cc(382,52): warning C4267: '+=': conversion from 'size_t' to 'int', possible loss of data [C:\Users\Public\jpegview-arm64-build\extras\scripts\libjxl\arm64\lib\jxl_dec-obj.vcxproj]
C:\Users\Public\jpegview-arm64-build\extras\third_party\libjxl\lib\jxl\dec_group.cc(394,30): warning C4244: '=': conversion from 'T' to 'int16_t', possible loss of data [C:\Users\Public\jpegview-arm64-build\extras\scripts\libjxl\arm64\lib\jxl_dec-obj.vcxproj]
          with
          [
              T=float
          ]
C:\Users\Public\jpegview-arm64-build\extras\third_party\libjxl\lib/jxl/dec_ans.h(252,1): warning C4267: 'return': conversion from 'size_t' to 'uint32_t', possible loss of data [C:\Users\Public\jpegview-arm64-build\extras\scripts\libjxl\arm64\lib\jxl_dec-obj.vcxproj]
C:\Users\Public\jpegview-arm64-build\extras\third_party\libjxl\lib/jxl/dec_ans.h(288): message : see reference to function template instantiation 'uint32_t jxl::ANSSymbolReader::ReadHybridUintConfig<jxl::BitReader>(const jxl::HybridUintConfig &,size_t,BitReader *)' being compiled [C:\Users\Public\jpegview-arm64-build\extras\scripts\libjxl\arm64\lib\jxl_dec-obj.vcxproj]
          with
          [
              BitReader=jxl::BitReader
          ]
C:\Users\Public\jpegview-arm64-build\extras\third_party\libjxl\lib/jxl/dec_ans.h(254,1): warning C4267: 'initializing': conversion from 'size_t' to 'uint32_t', possible loss of data [C:\Users\Public\jpegview-arm64-build\extras\scripts\libjxl\arm64\lib\jxl_dec-obj.vcxproj]
C:\Users\Public\jpegview-arm64-build\extras\third_party\libjxl\lib/jxl/dec_ans.h(268,1): warning C4334: '<<': result of 32-bit shift implicitly converted to 64 bits (was 64-bit shift intended?) [C:\Users\Public\jpegview-arm64-build\extras\scripts\libjxl\arm64\lib\jxl_dec-obj.vcxproj]
C:\Users\Public\jpegview-arm64-build\extras\third_party\libjxl\lib\jxl\dec_group.cc(449,1): warning C4334: '<<': result of 32-bit shift implicitly converted to 64 bits (was 64-bit shift intended?) [C:\Users\Public\jpegview-arm64-build\extras\scripts\libjxl\arm64\lib\jxl_dec-obj.vcxproj]
C:\Users\Public\jpegview-arm64-build\extras\third_party\libjxl\lib\jxl\dec_group.cc(543): message : see reference to function template instantiation 'jxl::Status jxl::`anonymous-namespace'::DecodeACVarBlock<jxl::ACType::k16,1>(size_t,size_t,int32_t *__restrict ,const int32_t *__restrict ,size_t,size_t,size_t,size_t,size_t,jxl::AcStrategy,const jxl::coeff_order_t *__restrict ,jxl::BitReader *__restrict ,jxl::ANSSymbolReader *__restrict ,const std::vector<uint8_t,std::allocator<uint8_t>> &,const uint8_t *,const int32_t *,const jxl::BlockCtxMap &,jxl::ACPtr,size_t)' being compiled [C:\Users\Public\jpegview-arm64-build\extras\scripts\libjxl\arm64\lib\jxl_dec-obj.vcxproj]
C:\Users\Public\jpegview-arm64-build\extras\third_party\libjxl\lib\jxl\dec_group.cc(460,1): warning C4267: 'argument': conversion from 'size_t' to 'uint32_t', possible loss of data [C:\Users\Public\jpegview-arm64-build\extras\scripts\libjxl\arm64\lib\jxl_dec-obj.vcxproj]
C:\Users\Public\jpegview-arm64-build\extras\third_party\libjxl\lib\jxl\dec_group.cc(460,1): warning C4267: 'initializing': conversion from 'size_t' to 'int32_t', possible loss of data [C:\Users\Public\jpegview-arm64-build\extras\scripts\libjxl\arm64\lib\jxl_dec-obj.vcxproj]
C:\Users\Public\jpegview-arm64-build\extras\third_party\libjxl\lib\jxl\dec_group.cc(460,1): warning C4267: 'initializing': conversion from 'size_t' to 'const int32_t', possible loss of data [C:\Users\Public\jpegview-arm64-build\extras\scripts\libjxl\arm64\lib\jxl_dec-obj.vcxproj]
C:\Users\Public\jpegview-arm64-build\extras\third_party\libjxl\lib\jxl\dec_group.cc(470,1): warning C4267: '=': conversion from 'size_t' to 'int32_t', possible loss of data [C:\Users\Public\jpegview-arm64-build\extras\scripts\libjxl\arm64\lib\jxl_dec-obj.vcxproj]
C:\Users\Public\jpegview-arm64-build\extras\third_party\libjxl\lib\jxl\dec_group.cc(475,1): warning C4267: 'argument': conversion from 'size_t' to 'uint32_t', possible loss of data [C:\Users\Public\jpegview-arm64-build\extras\scripts\libjxl\arm64\lib\jxl_dec-obj.vcxproj]
C:\Users\Public\jpegview-arm64-build\extras\third_party\libjxl\lib\jxl\dec_group.cc(491,1): warning C4244: '+=': conversion from 'const intptr_t' to 'int16_t', possible loss of data [C:\Users\Public\jpegview-arm64-build\extras\scripts\libjxl\arm64\lib\jxl_dec-obj.vcxproj]
C:\Users\Public\jpegview-arm64-build\extras\third_party\libjxl\lib\jxl\dec_group.cc(493,1): warning C4244: '+=': conversion from 'const intptr_t' to 'int32_t', possible loss of data [C:\Users\Public\jpegview-arm64-build\extras\scripts\libjxl\arm64\lib\jxl_dec-obj.vcxproj]
C:\Users\Public\jpegview-arm64-build\extras\third_party\libjxl\lib/jxl/dec_ans.h(314,1): warning C4267: '=': conversion from 'size_t' to 'uint32_t', possible loss of data [C:\Users\Public\jpegview-arm64-build\extras\scripts\libjxl\arm64\lib\jxl_dec-obj.vcxproj]
C:\Users\Public\jpegview-arm64-build\extras\third_party\libjxl\lib/jxl/dec_ans.h(369): message : see reference to function template instantiation 'size_t jxl::ANSSymbolReader::ReadHybridUintClusteredInlined<true>(size_t,jxl::BitReader *__restrict )' being compiled [C:\Users\Public\jpegview-arm64-build\extras\scripts\libjxl\arm64\lib\jxl_dec-obj.vcxproj]
C:\Users\Public\jpegview-arm64-build\extras\third_party\libjxl\lib/jxl/dec_ans.h(394): message : see reference to function template instantiation 'size_t jxl::ANSSymbolReader::ReadHybridUintClustered<true>(size_t,jxl::BitReader *__restrict )' being compiled [C:\Users\Public\jpegview-arm64-build\extras\scripts\libjxl\arm64\lib\jxl_dec-obj.vcxproj]
C:\Users\Public\jpegview-arm64-build\extras\third_party\libjxl\lib/jxl/dec_ans.h(341,1): warning C4267: '=': conversion from 'size_t' to 'uint32_t', possible loss of data [C:\Users\Public\jpegview-arm64-build\extras\scripts\libjxl\arm64\lib\jxl_dec-obj.vcxproj]
C:\Users\Public\jpegview-arm64-build\extras\third_party\libjxl\lib/jxl/dec_ans.h(356,1): warning C4267: '=': conversion from 'size_t' to 'uint32_t', possible loss of data [C:\Users\Public\jpegview-arm64-build\extras\scripts\libjxl\arm64\lib\jxl_dec-obj.vcxproj]
C:\Users\Public\jpegview-arm64-build\extras\third_party\libjxl\lib/jxl/dec_ans.h(362,1): warning C4267: '=': conversion from 'size_t' to 'uint32_t', possible loss of data [C:\Users\Public\jpegview-arm64-build\extras\scripts\libjxl\arm64\lib\jxl_dec-obj.vcxproj]
  dec_group_border.cc
C:\Users\Public\jpegview-arm64-build\extras\third_party\libjxl\lib/jxl/base/status.h(132,47): warning C4646: function declared with 'noreturn' has non-void return type [C:\Users\Public\jpegview-arm64-build\extras\scripts\libjxl\arm64\lib\jxl_dec-obj.vcxproj]
  dec_huffman.cc
C:\Users\Public\jpegview-arm64-build\extras\third_party\libjxl\lib/jxl/base/status.h(132,47): warning C4646: function declared with 'noreturn' has non-void return type [C:\Users\Public\jpegview-arm64-build\extras\scripts\libjxl\arm64\lib\jxl_dec-obj.vcxproj]
C:\Users\Public\jpegview-arm64-build\extras\third_party\libjxl\lib\jxl\dec_huffman.cc(103,21): warning C4244: 'initializing': conversion from 'uint64_t' to 'uint16_t', possible loss of data [C:\Users\Public\jpegview-arm64-build\extras\scripts\libjxl\arm64\lib\jxl_dec-obj.vcxproj]
C:\Users\Public\jpegview-arm64-build\extras\third_party\libjxl\lib\jxl\dec_huffman.cc(193,32): warning C4244: 'initializing': conversion from 'uint64_t' to 'uint32_t', possible loss of data [C:\Users\Public\jpegview-arm64-build\extras\scripts\libjxl\arm64\lib\jxl_dec-obj.vcxproj]
C:\Users\Public\jpegview-arm64-build\extras\third_party\libjxl\lib\jxl\dec_huffman.cc(224,56): warning C4267: 'argument': conversion from 'size_t' to 'int', possible loss of data [C:\Users\Public\jpegview-arm64-build\extras\scripts\libjxl\arm64\lib\jxl_dec-obj.vcxproj]
  dec_modular.cc
C:\Users\Public\jpegview-arm64-build\extras\third_party\libjxl\lib/jxl/base/status.h(132,47): warning C4646: function declared with 'noreturn' has non-void return type [C:\Users\Public\jpegview-arm64-build\extras\scripts\libjxl\arm64\lib\jxl_dec-obj.vcxproj]
C:\Users\Public\jpegview-arm64-build\extras\third_party\libjxl\lib/jxl/ac_context.h(112,1): warning C4267: 'return': conversion from 'size_t' to 'uint32_t', possible loss of data [C:\Users\Public\jpegview-arm64-build\extras\scripts\libjxl\arm64\lib\jxl_dec-obj.vcxproj]
C:\Users\Public\jpegview-arm64-build\extras\third_party\libjxl\lib/jxl/ac_context.h(124,1): warning C4267: 'return': conversion from 'size_t' to 'uint32_t', possible loss of data [C:\Users\Public\jpegview-arm64-build\extras\scripts\libjxl\arm64\lib\jxl_dec-obj.vcxproj]
C:\Users\Public\jpegview-arm64-build\extras\third_party\libjxl\lib/jxl/ac_context.h(137,1): warning C4267: 'return': conversion from 'size_t' to 'uint32_t', possible loss of data [C:\Users\Public\jpegview-arm64-build\extras\scripts\libjxl\arm64\lib\jxl_dec-obj.vcxproj]
C:\Users\Public\jpegview-arm64-build\extras\third_party\libjxl\lib/jxl/chroma_from_luma.h(120,41): warning C4244: 'return': conversion from 'const uint32_t' to 'float', possible loss of data [C:\Users\Public\jpegview-arm64-build\extras\scripts\libjxl\arm64\lib\jxl_dec-obj.vcxproj]
C:\Users\Public\jpegview-arm64-build\extras\third_party\libjxl\lib/jxl/frame_header.h(105,1): warning C4267: '=': conversion from 'size_t' to 'uint32_t', possible loss of data [C:\Users\Public\jpegview-arm64-build\extras\scripts\libjxl\arm64\lib\jxl_dec-obj.vcxproj]
C:\Users\Public\jpegview-arm64-build\extras\third_party\libjxl\lib/jxl/quantizer.h(86,41): warning C4244: '=': conversion from 'double' to 'float', possible loss of data [C:\Users\Public\jpegview-arm64-build\extras\scripts\libjxl\arm64\lib\jxl_dec-obj.vcxproj]
C:\Users\Public\jpegview-arm64-build\extras\third_party\libjxl\lib/jxl/quantizer.h(87,49): warning C4244: '=': conversion from 'double' to 'float', possible loss of data [C:\Users\Public\jpegview-arm64-build\extras\scripts\libjxl\arm64\lib\jxl_dec-obj.vcxproj]
C:\Users\Public\jpegview-arm64-build\extras\third_party\libjxl\lib/jxl/dec_ans.h(78,1): warning C4267: 'initializing': conversion from 'size_t' to 'uint32_t', possible loss of data [C:\Users\Public\jpegview-arm64-build\extras\scripts\libjxl\arm64\lib\jxl_dec-obj.vcxproj]
C:\Users\Public\jpegview-arm64-build\extras\third_party\libjxl\lib/jxl/dec_ans.h(175,1): warning C4267: '=': conversion from 'size_t' to 'uint32_t', possible loss of data [C:\Users\Public\jpegview-arm64-build\extras\scripts\libjxl\arm64\lib\jxl_dec-obj.vcxproj]
C:\Users\Public\jpegview-arm64-build\extras\third_party\libjxl\lib/jxl/dec_ans.h(197,1): warning C4267: '=': conversion from 'size_t' to 'uint32_t', possible loss of data [C:\Users\Public\jpegview-arm64-build\extras\scripts\libjxl\arm64\lib\jxl_dec-obj.vcxproj]
C:\Users\Public\jpegview-arm64-build\extras\third_party\libjxl\lib/jxl/dec_ans.h(411,1): warning C4267: '=': conversion from 'size_t' to 'uint32_t', possible loss of data [C:\Users\Public\jpegview-arm64-build\extras\scripts\libjxl\arm64\lib\jxl_dec-obj.vcxproj]
C:\Users\Public\jpegview-arm64-build\extras\third_party\libjxl\lib/jxl/dec_ans.h(414,1): warning C4267: '=': conversion from 'size_t' to 'uint32_t', possible loss of data [C:\Users\Public\jpegview-arm64-build\extras\scripts\libjxl\arm64\lib\jxl_dec-obj.vcxproj]
C:\Users\Public\jpegview-arm64-build\extras\third_party\libjxl\lib/jxl/dec_cache.h(203,1): warning C4334: '<<': result of 32-bit shift implicitly converted to 64 bits (was 64-bit shift intended?) [C:\Users\Public\jpegview-arm64-build\extras\scripts\libjxl\arm64\lib\jxl_dec-obj.vcxproj]
C:\Users\Public\jpegview-arm64-build\extras\third_party\libjxl\lib/jxl/modular/encoding/context_predict.h(110,1): warning C4267: 'initializing': conversion from 'size_t' to 'uint32_t', possible loss of data [C:\Users\Public\jpegview-arm64-build\extras\scripts\libjxl\arm64\lib\jxl_dec-obj.vcxproj]
C:\Users\Public\jpegview-arm64-build\extras\third_party\libjxl\lib/jxl/modular/encoding/context_predict.h(191,31): warning C4244: '=': conversion from 'jxl::pixel_type_w' to '_Ty', possible loss of data [C:\Users\Public\jpegview-arm64-build\extras\scripts\libjxl\arm64\lib\jxl_dec-obj.vcxproj]
          with
          [
              _Ty=int
          ]
C:\Users\Public\jpegview-arm64-build\extras\third_party\libjxl\lib/jxl/modular/encoding/context_predict.h(196,37): warning C4244: '=': conversion from 'jxl::pixel_type_w' to '_Ty', possible loss of data [C:\Users\Public\jpegview-arm64-build\extras\scripts\libjxl\arm64\lib\jxl_dec-obj.vcxproj]
          with
          [
              _Ty=uint32_t
          ]
C:\Users\Public\jpegview-arm64-build\extras\third_party\libjxl\lib/jxl/modular/encoding/context_predict.h(199,1): warning C4244: '+=': conversion from 'jxl::pixel_type_w' to '_Ty', possible loss of data [C:\Users\Public\jpegview-arm64-build\extras\scripts\libjxl\arm64\lib\jxl_dec-obj.vcxproj]
          with
          [
              _Ty=uint32_t
          ]
C:\Users\Public\jpegview-arm64-build\extras\third_party\libjxl\lib/jxl/modular/encoding/context_predict.h(329,7): warning C4806: '|': unsafe operation: no value of type 'bool' promoted to type 'int' can equal the given constant [C:\Users\Public\jpegview-arm64-build\extras\scripts\libjxl\arm64\lib\jxl_dec-obj.vcxproj]
C:\Users\Public\jpegview-arm64-build\extras\third_party\libjxl\lib/jxl/modular/encoding/context_predict.h(330,7): warning C4806: '|': unsafe operation: no value of type 'bool' promoted to type 'int' can equal the given constant [C:\Users\Public\jpegview-arm64-build\extras\scripts\libjxl\arm64\lib\jxl_dec-obj.vcxproj]
C:\Users\Public\jpegview-arm64-build\extras\third_party\libjxl\lib/jxl/modular/encoding/context_predict.h(392,23): warning C4244: '=': conversion from '__int64' to 'jxl::pixel_type', possible loss of data [C:\Users\Public\jpegview-arm64-build\extras\scripts\libjxl\arm64\lib\jxl_dec-obj.vcxproj]
C:\Users\Public\jpegview-arm64-build\extras\third_party\libjxl\lib/jxl/modular/encoding/context_predict.h(393,15): warning C4244: '=': conversion from 'jxl::pixel_type_w' to 'jxl::pixel_type', possible loss of data [C:\Users\Public\jpegview-arm64-build\extras\scripts\libjxl\arm64\lib\jxl_dec-obj.vcxproj]
C:\Users\Public\jpegview-arm64-build\extras\third_party\libjxl\lib/jxl/modular/encoding/context_predict.h(397,62): warning C4244: 'argument': conversion from 'jxl::pixel_type_w' to 'const int32_t', possible loss of data [C:\Users\Public\jpegview-arm64-build\extras\scripts\libjxl\arm64\lib\jxl_dec-obj.vcxproj]
C:\Users\Public\jpegview-arm64-build\extras\third_party\libjxl\lib/jxl/modular/encoding/context_predict.h(397,56): warning C4244: 'argument': conversion from 'jxl::pixel_type_w' to 'const int32_t', possible loss of data [C:\Users\Public\jpegview-arm64-build\extras\scripts\libjxl\arm64\lib\jxl_dec-obj.vcxproj]
C:\Users\Public\jpegview-arm64-build\extras\third_party\libjxl\lib/jxl/modular/encoding/context_predict.h(397,49): warning C4244: 'argument': conversion from 'jxl::pixel_type_w' to 'const int32_t', possible loss of data [C:\Users\Public\jpegview-arm64-build\extras\scripts\libjxl\arm64\lib\jxl_dec-obj.vcxproj]
C:\Users\Public\jpegview-arm64-build\extras\third_party\libjxl\lib/jxl/modular/encoding/context_predict.h(398,23): warning C4244: '=': conversion from '__int64' to 'jxl::pixel_type', possible loss of data [C:\Users\Public\jpegview-arm64-build\extras\scripts\libjxl\arm64\lib\jxl_dec-obj.vcxproj]
C:\Users\Public\jpegview-arm64-build\extras\third_party\libjxl\lib/jxl/modular/encoding/context_predict.h(399,17): warning C4244: '=': conversion from 'jxl::pixel_type_w' to 'jxl::pixel_type', possible loss of data [C:\Users\Public\jpegview-arm64-build\extras\scripts\libjxl\arm64\lib\jxl_dec-obj.vcxproj]
C:\Users\Public\jpegview-arm64-build\extras\third_party\libjxl\lib/jxl/modular/encoding/context_predict.h(451,54): warning C4244: 'argument': conversion from 'jxl::pixel_type_w' to 'const int32_t', possible loss of data [C:\Users\Public\jpegview-arm64-build\extras\scripts\libjxl\arm64\lib\jxl_dec-obj.vcxproj]
C:\Users\Public\jpegview-arm64-build\extras\third_party\libjxl\lib/jxl/modular/encoding/context_predict.h(451,49): warning C4244: 'argument': conversion from 'jxl::pixel_type_w' to 'const int32_t', possible loss of data [C:\Users\Public\jpegview-arm64-build\extras\scripts\libjxl\arm64\lib\jxl_dec-obj.vcxproj]
C:\Users\Public\jpegview-arm64-build\extras\third_party\libjxl\lib/jxl/modular/encoding/context_predict.h(451,43): warning C4244: 'argument': conversion from 'jxl::pixel_type_w' to 'const int32_t', possible loss of data [C:\Users\Public\jpegview-arm64-build\extras\scripts\libjxl\arm64\lib\jxl_dec-obj.vcxproj]
C:\Users\Public\jpegview-arm64-build\extras\third_party\libjxl\lib\jxl\dec_modular.cc(102,28): warning C4244: '=': conversion from 'double' to 'float', possible loss of data [C:\Users\Public\jpegview-arm64-build\extras\scripts\libjxl\arm64\lib\jxl_dec-obj.vcxproj]
C:\Users\Public\jpegview-arm64-build\extras\third_party\libjxl\lib\jxl\dec_modular.cc(220,31): warning C4267: 'argument': conversion from 'size_t' to 'int', possible loss of data [C:\Users\Public\jpegview-arm64-build\extras\scripts\libjxl\arm64\lib\jxl_dec-obj.vcxproj]
C:\Users\Public\jpegview-arm64-build\extras\third_party\libjxl\lib\jxl\dec_modular.cc(225,71): warning C4267: '=': conversion from 'size_t' to 'int', possible loss of data [C:\Users\Public\jpegview-arm64-build\extras\scripts\libjxl\arm64\lib\jxl_dec-obj.vcxproj]
C:\Users\Public\jpegview-arm64-build\extras\third_party\libjxl\lib\jxl\dec_modular.cc(226,71): warning C4267: '=': conversion from 'size_t' to 'int', possible loss of data [C:\Users\Public\jpegview-arm64-build\extras\scripts\libjxl\arm64\lib\jxl_dec-obj.vcxproj]
C:\Users\Public\jpegview-arm64-build\extras\third_party\libjxl\lib\jxl\dec_modular.cc(231,56): warning C4267: 'argument': conversion from 'size_t' to 'int', possible loss of data [C:\Users\Public\jpegview-arm64-build\extras\scripts\libjxl\arm64\lib\jxl_dec-obj.vcxproj]
C:\Users\Public\jpegview-arm64-build\extras\third_party\libjxl\lib\jxl\dec_modular.cc(241,67): warning C4267: 'argument': conversion from 'size_t' to 'int', possible loss of data [C:\Users\Public\jpegview-arm64-build\extras\scripts\libjxl\arm64\lib\jxl_dec-obj.vcxproj]
C:\Users\Public\jpegview-arm64-build\extras\third_party\libjxl\lib\jxl\dec_modular.cc(243,74): warning C4267: '=': conversion from 'size_t' to 'int', possible loss of data [C:\Users\Public\jpegview-arm64-build\extras\scripts\libjxl\arm64\lib\jxl_dec-obj.vcxproj]
C:\Users\Public\jpegview-arm64-build\extras\third_party\libjxl\lib\jxl\dec_modular.cc(566,1): warning C4244: 'argument': conversion from 'double' to 'const float', possible loss of data [C:\Users\Public\jpegview-arm64-build\extras\scripts\libjxl\arm64\lib\jxl_dec-obj.vcxproj]
C:\Users\Public\jpegview-arm64-build\extras\third_party\libjxl\lib\jxl\dec_modular.cc(578,1): warning C4267: 'argument': conversion from 'size_t' to 'const uint32_t', possible loss of data [C:\Users\Public\jpegview-arm64-build\extras\scripts\libjxl\arm64\lib\jxl_dec-obj.vcxproj]
C:\Users\Public\jpegview-arm64-build\extras\third_party\libjxl\lib\jxl\dec_modular.cc(598,1): warning C4267: 'argument': conversion from 'size_t' to 'const uint32_t', possible loss of data [C:\Users\Public\jpegview-arm64-build\extras\scripts\libjxl\arm64\lib\jxl_dec-obj.vcxproj]
C:\Users\Public\jpegview-arm64-build\extras\third_party\libjxl\lib\jxl\dec_modular.cc(600,1): warning C4244: 'argument': conversion from 'double' to 'const float', possible loss of data [C:\Users\Public\jpegview-arm64-build\extras\scripts\libjxl\arm64\lib\jxl_dec-obj.vcxproj]
C:\Users\Public\jpegview-arm64-build\extras\third_party\libjxl\lib\jxl\dec_modular.cc(630,1): warning C4267: 'argument': conversion from 'size_t' to 'const uint32_t', possible loss of data [C:\Users\Public\jpegview-arm64-build\extras\scripts\libjxl\arm64\lib\jxl_dec-obj.vcxproj]
C:\Users\Public\jpegview-arm64-build\extras\third_party\libjxl\lib\jxl\dec_modular.cc(672,31): warning C4244: 'argument': conversion from 'const double' to 'const float', possible loss of data [C:\Users\Public\jpegview-arm64-build\extras\scripts\libjxl\arm64\lib\jxl_dec-obj.vcxproj]
C:\Users\Public\jpegview-arm64-build\extras\third_party\libjxl\lib\jxl\dec_modular.cc(724,1): warning C4267: 'argument': conversion from 'size_t' to 'const uint32_t', possible loss of data [C:\Users\Public\jpegview-arm64-build\extras\scripts\libjxl\arm64\lib\jxl_dec-obj.vcxproj]
C:\Users\Public\jpegview-arm64-build\extras\third_party\libjxl\lib/jxl/dec_ans.h(252,1): warning C4267: 'return': conversion from 'size_t' to 'uint32_t', possible loss of data [C:\Users\Public\jpegview-arm64-build\extras\scripts\libjxl\arm64\lib\jxl_dec-obj.vcxproj]
C:\Users\Public\jpegview-arm64-build\extras\third_party\libjxl\lib/jxl/dec_ans.h(288): message : see reference to function template instantiation 'uint32_t jxl::ANSSymbolReader::ReadHybridUintConfig<jxl::BitReader>(const jxl::HybridUintConfig &,size_t,BitReader *)' being compiled [C:\Users\Public\jpegview-arm64-build\extras\scripts\libjxl\arm64\lib\jxl_dec-obj.vcxproj]
          with
          [
              BitReader=jxl::BitReader
          ]
C:\Users\Public\jpegview-arm64-build\extras\third_party\libjxl\lib/jxl/dec_ans.h(254,1): warning C4267: 'initializing': conversion from 'size_t' to 'uint32_t', possible loss of data [C:\Users\Public\jpegview-arm64-build\extras\scripts\libjxl\arm64\lib\jxl_dec-obj.vcxproj]
C:\Users\Public\jpegview-arm64-build\extras\third_party\libjxl\lib/jxl/dec_ans.h(268,1): warning C4334: '<<': result of 32-bit shift implicitly converted to 64 bits (was 64-bit shift intended?) [C:\Users\Public\jpegview-arm64-build\extras\scripts\libjxl\arm64\lib\jxl_dec-obj.vcxproj]
C:\Users\Public\jpegview-arm64-build\extras\third_party\libjxl\lib/jxl/modular/encoding/context_predict.h(497,1): warning C4267: '=': conversion from 'size_t' to '_Ty', possible loss of data [C:\Users\Public\jpegview-arm64-build\extras\scripts\libjxl\arm64\lib\jxl_dec-obj.vcxproj]
          with
          [
              _Ty=int
          ]
C:\Users\Public\jpegview-arm64-build\extras\third_party\libjxl\lib/jxl/modular/encoding/context_predict.h(559): message : see reference to function template instantiation 'jxl::PredictionResult jxl::detail::Predict<0>(jxl::Properties *,size_t,const jxl::pixel_type *__restrict ,const intptr_t,const size_t,const size_t,jxl::Predictor,const jxl::MATreeLookup *,const jxl::Channel *,jxl::weighted::State *,jxl::pixel_type_w *)' being compiled [C:\Users\Public\jpegview-arm64-build\extras\scripts\libjxl\arm64\lib\jxl_dec-obj.vcxproj]
C:\Users\Public\jpegview-arm64-build\extras\third_party\libjxl\lib/jxl/modular/encoding/context_predict.h(499,26): warning C4244: '=': conversion from 'jxl::pixel_type_w' to '_Ty', possible loss of data [C:\Users\Public\jpegview-arm64-build\extras\scripts\libjxl\arm64\lib\jxl_dec-obj.vcxproj]
          with
          [
              _Ty=int
          ]
C:\Users\Public\jpegview-arm64-build\extras\third_party\libjxl\lib/jxl/modular/encoding/context_predict.h(500,27): warning C4244: '=': conversion from 'jxl::pixel_type_w' to '_Ty', possible loss of data [C:\Users\Public\jpegview-arm64-build\extras\scripts\libjxl\arm64\lib\jxl_dec-obj.vcxproj]
          with
          [
              _Ty=int
          ]
C:\Users\Public\jpegview-arm64-build\extras\third_party\libjxl\lib/jxl/modular/encoding/context_predict.h(501,22): warning C4244: '=': conversion from 'jxl::pixel_type_w' to '_Ty', possible loss of data [C:\Users\Public\jpegview-arm64-build\extras\scripts\libjxl\arm64\lib\jxl_dec-obj.vcxproj]
          with
          [
              _Ty=int
          ]
C:\Users\Public\jpegview-arm64-build\extras\third_party\libjxl\lib/jxl/modular/encoding/context_predict.h(502,22): warning C4244: '=': conversion from 'jxl::pixel_type_w' to '_Ty', possible loss of data [C:\Users\Public\jpegview-arm64-build\extras\scripts\libjxl\arm64\lib\jxl_dec-obj.vcxproj]
          with
          [
              _Ty=int
          ]
C:\Users\Public\jpegview-arm64-build\extras\third_party\libjxl\lib/jxl/modular/encoding/context_predict.h(505,25): warning C4244: '=': conversion from 'jxl::pixel_type_w' to '_Ty', possible loss of data [C:\Users\Public\jpegview-arm64-build\extras\scripts\libjxl\arm64\lib\jxl_dec-obj.vcxproj]
          with
          [
              _Ty=int
          ]
C:\Users\Public\jpegview-arm64-build\extras\third_party\libjxl\lib/jxl/modular/encoding/context_predict.h(508,33): warning C4244: '=': conversion from 'jxl::pixel_type_w' to '_Ty', possible loss of data [C:\Users\Public\jpegview-arm64-build\extras\scripts\libjxl\arm64\lib\jxl_dec-obj.vcxproj]
          with
          [
              _Ty=int
          ]
C:\Users\Public\jpegview-arm64-build\extras\third_party\libjxl\lib/jxl/modular/encoding/context_predict.h(511,27): warning C4244: '=': conversion from 'jxl::pixel_type_w' to '_Ty', possible loss of data [C:\Users\Public\jpegview-arm64-build\extras\scripts\libjxl\arm64\lib\jxl_dec-obj.vcxproj]
          with
          [
              _Ty=int
          ]
C:\Users\Public\jpegview-arm64-build\extras\third_party\libjxl\lib/jxl/modular/encoding/context_predict.h(512,30): warning C4244: '=': conversion from 'jxl::pixel_type_w' to '_Ty', possible loss of data [C:\Users\Public\jpegview-arm64-build\extras\scripts\libjxl\arm64\lib\jxl_dec-obj.vcxproj]
          with
          [
              _Ty=int
          ]
C:\Users\Public\jpegview-arm64-build\extras\third_party\libjxl\lib/jxl/modular/encoding/context_predict.h(513,26): warning C4244: '=': conversion from 'jxl::pixel_type_w' to '_Ty', possible loss of data [C:\Users\Public\jpegview-arm64-build\extras\scripts\libjxl\arm64\lib\jxl_dec-obj.vcxproj]
          with
          [
              _Ty=int
          ]
C:\Users\Public\jpegview-arm64-build\extras\third_party\libjxl\lib/jxl/modular/encoding/context_predict.h(514,26): warning C4244: '=': conversion from 'jxl::pixel_type_w' to '_Ty', possible loss of data [C:\Users\Public\jpegview-arm64-build\extras\scripts\libjxl\arm64\lib\jxl_dec-obj.vcxproj]
          with
          [
              _Ty=int
          ]
C:\Users\Public\jpegview-arm64-build\extras\third_party\libjxl\lib/jxl/modular/encoding/context_predict.h(515,27): warning C4244: '=': conversion from 'jxl::pixel_type_w' to '_Ty', possible loss of data [C:\Users\Public\jpegview-arm64-build\extras\scripts\libjxl\arm64\lib\jxl_dec-obj.vcxproj]
          with
          [
              _Ty=int
          ]
C:\Users\Public\jpegview-arm64-build\extras\third_party\libjxl\lib/jxl/modular/encoding/context_predict.h(485,1): warning C4305: 'initializing': truncation from 'int' to 'const bool' [C:\Users\Public\jpegview-arm64-build\extras\scripts\libjxl\arm64\lib\jxl_dec-obj.vcxproj]
C:\Users\Public\jpegview-arm64-build\extras\third_party\libjxl\lib/jxl/modular/encoding/context_predict.h(589): message : see reference to function template instantiation 'jxl::PredictionResult jxl::detail::Predict<17>(jxl::Properties *,size_t,const jxl::pixel_type *__restrict ,const intptr_t,const size_t,const size_t,jxl::Predictor,const jxl::MATreeLookup *,const jxl::Channel *,jxl::weighted::State *,jxl::pixel_type_w *)' being compiled [C:\Users\Public\jpegview-arm64-build\extras\scripts\libjxl\arm64\lib\jxl_dec-obj.vcxproj]
C:\Users\Public\jpegview-arm64-build\extras\third_party\libjxl\lib/jxl/dec_ans.h(314,1): warning C4267: '=': conversion from 'size_t' to 'uint32_t', possible loss of data [C:\Users\Public\jpegview-arm64-build\extras\scripts\libjxl\arm64\lib\jxl_dec-obj.vcxproj]
C:\Users\Public\jpegview-arm64-build\extras\third_party\libjxl\lib/jxl/dec_ans.h(369): message : see reference to function template instantiation 'size_t jxl::ANSSymbolReader::ReadHybridUintClusteredInlined<true>(size_t,jxl::BitReader *__restrict )' being compiled [C:\Users\Public\jpegview-arm64-build\extras\scripts\libjxl\arm64\lib\jxl_dec-obj.vcxproj]
C:\Users\Public\jpegview-arm64-build\extras\third_party\libjxl\lib/jxl/dec_ans.h(394): message : see reference to function template instantiation 'size_t jxl::ANSSymbolReader::ReadHybridUintClustered<true>(size_t,jxl::BitReader *__restrict )' being compiled [C:\Users\Public\jpegview-arm64-build\extras\scripts\libjxl\arm64\lib\jxl_dec-obj.vcxproj]
C:\Users\Public\jpegview-arm64-build\extras\third_party\libjxl\lib/jxl/dec_ans.h(341,1): warning C4267: '=': conversion from 'size_t' to 'uint32_t', possible loss of data [C:\Users\Public\jpegview-arm64-build\extras\scripts\libjxl\arm64\lib\jxl_dec-obj.vcxproj]
C:\Users\Public\jpegview-arm64-build\extras\third_party\libjxl\lib/jxl/dec_ans.h(356,1): warning C4267: '=': conversion from 'size_t' to 'uint32_t', possible loss of data [C:\Users\Public\jpegview-arm64-build\extras\scripts\libjxl\arm64\lib\jxl_dec-obj.vcxproj]
C:\Users\Public\jpegview-arm64-build\extras\third_party\libjxl\lib/jxl/dec_ans.h(362,1): warning C4267: '=': conversion from 'size_t' to 'uint32_t', possible loss of data [C:\Users\Public\jpegview-arm64-build\extras\scripts\libjxl\arm64\lib\jxl_dec-obj.vcxproj]
C:\Users\Public\jpegview-arm64-build\extras\third_party\libjxl\lib/jxl/modular/encoding/context_predict.h(161,33): warning C4244: '=': conversion from 'jxl::pixel_type_w' to '_Ty', possible loss of data [C:\Users\Public\jpegview-arm64-build\extras\scripts\libjxl\arm64\lib\jxl_dec-obj.vcxproj]
          with
          [
              _Ty=int
          ]
C:\Users\Public\jpegview-arm64-build\extras\third_party\libjxl\lib/jxl/modular/encoding/context_predict.h(521): message : see reference to function template instantiation 'jxl::pixel_type_w jxl::weighted::State::Predict<false>(size_t,size_t,size_t,jxl::pixel_type_w,jxl::pixel_type_w,jxl::pixel_type_w,jxl::pixel_type_w,jxl::pixel_type_w,jxl::Properties *,size_t)' being compiled [C:\Users\Public\jpegview-arm64-build\extras\scripts\libjxl\arm64\lib\jxl_dec-obj.vcxproj]
C:\Users\Public\jpegview-arm64-build\extras\third_party\libjxl\lib/jxl/modular/encoding/context_predict.h(559): message : see reference to function template instantiation 'jxl::PredictionResult jxl::detail::Predict<0>(jxl::Properties *,size_t,const jxl::pixel_type *__restrict ,const intptr_t,const size_t,const size_t,jxl::Predictor,const jxl::MATreeLookup *,const jxl::Channel *,jxl::weighted::State *,jxl::pixel_type_w *)' being compiled [C:\Users\Public\jpegview-arm64-build\extras\scripts\libjxl\arm64\lib\jxl_dec-obj.vcxproj]
  dec_noise.cc
C:\Users\Public\jpegview-arm64-build\extras\third_party\libjxl\lib/jxl/base/status.h(132,47): warning C4646: function declared with 'noreturn' has non-void return type [C:\Users\Public\jpegview-arm64-build\extras\scripts\libjxl\arm64\lib\jxl_dec-obj.vcxproj]
C:\Users\Public\jpegview-arm64-build\extras\third_party\libjxl\lib/jxl/ac_context.h(112,1): warning C4267: 'return': conversion from 'size_t' to 'uint32_t', possible loss of data [C:\Users\Public\jpegview-arm64-build\extras\scripts\libjxl\arm64\lib\jxl_dec-obj.vcxproj]
C:\Users\Public\jpegview-arm64-build\extras\third_party\libjxl\lib/jxl/ac_context.h(124,1): warning C4267: 'return': conversion from 'size_t' to 'uint32_t', possible loss of data [C:\Users\Public\jpegview-arm64-build\extras\scripts\libjxl\arm64\lib\jxl_dec-obj.vcxproj]
C:\Users\Public\jpegview-arm64-build\extras\third_party\libjxl\lib/jxl/ac_context.h(137,1): warning C4267: 'return': conversion from 'size_t' to 'uint32_t', possible loss of data [C:\Users\Public\jpegview-arm64-build\extras\scripts\libjxl\arm64\lib\jxl_dec-obj.vcxproj]
C:\Users\Public\jpegview-arm64-build\extras\third_party\libjxl\lib/jxl/chroma_from_luma.h(120,41): warning C4244: 'return': conversion from 'const uint32_t' to 'float', possible loss of data [C:\Users\Public\jpegview-arm64-build\extras\scripts\libjxl\arm64\lib\jxl_dec-obj.vcxproj]
C:\Users\Public\jpegview-arm64-build\extras\third_party\libjxl\lib\jxl\dec_noise.cc(93,35): warning C4267: 'argument': conversion from 'size_t' to 'const uint32_t', possible loss of data [C:\Users\Public\jpegview-arm64-build\extras\scripts\libjxl\arm64\lib\jxl_dec-obj.vcxproj]
C:\Users\Public\jpegview-arm64-build\extras\third_party\libjxl\lib\jxl\dec_noise.cc(118,49): warning C4244: 'initializing': conversion from 'uint64_t' to 'int', possible loss of data [C:\Users\Public\jpegview-arm64-build\extras\scripts\libjxl\arm64\lib\jxl_dec-obj.vcxproj]
C:\Users\Public\jpegview-arm64-build\extras\third_party\libjxl\lib\jxl\dec_noise.cc(118,26): warning C4244: 'initializing': conversion from 'uint64_t' to 'const int', possible loss of data [C:\Users\Public\jpegview-arm64-build\extras\scripts\libjxl\arm64\lib\jxl_dec-obj.vcxproj]
  dec_patch_dictionary.cc
C:\Users\Public\jpegview-arm64-build\extras\third_party\libjxl\lib/jxl/base/status.h(132,47): warning C4646: function declared with 'noreturn' has non-void return type [C:\Users\Public\jpegview-arm64-build\extras\scripts\libjxl\arm64\lib\jxl_dec-obj.vcxproj]
C:\Users\Public\jpegview-arm64-build\extras\third_party\libjxl\lib/jxl/ac_context.h(112,1): warning C4267: 'return': conversion from 'size_t' to 'uint32_t', possible loss of data [C:\Users\Public\jpegview-arm64-build\extras\scripts\libjxl\arm64\lib\jxl_dec-obj.vcxproj]
C:\Users\Public\jpegview-arm64-build\extras\third_party\libjxl\lib/jxl/ac_context.h(124,1): warning C4267: 'return': conversion from 'size_t' to 'uint32_t', possible loss of data [C:\Users\Public\jpegview-arm64-build\extras\scripts\libjxl\arm64\lib\jxl_dec-obj.vcxproj]
C:\Users\Public\jpegview-arm64-build\extras\third_party\libjxl\lib/jxl/ac_context.h(137,1): warning C4267: 'return': conversion from 'size_t' to 'uint32_t', possible loss of data [C:\Users\Public\jpegview-arm64-build\extras\scripts\libjxl\arm64\lib\jxl_dec-obj.vcxproj]
C:\Users\Public\jpegview-arm64-build\extras\third_party\libjxl\lib/jxl/chroma_from_luma.h(120,41): warning C4244: 'return': conversion from 'const uint32_t' to 'float', possible loss of data [C:\Users\Public\jpegview-arm64-build\extras\scripts\libjxl\arm64\lib\jxl_dec-obj.vcxproj]
C:\Users\Public\jpegview-arm64-build\extras\third_party\libjxl\lib/jxl/frame_header.h(105,1): warning C4267: '=': conversion from 'size_t' to 'uint32_t', possible loss of data [C:\Users\Public\jpegview-arm64-build\extras\scripts\libjxl\arm64\lib\jxl_dec-obj.vcxproj]
C:\Users\Public\jpegview-arm64-build\extras\third_party\libjxl\lib/jxl/quantizer.h(86,41): warning C4244: '=': conversion from 'double' to 'float', possible loss of data [C:\Users\Public\jpegview-arm64-build\extras\scripts\libjxl\arm64\lib\jxl_dec-obj.vcxproj]
C:\Users\Public\jpegview-arm64-build\extras\third_party\libjxl\lib/jxl/quantizer.h(87,49): warning C4244: '=': conversion from 'double' to 'float', possible loss of data [C:\Users\Public\jpegview-arm64-build\extras\scripts\libjxl\arm64\lib\jxl_dec-obj.vcxproj]
C:\Users\Public\jpegview-arm64-build\extras\third_party\libjxl\lib/jxl/dec_ans.h(78,1): warning C4267: 'initializing': conversion from 'size_t' to 'uint32_t', possible loss of data [C:\Users\Public\jpegview-arm64-build\extras\scripts\libjxl\arm64\lib\jxl_dec-obj.vcxproj]
C:\Users\Public\jpegview-arm64-build\extras\third_party\libjxl\lib/jxl/dec_ans.h(175,1): warning C4267: '=': conversion from 'size_t' to 'uint32_t', possible loss of data [C:\Users\Public\jpegview-arm64-build\extras\scripts\libjxl\arm64\lib\jxl_dec-obj.vcxproj]
C:\Users\Public\jpegview-arm64-build\extras\third_party\libjxl\lib/jxl/dec_ans.h(197,1): warning C4267: '=': conversion from 'size_t' to 'uint32_t', possible loss of data [C:\Users\Public\jpegview-arm64-build\extras\scripts\libjxl\arm64\lib\jxl_dec-obj.vcxproj]
C:\Users\Public\jpegview-arm64-build\extras\third_party\libjxl\lib/jxl/dec_ans.h(411,1): warning C4267: '=': conversion from 'size_t' to 'uint32_t', possible loss of data [C:\Users\Public\jpegview-arm64-build\extras\scripts\libjxl\arm64\lib\jxl_dec-obj.vcxproj]
C:\Users\Public\jpegview-arm64-build\extras\third_party\libjxl\lib/jxl/dec_ans.h(414,1): warning C4267: '=': conversion from 'size_t' to 'uint32_t', possible loss of data [C:\Users\Public\jpegview-arm64-build\extras\scripts\libjxl\arm64\lib\jxl_dec-obj.vcxproj]
C:\Users\Public\jpegview-arm64-build\extras\third_party\libjxl\lib/jxl/dec_cache.h(203,1): warning C4334: '<<': result of 32-bit shift implicitly converted to 64 bits (was 64-bit shift intended?) [C:\Users\Public\jpegview-arm64-build\extras\scripts\libjxl\arm64\lib\jxl_dec-obj.vcxproj]
C:\Users\Public\jpegview-arm64-build\extras\third_party\libjxl\lib/jxl/modular/encoding/context_predict.h(110,1): warning C4267: 'initializing': conversion from 'size_t' to 'uint32_t', possible loss of data [C:\Users\Public\jpegview-arm64-build\extras\scripts\libjxl\arm64\lib\jxl_dec-obj.vcxproj]
C:\Users\Public\jpegview-arm64-build\extras\third_party\libjxl\lib/jxl/modular/encoding/context_predict.h(191,31): warning C4244: '=': conversion from 'jxl::pixel_type_w' to '_Ty', possible loss of data [C:\Users\Public\jpegview-arm64-build\extras\scripts\libjxl\arm64\lib\jxl_dec-obj.vcxproj]
          with
          [
              _Ty=int
          ]
C:\Users\Public\jpegview-arm64-build\extras\third_party\libjxl\lib/jxl/modular/encoding/context_predict.h(196,37): warning C4244: '=': conversion from 'jxl::pixel_type_w' to '_Ty', possible loss of data [C:\Users\Public\jpegview-arm64-build\extras\scripts\libjxl\arm64\lib\jxl_dec-obj.vcxproj]
          with
          [
              _Ty=uint32_t
          ]
C:\Users\Public\jpegview-arm64-build\extras\third_party\libjxl\lib/jxl/modular/encoding/context_predict.h(199,1): warning C4244: '+=': conversion from 'jxl::pixel_type_w' to '_Ty', possible loss of data [C:\Users\Public\jpegview-arm64-build\extras\scripts\libjxl\arm64\lib\jxl_dec-obj.vcxproj]
          with
          [
              _Ty=uint32_t
          ]
C:\Users\Public\jpegview-arm64-build\extras\third_party\libjxl\lib/jxl/modular/encoding/context_predict.h(329,7): warning C4806: '|': unsafe operation: no value of type 'bool' promoted to type 'int' can equal the given constant [C:\Users\Public\jpegview-arm64-build\extras\scripts\libjxl\arm64\lib\jxl_dec-obj.vcxproj]
C:\Users\Public\jpegview-arm64-build\extras\third_party\libjxl\lib/jxl/modular/encoding/context_predict.h(330,7): warning C4806: '|': unsafe operation: no value of type 'bool' promoted to type 'int' can equal the given constant [C:\Users\Public\jpegview-arm64-build\extras\scripts\libjxl\arm64\lib\jxl_dec-obj.vcxproj]
C:\Users\Public\jpegview-arm64-build\extras\third_party\libjxl\lib/jxl/modular/encoding/context_predict.h(392,23): warning C4244: '=': conversion from '__int64' to 'jxl::pixel_type', possible loss of data [C:\Users\Public\jpegview-arm64-build\extras\scripts\libjxl\arm64\lib\jxl_dec-obj.vcxproj]
C:\Users\Public\jpegview-arm64-build\extras\third_party\libjxl\lib/jxl/modular/encoding/context_predict.h(393,15): warning C4244: '=': conversion from 'jxl::pixel_type_w' to 'jxl::pixel_type', possible loss of data [C:\Users\Public\jpegview-arm64-build\extras\scripts\libjxl\arm64\lib\jxl_dec-obj.vcxproj]
C:\Users\Public\jpegview-arm64-build\extras\third_party\libjxl\lib/jxl/modular/encoding/context_predict.h(397,62): warning C4244: 'argument': conversion from 'jxl::pixel_type_w' to 'const int32_t', possible loss of data [C:\Users\Public\jpegview-arm64-build\extras\scripts\libjxl\arm64\lib\jxl_dec-obj.vcxproj]
C:\Users\Public\jpegview-arm64-build\extras\third_party\libjxl\lib/jxl/modular/encoding/context_predict.h(397,56): warning C4244: 'argument': conversion from 'jxl::pixel_type_w' to 'const int32_t', possible loss of data [C:\Users\Public\jpegview-arm64-build\extras\scripts\libjxl\arm64\lib\jxl_dec-obj.vcxproj]
C:\Users\Public\jpegview-arm64-build\extras\third_party\libjxl\lib/jxl/modular/encoding/context_predict.h(397,49): warning C4244: 'argument': conversion from 'jxl::pixel_type_w' to 'const int32_t', possible loss of data [C:\Users\Public\jpegview-arm64-build\extras\scripts\libjxl\arm64\lib\jxl_dec-obj.vcxproj]
C:\Users\Public\jpegview-arm64-build\extras\third_party\libjxl\lib/jxl/modular/encoding/context_predict.h(398,23): warning C4244: '=': conversion from '__int64' to 'jxl::pixel_type', possible loss of data [C:\Users\Public\jpegview-arm64-build\extras\scripts\libjxl\arm64\lib\jxl_dec-obj.vcxproj]
C:\Users\Public\jpegview-arm64-build\extras\third_party\libjxl\lib/jxl/modular/encoding/context_predict.h(399,17): warning C4244: '=': conversion from 'jxl::pixel_type_w' to 'jxl::pixel_type', possible loss of data [C:\Users\Public\jpegview-arm64-build\extras\scripts\libjxl\arm64\lib\jxl_dec-obj.vcxproj]
C:\Users\Public\jpegview-arm64-build\extras\third_party\libjxl\lib/jxl/modular/encoding/context_predict.h(451,54): warning C4244: 'argument': conversion from 'jxl::pixel_type_w' to 'const int32_t', possible loss of data [C:\Users\Public\jpegview-arm64-build\extras\scripts\libjxl\arm64\lib\jxl_dec-obj.vcxproj]
C:\Users\Public\jpegview-arm64-build\extras\third_party\libjxl\lib/jxl/modular/encoding/context_predict.h(451,49): warning C4244: 'argument': conversion from 'jxl::pixel_type_w' to 'const int32_t', possible loss of data [C:\Users\Public\jpegview-arm64-build\extras\scripts\libjxl\arm64\lib\jxl_dec-obj.vcxproj]
C:\Users\Public\jpegview-arm64-build\extras\third_party\libjxl\lib/jxl/modular/encoding/context_predict.h(451,43): warning C4244: 'argument': conversion from 'jxl::pixel_type_w' to 'const int32_t', possible loss of data [C:\Users\Public\jpegview-arm64-build\extras\scripts\libjxl\arm64\lib\jxl_dec-obj.vcxproj]
C:\Users\Public\jpegview-arm64-build\extras\third_party\libjxl\lib/jxl/dec_frame.h(161,1): warning C4267: 'argument': conversion from 'size_t' to '_Ty', possible loss of data [C:\Users\Public\jpegview-arm64-build\extras\scripts\libjxl\arm64\lib\jxl_dec-obj.vcxproj]
          with
          [
              _Ty=int
          ]
C:\Users\Public\jpegview-arm64-build\extras\third_party\libjxl\lib\jxl\dec_patch_dictionary.cc(136,63): warning C4267: 'initializing': conversion from 'size_t' to 'uint32_t', possible loss of data [C:\Users\Public\jpegview-arm64-build\extras\scripts\libjxl\arm64\lib\jxl_dec-obj.vcxproj]
C:\Users\Public\jpegview-arm64-build\extras\third_party\libjxl\lib\jxl\dec_patch_dictionary.cc(150,67): warning C4267: '=': conversion from 'size_t' to 'uint32_t', possible loss of data [C:\Users\Public\jpegview-arm64-build\extras\scripts\libjxl\arm64\lib\jxl_dec-obj.vcxproj]
C:\Users\Public\jpegview-arm64-build\extras\third_party\libjxl\lib/jxl/dec_ans.h(252,1): warning C4267: 'return': conversion from 'size_t' to 'uint32_t', possible loss of data [C:\Users\Public\jpegview-arm64-build\extras\scripts\libjxl\arm64\lib\jxl_dec-obj.vcxproj]
C:\Users\Public\jpegview-arm64-build\extras\third_party\libjxl\lib/jxl/dec_ans.h(288): message : see reference to function template instantiation 'uint32_t jxl::ANSSymbolReader::ReadHybridUintConfig<jxl::BitReader>(const jxl::HybridUintConfig &,size_t,BitReader *)' being compiled [C:\Users\Public\jpegview-arm64-build\extras\scripts\libjxl\arm64\lib\jxl_dec-obj.vcxproj]
          with
          [
              BitReader=jxl::BitReader
          ]
C:\Users\Public\jpegview-arm64-build\extras\third_party\libjxl\lib/jxl/dec_ans.h(254,1): warning C4267: 'initializing': conversion from 'size_t' to 'uint32_t', possible loss of data [C:\Users\Public\jpegview-arm64-build\extras\scripts\libjxl\arm64\lib\jxl_dec-obj.vcxproj]
C:\Users\Public\jpegview-arm64-build\extras\third_party\libjxl\lib/jxl/dec_ans.h(268,1): warning C4334: '<<': result of 32-bit shift implicitly converted to 64 bits (was 64-bit shift intended?) [C:\Users\Public\jpegview-arm64-build\extras\scripts\libjxl\arm64\lib\jxl_dec-obj.vcxproj]
C:\Users\Public\jpegview-arm64-build\extras\third_party\libjxl\lib/jxl/modular/encoding/context_predict.h(497,1): warning C4267: '=': conversion from 'size_t' to '_Ty', possible loss of data [C:\Users\Public\jpegview-arm64-build\extras\scripts\libjxl\arm64\lib\jxl_dec-obj.vcxproj]
          with
          [
              _Ty=int
          ]
C:\Users\Public\jpegview-arm64-build\extras\third_party\libjxl\lib/jxl/modular/encoding/context_predict.h(559): message : see reference to function template instantiation 'jxl::PredictionResult jxl::detail::Predict<0>(jxl::Properties *,size_t,const jxl::pixel_type *__restrict ,const intptr_t,const size_t,const size_t,jxl::Predictor,const jxl::MATreeLookup *,const jxl::Channel *,jxl::weighted::State *,jxl::pixel_type_w *)' being compiled [C:\Users\Public\jpegview-arm64-build\extras\scripts\libjxl\arm64\lib\jxl_dec-obj.vcxproj]
C:\Users\Public\jpegview-arm64-build\extras\third_party\libjxl\lib/jxl/modular/encoding/context_predict.h(499,26): warning C4244: '=': conversion from 'jxl::pixel_type_w' to '_Ty', possible loss of data [C:\Users\Public\jpegview-arm64-build\extras\scripts\libjxl\arm64\lib\jxl_dec-obj.vcxproj]
          with
          [
              _Ty=int
          ]
C:\Users\Public\jpegview-arm64-build\extras\third_party\libjxl\lib/jxl/modular/encoding/context_predict.h(500,27): warning C4244: '=': conversion from 'jxl::pixel_type_w' to '_Ty', possible loss of data [C:\Users\Public\jpegview-arm64-build\extras\scripts\libjxl\arm64\lib\jxl_dec-obj.vcxproj]
          with
          [
              _Ty=int
          ]
C:\Users\Public\jpegview-arm64-build\extras\third_party\libjxl\lib/jxl/modular/encoding/context_predict.h(501,22): warning C4244: '=': conversion from 'jxl::pixel_type_w' to '_Ty', possible loss of data [C:\Users\Public\jpegview-arm64-build\extras\scripts\libjxl\arm64\lib\jxl_dec-obj.vcxproj]
          with
          [
              _Ty=int
          ]
C:\Users\Public\jpegview-arm64-build\extras\third_party\libjxl\lib/jxl/modular/encoding/context_predict.h(502,22): warning C4244: '=': conversion from 'jxl::pixel_type_w' to '_Ty', possible loss of data [C:\Users\Public\jpegview-arm64-build\extras\scripts\libjxl\arm64\lib\jxl_dec-obj.vcxproj]
          with
          [
              _Ty=int
          ]
C:\Users\Public\jpegview-arm64-build\extras\third_party\libjxl\lib/jxl/modular/encoding/context_predict.h(505,25): warning C4244: '=': conversion from 'jxl::pixel_type_w' to '_Ty', possible loss of data [C:\Users\Public\jpegview-arm64-build\extras\scripts\libjxl\arm64\lib\jxl_dec-obj.vcxproj]
          with
          [
              _Ty=int
          ]
C:\Users\Public\jpegview-arm64-build\extras\third_party\libjxl\lib/jxl/modular/encoding/context_predict.h(508,33): warning C4244: '=': conversion from 'jxl::pixel_type_w' to '_Ty', possible loss of data [C:\Users\Public\jpegview-arm64-build\extras\scripts\libjxl\arm64\lib\jxl_dec-obj.vcxproj]
          with
          [
              _Ty=int
          ]
C:\Users\Public\jpegview-arm64-build\extras\third_party\libjxl\lib/jxl/modular/encoding/context_predict.h(511,27): warning C4244: '=': conversion from 'jxl::pixel_type_w' to '_Ty', possible loss of data [C:\Users\Public\jpegview-arm64-build\extras\scripts\libjxl\arm64\lib\jxl_dec-obj.vcxproj]
          with
          [
              _Ty=int
          ]
C:\Users\Public\jpegview-arm64-build\extras\third_party\libjxl\lib/jxl/modular/encoding/context_predict.h(512,30): warning C4244: '=': conversion from 'jxl::pixel_type_w' to '_Ty', possible loss of data [C:\Users\Public\jpegview-arm64-build\extras\scripts\libjxl\arm64\lib\jxl_dec-obj.vcxproj]
          with
          [
              _Ty=int
          ]
C:\Users\Public\jpegview-arm64-build\extras\third_party\libjxl\lib/jxl/modular/encoding/context_predict.h(513,26): warning C4244: '=': conversion from 'jxl::pixel_type_w' to '_Ty', possible loss of data [C:\Users\Public\jpegview-arm64-build\extras\scripts\libjxl\arm64\lib\jxl_dec-obj.vcxproj]
          with
          [
              _Ty=int
          ]
C:\Users\Public\jpegview-arm64-build\extras\third_party\libjxl\lib/jxl/modular/encoding/context_predict.h(514,26): warning C4244: '=': conversion from 'jxl::pixel_type_w' to '_Ty', possible loss of data [C:\Users\Public\jpegview-arm64-build\extras\scripts\libjxl\arm64\lib\jxl_dec-obj.vcxproj]
          with
          [
              _Ty=int
          ]
C:\Users\Public\jpegview-arm64-build\extras\third_party\libjxl\lib/jxl/modular/encoding/context_predict.h(515,27): warning C4244: '=': conversion from 'jxl::pixel_type_w' to '_Ty', possible loss of data [C:\Users\Public\jpegview-arm64-build\extras\scripts\libjxl\arm64\lib\jxl_dec-obj.vcxproj]
          with
          [
              _Ty=int
          ]
C:\Users\Public\jpegview-arm64-build\extras\third_party\libjxl\lib/jxl/modular/encoding/context_predict.h(485,1): warning C4305: 'initializing': truncation from 'int' to 'const bool' [C:\Users\Public\jpegview-arm64-build\extras\scripts\libjxl\arm64\lib\jxl_dec-obj.vcxproj]
C:\Users\Public\jpegview-arm64-build\extras\third_party\libjxl\lib/jxl/modular/encoding/context_predict.h(589): message : see reference to function template instantiation 'jxl::PredictionResult jxl::detail::Predict<17>(jxl::Properties *,size_t,const jxl::pixel_type *__restrict ,const intptr_t,const size_t,const size_t,jxl::Predictor,const jxl::MATreeLookup *,const jxl::Channel *,jxl::weighted::State *,jxl::pixel_type_w *)' being compiled [C:\Users\Public\jpegview-arm64-build\extras\scripts\libjxl\arm64\lib\jxl_dec-obj.vcxproj]
C:\Users\Public\jpegview-arm64-build\extras\third_party\libjxl\lib/jxl/dec_ans.h(314,1): warning C4267: '=': conversion from 'size_t' to 'uint32_t', possible loss of data [C:\Users\Public\jpegview-arm64-build\extras\scripts\libjxl\arm64\lib\jxl_dec-obj.vcxproj]
C:\Users\Public\jpegview-arm64-build\extras\third_party\libjxl\lib/jxl/dec_ans.h(369): message : see reference to function template instantiation 'size_t jxl::ANSSymbolReader::ReadHybridUintClusteredInlined<true>(size_t,jxl::BitReader *__restrict )' being compiled [C:\Users\Public\jpegview-arm64-build\extras\scripts\libjxl\arm64\lib\jxl_dec-obj.vcxproj]
C:\Users\Public\jpegview-arm64-build\extras\third_party\libjxl\lib/jxl/dec_ans.h(394): message : see reference to function template instantiation 'size_t jxl::ANSSymbolReader::ReadHybridUintClustered<true>(size_t,jxl::BitReader *__restrict )' being compiled [C:\Users\Public\jpegview-arm64-build\extras\scripts\libjxl\arm64\lib\jxl_dec-obj.vcxproj]
C:\Users\Public\jpegview-arm64-build\extras\third_party\libjxl\lib/jxl/dec_ans.h(341,1): warning C4267: '=': conversion from 'size_t' to 'uint32_t', possible loss of data [C:\Users\Public\jpegview-arm64-build\extras\scripts\libjxl\arm64\lib\jxl_dec-obj.vcxproj]
C:\Users\Public\jpegview-arm64-build\extras\third_party\libjxl\lib/jxl/dec_ans.h(356,1): warning C4267: '=': conversion from 'size_t' to 'uint32_t', possible loss of data [C:\Users\Public\jpegview-arm64-build\extras\scripts\libjxl\arm64\lib\jxl_dec-obj.vcxproj]
C:\Users\Public\jpegview-arm64-build\extras\third_party\libjxl\lib/jxl/dec_ans.h(362,1): warning C4267: '=': conversion from 'size_t' to 'uint32_t', possible loss of data [C:\Users\Public\jpegview-arm64-build\extras\scripts\libjxl\arm64\lib\jxl_dec-obj.vcxproj]
C:\Users\Public\jpegview-arm64-build\extras\third_party\libjxl\lib/jxl/modular/encoding/context_predict.h(161,33): warning C4244: '=': conversion from 'jxl::pixel_type_w' to '_Ty', possible loss of data [C:\Users\Public\jpegview-arm64-build\extras\scripts\libjxl\arm64\lib\jxl_dec-obj.vcxproj]
          with
          [
              _Ty=int
          ]
C:\Users\Public\jpegview-arm64-build\extras\third_party\libjxl\lib/jxl/modular/encoding/context_predict.h(521): message : see reference to function template instantiation 'jxl::pixel_type_w jxl::weighted::State::Predict<false>(size_t,size_t,size_t,jxl::pixel_type_w,jxl::pixel_type_w,jxl::pixel_type_w,jxl::pixel_type_w,jxl::pixel_type_w,jxl::Properties *,size_t)' being compiled [C:\Users\Public\jpegview-arm64-build\extras\scripts\libjxl\arm64\lib\jxl_dec-obj.vcxproj]
C:\Users\Public\jpegview-arm64-build\extras\third_party\libjxl\lib/jxl/modular/encoding/context_predict.h(559): message : see reference to function template instantiation 'jxl::PredictionResult jxl::detail::Predict<0>(jxl::Properties *,size_t,const jxl::pixel_type *__restrict ,const intptr_t,const size_t,const size_t,jxl::Predictor,const jxl::MATreeLookup *,const jxl::Channel *,jxl::weighted::State *,jxl::pixel_type_w *)' being compiled [C:\Users\Public\jpegview-arm64-build\extras\scripts\libjxl\arm64\lib\jxl_dec-obj.vcxproj]
  dec_xyb.cc
C:\Users\Public\jpegview-arm64-build\extras\third_party\libjxl\lib/jxl/base/status.h(132,47): warning C4646: function declared with 'noreturn' has non-void return type [C:\Users\Public\jpegview-arm64-build\extras\scripts\libjxl\arm64\lib\jxl_dec-obj.vcxproj]
C:\Users\Public\jpegview-arm64-build\extras\third_party\libjxl\lib/jxl/quantizer.h(86,41): warning C4244: '=': conversion from 'double' to 'float', possible loss of data [C:\Users\Public\jpegview-arm64-build\extras\scripts\libjxl\arm64\lib\jxl_dec-obj.vcxproj]
C:\Users\Public\jpegview-arm64-build\extras\third_party\libjxl\lib/jxl/quantizer.h(87,49): warning C4244: '=': conversion from 'double' to 'float', possible loss of data [C:\Users\Public\jpegview-arm64-build\extras\scripts\libjxl\arm64\lib\jxl_dec-obj.vcxproj]
C:\Users\Public\jpegview-arm64-build\extras\third_party\libjxl\lib\jxl\dec_xyb.cc(64,1): warning C4267: 'argument': conversion from 'size_t' to 'const uint32_t', possible loss of data [C:\Users\Public\jpegview-arm64-build\extras\scripts\libjxl\arm64\lib\jxl_dec-obj.vcxproj]
C:\Users\Public\jpegview-arm64-build\extras\third_party\libjxl\lib\jxl\dec_xyb.cc(259,63): warning C4305: 'initializing': truncation from 'double' to 'const float' [C:\Users\Public\jpegview-arm64-build\extras\scripts\libjxl\arm64\lib\jxl_dec-obj.vcxproj]
C:\Users\Public\jpegview-arm64-build\extras\third_party\libjxl\lib\jxl\dec_xyb.cc(266,1): warning C4244: 'argument': conversion from 'double' to 'float', possible loss of data [C:\Users\Public\jpegview-arm64-build\extras\scripts\libjxl\arm64\lib\jxl_dec-obj.vcxproj]
C:\Users\Public\jpegview-arm64-build\extras\third_party\libjxl\lib\jxl\dec_xyb.cc(272,1): warning C4244: 'argument': conversion from 'double' to 'float', possible loss of data [C:\Users\Public\jpegview-arm64-build\extras\scripts\libjxl\arm64\lib\jxl_dec-obj.vcxproj]
C:\Users\Public\jpegview-arm64-build\extras\third_party\libjxl\lib\jxl\dec_xyb.cc(281,1): warning C4244: 'argument': conversion from 'double' to 'float', possible loss of data [C:\Users\Public\jpegview-arm64-build\extras\scripts\libjxl\arm64\lib\jxl_dec-obj.vcxproj]
C:\Users\Public\jpegview-arm64-build\extras\third_party\libjxl\lib\jxl\dec_xyb.cc(315,40): warning C4244: '=': conversion from 'double' to 'float', possible loss of data [C:\Users\Public\jpegview-arm64-build\extras\scripts\libjxl\arm64\lib\jxl_dec-obj.vcxproj]
C:\Users\Public\jpegview-arm64-build\extras\third_party\libjxl\lib/jxl/matrix_ops.h(31,22): warning C4244: '=': conversion from 'double' to 'T', possible loss of data [C:\Users\Public\jpegview-arm64-build\extras\scripts\libjxl\arm64\lib\jxl_dec-obj.vcxproj]
          with
          [
              T=float
          ]
C:\Users\Public\jpegview-arm64-build\extras\third_party\libjxl\lib\jxl\dec_xyb.cc(285): message : see reference to function template instantiation 'void jxl::Mul3x3Matrix<float>(const T *,const T *,T *)' being compiled [C:\Users\Public\jpegview-arm64-build\extras\scripts\libjxl\arm64\lib\jxl_dec-obj.vcxproj]
          with
          [
              T=float
          ]
C:\Users\Public\jpegview-arm64-build\extras\third_party\libjxl\lib/jxl/matrix_ops.h(77,25): warning C4244: '=': conversion from 'double' to 'T', possible loss of data [C:\Users\Public\jpegview-arm64-build\extras\scripts\libjxl\arm64\lib\jxl_dec-obj.vcxproj]
          with
          [
              T=float
          ]
C:\Users\Public\jpegview-arm64-build\extras\third_party\libjxl\lib\jxl\dec_xyb.cc(286): message : see reference to function template instantiation 'jxl::Status jxl::Inv3x3Matrix<float>(T *)' being compiled [C:\Users\Public\jpegview-arm64-build\extras\scripts\libjxl\arm64\lib\jxl_dec-obj.vcxproj]
          with
          [
              T=float
          ]
  decode.cc
C:\Users\Public\jpegview-arm64-build\extras\third_party\libjxl\lib/jxl/base/status.h(132,47): warning C4646: function declared with 'noreturn' has non-void return type [C:\Users\Public\jpegview-arm64-build\extras\scripts\libjxl\arm64\lib\jxl_dec-obj.vcxproj]
C:\Users\Public\jpegview-arm64-build\extras\third_party\libjxl\lib/jxl/ac_context.h(112,1): warning C4267: 'return': conversion from 'size_t' to 'uint32_t', possible loss of data [C:\Users\Public\jpegview-arm64-build\extras\scripts\libjxl\arm64\lib\jxl_dec-obj.vcxproj]
C:\Users\Public\jpegview-arm64-build\extras\third_party\libjxl\lib/jxl/ac_context.h(124,1): warning C4267: 'return': conversion from 'size_t' to 'uint32_t', possible loss of data [C:\Users\Public\jpegview-arm64-build\extras\scripts\libjxl\arm64\lib\jxl_dec-obj.vcxproj]
C:\Users\Public\jpegview-arm64-build\extras\third_party\libjxl\lib/jxl/ac_context.h(137,1): warning C4267: 'return': conversion from 'size_t' to 'uint32_t', possible loss of data [C:\Users\Public\jpegview-arm64-build\extras\scripts\libjxl\arm64\lib\jxl_dec-obj.vcxproj]
C:\Users\Public\jpegview-arm64-build\extras\third_party\libjxl\lib/jxl/chroma_from_luma.h(120,41): warning C4244: 'return': conversion from 'const uint32_t' to 'float', possible loss of data [C:\Users\Public\jpegview-arm64-build\extras\scripts\libjxl\arm64\lib\jxl_dec-obj.vcxproj]
C:\Users\Public\jpegview-arm64-build\extras\third_party\libjxl\lib/jxl/frame_header.h(105,1): warning C4267: '=': conversion from 'size_t' to 'uint32_t', possible loss of data [C:\Users\Public\jpegview-arm64-build\extras\scripts\libjxl\arm64\lib\jxl_dec-obj.vcxproj]
C:\Users\Public\jpegview-arm64-build\extras\third_party\libjxl\lib/jxl/quantizer.h(86,41): warning C4244: '=': conversion from 'double' to 'float', possible loss of data [C:\Users\Public\jpegview-arm64-build\extras\scripts\libjxl\arm64\lib\jxl_dec-obj.vcxproj]
C:\Users\Public\jpegview-arm64-build\extras\third_party\libjxl\lib/jxl/quantizer.h(87,49): warning C4244: '=': conversion from 'double' to 'float', possible loss of data [C:\Users\Public\jpegview-arm64-build\extras\scripts\libjxl\arm64\lib\jxl_dec-obj.vcxproj]
C:\Users\Public\jpegview-arm64-build\extras\third_party\libjxl\lib/jxl/dec_ans.h(78,1): warning C4267: 'initializing': conversion from 'size_t' to 'uint32_t', possible loss of data [C:\Users\Public\jpegview-arm64-build\extras\scripts\libjxl\arm64\lib\jxl_dec-obj.vcxproj]
C:\Users\Public\jpegview-arm64-build\extras\third_party\libjxl\lib/jxl/dec_ans.h(175,1): warning C4267: '=': conversion from 'size_t' to 'uint32_t', possible loss of data [C:\Users\Public\jpegview-arm64-build\extras\scripts\libjxl\arm64\lib\jxl_dec-obj.vcxproj]
C:\Users\Public\jpegview-arm64-build\extras\third_party\libjxl\lib/jxl/dec_ans.h(197,1): warning C4267: '=': conversion from 'size_t' to 'uint32_t', possible loss of data [C:\Users\Public\jpegview-arm64-build\extras\scripts\libjxl\arm64\lib\jxl_dec-obj.vcxproj]
C:\Users\Public\jpegview-arm64-build\extras\third_party\libjxl\lib/jxl/dec_ans.h(411,1): warning C4267: '=': conversion from 'size_t' to 'uint32_t', possible loss of data [C:\Users\Public\jpegview-arm64-build\extras\scripts\libjxl\arm64\lib\jxl_dec-obj.vcxproj]
C:\Users\Public\jpegview-arm64-build\extras\third_party\libjxl\lib/jxl/dec_ans.h(414,1): warning C4267: '=': conversion from 'size_t' to 'uint32_t', possible loss of data [C:\Users\Public\jpegview-arm64-build\extras\scripts\libjxl\arm64\lib\jxl_dec-obj.vcxproj]
C:\Users\Public\jpegview-arm64-build\extras\third_party\libjxl\lib/jxl/dec_cache.h(203,1): warning C4334: '<<': result of 32-bit shift implicitly converted to 64 bits (was 64-bit shift intended?) [C:\Users\Public\jpegview-arm64-build\extras\scripts\libjxl\arm64\lib\jxl_dec-obj.vcxproj]
C:\Users\Public\jpegview-arm64-build\extras\third_party\libjxl\lib/jxl/modular/encoding/context_predict.h(110,1): warning C4267: 'initializing': conversion from 'size_t' to 'uint32_t', possible loss of data [C:\Users\Public\jpegview-arm64-build\extras\scripts\libjxl\arm64\lib\jxl_dec-obj.vcxproj]
C:\Users\Public\jpegview-arm64-build\extras\third_party\libjxl\lib/jxl/modular/encoding/context_predict.h(191,31): warning C4244: '=': conversion from 'jxl::pixel_type_w' to '_Ty', possible loss of data [C:\Users\Public\jpegview-arm64-build\extras\scripts\libjxl\arm64\lib\jxl_dec-obj.vcxproj]
          with
          [
              _Ty=int
          ]
C:\Users\Public\jpegview-arm64-build\extras\third_party\libjxl\lib/jxl/modular/encoding/context_predict.h(196,37): warning C4244: '=': conversion from 'jxl::pixel_type_w' to '_Ty', possible loss of data [C:\Users\Public\jpegview-arm64-build\extras\scripts\libjxl\arm64\lib\jxl_dec-obj.vcxproj]
          with
          [
              _Ty=uint32_t
          ]
C:\Users\Public\jpegview-arm64-build\extras\third_party\libjxl\lib/jxl/modular/encoding/context_predict.h(199,1): warning C4244: '+=': conversion from 'jxl::pixel_type_w' to '_Ty', possible loss of data [C:\Users\Public\jpegview-arm64-build\extras\scripts\libjxl\arm64\lib\jxl_dec-obj.vcxproj]
          with
          [
              _Ty=uint32_t
          ]
C:\Users\Public\jpegview-arm64-build\extras\third_party\libjxl\lib/jxl/modular/encoding/context_predict.h(329,7): warning C4806: '|': unsafe operation: no value of type 'bool' promoted to type 'int' can equal the given constant [C:\Users\Public\jpegview-arm64-build\extras\scripts\libjxl\arm64\lib\jxl_dec-obj.vcxproj]
C:\Users\Public\jpegview-arm64-build\extras\third_party\libjxl\lib/jxl/modular/encoding/context_predict.h(330,7): warning C4806: '|': unsafe operation: no value of type 'bool' promoted to type 'int' can equal the given constant [C:\Users\Public\jpegview-arm64-build\extras\scripts\libjxl\arm64\lib\jxl_dec-obj.vcxproj]
C:\Users\Public\jpegview-arm64-build\extras\third_party\libjxl\lib/jxl/modular/encoding/context_predict.h(392,23): warning C4244: '=': conversion from '__int64' to 'jxl::pixel_type', possible loss of data [C:\Users\Public\jpegview-arm64-build\extras\scripts\libjxl\arm64\lib\jxl_dec-obj.vcxproj]
C:\Users\Public\jpegview-arm64-build\extras\third_party\libjxl\lib/jxl/modular/encoding/context_predict.h(393,15): warning C4244: '=': conversion from 'jxl::pixel_type_w' to 'jxl::pixel_type', possible loss of data [C:\Users\Public\jpegview-arm64-build\extras\scripts\libjxl\arm64\lib\jxl_dec-obj.vcxproj]
C:\Users\Public\jpegview-arm64-build\extras\third_party\libjxl\lib/jxl/modular/encoding/context_predict.h(397,62): warning C4244: 'argument': conversion from 'jxl::pixel_type_w' to 'const int32_t', possible loss of data [C:\Users\Public\jpegview-arm64-build\extras\scripts\libjxl\arm64\lib\jxl_dec-obj.vcxproj]
C:\Users\Public\jpegview-arm64-build\extras\third_party\libjxl\lib/jxl/modular/encoding/context_predict.h(397,56): warning C4244: 'argument': conversion from 'jxl::pixel_type_w' to 'const int32_t', possible loss of data [C:\Users\Public\jpegview-arm64-build\extras\scripts\libjxl\arm64\lib\jxl_dec-obj.vcxproj]
C:\Users\Public\jpegview-arm64-build\extras\third_party\libjxl\lib/jxl/modular/encoding/context_predict.h(397,49): warning C4244: 'argument': conversion from 'jxl::pixel_type_w' to 'const int32_t', possible loss of data [C:\Users\Public\jpegview-arm64-build\extras\scripts\libjxl\arm64\lib\jxl_dec-obj.vcxproj]
C:\Users\Public\jpegview-arm64-build\extras\third_party\libjxl\lib/jxl/modular/encoding/context_predict.h(398,23): warning C4244: '=': conversion from '__int64' to 'jxl::pixel_type', possible loss of data [C:\Users\Public\jpegview-arm64-build\extras\scripts\libjxl\arm64\lib\jxl_dec-obj.vcxproj]
C:\Users\Public\jpegview-arm64-build\extras\third_party\libjxl\lib/jxl/modular/encoding/context_predict.h(399,17): warning C4244: '=': conversion from 'jxl::pixel_type_w' to 'jxl::pixel_type', possible loss of data [C:\Users\Public\jpegview-arm64-build\extras\scripts\libjxl\arm64\lib\jxl_dec-obj.vcxproj]
C:\Users\Public\jpegview-arm64-build\extras\third_party\libjxl\lib/jxl/modular/encoding/context_predict.h(451,54): warning C4244: 'argument': conversion from 'jxl::pixel_type_w' to 'const int32_t', possible loss of data [C:\Users\Public\jpegview-arm64-build\extras\scripts\libjxl\arm64\lib\jxl_dec-obj.vcxproj]
C:\Users\Public\jpegview-arm64-build\extras\third_party\libjxl\lib/jxl/modular/encoding/context_predict.h(451,49): warning C4244: 'argument': conversion from 'jxl::pixel_type_w' to 'const int32_t', possible loss of data [C:\Users\Public\jpegview-arm64-build\extras\scripts\libjxl\arm64\lib\jxl_dec-obj.vcxproj]
C:\Users\Public\jpegview-arm64-build\extras\third_party\libjxl\lib/jxl/modular/encoding/context_predict.h(451,43): warning C4244: 'argument': conversion from 'jxl::pixel_type_w' to 'const int32_t', possible loss of data [C:\Users\Public\jpegview-arm64-build\extras\scripts\libjxl\arm64\lib\jxl_dec-obj.vcxproj]
C:\Users\Public\jpegview-arm64-build\extras\third_party\libjxl\lib/jxl/dec_frame.h(161,1): warning C4267: 'argument': conversion from 'size_t' to '_Ty', possible loss of data [C:\Users\Public\jpegview-arm64-build\extras\scripts\libjxl\arm64\lib\jxl_dec-obj.vcxproj]
          with
          [
              _Ty=int
          ]
C:\Users\Public\jpegview-arm64-build\extras\third_party\libjxl\lib\jxl\decode.cc(1452,52): warning C4267: 'argument': conversion from 'size_t' to 'uint32_t', possible loss of data [C:\Users\Public\jpegview-arm64-build\extras\scripts\libjxl\arm64\lib\jxl_dec-obj.vcxproj]
C:\Users\Public\jpegview-arm64-build\extras\third_party\libjxl\lib\jxl\decode.cc(2079,45): warning C4267: '=': conversion from 'size_t' to 'uint32_t', possible loss of data [C:\Users\Public\jpegview-arm64-build\extras\scripts\libjxl\arm64\lib\jxl_dec-obj.vcxproj]
C:\Users\Public\jpegview-arm64-build\extras\third_party\libjxl\lib\jxl\decode.cc(2080,45): warning C4267: '=': conversion from 'size_t' to 'uint32_t', possible loss of data [C:\Users\Public\jpegview-arm64-build\extras\scripts\libjxl\arm64\lib\jxl_dec-obj.vcxproj]
C:\Users\Public\jpegview-arm64-build\extras\third_party\libjxl\lib\jxl\decode.cc(2122,65): warning C4267: '=': conversion from 'size_t' to 'uint32_t', possible loss of data [C:\Users\Public\jpegview-arm64-build\extras\scripts\libjxl\arm64\lib\jxl_dec-obj.vcxproj]
C:\Users\Public\jpegview-arm64-build\extras\third_party\libjxl\lib\jxl\decode.cc(2123,65): warning C4267: '=': conversion from 'size_t' to 'uint32_t', possible loss of data [C:\Users\Public\jpegview-arm64-build\extras\scripts\libjxl\arm64\lib\jxl_dec-obj.vcxproj]
C:\Users\Public\jpegview-arm64-build\extras\third_party\libjxl\lib\jxl\decode.cc(2135,69): warning C4267: '=': conversion from 'size_t' to 'uint32_t', possible loss of data [C:\Users\Public\jpegview-arm64-build\extras\scripts\libjxl\arm64\lib\jxl_dec-obj.vcxproj]
C:\Users\Public\jpegview-arm64-build\extras\third_party\libjxl\lib\jxl\decode.cc(2136,69): warning C4267: '=': conversion from 'size_t' to 'uint32_t', possible loss of data [C:\Users\Public\jpegview-arm64-build\extras\scripts\libjxl\arm64\lib\jxl_dec-obj.vcxproj]
C:\Users\Public\jpegview-arm64-build\extras\third_party\libjxl\lib\jxl\decode.cc(2164,42): warning C4267: '=': conversion from 'size_t' to 'uint32_t', possible loss of data [C:\Users\Public\jpegview-arm64-build\extras\scripts\libjxl\arm64\lib\jxl_dec-obj.vcxproj]
C:\Users\Public\jpegview-arm64-build\extras\third_party\libjxl\lib\jxl\decode.cc(2561,55): warning C4267: '=': conversion from 'size_t' to 'uint32_t', possible loss of data [C:\Users\Public\jpegview-arm64-build\extras\scripts\libjxl\arm64\lib\jxl_dec-obj.vcxproj]
C:\Users\Public\jpegview-arm64-build\extras\third_party\libjxl\lib\jxl\decode.cc(2565,35): warning C4267: '=': conversion from 'size_t' to 'uint32_t', possible loss of data [C:\Users\Public\jpegview-arm64-build\extras\scripts\libjxl\arm64\lib\jxl_dec-obj.vcxproj]
C:\Users\Public\jpegview-arm64-build\extras\third_party\libjxl\lib\jxl\decode.cc(2566,35): warning C4267: '=': conversion from 'size_t' to 'uint32_t', possible loss of data [C:\Users\Public\jpegview-arm64-build\extras\scripts\libjxl\arm64\lib\jxl_dec-obj.vcxproj]
C:\Users\Public\jpegview-arm64-build\extras\third_party\libjxl\lib\jxl\decode.cc(2585,74): warning C4267: '=': conversion from 'size_t' to 'int32_t', possible loss of data [C:\Users\Public\jpegview-arm64-build\extras\scripts\libjxl\arm64\lib\jxl_dec-obj.vcxproj]
C:\Users\Public\jpegview-arm64-build\extras\third_party\libjxl\lib\jxl\decode.cc(2588,74): warning C4267: '=': conversion from 'size_t' to 'int32_t', possible loss of data [C:\Users\Public\jpegview-arm64-build\extras\scripts\libjxl\arm64\lib\jxl_dec-obj.vcxproj]
C:\Users\Public\jpegview-arm64-build\extras\third_party\libjxl\lib/jxl/dec_ans.h(252,1): warning C4267: 'return': conversion from 'size_t' to 'uint32_t', possible loss of data [C:\Users\Public\jpegview-arm64-build\extras\scripts\libjxl\arm64\lib\jxl_dec-obj.vcxproj]
C:\Users\Public\jpegview-arm64-build\extras\third_party\libjxl\lib/jxl/dec_ans.h(288): message : see reference to function template instantiation 'uint32_t jxl::ANSSymbolReader::ReadHybridUintConfig<jxl::BitReader>(const jxl::HybridUintConfig &,size_t,BitReader *)' being compiled [C:\Users\Public\jpegview-arm64-build\extras\scripts\libjxl\arm64\lib\jxl_dec-obj.vcxproj]
          with
          [
              BitReader=jxl::BitReader
          ]
C:\Users\Public\jpegview-arm64-build\extras\third_party\libjxl\lib/jxl/dec_ans.h(254,1): warning C4267: 'initializing': conversion from 'size_t' to 'uint32_t', possible loss of data [C:\Users\Public\jpegview-arm64-build\extras\scripts\libjxl\arm64\lib\jxl_dec-obj.vcxproj]
C:\Users\Public\jpegview-arm64-build\extras\third_party\libjxl\lib/jxl/dec_ans.h(268,1): warning C4334: '<<': result of 32-bit shift implicitly converted to 64 bits (was 64-bit shift intended?) [C:\Users\Public\jpegview-arm64-build\extras\scripts\libjxl\arm64\lib\jxl_dec-obj.vcxproj]
C:\Users\Public\jpegview-arm64-build\extras\third_party\libjxl\lib/jxl/modular/encoding/context_predict.h(497,1): warning C4267: '=': conversion from 'size_t' to '_Ty', possible loss of data [C:\Users\Public\jpegview-arm64-build\extras\scripts\libjxl\arm64\lib\jxl_dec-obj.vcxproj]
          with
          [
              _Ty=int
          ]
C:\Users\Public\jpegview-arm64-build\extras\third_party\libjxl\lib/jxl/modular/encoding/context_predict.h(559): message : see reference to function template instantiation 'jxl::PredictionResult jxl::detail::Predict<0>(jxl::Properties *,size_t,const jxl::pixel_type *__restrict ,const intptr_t,const size_t,const size_t,jxl::Predictor,const jxl::MATreeLookup *,const jxl::Channel *,jxl::weighted::State *,jxl::pixel_type_w *)' being compiled [C:\Users\Public\jpegview-arm64-build\extras\scripts\libjxl\arm64\lib\jxl_dec-obj.vcxproj]
C:\Users\Public\jpegview-arm64-build\extras\third_party\libjxl\lib/jxl/modular/encoding/context_predict.h(499,26): warning C4244: '=': conversion from 'jxl::pixel_type_w' to '_Ty', possible loss of data [C:\Users\Public\jpegview-arm64-build\extras\scripts\libjxl\arm64\lib\jxl_dec-obj.vcxproj]
          with
          [
              _Ty=int
          ]
C:\Users\Public\jpegview-arm64-build\extras\third_party\libjxl\lib/jxl/modular/encoding/context_predict.h(500,27): warning C4244: '=': conversion from 'jxl::pixel_type_w' to '_Ty', possible loss of data [C:\Users\Public\jpegview-arm64-build\extras\scripts\libjxl\arm64\lib\jxl_dec-obj.vcxproj]
          with
          [
              _Ty=int
          ]
C:\Users\Public\jpegview-arm64-build\extras\third_party\libjxl\lib/jxl/modular/encoding/context_predict.h(501,22): warning C4244: '=': conversion from 'jxl::pixel_type_w' to '_Ty', possible loss of data [C:\Users\Public\jpegview-arm64-build\extras\scripts\libjxl\arm64\lib\jxl_dec-obj.vcxproj]
          with
          [
              _Ty=int
          ]
C:\Users\Public\jpegview-arm64-build\extras\third_party\libjxl\lib/jxl/modular/encoding/context_predict.h(502,22): warning C4244: '=': conversion from 'jxl::pixel_type_w' to '_Ty', possible loss of data [C:\Users\Public\jpegview-arm64-build\extras\scripts\libjxl\arm64\lib\jxl_dec-obj.vcxproj]
          with
          [
              _Ty=int
          ]
C:\Users\Public\jpegview-arm64-build\extras\third_party\libjxl\lib/jxl/modular/encoding/context_predict.h(505,25): warning C4244: '=': conversion from 'jxl::pixel_type_w' to '_Ty', possible loss of data [C:\Users\Public\jpegview-arm64-build\extras\scripts\libjxl\arm64\lib\jxl_dec-obj.vcxproj]
          with
          [
              _Ty=int
          ]
C:\Users\Public\jpegview-arm64-build\extras\third_party\libjxl\lib/jxl/modular/encoding/context_predict.h(508,33): warning C4244: '=': conversion from 'jxl::pixel_type_w' to '_Ty', possible loss of data [C:\Users\Public\jpegview-arm64-build\extras\scripts\libjxl\arm64\lib\jxl_dec-obj.vcxproj]
          with
          [
              _Ty=int
          ]
C:\Users\Public\jpegview-arm64-build\extras\third_party\libjxl\lib/jxl/modular/encoding/context_predict.h(511,27): warning C4244: '=': conversion from 'jxl::pixel_type_w' to '_Ty', possible loss of data [C:\Users\Public\jpegview-arm64-build\extras\scripts\libjxl\arm64\lib\jxl_dec-obj.vcxproj]
          with
          [
              _Ty=int
          ]
C:\Users\Public\jpegview-arm64-build\extras\third_party\libjxl\lib/jxl/modular/encoding/context_predict.h(512,30): warning C4244: '=': conversion from 'jxl::pixel_type_w' to '_Ty', possible loss of data [C:\Users\Public\jpegview-arm64-build\extras\scripts\libjxl\arm64\lib\jxl_dec-obj.vcxproj]
          with
          [
              _Ty=int
          ]
C:\Users\Public\jpegview-arm64-build\extras\third_party\libjxl\lib/jxl/modular/encoding/context_predict.h(513,26): warning C4244: '=': conversion from 'jxl::pixel_type_w' to '_Ty', possible loss of data [C:\Users\Public\jpegview-arm64-build\extras\scripts\libjxl\arm64\lib\jxl_dec-obj.vcxproj]
          with
          [
              _Ty=int
          ]
C:\Users\Public\jpegview-arm64-build\extras\third_party\libjxl\lib/jxl/modular/encoding/context_predict.h(514,26): warning C4244: '=': conversion from 'jxl::pixel_type_w' to '_Ty', possible loss of data [C:\Users\Public\jpegview-arm64-build\extras\scripts\libjxl\arm64\lib\jxl_dec-obj.vcxproj]
          with
          [
              _Ty=int
          ]
C:\Users\Public\jpegview-arm64-build\extras\third_party\libjxl\lib/jxl/modular/encoding/context_predict.h(515,27): warning C4244: '=': conversion from 'jxl::pixel_type_w' to '_Ty', possible loss of data [C:\Users\Public\jpegview-arm64-build\extras\scripts\libjxl\arm64\lib\jxl_dec-obj.vcxproj]
          with
          [
              _Ty=int
          ]
C:\Users\Public\jpegview-arm64-build\extras\third_party\libjxl\lib/jxl/modular/encoding/context_predict.h(485,1): warning C4305: 'initializing': truncation from 'int' to 'const bool' [C:\Users\Public\jpegview-arm64-build\extras\scripts\libjxl\arm64\lib\jxl_dec-obj.vcxproj]
C:\Users\Public\jpegview-arm64-build\extras\third_party\libjxl\lib/jxl/modular/encoding/context_predict.h(589): message : see reference to function template instantiation 'jxl::PredictionResult jxl::detail::Predict<17>(jxl::Properties *,size_t,const jxl::pixel_type *__restrict ,const intptr_t,const size_t,const size_t,jxl::Predictor,const jxl::MATreeLookup *,const jxl::Channel *,jxl::weighted::State *,jxl::pixel_type_w *)' being compiled [C:\Users\Public\jpegview-arm64-build\extras\scripts\libjxl\arm64\lib\jxl_dec-obj.vcxproj]
C:\Users\Public\jpegview-arm64-build\extras\third_party\libjxl\lib\jxl\decode.cc(165,1): warning C4267: 'return': conversion from 'size_t' to 'uint32_t', possible loss of data [C:\Users\Public\jpegview-arm64-build\extras\scripts\libjxl\arm64\lib\jxl_dec-obj.vcxproj]
C:\Users\Public\jpegview-arm64-build\extras\third_party\libjxl\lib\jxl\decode.cc(1411): message : see reference to function template instantiation 'uint32_t `anonymous-namespace'::GetBitDepth<jxl::ImageMetadata>(JxlBitDepth,const T &,JxlPixelFormat)' being compiled [C:\Users\Public\jpegview-arm64-build\extras\scripts\libjxl\arm64\lib\jxl_dec-obj.vcxproj]
          with
          [
              T=jxl::ImageMetadata
          ]
C:\Users\Public\jpegview-arm64-build\extras\third_party\libjxl\lib/jxl/dec_ans.h(314,1): warning C4267: '=': conversion from 'size_t' to 'uint32_t', possible loss of data [C:\Users\Public\jpegview-arm64-build\extras\scripts\libjxl\arm64\lib\jxl_dec-obj.vcxproj]
C:\Users\Public\jpegview-arm64-build\extras\third_party\libjxl\lib/jxl/dec_ans.h(369): message : see reference to function template instantiation 'size_t jxl::ANSSymbolReader::ReadHybridUintClusteredInlined<true>(size_t,jxl::BitReader *__restrict )' being compiled [C:\Users\Public\jpegview-arm64-build\extras\scripts\libjxl\arm64\lib\jxl_dec-obj.vcxproj]
C:\Users\Public\jpegview-arm64-build\extras\third_party\libjxl\lib/jxl/dec_ans.h(394): message : see reference to function template instantiation 'size_t jxl::ANSSymbolReader::ReadHybridUintClustered<true>(size_t,jxl::BitReader *__restrict )' being compiled [C:\Users\Public\jpegview-arm64-build\extras\scripts\libjxl\arm64\lib\jxl_dec-obj.vcxproj]
C:\Users\Public\jpegview-arm64-build\extras\third_party\libjxl\lib/jxl/dec_ans.h(341,1): warning C4267: '=': conversion from 'size_t' to 'uint32_t', possible loss of data [C:\Users\Public\jpegview-arm64-build\extras\scripts\libjxl\arm64\lib\jxl_dec-obj.vcxproj]
C:\Users\Public\jpegview-arm64-build\extras\third_party\libjxl\lib/jxl/dec_ans.h(356,1): warning C4267: '=': conversion from 'size_t' to 'uint32_t', possible loss of data [C:\Users\Public\jpegview-arm64-build\extras\scripts\libjxl\arm64\lib\jxl_dec-obj.vcxproj]
C:\Users\Public\jpegview-arm64-build\extras\third_party\libjxl\lib/jxl/dec_ans.h(362,1): warning C4267: '=': conversion from 'size_t' to 'uint32_t', possible loss of data [C:\Users\Public\jpegview-arm64-build\extras\scripts\libjxl\arm64\lib\jxl_dec-obj.vcxproj]
C:\Users\Public\jpegview-arm64-build\extras\third_party\libjxl\lib/jxl/modular/encoding/context_predict.h(161,33): warning C4244: '=': conversion from 'jxl::pixel_type_w' to '_Ty', possible loss of data [C:\Users\Public\jpegview-arm64-build\extras\scripts\libjxl\arm64\lib\jxl_dec-obj.vcxproj]
          with
          [
              _Ty=int
          ]
C:\Users\Public\jpegview-arm64-build\extras\third_party\libjxl\lib/jxl/modular/encoding/context_predict.h(521): message : see reference to function template instantiation 'jxl::pixel_type_w jxl::weighted::State::Predict<false>(size_t,size_t,size_t,jxl::pixel_type_w,jxl::pixel_type_w,jxl::pixel_type_w,jxl::pixel_type_w,jxl::pixel_type_w,jxl::Properties *,size_t)' being compiled [C:\Users\Public\jpegview-arm64-build\extras\scripts\libjxl\arm64\lib\jxl_dec-obj.vcxproj]
C:\Users\Public\jpegview-arm64-build\extras\third_party\libjxl\lib/jxl/modular/encoding/context_predict.h(559): message : see reference to function template instantiation 'jxl::PredictionResult jxl::detail::Predict<0>(jxl::Properties *,size_t,const jxl::pixel_type *__restrict ,const intptr_t,const size_t,const size_t,jxl::Predictor,const jxl::MATreeLookup *,const jxl::Channel *,jxl::weighted::State *,jxl::pixel_type_w *)' being compiled [C:\Users\Public\jpegview-arm64-build\extras\scripts\libjxl\arm64\lib\jxl_dec-obj.vcxproj]
  entropy_coder.cc
C:\Users\Public\jpegview-arm64-build\extras\third_party\libjxl\lib/jxl/base/status.h(132,47): warning C4646: function declared with 'noreturn' has non-void return type [C:\Users\Public\jpegview-arm64-build\extras\scripts\libjxl\arm64\lib\jxl_dec-obj.vcxproj]
C:\Users\Public\jpegview-arm64-build\extras\third_party\libjxl\lib/jxl/ac_context.h(112,1): warning C4267: 'return': conversion from 'size_t' to 'uint32_t', possible loss of data [C:\Users\Public\jpegview-arm64-build\extras\scripts\libjxl\arm64\lib\jxl_dec-obj.vcxproj]
C:\Users\Public\jpegview-arm64-build\extras\third_party\libjxl\lib/jxl/ac_context.h(124,1): warning C4267: 'return': conversion from 'size_t' to 'uint32_t', possible loss of data [C:\Users\Public\jpegview-arm64-build\extras\scripts\libjxl\arm64\lib\jxl_dec-obj.vcxproj]
C:\Users\Public\jpegview-arm64-build\extras\third_party\libjxl\lib/jxl/ac_context.h(137,1): warning C4267: 'return': conversion from 'size_t' to 'uint32_t', possible loss of data [C:\Users\Public\jpegview-arm64-build\extras\scripts\libjxl\arm64\lib\jxl_dec-obj.vcxproj]
C:\Users\Public\jpegview-arm64-build\extras\third_party\libjxl\lib/jxl/dec_ans.h(78,1): warning C4267: 'initializing': conversion from 'size_t' to 'uint32_t', possible loss of data [C:\Users\Public\jpegview-arm64-build\extras\scripts\libjxl\arm64\lib\jxl_dec-obj.vcxproj]
C:\Users\Public\jpegview-arm64-build\extras\third_party\libjxl\lib/jxl/dec_ans.h(175,1): warning C4267: '=': conversion from 'size_t' to 'uint32_t', possible loss of data [C:\Users\Public\jpegview-arm64-build\extras\scripts\libjxl\arm64\lib\jxl_dec-obj.vcxproj]
C:\Users\Public\jpegview-arm64-build\extras\third_party\libjxl\lib/jxl/dec_ans.h(197,1): warning C4267: '=': conversion from 'size_t' to 'uint32_t', possible loss of data [C:\Users\Public\jpegview-arm64-build\extras\scripts\libjxl\arm64\lib\jxl_dec-obj.vcxproj]
C:\Users\Public\jpegview-arm64-build\extras\third_party\libjxl\lib/jxl/dec_ans.h(411,1): warning C4267: '=': conversion from 'size_t' to 'uint32_t', possible loss of data [C:\Users\Public\jpegview-arm64-build\extras\scripts\libjxl\arm64\lib\jxl_dec-obj.vcxproj]
C:\Users\Public\jpegview-arm64-build\extras\third_party\libjxl\lib/jxl/dec_ans.h(414,1): warning C4267: '=': conversion from 'size_t' to 'uint32_t', possible loss of data [C:\Users\Public\jpegview-arm64-build\extras\scripts\libjxl\arm64\lib\jxl_dec-obj.vcxproj]
C:\Users\Public\jpegview-arm64-build\extras\third_party\libjxl\lib/jxl/chroma_from_luma.h(120,41): warning C4244: 'return': conversion from 'const uint32_t' to 'float', possible loss of data [C:\Users\Public\jpegview-arm64-build\extras\scripts\libjxl\arm64\lib\jxl_dec-obj.vcxproj]
C:\Users\Public\jpegview-arm64-build\extras\third_party\libjxl\lib/jxl/frame_header.h(105,1): warning C4267: '=': conversion from 'size_t' to 'uint32_t', possible loss of data [C:\Users\Public\jpegview-arm64-build\extras\scripts\libjxl\arm64\lib\jxl_dec-obj.vcxproj]
C:\Users\Public\jpegview-arm64-build\extras\third_party\libjxl\lib/jxl/quantizer.h(86,41): warning C4244: '=': conversion from 'double' to 'float', possible loss of data [C:\Users\Public\jpegview-arm64-build\extras\scripts\libjxl\arm64\lib\jxl_dec-obj.vcxproj]
C:\Users\Public\jpegview-arm64-build\extras\third_party\libjxl\lib/jxl/quantizer.h(87,49): warning C4244: '=': conversion from 'double' to 'float', possible loss of data [C:\Users\Public\jpegview-arm64-build\extras\scripts\libjxl\arm64\lib\jxl_dec-obj.vcxproj]
C:\Users\Public\jpegview-arm64-build\extras\third_party\libjxl\lib/jxl/dec_cache.h(203,1): warning C4334: '<<': result of 32-bit shift implicitly converted to 64 bits (was 64-bit shift intended?) [C:\Users\Public\jpegview-arm64-build\extras\scripts\libjxl\arm64\lib\jxl_dec-obj.vcxproj]
C:\Users\Public\jpegview-arm64-build\extras\third_party\libjxl\lib\jxl\entropy_coder.cc(46,23): warning C4244: '=': conversion from 'intptr_t' to 'int', possible loss of data [C:\Users\Public\jpegview-arm64-build\extras\scripts\libjxl\arm64\lib\jxl_dec-obj.vcxproj]
C:\Users\Public\jpegview-arm64-build\extras\third_party\libjxl\lib/jxl/dec_ans.h(252,1): warning C4267: 'return': conversion from 'size_t' to 'uint32_t', possible loss of data [C:\Users\Public\jpegview-arm64-build\extras\scripts\libjxl\arm64\lib\jxl_dec-obj.vcxproj]
C:\Users\Public\jpegview-arm64-build\extras\third_party\libjxl\lib/jxl/dec_ans.h(288): message : see reference to function template instantiation 'uint32_t jxl::ANSSymbolReader::ReadHybridUintConfig<jxl::BitReader>(const jxl::HybridUintConfig &,size_t,BitReader *)' being compiled [C:\Users\Public\jpegview-arm64-build\extras\scripts\libjxl\arm64\lib\jxl_dec-obj.vcxproj]
          with
          [
              BitReader=jxl::BitReader
          ]
C:\Users\Public\jpegview-arm64-build\extras\third_party\libjxl\lib/jxl/dec_ans.h(254,1): warning C4267: 'initializing': conversion from 'size_t' to 'uint32_t', possible loss of data [C:\Users\Public\jpegview-arm64-build\extras\scripts\libjxl\arm64\lib\jxl_dec-obj.vcxproj]
C:\Users\Public\jpegview-arm64-build\extras\third_party\libjxl\lib/jxl/dec_ans.h(268,1): warning C4334: '<<': result of 32-bit shift implicitly converted to 64 bits (was 64-bit shift intended?) [C:\Users\Public\jpegview-arm64-build\extras\scripts\libjxl\arm64\lib\jxl_dec-obj.vcxproj]
C:\Users\Public\jpegview-arm64-build\extras\third_party\libjxl\lib/jxl/dec_ans.h(314,1): warning C4267: '=': conversion from 'size_t' to 'uint32_t', possible loss of data [C:\Users\Public\jpegview-arm64-build\extras\scripts\libjxl\arm64\lib\jxl_dec-obj.vcxproj]
C:\Users\Public\jpegview-arm64-build\extras\third_party\libjxl\lib/jxl/dec_ans.h(369): message : see reference to function template instantiation 'size_t jxl::ANSSymbolReader::ReadHybridUintClusteredInlined<true>(size_t,jxl::BitReader *__restrict )' being compiled [C:\Users\Public\jpegview-arm64-build\extras\scripts\libjxl\arm64\lib\jxl_dec-obj.vcxproj]
C:\Users\Public\jpegview-arm64-build\extras\third_party\libjxl\lib/jxl/dec_ans.h(394): message : see reference to function template instantiation 'size_t jxl::ANSSymbolReader::ReadHybridUintClustered<true>(size_t,jxl::BitReader *__restrict )' being compiled [C:\Users\Public\jpegview-arm64-build\extras\scripts\libjxl\arm64\lib\jxl_dec-obj.vcxproj]
C:\Users\Public\jpegview-arm64-build\extras\third_party\libjxl\lib/jxl/dec_ans.h(341,1): warning C4267: '=': conversion from 'size_t' to 'uint32_t', possible loss of data [C:\Users\Public\jpegview-arm64-build\extras\scripts\libjxl\arm64\lib\jxl_dec-obj.vcxproj]
C:\Users\Public\jpegview-arm64-build\extras\third_party\libjxl\lib/jxl/dec_ans.h(356,1): warning C4267: '=': conversion from 'size_t' to 'uint32_t', possible loss of data [C:\Users\Public\jpegview-arm64-build\extras\scripts\libjxl\arm64\lib\jxl_dec-obj.vcxproj]
C:\Users\Public\jpegview-arm64-build\extras\third_party\libjxl\lib/jxl/dec_ans.h(362,1): warning C4267: '=': conversion from 'size_t' to 'uint32_t', possible loss of data [C:\Users\Public\jpegview-arm64-build\extras\scripts\libjxl\arm64\lib\jxl_dec-obj.vcxproj]
  epf.cc
C:\Users\Public\jpegview-arm64-build\extras\third_party\libjxl\lib/jxl/base/status.h(132,47): warning C4646: function declared with 'noreturn' has non-void return type [C:\Users\Public\jpegview-arm64-build\extras\scripts\libjxl\arm64\lib\jxl_dec-obj.vcxproj]
C:\Users\Public\jpegview-arm64-build\extras\third_party\libjxl\lib/jxl/ac_context.h(112,1): warning C4267: 'return': conversion from 'size_t' to 'uint32_t', possible loss of data [C:\Users\Public\jpegview-arm64-build\extras\scripts\libjxl\arm64\lib\jxl_dec-obj.vcxproj]
C:\Users\Public\jpegview-arm64-build\extras\third_party\libjxl\lib/jxl/ac_context.h(124,1): warning C4267: 'return': conversion from 'size_t' to 'uint32_t', possible loss of data [C:\Users\Public\jpegview-arm64-build\extras\scripts\libjxl\arm64\lib\jxl_dec-obj.vcxproj]
C:\Users\Public\jpegview-arm64-build\extras\third_party\libjxl\lib/jxl/ac_context.h(137,1): warning C4267: 'return': conversion from 'size_t' to 'uint32_t', possible loss of data [C:\Users\Public\jpegview-arm64-build\extras\scripts\libjxl\arm64\lib\jxl_dec-obj.vcxproj]
C:\Users\Public\jpegview-arm64-build\extras\third_party\libjxl\lib/jxl/chroma_from_luma.h(120,41): warning C4244: 'return': conversion from 'const uint32_t' to 'float', possible loss of data [C:\Users\Public\jpegview-arm64-build\extras\scripts\libjxl\arm64\lib\jxl_dec-obj.vcxproj]
C:\Users\Public\jpegview-arm64-build\extras\third_party\libjxl\lib/jxl/frame_header.h(105,1): warning C4267: '=': conversion from 'size_t' to 'uint32_t', possible loss of data [C:\Users\Public\jpegview-arm64-build\extras\scripts\libjxl\arm64\lib\jxl_dec-obj.vcxproj]
C:\Users\Public\jpegview-arm64-build\extras\third_party\libjxl\lib/jxl/quantizer.h(86,41): warning C4244: '=': conversion from 'double' to 'float', possible loss of data [C:\Users\Public\jpegview-arm64-build\extras\scripts\libjxl\arm64\lib\jxl_dec-obj.vcxproj]
C:\Users\Public\jpegview-arm64-build\extras\third_party\libjxl\lib/jxl/quantizer.h(87,49): warning C4244: '=': conversion from 'double' to 'float', possible loss of data [C:\Users\Public\jpegview-arm64-build\extras\scripts\libjxl\arm64\lib\jxl_dec-obj.vcxproj]
C:\Users\Public\jpegview-arm64-build\extras\third_party\libjxl\lib/jxl/dec_ans.h(78,1): warning C4267: 'initializing': conversion from 'size_t' to 'uint32_t', possible loss of data [C:\Users\Public\jpegview-arm64-build\extras\scripts\libjxl\arm64\lib\jxl_dec-obj.vcxproj]
C:\Users\Public\jpegview-arm64-build\extras\third_party\libjxl\lib/jxl/dec_ans.h(175,1): warning C4267: '=': conversion from 'size_t' to 'uint32_t', possible loss of data [C:\Users\Public\jpegview-arm64-build\extras\scripts\libjxl\arm64\lib\jxl_dec-obj.vcxproj]
C:\Users\Public\jpegview-arm64-build\extras\third_party\libjxl\lib/jxl/dec_ans.h(197,1): warning C4267: '=': conversion from 'size_t' to 'uint32_t', possible loss of data [C:\Users\Public\jpegview-arm64-build\extras\scripts\libjxl\arm64\lib\jxl_dec-obj.vcxproj]
C:\Users\Public\jpegview-arm64-build\extras\third_party\libjxl\lib/jxl/dec_ans.h(411,1): warning C4267: '=': conversion from 'size_t' to 'uint32_t', possible loss of data [C:\Users\Public\jpegview-arm64-build\extras\scripts\libjxl\arm64\lib\jxl_dec-obj.vcxproj]
C:\Users\Public\jpegview-arm64-build\extras\third_party\libjxl\lib/jxl/dec_ans.h(414,1): warning C4267: '=': conversion from 'size_t' to 'uint32_t', possible loss of data [C:\Users\Public\jpegview-arm64-build\extras\scripts\libjxl\arm64\lib\jxl_dec-obj.vcxproj]
C:\Users\Public\jpegview-arm64-build\extras\third_party\libjxl\lib/jxl/dec_cache.h(203,1): warning C4334: '<<': result of 32-bit shift implicitly converted to 64 bits (was 64-bit shift intended?) [C:\Users\Public\jpegview-arm64-build\extras\scripts\libjxl\arm64\lib\jxl_dec-obj.vcxproj]
C:\Users\Public\jpegview-arm64-build\extras\third_party\libjxl\lib/jxl/dec_ans.h(252,1): warning C4267: 'return': conversion from 'size_t' to 'uint32_t', possible loss of data [C:\Users\Public\jpegview-arm64-build\extras\scripts\libjxl\arm64\lib\jxl_dec-obj.vcxproj]
C:\Users\Public\jpegview-arm64-build\extras\third_party\libjxl\lib/jxl/dec_ans.h(288): message : see reference to function template instantiation 'uint32_t jxl::ANSSymbolReader::ReadHybridUintConfig<jxl::BitReader>(const jxl::HybridUintConfig &,size_t,BitReader *)' being compiled [C:\Users\Public\jpegview-arm64-build\extras\scripts\libjxl\arm64\lib\jxl_dec-obj.vcxproj]
          with
          [
              BitReader=jxl::BitReader
          ]
C:\Users\Public\jpegview-arm64-build\extras\third_party\libjxl\lib/jxl/dec_ans.h(254,1): warning C4267: 'initializing': conversion from 'size_t' to 'uint32_t', possible loss of data [C:\Users\Public\jpegview-arm64-build\extras\scripts\libjxl\arm64\lib\jxl_dec-obj.vcxproj]
C:\Users\Public\jpegview-arm64-build\extras\third_party\libjxl\lib/jxl/dec_ans.h(268,1): warning C4334: '<<': result of 32-bit shift implicitly converted to 64 bits (was 64-bit shift intended?) [C:\Users\Public\jpegview-arm64-build\extras\scripts\libjxl\arm64\lib\jxl_dec-obj.vcxproj]
C:\Users\Public\jpegview-arm64-build\extras\third_party\libjxl\lib/jxl/dec_ans.h(314,1): warning C4267: '=': conversion from 'size_t' to 'uint32_t', possible loss of data [C:\Users\Public\jpegview-arm64-build\extras\scripts\libjxl\arm64\lib\jxl_dec-obj.vcxproj]
C:\Users\Public\jpegview-arm64-build\extras\third_party\libjxl\lib/jxl/dec_ans.h(369): message : see reference to function template instantiation 'size_t jxl::ANSSymbolReader::ReadHybridUintClusteredInlined<true>(size_t,jxl::BitReader *__restrict )' being compiled [C:\Users\Public\jpegview-arm64-build\extras\scripts\libjxl\arm64\lib\jxl_dec-obj.vcxproj]
C:\Users\Public\jpegview-arm64-build\extras\third_party\libjxl\lib/jxl/dec_ans.h(394): message : see reference to function template instantiation 'size_t jxl::ANSSymbolReader::ReadHybridUintClustered<true>(size_t,jxl::BitReader *__restrict )' being compiled [C:\Users\Public\jpegview-arm64-build\extras\scripts\libjxl\arm64\lib\jxl_dec-obj.vcxproj]
C:\Users\Public\jpegview-arm64-build\extras\third_party\libjxl\lib/jxl/dec_ans.h(341,1): warning C4267: '=': conversion from 'size_t' to 'uint32_t', possible loss of data [C:\Users\Public\jpegview-arm64-build\extras\scripts\libjxl\arm64\lib\jxl_dec-obj.vcxproj]
C:\Users\Public\jpegview-arm64-build\extras\third_party\libjxl\lib/jxl/dec_ans.h(356,1): warning C4267: '=': conversion from 'size_t' to 'uint32_t', possible loss of data [C:\Users\Public\jpegview-arm64-build\extras\scripts\libjxl\arm64\lib\jxl_dec-obj.vcxproj]
C:\Users\Public\jpegview-arm64-build\extras\third_party\libjxl\lib/jxl/dec_ans.h(362,1): warning C4267: '=': conversion from 'size_t' to 'uint32_t', possible loss of data [C:\Users\Public\jpegview-arm64-build\extras\scripts\libjxl\arm64\lib\jxl_dec-obj.vcxproj]
  fast_dct.cc
C:\Users\Public\jpegview-arm64-build\extras\third_party\libjxl\lib/jxl/base/status.h(132,47): warning C4646: function declared with 'noreturn' has non-void return type [C:\Users\Public\jpegview-arm64-build\extras\scripts\libjxl\arm64\lib\jxl_dec-obj.vcxproj]
C:\Users\Public\jpegview-arm64-build\extras\third_party\libjxl\lib/jxl/dct_scales.h(57,1): warning C4305: 'initializing': truncation from 'double' to 'const float' [C:\Users\Public\jpegview-arm64-build\extras\scripts\libjxl\arm64\lib\jxl_dec-obj.vcxproj]
C:\Users\Public\jpegview-arm64-build\extras\third_party\libjxl\lib/jxl/dct_scales.h(67,1): warning C4305: 'initializing': truncation from 'double' to 'const float' [C:\Users\Public\jpegview-arm64-build\extras\scripts\libjxl\arm64\lib\jxl_dec-obj.vcxproj]
C:\Users\Public\jpegview-arm64-build\extras\third_party\libjxl\lib/jxl/dct_scales.h(76,1): warning C4305: 'initializing': truncation from 'double' to 'const float' [C:\Users\Public\jpegview-arm64-build\extras\scripts\libjxl\arm64\lib\jxl_dec-obj.vcxproj]
C:\Users\Public\jpegview-arm64-build\extras\third_party\libjxl\lib/jxl/dct_scales.h(98,1): warning C4305: 'initializing': truncation from 'double' to 'const float' [C:\Users\Public\jpegview-arm64-build\extras\scripts\libjxl\arm64\lib\jxl_dec-obj.vcxproj]
C:\Users\Public\jpegview-arm64-build\extras\third_party\libjxl\lib/jxl/dct_scales.h(136,1): warning C4305: 'initializing': truncation from 'double' to 'const float' [C:\Users\Public\jpegview-arm64-build\extras\scripts\libjxl\arm64\lib\jxl_dec-obj.vcxproj]
C:\Users\Public\jpegview-arm64-build\extras\third_party\libjxl\lib/jxl/dct_scales.h(152,1): warning C4305: 'initializing': truncation from 'double' to 'const float' [C:\Users\Public\jpegview-arm64-build\extras\scripts\libjxl\arm64\lib\jxl_dec-obj.vcxproj]
C:\Users\Public\jpegview-arm64-build\extras\third_party\libjxl\lib/jxl/dct_scales.h(162,1): warning C4305: 'initializing': truncation from 'double' to 'const float' [C:\Users\Public\jpegview-arm64-build\extras\scripts\libjxl\arm64\lib\jxl_dec-obj.vcxproj]
C:\Users\Public\jpegview-arm64-build\extras\third_party\libjxl\lib/jxl/dct_scales.h(171,1): warning C4305: 'initializing': truncation from 'double' to 'const float' [C:\Users\Public\jpegview-arm64-build\extras\scripts\libjxl\arm64\lib\jxl_dec-obj.vcxproj]
C:\Users\Public\jpegview-arm64-build\extras\third_party\libjxl\lib/jxl/dct_scales.h(193,1): warning C4305: 'initializing': truncation from 'double' to 'const float' [C:\Users\Public\jpegview-arm64-build\extras\scripts\libjxl\arm64\lib\jxl_dec-obj.vcxproj]
C:\Users\Public\jpegview-arm64-build\extras\third_party\libjxl\lib/jxl/dct_scales.h(231,1): warning C4305: 'initializing': truncation from 'double' to 'const float' [C:\Users\Public\jpegview-arm64-build\extras\scripts\libjxl\arm64\lib\jxl_dec-obj.vcxproj]
C:\Users\Public\jpegview-arm64-build\extras\third_party\libjxl\lib/jxl/dct_scales.h(245,1): warning C4305: 'initializing': truncation from 'double' to 'const float' [C:\Users\Public\jpegview-arm64-build\extras\scripts\libjxl\arm64\lib\jxl_dec-obj.vcxproj]
C:\Users\Public\jpegview-arm64-build\extras\third_party\libjxl\lib/jxl/dct_scales.h(255,1): warning C4305: 'initializing': truncation from 'double' to 'const float' [C:\Users\Public\jpegview-arm64-build\extras\scripts\libjxl\arm64\lib\jxl_dec-obj.vcxproj]
C:\Users\Public\jpegview-arm64-build\extras\third_party\libjxl\lib/jxl/dct_scales.h(264,1): warning C4305: 'initializing': truncation from 'double' to 'const float' [C:\Users\Public\jpegview-arm64-build\extras\scripts\libjxl\arm64\lib\jxl_dec-obj.vcxproj]
C:\Users\Public\jpegview-arm64-build\extras\third_party\libjxl\lib/jxl/dct_scales.h(276,1): warning C4305: 'initializing': truncation from 'double' to 'const float' [C:\Users\Public\jpegview-arm64-build\extras\scripts\libjxl\arm64\lib\jxl_dec-obj.vcxproj]
C:\Users\Public\jpegview-arm64-build\extras\third_party\libjxl\lib/jxl/dct_scales.h(292,1): warning C4305: 'initializing': truncation from 'double' to 'const float' [C:\Users\Public\jpegview-arm64-build\extras\scripts\libjxl\arm64\lib\jxl_dec-obj.vcxproj]
C:\Users\Public\jpegview-arm64-build\extras\third_party\libjxl\lib/jxl/dct_scales.h(319,1): warning C4305: 'initializing': truncation from 'double' to 'const float' [C:\Users\Public\jpegview-arm64-build\extras\scripts\libjxl\arm64\lib\jxl_dec-obj.vcxproj]
C:\Users\Public\jpegview-arm64-build\extras\third_party\libjxl\lib/jxl/dct_scales.h(368,1): warning C4305: 'initializing': truncation from 'double' to 'const float' [C:\Users\Public\jpegview-arm64-build\extras\scripts\libjxl\arm64\lib\jxl_dec-obj.vcxproj]
  fields.cc
C:\Users\Public\jpegview-arm64-build\extras\third_party\libjxl\lib/jxl/base/status.h(132,47): warning C4646: function declared with 'noreturn' has non-void return type [C:\Users\Public\jpegview-arm64-build\extras\scripts\libjxl\arm64\lib\jxl_dec-obj.vcxproj]
C:\Users\Public\jpegview-arm64-build\extras\third_party\libjxl\lib\jxl\fields.cc(477,26): warning C4244: 'return': conversion from 'uint64_t' to 'uint32_t', possible loss of data [C:\Users\Public\jpegview-arm64-build\extras\scripts\libjxl\arm64\lib\jxl_dec-obj.vcxproj]
C:\Users\Public\jpegview-arm64-build\extras\third_party\libjxl\lib\jxl\fields.cc(503,53): warning C4244: 'initializing': conversion from 'uint64_t' to 'uint32_t', possible loss of data [C:\Users\Public\jpegview-arm64-build\extras\scripts\libjxl\arm64\lib\jxl_dec-obj.vcxproj]
C:\Users\Public\jpegview-arm64-build\extras\third_party\libjxl\lib\jxl\fields.cc(503,27): warning C4244: 'initializing': conversion from 'uint64_t' to 'const uint32_t', possible loss of data [C:\Users\Public\jpegview-arm64-build\extras\scripts\libjxl\arm64\lib\jxl_dec-obj.vcxproj]
C:\Users\Public\jpegview-arm64-build\extras\third_party\libjxl\lib\jxl\fields.cc(508,44): warning C4244: 'return': conversion from 'uint64_t' to 'uint32_t', possible loss of data [C:\Users\Public\jpegview-arm64-build\extras\scripts\libjxl\arm64\lib\jxl_dec-obj.vcxproj]
C:\Users\Public\jpegview-arm64-build\extras\third_party\libjxl\lib\jxl\fields.cc(612,52): warning C4244: 'initializing': conversion from 'uint64_t' to 'uint32_t', possible loss of data [C:\Users\Public\jpegview-arm64-build\extras\scripts\libjxl\arm64\lib\jxl_dec-obj.vcxproj]
C:\Users\Public\jpegview-arm64-build\extras\third_party\libjxl\lib\jxl\fields.cc(612,25): warning C4244: 'initializing': conversion from 'uint64_t' to 'const uint32_t', possible loss of data [C:\Users\Public\jpegview-arm64-build\extras\scripts\libjxl\arm64\lib\jxl_dec-obj.vcxproj]
  frame_header.cc
C:\Users\Public\jpegview-arm64-build\extras\third_party\libjxl\lib/jxl/base/status.h(132,47): warning C4646: function declared with 'noreturn' has non-void return type [C:\Users\Public\jpegview-arm64-build\extras\scripts\libjxl\arm64\lib\jxl_dec-obj.vcxproj]
C:\Users\Public\jpegview-arm64-build\extras\third_party\libjxl\lib/jxl/frame_header.h(105,1): warning C4267: '=': conversion from 'size_t' to 'uint32_t', possible loss of data [C:\Users\Public\jpegview-arm64-build\extras\scripts\libjxl\arm64\lib\jxl_dec-obj.vcxproj]
C:\Users\Public\jpegview-arm64-build\extras\third_party\libjxl\lib\jxl\frame_header.cc(318,39): warning C4244: '=': conversion from 'intptr_t' to 'int32_t', possible loss of data [C:\Users\Public\jpegview-arm64-build\extras\scripts\libjxl\arm64\lib\jxl_dec-obj.vcxproj]
C:\Users\Public\jpegview-arm64-build\extras\third_party\libjxl\lib\jxl\frame_header.cc(319,39): warning C4244: '=': conversion from 'intptr_t' to 'int32_t', possible loss of data [C:\Users\Public\jpegview-arm64-build\extras\scripts\libjxl\arm64\lib\jxl_dec-obj.vcxproj]
C:\Users\Public\jpegview-arm64-build\extras\third_party\libjxl\lib\jxl\frame_header.cc(329,44): warning C4267: 'initializing': conversion from 'size_t' to 'int32_t', possible loss of data [C:\Users\Public\jpegview-arm64-build\extras\scripts\libjxl\arm64\lib\jxl_dec-obj.vcxproj]
C:\Users\Public\jpegview-arm64-build\extras\third_party\libjxl\lib\jxl\frame_header.cc(330,44): warning C4267: 'initializing': conversion from 'size_t' to 'int32_t', possible loss of data [C:\Users\Public\jpegview-arm64-build\extras\scripts\libjxl\arm64\lib\jxl_dec-obj.vcxproj]
  gauss_blur.cc
C:\Users\Public\jpegview-arm64-build\extras\third_party\libjxl\lib/jxl/base/status.h(132,47): warning C4646: function declared with 'noreturn' has non-void return type [C:\Users\Public\jpegview-arm64-build\extras\scripts\libjxl\arm64\lib\jxl_dec-obj.vcxproj]
C:\Users\Public\jpegview-arm64-build\extras\third_party\libjxl\lib\jxl\gauss_blur.cc(409,34): warning C4267: 'initializing': conversion from 'size_t' to 'int', possible loss of data [C:\Users\Public\jpegview-arm64-build\extras\scripts\libjxl\arm64\lib\jxl_dec-obj.vcxproj]
C:\Users\Public\jpegview-arm64-build\extras\third_party\libjxl\lib\jxl\gauss_blur.cc(409,34): warning C4267: 'initializing': conversion from 'size_t' to 'const int', possible loss of data [C:\Users\Public\jpegview-arm64-build\extras\scripts\libjxl\arm64\lib\jxl_dec-obj.vcxproj]
C:\Users\Public\jpegview-arm64-build\extras\third_party\libjxl\lib\jxl\gauss_blur.cc(417,54): warning C4267: 'argument': conversion from 'size_t' to 'const int', possible loss of data [C:\Users\Public\jpegview-arm64-build\extras\scripts\libjxl\arm64\lib\jxl_dec-obj.vcxproj]
C:\Users\Public\jpegview-arm64-build\extras\third_party\libjxl\lib\jxl\gauss_blur.cc(423,72): warning C4267: 'argument': conversion from 'size_t' to 'const _Ty', possible loss of data [C:\Users\Public\jpegview-arm64-build\extras\scripts\libjxl\arm64\lib\jxl_dec-obj.vcxproj]
          with
          [
              _Ty=int
          ]
C:\Users\Public\jpegview-arm64-build\extras\third_party\libjxl\lib\jxl\gauss_blur.cc(430,46): warning C4267: '+=': conversion from 'size_t' to 'int', possible loss of data [C:\Users\Public\jpegview-arm64-build\extras\scripts\libjxl\arm64\lib\jxl_dec-obj.vcxproj]
C:\Users\Public\jpegview-arm64-build\extras\third_party\libjxl\lib\jxl\gauss_blur.cc(439,72): warning C4267: 'argument': conversion from 'size_t' to 'const _Ty', possible loss of data [C:\Users\Public\jpegview-arm64-build\extras\scripts\libjxl\arm64\lib\jxl_dec-obj.vcxproj]
          with
          [
              _Ty=int
          ]
C:\Users\Public\jpegview-arm64-build\extras\third_party\libjxl\lib\jxl\gauss_blur.cc(505,47): warning C4244: 'argument': conversion from 'double' to 'float', possible loss of data [C:\Users\Public\jpegview-arm64-build\extras\scripts\libjxl\arm64\lib\jxl_dec-obj.vcxproj]
C:\Users\Public\jpegview-arm64-build\extras\third_party\libjxl\lib\jxl\gauss_blur.cc(577,31): warning C4244: '=': conversion from 'double' to 'float', possible loss of data [C:\Users\Public\jpegview-arm64-build\extras\scripts\libjxl\arm64\lib\jxl_dec-obj.vcxproj]
C:\Users\Public\jpegview-arm64-build\extras\third_party\libjxl\lib\jxl\gauss_blur.cc(578,35): warning C4244: '=': conversion from 'double' to 'float', possible loss of data [C:\Users\Public\jpegview-arm64-build\extras\scripts\libjxl\arm64\lib\jxl_dec-obj.vcxproj]
C:\Users\Public\jpegview-arm64-build\extras\third_party\libjxl\lib\jxl\gauss_blur.cc(579,44): warning C4244: '=': conversion from 'double' to 'float', possible loss of data [C:\Users\Public\jpegview-arm64-build\extras\scripts\libjxl\arm64\lib\jxl_dec-obj.vcxproj]
C:\Users\Public\jpegview-arm64-build\extras\third_party\libjxl\lib\jxl\gauss_blur.cc(580,53): warning C4244: '=': conversion from 'double' to 'float', possible loss of data [C:\Users\Public\jpegview-arm64-build\extras\scripts\libjxl\arm64\lib\jxl_dec-obj.vcxproj]
C:\Users\Public\jpegview-arm64-build\extras\third_party\libjxl\lib\jxl\gauss_blur.cc(582,36): warning C4244: '=': conversion from 'double' to 'float', possible loss of data [C:\Users\Public\jpegview-arm64-build\extras\scripts\libjxl\arm64\lib\jxl_dec-obj.vcxproj]
C:\Users\Public\jpegview-arm64-build\extras\third_party\libjxl\lib\jxl\gauss_blur.cc(583,37): warning C4244: '=': conversion from 'double' to 'float', possible loss of data [C:\Users\Public\jpegview-arm64-build\extras\scripts\libjxl\arm64\lib\jxl_dec-obj.vcxproj]
C:\Users\Public\jpegview-arm64-build\extras\third_party\libjxl\lib\jxl\gauss_blur.cc(584,44): warning C4244: '=': conversion from 'double' to 'float', possible loss of data [C:\Users\Public\jpegview-arm64-build\extras\scripts\libjxl\arm64\lib\jxl_dec-obj.vcxproj]
C:\Users\Public\jpegview-arm64-build\extras\third_party\libjxl\lib\jxl\gauss_blur.cc(585,33): warning C4244: '=': conversion from 'double' to 'float', possible loss of data [C:\Users\Public\jpegview-arm64-build\extras\scripts\libjxl\arm64\lib\jxl_dec-obj.vcxproj]
C:\Users\Public\jpegview-arm64-build\extras\third_party\libjxl\lib\jxl\gauss_blur.cc(586,36): warning C4244: '=': conversion from 'double' to 'float', possible loss of data [C:\Users\Public\jpegview-arm64-build\extras\scripts\libjxl\arm64\lib\jxl_dec-obj.vcxproj]
C:\Users\Public\jpegview-arm64-build\extras\third_party\libjxl\lib\jxl\gauss_blur.cc(587,41): warning C4244: '=': conversion from 'double' to 'float', possible loss of data [C:\Users\Public\jpegview-arm64-build\extras\scripts\libjxl\arm64\lib\jxl_dec-obj.vcxproj]
C:\Users\Public\jpegview-arm64-build\extras\third_party\libjxl\lib\jxl\gauss_blur.cc(588,50): warning C4244: '=': conversion from 'double' to 'float', possible loss of data [C:\Users\Public\jpegview-arm64-build\extras\scripts\libjxl\arm64\lib\jxl_dec-obj.vcxproj]
C:\Users\Public\jpegview-arm64-build\extras\third_party\libjxl\lib\jxl\gauss_blur.cc(610,1): warning C4267: 'argument': conversion from 'size_t' to 'const uint32_t', possible loss of data [C:\Users\Public\jpegview-arm64-build\extras\scripts\libjxl\arm64\lib\jxl_dec-obj.vcxproj]
  headers.cc
C:\Users\Public\jpegview-arm64-build\extras\third_party\libjxl\lib/jxl/base/status.h(132,47): warning C4646: function declared with 'noreturn' has non-void return type [C:\Users\Public\jpegview-arm64-build\extras\scripts\libjxl\arm64\lib\jxl_dec-obj.vcxproj]
  huffman_table.cc
C:\Users\Public\jpegview-arm64-build\extras\third_party\libjxl\lib/jxl/base/status.h(132,47): warning C4646: function declared with 'noreturn' has non-void return type [C:\Users\Public\jpegview-arm64-build\extras\scripts\libjxl\arm64\lib\jxl_dec-obj.vcxproj]
C:\Users\Public\jpegview-arm64-build\extras\third_party\libjxl\lib\jxl\huffman_table.cc(41,40): warning C4334: '<<': result of 32-bit shift implicitly converted to 64 bits (was 64-bit shift intended?) [C:\Users\Public\jpegview-arm64-build\extras\scripts\libjxl\arm64\lib\jxl_dec-obj.vcxproj]
C:\Users\Public\jpegview-arm64-build\extras\third_party\libjxl\lib\jxl\huffman_table.cc(90,54): warning C4267: '=': conversion from 'size_t' to 'uint16_t', possible loss of data [C:\Users\Public\jpegview-arm64-build\extras\scripts\libjxl\arm64\lib\jxl_dec-obj.vcxproj]
C:\Users\Public\jpegview-arm64-build\extras\third_party\libjxl\lib\jxl\huffman_table.cc(154,32): warning C4267: 'argument': conversion from 'size_t' to 'int', possible loss of data [C:\Users\Public\jpegview-arm64-build\extras\scripts\libjxl\arm64\lib\jxl_dec-obj.vcxproj]
  icc_codec.cc
C:\Users\Public\jpegview-arm64-build\extras\third_party\libjxl\lib/jxl/base/status.h(132,47): warning C4646: function declared with 'noreturn' has non-void return type [C:\Users\Public\jpegview-arm64-build\extras\scripts\libjxl\arm64\lib\jxl_dec-obj.vcxproj]
C:\Users\Public\jpegview-arm64-build\extras\third_party\libjxl\lib/jxl/dec_ans.h(78,1): warning C4267: 'initializing': conversion from 'size_t' to 'uint32_t', possible loss of data [C:\Users\Public\jpegview-arm64-build\extras\scripts\libjxl\arm64\lib\jxl_dec-obj.vcxproj]
C:\Users\Public\jpegview-arm64-build\extras\third_party\libjxl\lib/jxl/dec_ans.h(175,1): warning C4267: '=': conversion from 'size_t' to 'uint32_t', possible loss of data [C:\Users\Public\jpegview-arm64-build\extras\scripts\libjxl\arm64\lib\jxl_dec-obj.vcxproj]
C:\Users\Public\jpegview-arm64-build\extras\third_party\libjxl\lib/jxl/dec_ans.h(197,1): warning C4267: '=': conversion from 'size_t' to 'uint32_t', possible loss of data [C:\Users\Public\jpegview-arm64-build\extras\scripts\libjxl\arm64\lib\jxl_dec-obj.vcxproj]
C:\Users\Public\jpegview-arm64-build\extras\third_party\libjxl\lib/jxl/dec_ans.h(411,1): warning C4267: '=': conversion from 'size_t' to 'uint32_t', possible loss of data [C:\Users\Public\jpegview-arm64-build\extras\scripts\libjxl\arm64\lib\jxl_dec-obj.vcxproj]
C:\Users\Public\jpegview-arm64-build\extras\third_party\libjxl\lib/jxl/dec_ans.h(414,1): warning C4267: '=': conversion from 'size_t' to 'uint32_t', possible loss of data [C:\Users\Public\jpegview-arm64-build\extras\scripts\libjxl\arm64\lib\jxl_dec-obj.vcxproj]
C:\Users\Public\jpegview-arm64-build\extras\third_party\libjxl\lib\jxl\icc_codec.cc(100,19): warning C4244: 'argument': conversion from 'uint64_t' to 'uint32_t', possible loss of data [C:\Users\Public\jpegview-arm64-build\extras\scripts\libjxl\arm64\lib\jxl_dec-obj.vcxproj]
C:\Users\Public\jpegview-arm64-build\extras\third_party\libjxl\lib\jxl\icc_codec.cc(120,18): warning C4244: 'argument': conversion from 'uint64_t' to 'uint32_t', possible loss of data [C:\Users\Public\jpegview-arm64-build\extras\scripts\libjxl\arm64\lib\jxl_dec-obj.vcxproj]
C:\Users\Public\jpegview-arm64-build\extras\third_party\libjxl\lib\jxl\icc_codec.cc(164,20): warning C4244: 'argument': conversion from 'uint64_t' to 'uint32_t', possible loss of data [C:\Users\Public\jpegview-arm64-build\extras\scripts\libjxl\arm64\lib\jxl_dec-obj.vcxproj]
C:\Users\Public\jpegview-arm64-build\extras\third_party\libjxl\lib\jxl\icc_codec.cc(170,20): warning C4244: 'argument': conversion from 'uint64_t' to 'uint32_t', possible loss of data [C:\Users\Public\jpegview-arm64-build\extras\scripts\libjxl\arm64\lib\jxl_dec-obj.vcxproj]
C:\Users\Public\jpegview-arm64-build\extras\third_party\libjxl\lib\jxl\icc_codec.cc(176,22): warning C4244: 'argument': conversion from 'uint64_t' to 'uint32_t', possible loss of data [C:\Users\Public\jpegview-arm64-build\extras\scripts\libjxl\arm64\lib\jxl_dec-obj.vcxproj]
C:\Users\Public\jpegview-arm64-build\extras\third_party\libjxl\lib\jxl\icc_codec.cc(177,22): warning C4244: 'argument': conversion from 'uint64_t' to 'uint32_t', possible loss of data [C:\Users\Public\jpegview-arm64-build\extras\scripts\libjxl\arm64\lib\jxl_dec-obj.vcxproj]
C:\Users\Public\jpegview-arm64-build\extras\third_party\libjxl\lib\jxl\icc_codec.cc(179,22): warning C4244: 'argument': conversion from 'uint64_t' to 'uint32_t', possible loss of data [C:\Users\Public\jpegview-arm64-build\extras\scripts\libjxl\arm64\lib\jxl_dec-obj.vcxproj]
C:\Users\Public\jpegview-arm64-build\extras\third_party\libjxl\lib\jxl\icc_codec.cc(180,22): warning C4244: 'argument': conversion from 'uint64_t' to 'uint32_t', possible loss of data [C:\Users\Public\jpegview-arm64-build\extras\scripts\libjxl\arm64\lib\jxl_dec-obj.vcxproj]
C:\Users\Public\jpegview-arm64-build\extras\third_party\libjxl\lib\jxl\icc_codec.cc(186,31): warning C4244: 'argument': conversion from 'uint64_t' to 'uint32_t', possible loss of data [C:\Users\Public\jpegview-arm64-build\extras\scripts\libjxl\arm64\lib\jxl_dec-obj.vcxproj]
C:\Users\Public\jpegview-arm64-build\extras\third_party\libjxl\lib\jxl\icc_codec.cc(187,22): warning C4244: 'argument': conversion from 'uint64_t' to 'uint32_t', possible loss of data [C:\Users\Public\jpegview-arm64-build\extras\scripts\libjxl\arm64\lib\jxl_dec-obj.vcxproj]
C:\Users\Public\jpegview-arm64-build\extras\third_party\libjxl\lib\jxl\icc_codec.cc(189,31): warning C4244: 'argument': conversion from 'uint64_t' to 'uint32_t', possible loss of data [C:\Users\Public\jpegview-arm64-build\extras\scripts\libjxl\arm64\lib\jxl_dec-obj.vcxproj]
C:\Users\Public\jpegview-arm64-build\extras\third_party\libjxl\lib\jxl\icc_codec.cc(190,22): warning C4244: 'argument': conversion from 'uint64_t' to 'uint32_t', possible loss of data [C:\Users\Public\jpegview-arm64-build\extras\scripts\libjxl\arm64\lib\jxl_dec-obj.vcxproj]
C:\Users\Public\jpegview-arm64-build\extras\third_party\libjxl\lib\jxl\icc_codec.cc(311,32): warning C4267: '=': conversion from 'size_t' to 'uint8_t', possible loss of data [C:\Users\Public\jpegview-arm64-build\extras\scripts\libjxl\arm64\lib\jxl_dec-obj.vcxproj]
C:\Users\Public\jpegview-arm64-build\extras\third_party\libjxl\lib\jxl\icc_codec.cc(317,34): warning C4267: '=': conversion from 'size_t' to 'uint8_t', possible loss of data [C:\Users\Public\jpegview-arm64-build\extras\scripts\libjxl\arm64\lib\jxl_dec-obj.vcxproj]
C:\Users\Public\jpegview-arm64-build\extras\third_party\libjxl\lib\jxl\icc_codec.cc(363,22): warning C4267: '=': conversion from 'size_t' to 'uint8_t', possible loss of data [C:\Users\Public\jpegview-arm64-build\extras\scripts\libjxl\arm64\lib\jxl_dec-obj.vcxproj]
C:\Users\Public\jpegview-arm64-build\extras\third_party\libjxl\lib/jxl/dec_ans.h(252,1): warning C4267: 'return': conversion from 'size_t' to 'uint32_t', possible loss of data [C:\Users\Public\jpegview-arm64-build\extras\scripts\libjxl\arm64\lib\jxl_dec-obj.vcxproj]
C:\Users\Public\jpegview-arm64-build\extras\third_party\libjxl\lib/jxl/dec_ans.h(288): message : see reference to function template instantiation 'uint32_t jxl::ANSSymbolReader::ReadHybridUintConfig<jxl::BitReader>(const jxl::HybridUintConfig &,size_t,BitReader *)' being compiled [C:\Users\Public\jpegview-arm64-build\extras\scripts\libjxl\arm64\lib\jxl_dec-obj.vcxproj]
          with
          [
              BitReader=jxl::BitReader
          ]
C:\Users\Public\jpegview-arm64-build\extras\third_party\libjxl\lib/jxl/dec_ans.h(254,1): warning C4267: 'initializing': conversion from 'size_t' to 'uint32_t', possible loss of data [C:\Users\Public\jpegview-arm64-build\extras\scripts\libjxl\arm64\lib\jxl_dec-obj.vcxproj]
C:\Users\Public\jpegview-arm64-build\extras\third_party\libjxl\lib/jxl/dec_ans.h(268,1): warning C4334: '<<': result of 32-bit shift implicitly converted to 64 bits (was 64-bit shift intended?) [C:\Users\Public\jpegview-arm64-build\extras\scripts\libjxl\arm64\lib\jxl_dec-obj.vcxproj]
C:\Users\Public\jpegview-arm64-build\extras\third_party\libjxl\lib/jxl/dec_ans.h(314,1): warning C4267: '=': conversion from 'size_t' to 'uint32_t', possible loss of data [C:\Users\Public\jpegview-arm64-build\extras\scripts\libjxl\arm64\lib\jxl_dec-obj.vcxproj]
C:\Users\Public\jpegview-arm64-build\extras\third_party\libjxl\lib/jxl/dec_ans.h(369): message : see reference to function template instantiation 'size_t jxl::ANSSymbolReader::ReadHybridUintClusteredInlined<true>(size_t,jxl::BitReader *__restrict )' being compiled [C:\Users\Public\jpegview-arm64-build\extras\scripts\libjxl\arm64\lib\jxl_dec-obj.vcxproj]
C:\Users\Public\jpegview-arm64-build\extras\third_party\libjxl\lib/jxl/dec_ans.h(394): message : see reference to function template instantiation 'size_t jxl::ANSSymbolReader::ReadHybridUintClustered<true>(size_t,jxl::BitReader *__restrict )' being compiled [C:\Users\Public\jpegview-arm64-build\extras\scripts\libjxl\arm64\lib\jxl_dec-obj.vcxproj]
C:\Users\Public\jpegview-arm64-build\extras\third_party\libjxl\lib/jxl/dec_ans.h(341,1): warning C4267: '=': conversion from 'size_t' to 'uint32_t', possible loss of data [C:\Users\Public\jpegview-arm64-build\extras\scripts\libjxl\arm64\lib\jxl_dec-obj.vcxproj]
C:\Users\Public\jpegview-arm64-build\extras\third_party\libjxl\lib/jxl/dec_ans.h(356,1): warning C4267: '=': conversion from 'size_t' to 'uint32_t', possible loss of data [C:\Users\Public\jpegview-arm64-build\extras\scripts\libjxl\arm64\lib\jxl_dec-obj.vcxproj]
C:\Users\Public\jpegview-arm64-build\extras\third_party\libjxl\lib/jxl/dec_ans.h(362,1): warning C4267: '=': conversion from 'size_t' to 'uint32_t', possible loss of data [C:\Users\Public\jpegview-arm64-build\extras\scripts\libjxl\arm64\lib\jxl_dec-obj.vcxproj]
  icc_codec_common.cc
C:\Users\Public\jpegview-arm64-build\extras\third_party\libjxl\lib/jxl/base/status.h(132,47): warning C4646: function declared with 'noreturn' has non-void return type [C:\Users\Public\jpegview-arm64-build\extras\scripts\libjxl\arm64\lib\jxl_dec-obj.vcxproj]
C:\Users\Public\jpegview-arm64-build\extras\third_party\libjxl\lib\jxl\icc_codec_common.cc(187,26): warning C4267: 'argument': conversion from 'size_t' to 'uint8_t', possible loss of data [C:\Users\Public\jpegview-arm64-build\extras\scripts\libjxl\arm64\lib\jxl_dec-obj.vcxproj]
C:\Users\Public\jpegview-arm64-build\extras\third_party\libjxl\lib\jxl\icc_codec_common.cc(187,42): warning C4267: 'argument': conversion from 'size_t' to 'uint8_t', possible loss of data [C:\Users\Public\jpegview-arm64-build\extras\scripts\libjxl\arm64\lib\jxl_dec-obj.vcxproj]
  image.cc
C:\Users\Public\jpegview-arm64-build\extras\third_party\libjxl\lib/jxl/base/status.h(132,47): warning C4646: function declared with 'noreturn' has non-void return type [C:\Users\Public\jpegview-arm64-build\extras\scripts\libjxl\arm64\lib\jxl_dec-obj.vcxproj]
  image_bundle.cc
C:\Users\Public\jpegview-arm64-build\extras\third_party\libjxl\lib/jxl/base/status.h(132,47): warning C4646: function declared with 'noreturn' has non-void return type [C:\Users\Public\jpegview-arm64-build\extras\scripts\libjxl\arm64\lib\jxl_dec-obj.vcxproj]
C:\Users\Public\jpegview-arm64-build\extras\third_party\libjxl\lib/jxl/frame_header.h(105,1): warning C4267: '=': conversion from 'size_t' to 'uint32_t', possible loss of data [C:\Users\Public\jpegview-arm64-build\extras\scripts\libjxl\arm64\lib\jxl_dec-obj.vcxproj]
C:\Users\Public\jpegview-arm64-build\extras\third_party\libjxl\lib/jxl/quantizer.h(86,41): warning C4244: '=': conversion from 'double' to 'float', possible loss of data [C:\Users\Public\jpegview-arm64-build\extras\scripts\libjxl\arm64\lib\jxl_dec-obj.vcxproj]
C:\Users\Public\jpegview-arm64-build\extras\third_party\libjxl\lib/jxl/quantizer.h(87,49): warning C4244: '=': conversion from 'double' to 'float', possible loss of data [C:\Users\Public\jpegview-arm64-build\extras\scripts\libjxl\arm64\lib\jxl_dec-obj.vcxproj]
  Generating Code...
  Compiling...
  image_metadata.cc
C:\Users\Public\jpegview-arm64-build\extras\third_party\libjxl\lib/jxl/base/status.h(132,47): warning C4646: function declared with 'noreturn' has non-void return type [C:\Users\Public\jpegview-arm64-build\extras\scripts\libjxl\arm64\lib\jxl_dec-obj.vcxproj]
C:\Users\Public\jpegview-arm64-build\extras\third_party\libjxl\lib/jxl/frame_header.h(105,1): warning C4267: '=': conversion from 'size_t' to 'uint32_t', possible loss of data [C:\Users\Public\jpegview-arm64-build\extras\scripts\libjxl\arm64\lib\jxl_dec-obj.vcxproj]
C:\Users\Public\jpegview-arm64-build\extras\third_party\libjxl\lib/jxl/quantizer.h(86,41): warning C4244: '=': conversion from 'double' to 'float', possible loss of data [C:\Users\Public\jpegview-arm64-build\extras\scripts\libjxl\arm64\lib\jxl_dec-obj.vcxproj]
C:\Users\Public\jpegview-arm64-build\extras\third_party\libjxl\lib/jxl/quantizer.h(87,49): warning C4244: '=': conversion from 'double' to 'float', possible loss of data [C:\Users\Public\jpegview-arm64-build\extras\scripts\libjxl\arm64\lib\jxl_dec-obj.vcxproj]
C:\Users\Public\jpegview-arm64-build\extras\third_party\libjxl\lib\jxl\image_metadata.cc(321,49): warning C4267: '=': conversion from 'size_t' to 'uint32_t', possible loss of data [C:\Users\Public\jpegview-arm64-build\extras\scripts\libjxl\arm64\lib\jxl_dec-obj.vcxproj]
C:\Users\Public\jpegview-arm64-build\extras\third_party\libjxl\lib\jxl\image_metadata.cc(440,49): warning C4267: '=': conversion from 'size_t' to 'uint32_t', possible loss of data [C:\Users\Public\jpegview-arm64-build\extras\scripts\libjxl\arm64\lib\jxl_dec-obj.vcxproj]
  loop_filter.cc
C:\Users\Public\jpegview-arm64-build\extras\third_party\libjxl\lib/jxl/base/status.h(132,47): warning C4646: function declared with 'noreturn' has non-void return type [C:\Users\Public\jpegview-arm64-build\extras\scripts\libjxl\arm64\lib\jxl_dec-obj.vcxproj]
C:\Users\Public\jpegview-arm64-build\extras\third_party\libjxl\lib\jxl\loop_filter.cc(28,1): warning C4305: 'argument': truncation from 'double' to 'float' [C:\Users\Public\jpegview-arm64-build\extras\scripts\libjxl\arm64\lib\jxl_dec-obj.vcxproj]
C:\Users\Public\jpegview-arm64-build\extras\third_party\libjxl\lib\jxl\loop_filter.cc(30,1): warning C4305: 'argument': truncation from 'double' to 'float' [C:\Users\Public\jpegview-arm64-build\extras\scripts\libjxl\arm64\lib\jxl_dec-obj.vcxproj]
C:\Users\Public\jpegview-arm64-build\extras\third_party\libjxl\lib\jxl\loop_filter.cc(36,1): warning C4305: 'argument': truncation from 'double' to 'float' [C:\Users\Public\jpegview-arm64-build\extras\scripts\libjxl\arm64\lib\jxl_dec-obj.vcxproj]
C:\Users\Public\jpegview-arm64-build\extras\third_party\libjxl\lib\jxl\loop_filter.cc(38,1): warning C4305: 'argument': truncation from 'double' to 'float' [C:\Users\Public\jpegview-arm64-build\extras\scripts\libjxl\arm64\lib\jxl_dec-obj.vcxproj]
C:\Users\Public\jpegview-arm64-build\extras\third_party\libjxl\lib\jxl\loop_filter.cc(44,1): warning C4305: 'argument': truncation from 'double' to 'float' [C:\Users\Public\jpegview-arm64-build\extras\scripts\libjxl\arm64\lib\jxl_dec-obj.vcxproj]
C:\Users\Public\jpegview-arm64-build\extras\third_party\libjxl\lib\jxl\loop_filter.cc(46,1): warning C4305: 'argument': truncation from 'double' to 'float' [C:\Users\Public\jpegview-arm64-build\extras\scripts\libjxl\arm64\lib\jxl_dec-obj.vcxproj]
  luminance.cc
C:\Users\Public\jpegview-arm64-build\extras\third_party\libjxl\lib/jxl/base/status.h(132,47): warning C4646: function declared with 'noreturn' has non-void return type [C:\Users\Public\jpegview-arm64-build\extras\scripts\libjxl\arm64\lib\jxl_dec-obj.vcxproj]
  memory_manager_internal.cc
C:\Users\Public\jpegview-arm64-build\extras\third_party\libjxl\lib/jxl/base/status.h(132,47): warning C4646: function declared with 'noreturn' has non-void return type [C:\Users\Public\jpegview-arm64-build\extras\scripts\libjxl\arm64\lib\jxl_dec-obj.vcxproj]
  dec_ma.cc
C:\Users\Public\jpegview-arm64-build\extras\third_party\libjxl\lib/jxl/base/status.h(132,47): warning C4646: function declared with 'noreturn' has non-void return type [C:\Users\Public\jpegview-arm64-build\extras\scripts\libjxl\arm64\lib\jxl_dec-obj.vcxproj]
C:\Users\Public\jpegview-arm64-build\extras\third_party\libjxl\lib/jxl/dec_ans.h(78,1): warning C4267: 'initializing': conversion from 'size_t' to 'uint32_t', possible loss of data [C:\Users\Public\jpegview-arm64-build\extras\scripts\libjxl\arm64\lib\jxl_dec-obj.vcxproj]
C:\Users\Public\jpegview-arm64-build\extras\third_party\libjxl\lib/jxl/dec_ans.h(175,1): warning C4267: '=': conversion from 'size_t' to 'uint32_t', possible loss of data [C:\Users\Public\jpegview-arm64-build\extras\scripts\libjxl\arm64\lib\jxl_dec-obj.vcxproj]
C:\Users\Public\jpegview-arm64-build\extras\third_party\libjxl\lib/jxl/dec_ans.h(197,1): warning C4267: '=': conversion from 'size_t' to 'uint32_t', possible loss of data [C:\Users\Public\jpegview-arm64-build\extras\scripts\libjxl\arm64\lib\jxl_dec-obj.vcxproj]
C:\Users\Public\jpegview-arm64-build\extras\third_party\libjxl\lib/jxl/dec_ans.h(411,1): warning C4267: '=': conversion from 'size_t' to 'uint32_t', possible loss of data [C:\Users\Public\jpegview-arm64-build\extras\scripts\libjxl\arm64\lib\jxl_dec-obj.vcxproj]
C:\Users\Public\jpegview-arm64-build\extras\third_party\libjxl\lib/jxl/dec_ans.h(414,1): warning C4267: '=': conversion from 'size_t' to 'uint32_t', possible loss of data [C:\Users\Public\jpegview-arm64-build\extras\scripts\libjxl\arm64\lib\jxl_dec-obj.vcxproj]
C:\Users\Public\jpegview-arm64-build\extras\third_party\libjxl\lib\jxl\modular\encoding\dec_ma.cc(50,79): warning C4267: 'initializing': conversion from 'size_t' to 'uint32_t', possible loss of data [C:\Users\Public\jpegview-arm64-build\extras\scripts\libjxl\arm64\lib\jxl_dec-obj.vcxproj]
C:\Users\Public\jpegview-arm64-build\extras\third_party\libjxl\lib\jxl\modular\encoding\dec_ma.cc(62,73): warning C4267: 'initializing': conversion from 'size_t' to 'uint32_t', possible loss of data [C:\Users\Public\jpegview-arm64-build\extras\scripts\libjxl\arm64\lib\jxl_dec-obj.vcxproj]
C:\Users\Public\jpegview-arm64-build\extras\third_party\libjxl\lib\jxl\modular\encoding\dec_ma.cc(67,74): warning C4267: 'initializing': conversion from 'size_t' to 'uint32_t', possible loss of data [C:\Users\Public\jpegview-arm64-build\extras\scripts\libjxl\arm64\lib\jxl_dec-obj.vcxproj]
C:\Users\Public\jpegview-arm64-build\extras\third_party\libjxl\lib\jxl\modular\encoding\dec_ma.cc(76,18): warning C4244: 'initializing': conversion from 'intptr_t' to 'int', possible loss of data [C:\Users\Public\jpegview-arm64-build\extras\scripts\libjxl\arm64\lib\jxl_dec-obj.vcxproj]
C:\Users\Public\jpegview-arm64-build\extras\third_party\libjxl\lib/jxl/dec_ans.h(252,1): warning C4267: 'return': conversion from 'size_t' to 'uint32_t', possible loss of data [C:\Users\Public\jpegview-arm64-build\extras\scripts\libjxl\arm64\lib\jxl_dec-obj.vcxproj]
C:\Users\Public\jpegview-arm64-build\extras\third_party\libjxl\lib/jxl/dec_ans.h(288): message : see reference to function template instantiation 'uint32_t jxl::ANSSymbolReader::ReadHybridUintConfig<jxl::BitReader>(const jxl::HybridUintConfig &,size_t,BitReader *)' being compiled [C:\Users\Public\jpegview-arm64-build\extras\scripts\libjxl\arm64\lib\jxl_dec-obj.vcxproj]
          with
          [
              BitReader=jxl::BitReader
          ]
C:\Users\Public\jpegview-arm64-build\extras\third_party\libjxl\lib/jxl/dec_ans.h(254,1): warning C4267: 'initializing': conversion from 'size_t' to 'uint32_t', possible loss of data [C:\Users\Public\jpegview-arm64-build\extras\scripts\libjxl\arm64\lib\jxl_dec-obj.vcxproj]
C:\Users\Public\jpegview-arm64-build\extras\third_party\libjxl\lib/jxl/dec_ans.h(268,1): warning C4334: '<<': result of 32-bit shift implicitly converted to 64 bits (was 64-bit shift intended?) [C:\Users\Public\jpegview-arm64-build\extras\scripts\libjxl\arm64\lib\jxl_dec-obj.vcxproj]
C:\Program Files\Microsoft Visual Studio\18\Enterprise\VC\Tools\MSVC\14.29.30133\include\xmemory(681,1): warning C4267: 'argument': conversion from 'size_t' to 'int', possible loss of data [C:\Users\Public\jpegview-arm64-build\extras\scripts\libjxl\arm64\lib\jxl_dec-obj.vcxproj]
C:\Program Files\Microsoft Visual Studio\18\Enterprise\VC\Tools\MSVC\14.29.30133\include\vector(713): message : see reference to function template instantiation 'void std::_Default_allocator_traits<_Alloc>::construct<_Ty,int,int,unsigned __int64,int,jxl::Predictor,int64_t&,uint32_t&>(_Alloc &,_Objty *const ,int &&,int &&,unsigned __int64 &&,int &&,jxl::Predictor &&,int64_t &,uint32_t &)' being compiled [C:\Users\Public\jpegview-arm64-build\extras\scripts\libjxl\arm64\lib\jxl_dec-obj.vcxproj]
          with
          [
              _Alloc=std::allocator<jxl::PropertyDecisionNode>,
              _Ty=jxl::PropertyDecisionNode,
              _Objty=jxl::PropertyDecisionNode
          ]
C:\Program Files\Microsoft Visual Studio\18\Enterprise\VC\Tools\MSVC\14.29.30133\include\vector(713): message : see reference to function template instantiation 'void std::_Default_allocator_traits<_Alloc>::construct<_Ty,int,int,unsigned __int64,int,jxl::Predictor,int64_t&,uint32_t&>(_Alloc &,_Objty *const ,int &&,int &&,unsigned __int64 &&,int &&,jxl::Predictor &&,int64_t &,uint32_t &)' being compiled [C:\Users\Public\jpegview-arm64-build\extras\scripts\libjxl\arm64\lib\jxl_dec-obj.vcxproj]
          with
          [
              _Alloc=std::allocator<jxl::PropertyDecisionNode>,
              _Ty=jxl::PropertyDecisionNode,
              _Objty=jxl::PropertyDecisionNode
          ]
C:\Program Files\Microsoft Visual Studio\18\Enterprise\VC\Tools\MSVC\14.29.30133\include\vector(731): message : see reference to function template instantiation 'void std::vector<jxl::PropertyDecisionNode,std::allocator<jxl::PropertyDecisionNode>>::_Emplace_back_with_unused_capacity<_Ty,_Ty,unsigned __int64,_Ty,jxl::Predictor,int64_t&,uint32_t&>(_Ty &&,_Ty &&,unsigned __int64 &&,_Ty &&,jxl::Predictor &&,int64_t &,uint32_t &)' being compiled [C:\Users\Public\jpegview-arm64-build\extras\scripts\libjxl\arm64\lib\jxl_dec-obj.vcxproj]
          with
          [
              _Ty=int
          ]
C:\Users\Public\jpegview-arm64-build\extras\third_party\libjxl\lib\jxl\modular\encoding\dec_ma.cc(73): message : see reference to function template instantiation 'void std::vector<jxl::PropertyDecisionNode,std::allocator<jxl::PropertyDecisionNode>>::emplace_back<int,int,size_t,int,jxl::Predictor,int64_t&,uint32_t&>(int &&,int &&,size_t &&,int &&,jxl::Predictor &&,int64_t &,uint32_t &)' being compiled [C:\Users\Public\jpegview-arm64-build\extras\scripts\libjxl\arm64\lib\jxl_dec-obj.vcxproj]
C:\Users\Public\jpegview-arm64-build\extras\third_party\libjxl\lib/jxl/dec_ans.h(314,1): warning C4267: '=': conversion from 'size_t' to 'uint32_t', possible loss of data [C:\Users\Public\jpegview-arm64-build\extras\scripts\libjxl\arm64\lib\jxl_dec-obj.vcxproj]
C:\Users\Public\jpegview-arm64-build\extras\third_party\libjxl\lib/jxl/dec_ans.h(369): message : see reference to function template instantiation 'size_t jxl::ANSSymbolReader::ReadHybridUintClusteredInlined<true>(size_t,jxl::BitReader *__restrict )' being compiled [C:\Users\Public\jpegview-arm64-build\extras\scripts\libjxl\arm64\lib\jxl_dec-obj.vcxproj]
C:\Users\Public\jpegview-arm64-build\extras\third_party\libjxl\lib/jxl/dec_ans.h(394): message : see reference to function template instantiation 'size_t jxl::ANSSymbolReader::ReadHybridUintClustered<true>(size_t,jxl::BitReader *__restrict )' being compiled [C:\Users\Public\jpegview-arm64-build\extras\scripts\libjxl\arm64\lib\jxl_dec-obj.vcxproj]
C:\Users\Public\jpegview-arm64-build\extras\third_party\libjxl\lib/jxl/dec_ans.h(341,1): warning C4267: '=': conversion from 'size_t' to 'uint32_t', possible loss of data [C:\Users\Public\jpegview-arm64-build\extras\scripts\libjxl\arm64\lib\jxl_dec-obj.vcxproj]
C:\Users\Public\jpegview-arm64-build\extras\third_party\libjxl\lib/jxl/dec_ans.h(356,1): warning C4267: '=': conversion from 'size_t' to 'uint32_t', possible loss of data [C:\Users\Public\jpegview-arm64-build\extras\scripts\libjxl\arm64\lib\jxl_dec-obj.vcxproj]
C:\Users\Public\jpegview-arm64-build\extras\third_party\libjxl\lib/jxl/dec_ans.h(362,1): warning C4267: '=': conversion from 'size_t' to 'uint32_t', possible loss of data [C:\Users\Public\jpegview-arm64-build\extras\scripts\libjxl\arm64\lib\jxl_dec-obj.vcxproj]
  encoding.cc
C:\Users\Public\jpegview-arm64-build\extras\third_party\libjxl\lib/jxl/base/status.h(132,47): warning C4646: function declared with 'noreturn' has non-void return type [C:\Users\Public\jpegview-arm64-build\extras\scripts\libjxl\arm64\lib\jxl_dec-obj.vcxproj]
C:\Users\Public\jpegview-arm64-build\extras\third_party\libjxl\lib/jxl/dec_ans.h(78,1): warning C4267: 'initializing': conversion from 'size_t' to 'uint32_t', possible loss of data [C:\Users\Public\jpegview-arm64-build\extras\scripts\libjxl\arm64\lib\jxl_dec-obj.vcxproj]
C:\Users\Public\jpegview-arm64-build\extras\third_party\libjxl\lib/jxl/dec_ans.h(175,1): warning C4267: '=': conversion from 'size_t' to 'uint32_t', possible loss of data [C:\Users\Public\jpegview-arm64-build\extras\scripts\libjxl\arm64\lib\jxl_dec-obj.vcxproj]
C:\Users\Public\jpegview-arm64-build\extras\third_party\libjxl\lib/jxl/dec_ans.h(197,1): warning C4267: '=': conversion from 'size_t' to 'uint32_t', possible loss of data [C:\Users\Public\jpegview-arm64-build\extras\scripts\libjxl\arm64\lib\jxl_dec-obj.vcxproj]
C:\Users\Public\jpegview-arm64-build\extras\third_party\libjxl\lib/jxl/dec_ans.h(411,1): warning C4267: '=': conversion from 'size_t' to 'uint32_t', possible loss of data [C:\Users\Public\jpegview-arm64-build\extras\scripts\libjxl\arm64\lib\jxl_dec-obj.vcxproj]
C:\Users\Public\jpegview-arm64-build\extras\third_party\libjxl\lib/jxl/dec_ans.h(414,1): warning C4267: '=': conversion from 'size_t' to 'uint32_t', possible loss of data [C:\Users\Public\jpegview-arm64-build\extras\scripts\libjxl\arm64\lib\jxl_dec-obj.vcxproj]
C:\Users\Public\jpegview-arm64-build\extras\third_party\libjxl\lib/jxl/modular/encoding/context_predict.h(110,1): warning C4267: 'initializing': conversion from 'size_t' to 'uint32_t', possible loss of data [C:\Users\Public\jpegview-arm64-build\extras\scripts\libjxl\arm64\lib\jxl_dec-obj.vcxproj]
C:\Users\Public\jpegview-arm64-build\extras\third_party\libjxl\lib/jxl/modular/encoding/context_predict.h(191,31): warning C4244: '=': conversion from 'jxl::pixel_type_w' to '_Ty', possible loss of data [C:\Users\Public\jpegview-arm64-build\extras\scripts\libjxl\arm64\lib\jxl_dec-obj.vcxproj]
          with
          [
              _Ty=int32_t
          ]
C:\Users\Public\jpegview-arm64-build\extras\third_party\libjxl\lib/jxl/modular/encoding/context_predict.h(196,37): warning C4244: '=': conversion from 'jxl::pixel_type_w' to '_Ty', possible loss of data [C:\Users\Public\jpegview-arm64-build\extras\scripts\libjxl\arm64\lib\jxl_dec-obj.vcxproj]
          with
          [
              _Ty=uint32_t
          ]
C:\Users\Public\jpegview-arm64-build\extras\third_party\libjxl\lib/jxl/modular/encoding/context_predict.h(199,1): warning C4244: '+=': conversion from 'jxl::pixel_type_w' to '_Ty', possible loss of data [C:\Users\Public\jpegview-arm64-build\extras\scripts\libjxl\arm64\lib\jxl_dec-obj.vcxproj]
          with
          [
              _Ty=uint32_t
          ]
C:\Users\Public\jpegview-arm64-build\extras\third_party\libjxl\lib/jxl/modular/encoding/context_predict.h(329,7): warning C4806: '|': unsafe operation: no value of type 'bool' promoted to type 'int' can equal the given constant [C:\Users\Public\jpegview-arm64-build\extras\scripts\libjxl\arm64\lib\jxl_dec-obj.vcxproj]
C:\Users\Public\jpegview-arm64-build\extras\third_party\libjxl\lib/jxl/modular/encoding/context_predict.h(330,7): warning C4806: '|': unsafe operation: no value of type 'bool' promoted to type 'int' can equal the given constant [C:\Users\Public\jpegview-arm64-build\extras\scripts\libjxl\arm64\lib\jxl_dec-obj.vcxproj]
C:\Users\Public\jpegview-arm64-build\extras\third_party\libjxl\lib/jxl/modular/encoding/context_predict.h(392,23): warning C4244: '=': conversion from '__int64' to 'jxl::pixel_type', possible loss of data [C:\Users\Public\jpegview-arm64-build\extras\scripts\libjxl\arm64\lib\jxl_dec-obj.vcxproj]
C:\Users\Public\jpegview-arm64-build\extras\third_party\libjxl\lib/jxl/modular/encoding/context_predict.h(393,15): warning C4244: '=': conversion from 'jxl::pixel_type_w' to 'jxl::pixel_type', possible loss of data [C:\Users\Public\jpegview-arm64-build\extras\scripts\libjxl\arm64\lib\jxl_dec-obj.vcxproj]
C:\Users\Public\jpegview-arm64-build\extras\third_party\libjxl\lib/jxl/modular/encoding/context_predict.h(397,62): warning C4244: 'argument': conversion from 'jxl::pixel_type_w' to 'const int32_t', possible loss of data [C:\Users\Public\jpegview-arm64-build\extras\scripts\libjxl\arm64\lib\jxl_dec-obj.vcxproj]
C:\Users\Public\jpegview-arm64-build\extras\third_party\libjxl\lib/jxl/modular/encoding/context_predict.h(397,56): warning C4244: 'argument': conversion from 'jxl::pixel_type_w' to 'const int32_t', possible loss of data [C:\Users\Public\jpegview-arm64-build\extras\scripts\libjxl\arm64\lib\jxl_dec-obj.vcxproj]
C:\Users\Public\jpegview-arm64-build\extras\third_party\libjxl\lib/jxl/modular/encoding/context_predict.h(397,49): warning C4244: 'argument': conversion from 'jxl::pixel_type_w' to 'const int32_t', possible loss of data [C:\Users\Public\jpegview-arm64-build\extras\scripts\libjxl\arm64\lib\jxl_dec-obj.vcxproj]
C:\Users\Public\jpegview-arm64-build\extras\third_party\libjxl\lib/jxl/modular/encoding/context_predict.h(398,23): warning C4244: '=': conversion from '__int64' to 'jxl::pixel_type', possible loss of data [C:\Users\Public\jpegview-arm64-build\extras\scripts\libjxl\arm64\lib\jxl_dec-obj.vcxproj]
C:\Users\Public\jpegview-arm64-build\extras\third_party\libjxl\lib/jxl/modular/encoding/context_predict.h(399,17): warning C4244: '=': conversion from 'jxl::pixel_type_w' to 'jxl::pixel_type', possible loss of data [C:\Users\Public\jpegview-arm64-build\extras\scripts\libjxl\arm64\lib\jxl_dec-obj.vcxproj]
C:\Users\Public\jpegview-arm64-build\extras\third_party\libjxl\lib/jxl/modular/encoding/context_predict.h(451,54): warning C4244: 'argument': conversion from 'jxl::pixel_type_w' to 'const int32_t', possible loss of data [C:\Users\Public\jpegview-arm64-build\extras\scripts\libjxl\arm64\lib\jxl_dec-obj.vcxproj]
C:\Users\Public\jpegview-arm64-build\extras\third_party\libjxl\lib/jxl/modular/encoding/context_predict.h(451,49): warning C4244: 'argument': conversion from 'jxl::pixel_type_w' to 'const int32_t', possible loss of data [C:\Users\Public\jpegview-arm64-build\extras\scripts\libjxl\arm64\lib\jxl_dec-obj.vcxproj]
C:\Users\Public\jpegview-arm64-build\extras\third_party\libjxl\lib/jxl/modular/encoding/context_predict.h(451,43): warning C4244: 'argument': conversion from 'jxl::pixel_type_w' to 'const int32_t', possible loss of data [C:\Users\Public\jpegview-arm64-build\extras\scripts\libjxl\arm64\lib\jxl_dec-obj.vcxproj]
C:\Users\Public\jpegview-arm64-build\extras\third_party\libjxl\lib\jxl\modular\encoding\encoding.cc(68,47): warning C4244: '=': conversion from 'const int64_t' to 'int32_t', possible loss of data [C:\Users\Public\jpegview-arm64-build\extras\scripts\libjxl\arm64\lib\jxl_dec-obj.vcxproj]
C:\Users\Public\jpegview-arm64-build\extras\third_party\libjxl\lib\jxl\modular\encoding\encoding.cc(76,52): warning C4267: '=': conversion from 'size_t' to 'uint32_t', possible loss of data [C:\Users\Public\jpegview-arm64-build\extras\scripts\libjxl\arm64\lib\jxl_dec-obj.vcxproj]
C:\Users\Public\jpegview-arm64-build\extras\third_party\libjxl\lib\jxl\modular\encoding\encoding.cc(624,1): warning C4267: 'argument': conversion from 'size_t' to 'jxl::pixel_type', possible loss of data [C:\Users\Public\jpegview-arm64-build\extras\scripts\libjxl\arm64\lib\jxl_dec-obj.vcxproj]
C:\Users\Public\jpegview-arm64-build\extras\third_party\libjxl\lib/jxl/dec_ans.h(252,1): warning C4267: 'return': conversion from 'size_t' to 'uint32_t', possible loss of data [C:\Users\Public\jpegview-arm64-build\extras\scripts\libjxl\arm64\lib\jxl_dec-obj.vcxproj]
C:\Users\Public\jpegview-arm64-build\extras\third_party\libjxl\lib/jxl/dec_ans.h(288): message : see reference to function template instantiation 'uint32_t jxl::ANSSymbolReader::ReadHybridUintConfig<jxl::BitReader>(const jxl::HybridUintConfig &,size_t,BitReader *)' being compiled [C:\Users\Public\jpegview-arm64-build\extras\scripts\libjxl\arm64\lib\jxl_dec-obj.vcxproj]
          with
          [
              BitReader=jxl::BitReader
          ]
C:\Users\Public\jpegview-arm64-build\extras\third_party\libjxl\lib/jxl/dec_ans.h(254,1): warning C4267: 'initializing': conversion from 'size_t' to 'uint32_t', possible loss of data [C:\Users\Public\jpegview-arm64-build\extras\scripts\libjxl\arm64\lib\jxl_dec-obj.vcxproj]
C:\Users\Public\jpegview-arm64-build\extras\third_party\libjxl\lib/jxl/dec_ans.h(268,1): warning C4334: '<<': result of 32-bit shift implicitly converted to 64 bits (was 64-bit shift intended?) [C:\Users\Public\jpegview-arm64-build\extras\scripts\libjxl\arm64\lib\jxl_dec-obj.vcxproj]
C:\Users\Public\jpegview-arm64-build\extras\third_party\libjxl\lib/jxl/modular/encoding/context_predict.h(497,1): warning C4267: '=': conversion from 'size_t' to '_Ty', possible loss of data [C:\Users\Public\jpegview-arm64-build\extras\scripts\libjxl\arm64\lib\jxl_dec-obj.vcxproj]
          with
          [
              _Ty=int32_t
          ]
C:\Users\Public\jpegview-arm64-build\extras\third_party\libjxl\lib/jxl/modular/encoding/context_predict.h(559): message : see reference to function template instantiation 'jxl::PredictionResult jxl::detail::Predict<0>(jxl::Properties *,size_t,const jxl::pixel_type *__restrict ,const intptr_t,const size_t,const size_t,jxl::Predictor,const jxl::MATreeLookup *,const jxl::Channel *,jxl::weighted::State *,jxl::pixel_type_w *)' being compiled [C:\Users\Public\jpegview-arm64-build\extras\scripts\libjxl\arm64\lib\jxl_dec-obj.vcxproj]
C:\Users\Public\jpegview-arm64-build\extras\third_party\libjxl\lib/jxl/modular/encoding/context_predict.h(499,26): warning C4244: '=': conversion from 'jxl::pixel_type_w' to '_Ty', possible loss of data [C:\Users\Public\jpegview-arm64-build\extras\scripts\libjxl\arm64\lib\jxl_dec-obj.vcxproj]
          with
          [
              _Ty=int32_t
          ]
C:\Users\Public\jpegview-arm64-build\extras\third_party\libjxl\lib/jxl/modular/encoding/context_predict.h(500,27): warning C4244: '=': conversion from 'jxl::pixel_type_w' to '_Ty', possible loss of data [C:\Users\Public\jpegview-arm64-build\extras\scripts\libjxl\arm64\lib\jxl_dec-obj.vcxproj]
          with
          [
              _Ty=int32_t
          ]
C:\Users\Public\jpegview-arm64-build\extras\third_party\libjxl\lib/jxl/modular/encoding/context_predict.h(501,22): warning C4244: '=': conversion from 'jxl::pixel_type_w' to '_Ty', possible loss of data [C:\Users\Public\jpegview-arm64-build\extras\scripts\libjxl\arm64\lib\jxl_dec-obj.vcxproj]
          with
          [
              _Ty=int32_t
          ]
C:\Users\Public\jpegview-arm64-build\extras\third_party\libjxl\lib/jxl/modular/encoding/context_predict.h(502,22): warning C4244: '=': conversion from 'jxl::pixel_type_w' to '_Ty', possible loss of data [C:\Users\Public\jpegview-arm64-build\extras\scripts\libjxl\arm64\lib\jxl_dec-obj.vcxproj]
          with
          [
              _Ty=int32_t
          ]
C:\Users\Public\jpegview-arm64-build\extras\third_party\libjxl\lib/jxl/modular/encoding/context_predict.h(505,25): warning C4244: '=': conversion from 'jxl::pixel_type_w' to '_Ty', possible loss of data [C:\Users\Public\jpegview-arm64-build\extras\scripts\libjxl\arm64\lib\jxl_dec-obj.vcxproj]
          with
          [
              _Ty=int32_t
          ]
C:\Users\Public\jpegview-arm64-build\extras\third_party\libjxl\lib/jxl/modular/encoding/context_predict.h(508,33): warning C4244: '=': conversion from 'jxl::pixel_type_w' to '_Ty', possible loss of data [C:\Users\Public\jpegview-arm64-build\extras\scripts\libjxl\arm64\lib\jxl_dec-obj.vcxproj]
          with
          [
              _Ty=int32_t
          ]
C:\Users\Public\jpegview-arm64-build\extras\third_party\libjxl\lib/jxl/modular/encoding/context_predict.h(511,27): warning C4244: '=': conversion from 'jxl::pixel_type_w' to '_Ty', possible loss of data [C:\Users\Public\jpegview-arm64-build\extras\scripts\libjxl\arm64\lib\jxl_dec-obj.vcxproj]
          with
          [
              _Ty=int32_t
          ]
C:\Users\Public\jpegview-arm64-build\extras\third_party\libjxl\lib/jxl/modular/encoding/context_predict.h(512,30): warning C4244: '=': conversion from 'jxl::pixel_type_w' to '_Ty', possible loss of data [C:\Users\Public\jpegview-arm64-build\extras\scripts\libjxl\arm64\lib\jxl_dec-obj.vcxproj]
          with
          [
              _Ty=int32_t
          ]
C:\Users\Public\jpegview-arm64-build\extras\third_party\libjxl\lib/jxl/modular/encoding/context_predict.h(513,26): warning C4244: '=': conversion from 'jxl::pixel_type_w' to '_Ty', possible loss of data [C:\Users\Public\jpegview-arm64-build\extras\scripts\libjxl\arm64\lib\jxl_dec-obj.vcxproj]
          with
          [
              _Ty=int32_t
          ]
C:\Users\Public\jpegview-arm64-build\extras\third_party\libjxl\lib/jxl/modular/encoding/context_predict.h(514,26): warning C4244: '=': conversion from 'jxl::pixel_type_w' to '_Ty', possible loss of data [C:\Users\Public\jpegview-arm64-build\extras\scripts\libjxl\arm64\lib\jxl_dec-obj.vcxproj]
          with
          [
              _Ty=int32_t
          ]
C:\Users\Public\jpegview-arm64-build\extras\third_party\libjxl\lib/jxl/modular/encoding/context_predict.h(515,27): warning C4244: '=': conversion from 'jxl::pixel_type_w' to '_Ty', possible loss of data [C:\Users\Public\jpegview-arm64-build\extras\scripts\libjxl\arm64\lib\jxl_dec-obj.vcxproj]
          with
          [
              _Ty=int32_t
          ]
C:\Users\Public\jpegview-arm64-build\extras\third_party\libjxl\lib/jxl/modular/encoding/context_predict.h(485,1): warning C4305: 'initializing': truncation from 'int' to 'const bool' [C:\Users\Public\jpegview-arm64-build\extras\scripts\libjxl\arm64\lib\jxl_dec-obj.vcxproj]
C:\Users\Public\jpegview-arm64-build\extras\third_party\libjxl\lib/jxl/modular/encoding/context_predict.h(589): message : see reference to function template instantiation 'jxl::PredictionResult jxl::detail::Predict<17>(jxl::Properties *,size_t,const jxl::pixel_type *__restrict ,const intptr_t,const size_t,const size_t,jxl::Predictor,const jxl::MATreeLookup *,const jxl::Channel *,jxl::weighted::State *,jxl::pixel_type_w *)' being compiled [C:\Users\Public\jpegview-arm64-build\extras\scripts\libjxl\arm64\lib\jxl_dec-obj.vcxproj]
C:\Users\Public\jpegview-arm64-build\extras\third_party\libjxl\lib\jxl\modular\encoding\encoding.cc(170,29): warning C4244: 'return': conversion from 'jxl::pixel_type_w' to 'jxl::pixel_type', possible loss of data [C:\Users\Public\jpegview-arm64-build\extras\scripts\libjxl\arm64\lib\jxl_dec-obj.vcxproj]
C:\Users\Public\jpegview-arm64-build\extras\third_party\libjxl\lib\jxl\modular\encoding\encoding.cc(482): message : see reference to function template instantiation 'jxl::Status jxl::detail::DecodeModularChannelMAANS<true>(jxl::BitReader *,jxl::ANSSymbolReader *,const std::vector<uint8_t,std::allocator<uint8_t>> &,const jxl::Tree &,const jxl::weighted::Header &,jxl::pixel_type,size_t,jxl::TreeLut<uint8_t,true> &,jxl::Image *)' being compiled [C:\Users\Public\jpegview-arm64-build\extras\scripts\libjxl\arm64\lib\jxl_dec-obj.vcxproj]
C:\Users\Public\jpegview-arm64-build\extras\third_party\libjxl\lib\jxl\modular\encoding\encoding.cc(199,1): warning C4267: 'initializing': conversion from 'size_t' to 'uint32_t', possible loss of data [C:\Users\Public\jpegview-arm64-build\extras\scripts\libjxl\arm64\lib\jxl_dec-obj.vcxproj]
C:\Users\Public\jpegview-arm64-build\extras\third_party\libjxl\lib\jxl\modular\encoding\encoding.cc(200,34): warning C4244: '=': conversion from 'intptr_t' to 'jxl::pixel_type', possible loss of data [C:\Users\Public\jpegview-arm64-build\extras\scripts\libjxl\arm64\lib\jxl_dec-obj.vcxproj]
C:\Users\Public\jpegview-arm64-build\extras\third_party\libjxl\lib\jxl\modular\encoding\encoding.cc(209,1): warning C4267: 'initializing': conversion from 'size_t' to 'uint32_t', possible loss of data [C:\Users\Public\jpegview-arm64-build\extras\scripts\libjxl\arm64\lib\jxl_dec-obj.vcxproj]
C:\Users\Public\jpegview-arm64-build\extras\third_party\libjxl\lib\jxl\modular\encoding\encoding.cc(234,19): warning C4244: '=': conversion from 'jxl::pixel_type_w' to 'jxl::pixel_type', possible loss of data [C:\Users\Public\jpegview-arm64-build\extras\scripts\libjxl\arm64\lib\jxl_dec-obj.vcxproj]
C:\Users\Public\jpegview-arm64-build\extras\third_party\libjxl\lib\jxl\modular\encoding\encoding.cc(246,21): warning C4244: '=': conversion from 'jxl::pixel_type_w' to 'jxl::pixel_type', possible loss of data [C:\Users\Public\jpegview-arm64-build\extras\scripts\libjxl\arm64\lib\jxl_dec-obj.vcxproj]
C:\Users\Public\jpegview-arm64-build\extras\third_party\libjxl\lib\jxl\modular\encoding\encoding.cc(288,52): warning C4244: 'argument': conversion from 'jxl::pixel_type_w' to 'const int32_t', possible loss of data [C:\Users\Public\jpegview-arm64-build\extras\scripts\libjxl\arm64\lib\jxl_dec-obj.vcxproj]
C:\Users\Public\jpegview-arm64-build\extras\third_party\libjxl\lib\jxl\modular\encoding\encoding.cc(288,46): warning C4244: 'argument': conversion from 'jxl::pixel_type_w' to 'const int32_t', possible loss of data [C:\Users\Public\jpegview-arm64-build\extras\scripts\libjxl\arm64\lib\jxl_dec-obj.vcxproj]
C:\Users\Public\jpegview-arm64-build\extras\third_party\libjxl\lib\jxl\modular\encoding\encoding.cc(288,41): warning C4244: 'argument': conversion from 'jxl::pixel_type_w' to 'const int32_t', possible loss of data [C:\Users\Public\jpegview-arm64-build\extras\scripts\libjxl\arm64\lib\jxl_dec-obj.vcxproj]
C:\Users\Public\jpegview-arm64-build\extras\third_party\libjxl\lib\jxl\modular\encoding\encoding.cc(289,22): warning C4244: 'initializing': conversion from '_Ty' to 'uint32_t', possible loss of data [C:\Users\Public\jpegview-arm64-build\extras\scripts\libjxl\arm64\lib\jxl_dec-obj.vcxproj]
          with
          [
              _Ty=__int64
          ]
C:\Users\Public\jpegview-arm64-build\extras\third_party\libjxl\lib\jxl\modular\encoding\encoding.cc(321,23): warning C4244: 'initializing': conversion from 'jxl::pixel_type_w' to 'int32_t', possible loss of data [C:\Users\Public\jpegview-arm64-build\extras\scripts\libjxl\arm64\lib\jxl_dec-obj.vcxproj]
C:\Users\Public\jpegview-arm64-build\extras\third_party\libjxl\lib\jxl\modular\encoding\encoding.cc(337,23): warning C4244: 'initializing': conversion from 'jxl::pixel_type_w' to 'int32_t', possible loss of data [C:\Users\Public\jpegview-arm64-build\extras\scripts\libjxl\arm64\lib\jxl_dec-obj.vcxproj]
C:\Users\Public\jpegview-arm64-build\extras\third_party\libjxl\lib\jxl\modular\encoding\encoding.cc(353,23): warning C4244: 'initializing': conversion from 'jxl::pixel_type_w' to 'int32_t', possible loss of data [C:\Users\Public\jpegview-arm64-build\extras\scripts\libjxl\arm64\lib\jxl_dec-obj.vcxproj]
C:\Users\Public\jpegview-arm64-build\extras\third_party\libjxl\lib\jxl\modular\encoding\encoding.cc(379,1): warning C4267: 'argument': conversion from 'size_t' to 'const int', possible loss of data [C:\Users\Public\jpegview-arm64-build\extras\scripts\libjxl\arm64\lib\jxl_dec-obj.vcxproj]
C:\Users\Public\jpegview-arm64-build\extras\third_party\libjxl\lib\jxl\modular\encoding\encoding.cc(384,1): warning C4267: 'argument': conversion from 'size_t' to 'const int', possible loss of data [C:\Users\Public\jpegview-arm64-build\extras\scripts\libjxl\arm64\lib\jxl_dec-obj.vcxproj]
C:\Users\Public\jpegview-arm64-build\extras\third_party\libjxl\lib\jxl\modular\encoding\encoding.cc(392,1): warning C4267: 'argument': conversion from 'size_t' to 'const int', possible loss of data [C:\Users\Public\jpegview-arm64-build\extras\scripts\libjxl\arm64\lib\jxl_dec-obj.vcxproj]
C:\Users\Public\jpegview-arm64-build\extras\third_party\libjxl\lib\jxl\modular\encoding\encoding.cc(400,1): warning C4267: 'argument': conversion from 'size_t' to 'const int', possible loss of data [C:\Users\Public\jpegview-arm64-build\extras\scripts\libjxl\arm64\lib\jxl_dec-obj.vcxproj]
C:\Users\Public\jpegview-arm64-build\extras\third_party\libjxl\lib\jxl\modular\encoding\encoding.cc(409,1): warning C4267: 'argument': conversion from 'size_t' to 'const int', possible loss of data [C:\Users\Public\jpegview-arm64-build\extras\scripts\libjxl\arm64\lib\jxl_dec-obj.vcxproj]
C:\Users\Public\jpegview-arm64-build\extras\third_party\libjxl\lib\jxl\modular\encoding\encoding.cc(425,1): warning C4267: 'argument': conversion from 'size_t' to 'const int', possible loss of data [C:\Users\Public\jpegview-arm64-build\extras\scripts\libjxl\arm64\lib\jxl_dec-obj.vcxproj]
C:\Users\Public\jpegview-arm64-build\extras\third_party\libjxl\lib\jxl\modular\encoding\encoding.cc(431,1): warning C4267: 'argument': conversion from 'size_t' to 'const int', possible loss of data [C:\Users\Public\jpegview-arm64-build\extras\scripts\libjxl\arm64\lib\jxl_dec-obj.vcxproj]
C:\Users\Public\jpegview-arm64-build\extras\third_party\libjxl\lib\jxl\modular\encoding\encoding.cc(440,1): warning C4267: 'argument': conversion from 'size_t' to 'const int', possible loss of data [C:\Users\Public\jpegview-arm64-build\extras\scripts\libjxl\arm64\lib\jxl_dec-obj.vcxproj]
C:\Users\Public\jpegview-arm64-build\extras\third_party\libjxl\lib\jxl\modular\encoding\encoding.cc(449,1): warning C4267: 'argument': conversion from 'size_t' to 'const int', possible loss of data [C:\Users\Public\jpegview-arm64-build\extras\scripts\libjxl\arm64\lib\jxl_dec-obj.vcxproj]
C:\Users\Public\jpegview-arm64-build\extras\third_party\libjxl\lib\jxl\modular\encoding\encoding.cc(459,1): warning C4267: 'argument': conversion from 'size_t' to 'const int', possible loss of data [C:\Users\Public\jpegview-arm64-build\extras\scripts\libjxl\arm64\lib\jxl_dec-obj.vcxproj]
C:\Program Files\Microsoft Visual Studio\18\Enterprise\VC\Tools\MSVC\14.29.30133\include\utility(186,48): warning C4267: 'initializing': conversion from 'size_t' to '_Ty1', possible loss of data [C:\Users\Public\jpegview-arm64-build\extras\scripts\libjxl\arm64\lib\jxl_dec-obj.vcxproj]
          with
          [
              _Ty1=uint32_t
          ]
C:\Users\Public\jpegview-arm64-build\extras\third_party\libjxl\lib\jxl\modular\encoding\encoding.cc(651): message : see reference to function template instantiation 'std::pair<uint32_t,uint32_t>::pair<size_t&,size_t&,0>(_Other1,_Other2) noexcept' being compiled [C:\Users\Public\jpegview-arm64-build\extras\scripts\libjxl\arm64\lib\jxl_dec-obj.vcxproj]
          with
          [
              _Other1=size_t &,
              _Other2=size_t &
          ]
C:\Users\Public\jpegview-arm64-build\extras\third_party\libjxl\lib\jxl\modular\encoding\encoding.cc(651): message : see reference to function template instantiation 'std::pair<uint32_t,uint32_t>::pair<size_t&,size_t&,0>(_Other1,_Other2) noexcept' being compiled [C:\Users\Public\jpegview-arm64-build\extras\scripts\libjxl\arm64\lib\jxl_dec-obj.vcxproj]
          with
          [
              _Other1=size_t &,
              _Other2=size_t &
          ]
C:\Program Files\Microsoft Visual Studio\18\Enterprise\VC\Tools\MSVC\14.29.30133\include\utility(186,48): warning C4267: 'initializing': conversion from 'size_t' to '_Ty2', possible loss of data [C:\Users\Public\jpegview-arm64-build\extras\scripts\libjxl\arm64\lib\jxl_dec-obj.vcxproj]
          with
          [
              _Ty2=uint32_t
          ]
C:\Users\Public\jpegview-arm64-build\extras\third_party\libjxl\lib/jxl/dec_ans.h(314,1): warning C4267: '=': conversion from 'size_t' to 'uint32_t', possible loss of data [C:\Users\Public\jpegview-arm64-build\extras\scripts\libjxl\arm64\lib\jxl_dec-obj.vcxproj]
C:\Users\Public\jpegview-arm64-build\extras\third_party\libjxl\lib/jxl/dec_ans.h(369): message : see reference to function template instantiation 'size_t jxl::ANSSymbolReader::ReadHybridUintClusteredInlined<true>(size_t,jxl::BitReader *__restrict )' being compiled [C:\Users\Public\jpegview-arm64-build\extras\scripts\libjxl\arm64\lib\jxl_dec-obj.vcxproj]
C:\Users\Public\jpegview-arm64-build\extras\third_party\libjxl\lib/jxl/dec_ans.h(394): message : see reference to function template instantiation 'size_t jxl::ANSSymbolReader::ReadHybridUintClustered<true>(size_t,jxl::BitReader *__restrict )' being compiled [C:\Users\Public\jpegview-arm64-build\extras\scripts\libjxl\arm64\lib\jxl_dec-obj.vcxproj]
C:\Users\Public\jpegview-arm64-build\extras\third_party\libjxl\lib/jxl/dec_ans.h(341,1): warning C4267: '=': conversion from 'size_t' to 'uint32_t', possible loss of data [C:\Users\Public\jpegview-arm64-build\extras\scripts\libjxl\arm64\lib\jxl_dec-obj.vcxproj]
C:\Users\Public\jpegview-arm64-build\extras\third_party\libjxl\lib/jxl/dec_ans.h(356,1): warning C4267: '=': conversion from 'size_t' to 'uint32_t', possible loss of data [C:\Users\Public\jpegview-arm64-build\extras\scripts\libjxl\arm64\lib\jxl_dec-obj.vcxproj]
C:\Users\Public\jpegview-arm64-build\extras\third_party\libjxl\lib/jxl/dec_ans.h(362,1): warning C4267: '=': conversion from 'size_t' to 'uint32_t', possible loss of data [C:\Users\Public\jpegview-arm64-build\extras\scripts\libjxl\arm64\lib\jxl_dec-obj.vcxproj]
C:\Users\Public\jpegview-arm64-build\extras\third_party\libjxl\lib/jxl/modular/encoding/context_predict.h(161,33): warning C4244: '=': conversion from 'jxl::pixel_type_w' to '_Ty', possible loss of data [C:\Users\Public\jpegview-arm64-build\extras\scripts\libjxl\arm64\lib\jxl_dec-obj.vcxproj]
          with
          [
              _Ty=int32_t
          ]
C:\Users\Public\jpegview-arm64-build\extras\third_party\libjxl\lib/jxl/modular/encoding/context_predict.h(521): message : see reference to function template instantiation 'jxl::pixel_type_w jxl::weighted::State::Predict<false>(size_t,size_t,size_t,jxl::pixel_type_w,jxl::pixel_type_w,jxl::pixel_type_w,jxl::pixel_type_w,jxl::pixel_type_w,jxl::Properties *,size_t)' being compiled [C:\Users\Public\jpegview-arm64-build\extras\scripts\libjxl\arm64\lib\jxl_dec-obj.vcxproj]
C:\Users\Public\jpegview-arm64-build\extras\third_party\libjxl\lib/jxl/modular/encoding/context_predict.h(559): message : see reference to function template instantiation 'jxl::PredictionResult jxl::detail::Predict<0>(jxl::Properties *,size_t,const jxl::pixel_type *__restrict ,const intptr_t,const size_t,const size_t,jxl::Predictor,const jxl::MATreeLookup *,const jxl::Channel *,jxl::weighted::State *,jxl::pixel_type_w *)' being compiled [C:\Users\Public\jpegview-arm64-build\extras\scripts\libjxl\arm64\lib\jxl_dec-obj.vcxproj]
  modular_image.cc
C:\Users\Public\jpegview-arm64-build\extras\third_party\libjxl\lib/jxl/base/status.h(132,47): warning C4646: function declared with 'noreturn' has non-void return type [C:\Users\Public\jpegview-arm64-build\extras\scripts\libjxl\arm64\lib\jxl_dec-obj.vcxproj]
C:\Users\Public\jpegview-arm64-build\extras\third_party\libjxl\lib/jxl/modular/encoding/context_predict.h(110,1): warning C4267: 'initializing': conversion from 'size_t' to 'uint32_t', possible loss of data [C:\Users\Public\jpegview-arm64-build\extras\scripts\libjxl\arm64\lib\jxl_dec-obj.vcxproj]
C:\Users\Public\jpegview-arm64-build\extras\third_party\libjxl\lib/jxl/modular/encoding/context_predict.h(191,31): warning C4244: '=': conversion from 'jxl::pixel_type_w' to '_Ty', possible loss of data [C:\Users\Public\jpegview-arm64-build\extras\scripts\libjxl\arm64\lib\jxl_dec-obj.vcxproj]
          with
          [
              _Ty=jxl::PropertyVal
          ]
C:\Users\Public\jpegview-arm64-build\extras\third_party\libjxl\lib/jxl/modular/encoding/context_predict.h(196,37): warning C4244: '=': conversion from 'jxl::pixel_type_w' to '_Ty', possible loss of data [C:\Users\Public\jpegview-arm64-build\extras\scripts\libjxl\arm64\lib\jxl_dec-obj.vcxproj]
          with
          [
              _Ty=uint32_t
          ]
C:\Users\Public\jpegview-arm64-build\extras\third_party\libjxl\lib/jxl/modular/encoding/context_predict.h(199,1): warning C4244: '+=': conversion from 'jxl::pixel_type_w' to '_Ty', possible loss of data [C:\Users\Public\jpegview-arm64-build\extras\scripts\libjxl\arm64\lib\jxl_dec-obj.vcxproj]
          with
          [
              _Ty=uint32_t
          ]
C:\Users\Public\jpegview-arm64-build\extras\third_party\libjxl\lib/jxl/modular/encoding/context_predict.h(329,7): warning C4806: '|': unsafe operation: no value of type 'bool' promoted to type 'int' can equal the given constant [C:\Users\Public\jpegview-arm64-build\extras\scripts\libjxl\arm64\lib\jxl_dec-obj.vcxproj]
C:\Users\Public\jpegview-arm64-build\extras\third_party\libjxl\lib/jxl/modular/encoding/context_predict.h(330,7): warning C4806: '|': unsafe operation: no value of type 'bool' promoted to type 'int' can equal the given constant [C:\Users\Public\jpegview-arm64-build\extras\scripts\libjxl\arm64\lib\jxl_dec-obj.vcxproj]
C:\Users\Public\jpegview-arm64-build\extras\third_party\libjxl\lib/jxl/modular/encoding/context_predict.h(392,23): warning C4244: '=': conversion from '__int64' to 'jxl::pixel_type', possible loss of data [C:\Users\Public\jpegview-arm64-build\extras\scripts\libjxl\arm64\lib\jxl_dec-obj.vcxproj]
C:\Users\Public\jpegview-arm64-build\extras\third_party\libjxl\lib/jxl/modular/encoding/context_predict.h(393,15): warning C4244: '=': conversion from 'jxl::pixel_type_w' to 'jxl::pixel_type', possible loss of data [C:\Users\Public\jpegview-arm64-build\extras\scripts\libjxl\arm64\lib\jxl_dec-obj.vcxproj]
C:\Users\Public\jpegview-arm64-build\extras\third_party\libjxl\lib/jxl/modular/encoding/context_predict.h(397,62): warning C4244: 'argument': conversion from 'jxl::pixel_type_w' to 'const int32_t', possible loss of data [C:\Users\Public\jpegview-arm64-build\extras\scripts\libjxl\arm64\lib\jxl_dec-obj.vcxproj]
C:\Users\Public\jpegview-arm64-build\extras\third_party\libjxl\lib/jxl/modular/encoding/context_predict.h(397,56): warning C4244: 'argument': conversion from 'jxl::pixel_type_w' to 'const int32_t', possible loss of data [C:\Users\Public\jpegview-arm64-build\extras\scripts\libjxl\arm64\lib\jxl_dec-obj.vcxproj]
C:\Users\Public\jpegview-arm64-build\extras\third_party\libjxl\lib/jxl/modular/encoding/context_predict.h(397,49): warning C4244: 'argument': conversion from 'jxl::pixel_type_w' to 'const int32_t', possible loss of data [C:\Users\Public\jpegview-arm64-build\extras\scripts\libjxl\arm64\lib\jxl_dec-obj.vcxproj]
C:\Users\Public\jpegview-arm64-build\extras\third_party\libjxl\lib/jxl/modular/encoding/context_predict.h(398,23): warning C4244: '=': conversion from '__int64' to 'jxl::pixel_type', possible loss of data [C:\Users\Public\jpegview-arm64-build\extras\scripts\libjxl\arm64\lib\jxl_dec-obj.vcxproj]
C:\Users\Public\jpegview-arm64-build\extras\third_party\libjxl\lib/jxl/modular/encoding/context_predict.h(399,17): warning C4244: '=': conversion from 'jxl::pixel_type_w' to 'jxl::pixel_type', possible loss of data [C:\Users\Public\jpegview-arm64-build\extras\scripts\libjxl\arm64\lib\jxl_dec-obj.vcxproj]
C:\Users\Public\jpegview-arm64-build\extras\third_party\libjxl\lib/jxl/modular/encoding/context_predict.h(451,54): warning C4244: 'argument': conversion from 'jxl::pixel_type_w' to 'const int32_t', possible loss of data [C:\Users\Public\jpegview-arm64-build\extras\scripts\libjxl\arm64\lib\jxl_dec-obj.vcxproj]
C:\Users\Public\jpegview-arm64-build\extras\third_party\libjxl\lib/jxl/modular/encoding/context_predict.h(451,49): warning C4244: 'argument': conversion from 'jxl::pixel_type_w' to 'const int32_t', possible loss of data [C:\Users\Public\jpegview-arm64-build\extras\scripts\libjxl\arm64\lib\jxl_dec-obj.vcxproj]
C:\Users\Public\jpegview-arm64-build\extras\third_party\libjxl\lib/jxl/modular/encoding/context_predict.h(451,43): warning C4244: 'argument': conversion from 'jxl::pixel_type_w' to 'const int32_t', possible loss of data [C:\Users\Public\jpegview-arm64-build\extras\scripts\libjxl\arm64\lib\jxl_dec-obj.vcxproj]
C:\Users\Public\jpegview-arm64-build\extras\third_party\libjxl\lib/jxl/modular/encoding/context_predict.h(497,1): warning C4267: '=': conversion from 'size_t' to '_Ty', possible loss of data [C:\Users\Public\jpegview-arm64-build\extras\scripts\libjxl\arm64\lib\jxl_dec-obj.vcxproj]
          with
          [
              _Ty=jxl::PropertyVal
          ]
C:\Users\Public\jpegview-arm64-build\extras\third_party\libjxl\lib/jxl/modular/encoding/context_predict.h(559): message : see reference to function template instantiation 'jxl::PredictionResult jxl::detail::Predict<0>(jxl::Properties *,size_t,const jxl::pixel_type *__restrict ,const intptr_t,const size_t,const size_t,jxl::Predictor,const jxl::MATreeLookup *,const jxl::Channel *,jxl::weighted::State *,jxl::pixel_type_w *)' being compiled [C:\Users\Public\jpegview-arm64-build\extras\scripts\libjxl\arm64\lib\jxl_dec-obj.vcxproj]
C:\Users\Public\jpegview-arm64-build\extras\third_party\libjxl\lib/jxl/modular/encoding/context_predict.h(499,26): warning C4244: '=': conversion from 'jxl::pixel_type_w' to '_Ty', possible loss of data [C:\Users\Public\jpegview-arm64-build\extras\scripts\libjxl\arm64\lib\jxl_dec-obj.vcxproj]
          with
          [
              _Ty=jxl::PropertyVal
          ]
C:\Users\Public\jpegview-arm64-build\extras\third_party\libjxl\lib/jxl/modular/encoding/context_predict.h(500,27): warning C4244: '=': conversion from 'jxl::pixel_type_w' to '_Ty', possible loss of data [C:\Users\Public\jpegview-arm64-build\extras\scripts\libjxl\arm64\lib\jxl_dec-obj.vcxproj]
          with
          [
              _Ty=jxl::PropertyVal
          ]
C:\Users\Public\jpegview-arm64-build\extras\third_party\libjxl\lib/jxl/modular/encoding/context_predict.h(501,22): warning C4244: '=': conversion from 'jxl::pixel_type_w' to '_Ty', possible loss of data [C:\Users\Public\jpegview-arm64-build\extras\scripts\libjxl\arm64\lib\jxl_dec-obj.vcxproj]
          with
          [
              _Ty=jxl::PropertyVal
          ]
C:\Users\Public\jpegview-arm64-build\extras\third_party\libjxl\lib/jxl/modular/encoding/context_predict.h(502,22): warning C4244: '=': conversion from 'jxl::pixel_type_w' to '_Ty', possible loss of data [C:\Users\Public\jpegview-arm64-build\extras\scripts\libjxl\arm64\lib\jxl_dec-obj.vcxproj]
          with
          [
              _Ty=jxl::PropertyVal
          ]
C:\Users\Public\jpegview-arm64-build\extras\third_party\libjxl\lib/jxl/modular/encoding/context_predict.h(505,25): warning C4244: '=': conversion from 'jxl::pixel_type_w' to '_Ty', possible loss of data [C:\Users\Public\jpegview-arm64-build\extras\scripts\libjxl\arm64\lib\jxl_dec-obj.vcxproj]
          with
          [
              _Ty=jxl::PropertyVal
          ]
C:\Users\Public\jpegview-arm64-build\extras\third_party\libjxl\lib/jxl/modular/encoding/context_predict.h(508,33): warning C4244: '=': conversion from 'jxl::pixel_type_w' to '_Ty', possible loss of data [C:\Users\Public\jpegview-arm64-build\extras\scripts\libjxl\arm64\lib\jxl_dec-obj.vcxproj]
          with
          [
              _Ty=jxl::PropertyVal
          ]
C:\Users\Public\jpegview-arm64-build\extras\third_party\libjxl\lib/jxl/modular/encoding/context_predict.h(511,27): warning C4244: '=': conversion from 'jxl::pixel_type_w' to '_Ty', possible loss of data [C:\Users\Public\jpegview-arm64-build\extras\scripts\libjxl\arm64\lib\jxl_dec-obj.vcxproj]
          with
          [
              _Ty=jxl::PropertyVal
          ]
C:\Users\Public\jpegview-arm64-build\extras\third_party\libjxl\lib/jxl/modular/encoding/context_predict.h(512,30): warning C4244: '=': conversion from 'jxl::pixel_type_w' to '_Ty', possible loss of data [C:\Users\Public\jpegview-arm64-build\extras\scripts\libjxl\arm64\lib\jxl_dec-obj.vcxproj]
          with
          [
              _Ty=jxl::PropertyVal
          ]
C:\Users\Public\jpegview-arm64-build\extras\third_party\libjxl\lib/jxl/modular/encoding/context_predict.h(513,26): warning C4244: '=': conversion from 'jxl::pixel_type_w' to '_Ty', possible loss of data [C:\Users\Public\jpegview-arm64-build\extras\scripts\libjxl\arm64\lib\jxl_dec-obj.vcxproj]
          with
          [
              _Ty=jxl::PropertyVal
          ]
C:\Users\Public\jpegview-arm64-build\extras\third_party\libjxl\lib/jxl/modular/encoding/context_predict.h(514,26): warning C4244: '=': conversion from 'jxl::pixel_type_w' to '_Ty', possible loss of data [C:\Users\Public\jpegview-arm64-build\extras\scripts\libjxl\arm64\lib\jxl_dec-obj.vcxproj]
          with
          [
              _Ty=jxl::PropertyVal
          ]
C:\Users\Public\jpegview-arm64-build\extras\third_party\libjxl\lib/jxl/modular/encoding/context_predict.h(515,27): warning C4244: '=': conversion from 'jxl::pixel_type_w' to '_Ty', possible loss of data [C:\Users\Public\jpegview-arm64-build\extras\scripts\libjxl\arm64\lib\jxl_dec-obj.vcxproj]
          with
          [
              _Ty=jxl::PropertyVal
          ]
C:\Users\Public\jpegview-arm64-build\extras\third_party\libjxl\lib/jxl/modular/encoding/context_predict.h(485,1): warning C4305: 'initializing': truncation from 'int' to 'const bool' [C:\Users\Public\jpegview-arm64-build\extras\scripts\libjxl\arm64\lib\jxl_dec-obj.vcxproj]
C:\Users\Public\jpegview-arm64-build\extras\third_party\libjxl\lib/jxl/modular/encoding/context_predict.h(589): message : see reference to function template instantiation 'jxl::PredictionResult jxl::detail::Predict<17>(jxl::Properties *,size_t,const jxl::pixel_type *__restrict ,const intptr_t,const size_t,const size_t,jxl::Predictor,const jxl::MATreeLookup *,const jxl::Channel *,jxl::weighted::State *,jxl::pixel_type_w *)' being compiled [C:\Users\Public\jpegview-arm64-build\extras\scripts\libjxl\arm64\lib\jxl_dec-obj.vcxproj]
C:\Users\Public\jpegview-arm64-build\extras\third_party\libjxl\lib/jxl/modular/encoding/context_predict.h(161,33): warning C4244: '=': conversion from 'jxl::pixel_type_w' to '_Ty', possible loss of data [C:\Users\Public\jpegview-arm64-build\extras\scripts\libjxl\arm64\lib\jxl_dec-obj.vcxproj]
          with
          [
              _Ty=jxl::PropertyVal
          ]
C:\Users\Public\jpegview-arm64-build\extras\third_party\libjxl\lib/jxl/modular/encoding/context_predict.h(521): message : see reference to function template instantiation 'jxl::pixel_type_w jxl::weighted::State::Predict<false>(size_t,size_t,size_t,jxl::pixel_type_w,jxl::pixel_type_w,jxl::pixel_type_w,jxl::pixel_type_w,jxl::pixel_type_w,jxl::Properties *,size_t)' being compiled [C:\Users\Public\jpegview-arm64-build\extras\scripts\libjxl\arm64\lib\jxl_dec-obj.vcxproj]
C:\Users\Public\jpegview-arm64-build\extras\third_party\libjxl\lib/jxl/modular/encoding/context_predict.h(559): message : see reference to function template instantiation 'jxl::PredictionResult jxl::detail::Predict<0>(jxl::Properties *,size_t,const jxl::pixel_type *__restrict ,const intptr_t,const size_t,const size_t,jxl::Predictor,const jxl::MATreeLookup *,const jxl::Channel *,jxl::weighted::State *,jxl::pixel_type_w *)' being compiled [C:\Users\Public\jpegview-arm64-build\extras\scripts\libjxl\arm64\lib\jxl_dec-obj.vcxproj]
  palette.cc
C:\Users\Public\jpegview-arm64-build\extras\third_party\libjxl\lib/jxl/base/status.h(132,47): warning C4646: function declared with 'noreturn' has non-void return type [C:\Users\Public\jpegview-arm64-build\extras\scripts\libjxl\arm64\lib\jxl_dec-obj.vcxproj]
C:\Users\Public\jpegview-arm64-build\extras\third_party\libjxl\lib/jxl/modular/encoding/context_predict.h(110,1): warning C4267: 'initializing': conversion from 'size_t' to 'uint32_t', possible loss of data [C:\Users\Public\jpegview-arm64-build\extras\scripts\libjxl\arm64\lib\jxl_dec-obj.vcxproj]
C:\Users\Public\jpegview-arm64-build\extras\third_party\libjxl\lib/jxl/modular/encoding/context_predict.h(191,31): warning C4244: '=': conversion from 'jxl::pixel_type_w' to '_Ty', possible loss of data [C:\Users\Public\jpegview-arm64-build\extras\scripts\libjxl\arm64\lib\jxl_dec-obj.vcxproj]
          with
          [
              _Ty=jxl::PropertyVal
          ]
C:\Users\Public\jpegview-arm64-build\extras\third_party\libjxl\lib/jxl/modular/encoding/context_predict.h(196,37): warning C4244: '=': conversion from 'jxl::pixel_type_w' to '_Ty', possible loss of data [C:\Users\Public\jpegview-arm64-build\extras\scripts\libjxl\arm64\lib\jxl_dec-obj.vcxproj]
          with
          [
              _Ty=uint32_t
          ]
C:\Users\Public\jpegview-arm64-build\extras\third_party\libjxl\lib/jxl/modular/encoding/context_predict.h(199,1): warning C4244: '+=': conversion from 'jxl::pixel_type_w' to '_Ty', possible loss of data [C:\Users\Public\jpegview-arm64-build\extras\scripts\libjxl\arm64\lib\jxl_dec-obj.vcxproj]
          with
          [
              _Ty=uint32_t
          ]
C:\Users\Public\jpegview-arm64-build\extras\third_party\libjxl\lib/jxl/modular/encoding/context_predict.h(329,7): warning C4806: '|': unsafe operation: no value of type 'bool' promoted to type 'int' can equal the given constant [C:\Users\Public\jpegview-arm64-build\extras\scripts\libjxl\arm64\lib\jxl_dec-obj.vcxproj]
C:\Users\Public\jpegview-arm64-build\extras\third_party\libjxl\lib/jxl/modular/encoding/context_predict.h(330,7): warning C4806: '|': unsafe operation: no value of type 'bool' promoted to type 'int' can equal the given constant [C:\Users\Public\jpegview-arm64-build\extras\scripts\libjxl\arm64\lib\jxl_dec-obj.vcxproj]
C:\Users\Public\jpegview-arm64-build\extras\third_party\libjxl\lib/jxl/modular/encoding/context_predict.h(392,23): warning C4244: '=': conversion from '__int64' to 'jxl::pixel_type', possible loss of data [C:\Users\Public\jpegview-arm64-build\extras\scripts\libjxl\arm64\lib\jxl_dec-obj.vcxproj]
C:\Users\Public\jpegview-arm64-build\extras\third_party\libjxl\lib/jxl/modular/encoding/context_predict.h(393,15): warning C4244: '=': conversion from 'jxl::pixel_type_w' to 'jxl::pixel_type', possible loss of data [C:\Users\Public\jpegview-arm64-build\extras\scripts\libjxl\arm64\lib\jxl_dec-obj.vcxproj]
C:\Users\Public\jpegview-arm64-build\extras\third_party\libjxl\lib/jxl/modular/encoding/context_predict.h(397,62): warning C4244: 'argument': conversion from 'jxl::pixel_type_w' to 'const int32_t', possible loss of data [C:\Users\Public\jpegview-arm64-build\extras\scripts\libjxl\arm64\lib\jxl_dec-obj.vcxproj]
C:\Users\Public\jpegview-arm64-build\extras\third_party\libjxl\lib/jxl/modular/encoding/context_predict.h(397,56): warning C4244: 'argument': conversion from 'jxl::pixel_type_w' to 'const int32_t', possible loss of data [C:\Users\Public\jpegview-arm64-build\extras\scripts\libjxl\arm64\lib\jxl_dec-obj.vcxproj]
C:\Users\Public\jpegview-arm64-build\extras\third_party\libjxl\lib/jxl/modular/encoding/context_predict.h(397,49): warning C4244: 'argument': conversion from 'jxl::pixel_type_w' to 'const int32_t', possible loss of data [C:\Users\Public\jpegview-arm64-build\extras\scripts\libjxl\arm64\lib\jxl_dec-obj.vcxproj]
C:\Users\Public\jpegview-arm64-build\extras\third_party\libjxl\lib/jxl/modular/encoding/context_predict.h(398,23): warning C4244: '=': conversion from '__int64' to 'jxl::pixel_type', possible loss of data [C:\Users\Public\jpegview-arm64-build\extras\scripts\libjxl\arm64\lib\jxl_dec-obj.vcxproj]
C:\Users\Public\jpegview-arm64-build\extras\third_party\libjxl\lib/jxl/modular/encoding/context_predict.h(399,17): warning C4244: '=': conversion from 'jxl::pixel_type_w' to 'jxl::pixel_type', possible loss of data [C:\Users\Public\jpegview-arm64-build\extras\scripts\libjxl\arm64\lib\jxl_dec-obj.vcxproj]
C:\Users\Public\jpegview-arm64-build\extras\third_party\libjxl\lib/jxl/modular/encoding/context_predict.h(451,54): warning C4244: 'argument': conversion from 'jxl::pixel_type_w' to 'const int32_t', possible loss of data [C:\Users\Public\jpegview-arm64-build\extras\scripts\libjxl\arm64\lib\jxl_dec-obj.vcxproj]
C:\Users\Public\jpegview-arm64-build\extras\third_party\libjxl\lib/jxl/modular/encoding/context_predict.h(451,49): warning C4244: 'argument': conversion from 'jxl::pixel_type_w' to 'const int32_t', possible loss of data [C:\Users\Public\jpegview-arm64-build\extras\scripts\libjxl\arm64\lib\jxl_dec-obj.vcxproj]
C:\Users\Public\jpegview-arm64-build\extras\third_party\libjxl\lib/jxl/modular/encoding/context_predict.h(451,43): warning C4244: 'argument': conversion from 'jxl::pixel_type_w' to 'const int32_t', possible loss of data [C:\Users\Public\jpegview-arm64-build\extras\scripts\libjxl\arm64\lib\jxl_dec-obj.vcxproj]
C:\Users\Public\jpegview-arm64-build\extras\third_party\libjxl\lib/jxl/modular/transform/palette.h(41,66): warning C4244: 'return': conversion from 'uint64_t' to 'jxl::pixel_type', possible loss of data [C:\Users\Public\jpegview-arm64-build\extras\scripts\libjxl\arm64\lib\jxl_dec-obj.vcxproj]
C:\Users\Public\jpegview-arm64-build\extras\third_party\libjxl\lib\jxl\modular\transform\palette.cc(17,30): warning C4267: 'initializing': conversion from 'size_t' to 'int', possible loss of data [C:\Users\Public\jpegview-arm64-build\extras\scripts\libjxl\arm64\lib\jxl_dec-obj.vcxproj]
C:\Users\Public\jpegview-arm64-build\extras\third_party\libjxl\lib\jxl\modular\transform\palette.cc(41,1): warning C4244: 'argument': conversion from 'intptr_t' to 'const int', possible loss of data [C:\Users\Public\jpegview-arm64-build\extras\scripts\libjxl\arm64\lib\jxl_dec-obj.vcxproj]
C:\Users\Public\jpegview-arm64-build\extras\third_party\libjxl\lib\jxl\modular\transform\palette.cc(54,1): warning C4267: 'argument': conversion from 'size_t' to 'const int', possible loss of data [C:\Users\Public\jpegview-arm64-build\extras\scripts\libjxl\arm64\lib\jxl_dec-obj.vcxproj]
C:\Users\Public\jpegview-arm64-build\extras\third_party\libjxl\lib\jxl\modular\transform\palette.cc(54,1): warning C4267: 'argument': conversion from 'size_t' to 'const uint32_t', possible loss of data [C:\Users\Public\jpegview-arm64-build\extras\scripts\libjxl\arm64\lib\jxl_dec-obj.vcxproj]
C:\Users\Public\jpegview-arm64-build\extras\third_party\libjxl\lib\jxl\modular\transform\palette.cc(56,1): warning C4244: 'argument': conversion from 'intptr_t' to 'const int', possible loss of data [C:\Users\Public\jpegview-arm64-build\extras\scripts\libjxl\arm64\lib\jxl_dec-obj.vcxproj]
C:\Users\Public\jpegview-arm64-build\extras\third_party\libjxl\lib\jxl\modular\transform\palette.cc(74,1): warning C4267: 'argument': conversion from 'size_t' to 'const int', possible loss of data [C:\Users\Public\jpegview-arm64-build\extras\scripts\libjxl\arm64\lib\jxl_dec-obj.vcxproj]
C:\Users\Public\jpegview-arm64-build\extras\third_party\libjxl\lib\jxl\modular\transform\palette.cc(74,1): warning C4267: 'argument': conversion from 'size_t' to 'const uint32_t', possible loss of data [C:\Users\Public\jpegview-arm64-build\extras\scripts\libjxl\arm64\lib\jxl_dec-obj.vcxproj]
C:\Users\Public\jpegview-arm64-build\extras\third_party\libjxl\lib\jxl\modular\transform\palette.cc(81,1): warning C4244: 'argument': conversion from 'intptr_t' to 'const int', possible loss of data [C:\Users\Public\jpegview-arm64-build\extras\scripts\libjxl\arm64\lib\jxl_dec-obj.vcxproj]
C:\Users\Public\jpegview-arm64-build\extras\third_party\libjxl\lib\jxl\modular\transform\palette.cc(110,1): warning C4267: 'argument': conversion from 'size_t' to 'const int', possible loss of data [C:\Users\Public\jpegview-arm64-build\extras\scripts\libjxl\arm64\lib\jxl_dec-obj.vcxproj]
C:\Users\Public\jpegview-arm64-build\extras\third_party\libjxl\lib\jxl\modular\transform\palette.cc(81,1): warning C4244: '=': conversion from 'jxl::pixel_type_w' to 'jxl::pixel_type', possible loss of data [C:\Users\Public\jpegview-arm64-build\extras\scripts\libjxl\arm64\lib\jxl_dec-obj.vcxproj]
C:\Users\Public\jpegview-arm64-build\extras\third_party\libjxl\lib\jxl\modular\transform\palette.cc(112,1): warning C4244: 'argument': conversion from 'intptr_t' to 'const int', possible loss of data [C:\Users\Public\jpegview-arm64-build\extras\scripts\libjxl\arm64\lib\jxl_dec-obj.vcxproj]
C:\Users\Public\jpegview-arm64-build\extras\third_party\libjxl\lib\jxl\modular\transform\palette.cc(138,1): warning C4267: 'argument': conversion from 'size_t' to 'const int', possible loss of data [C:\Users\Public\jpegview-arm64-build\extras\scripts\libjxl\arm64\lib\jxl_dec-obj.vcxproj]
C:\Users\Public\jpegview-arm64-build\extras\third_party\libjxl\lib\jxl\modular\transform\palette.cc(112,1): warning C4244: '=': conversion from 'jxl::pixel_type_w' to 'jxl::pixel_type', possible loss of data [C:\Users\Public\jpegview-arm64-build\extras\scripts\libjxl\arm64\lib\jxl_dec-obj.vcxproj]
C:\Users\Public\jpegview-arm64-build\extras\third_party\libjxl\lib/jxl/modular/encoding/context_predict.h(497,1): warning C4267: '=': conversion from 'size_t' to '_Ty', possible loss of data [C:\Users\Public\jpegview-arm64-build\extras\scripts\libjxl\arm64\lib\jxl_dec-obj.vcxproj]
          with
          [
              _Ty=jxl::PropertyVal
          ]
C:\Users\Public\jpegview-arm64-build\extras\third_party\libjxl\lib/jxl/modular/encoding/context_predict.h(559): message : see reference to function template instantiation 'jxl::PredictionResult jxl::detail::Predict<0>(jxl::Properties *,size_t,const jxl::pixel_type *__restrict ,const intptr_t,const size_t,const size_t,jxl::Predictor,const jxl::MATreeLookup *,const jxl::Channel *,jxl::weighted::State *,jxl::pixel_type_w *)' being compiled [C:\Users\Public\jpegview-arm64-build\extras\scripts\libjxl\arm64\lib\jxl_dec-obj.vcxproj]
C:\Users\Public\jpegview-arm64-build\extras\third_party\libjxl\lib/jxl/modular/encoding/context_predict.h(499,26): warning C4244: '=': conversion from 'jxl::pixel_type_w' to '_Ty', possible loss of data [C:\Users\Public\jpegview-arm64-build\extras\scripts\libjxl\arm64\lib\jxl_dec-obj.vcxproj]
          with
          [
              _Ty=jxl::PropertyVal
          ]
C:\Users\Public\jpegview-arm64-build\extras\third_party\libjxl\lib/jxl/modular/encoding/context_predict.h(500,27): warning C4244: '=': conversion from 'jxl::pixel_type_w' to '_Ty', possible loss of data [C:\Users\Public\jpegview-arm64-build\extras\scripts\libjxl\arm64\lib\jxl_dec-obj.vcxproj]
          with
          [
              _Ty=jxl::PropertyVal
          ]
C:\Users\Public\jpegview-arm64-build\extras\third_party\libjxl\lib/jxl/modular/encoding/context_predict.h(501,22): warning C4244: '=': conversion from 'jxl::pixel_type_w' to '_Ty', possible loss of data [C:\Users\Public\jpegview-arm64-build\extras\scripts\libjxl\arm64\lib\jxl_dec-obj.vcxproj]
          with
          [
              _Ty=jxl::PropertyVal
          ]
C:\Users\Public\jpegview-arm64-build\extras\third_party\libjxl\lib/jxl/modular/encoding/context_predict.h(502,22): warning C4244: '=': conversion from 'jxl::pixel_type_w' to '_Ty', possible loss of data [C:\Users\Public\jpegview-arm64-build\extras\scripts\libjxl\arm64\lib\jxl_dec-obj.vcxproj]
          with
          [
              _Ty=jxl::PropertyVal
          ]
C:\Users\Public\jpegview-arm64-build\extras\third_party\libjxl\lib/jxl/modular/encoding/context_predict.h(505,25): warning C4244: '=': conversion from 'jxl::pixel_type_w' to '_Ty', possible loss of data [C:\Users\Public\jpegview-arm64-build\extras\scripts\libjxl\arm64\lib\jxl_dec-obj.vcxproj]
          with
          [
              _Ty=jxl::PropertyVal
          ]
C:\Users\Public\jpegview-arm64-build\extras\third_party\libjxl\lib/jxl/modular/encoding/context_predict.h(508,33): warning C4244: '=': conversion from 'jxl::pixel_type_w' to '_Ty', possible loss of data [C:\Users\Public\jpegview-arm64-build\extras\scripts\libjxl\arm64\lib\jxl_dec-obj.vcxproj]
          with
          [
              _Ty=jxl::PropertyVal
          ]
C:\Users\Public\jpegview-arm64-build\extras\third_party\libjxl\lib/jxl/modular/encoding/context_predict.h(511,27): warning C4244: '=': conversion from 'jxl::pixel_type_w' to '_Ty', possible loss of data [C:\Users\Public\jpegview-arm64-build\extras\scripts\libjxl\arm64\lib\jxl_dec-obj.vcxproj]
          with
          [
              _Ty=jxl::PropertyVal
          ]
C:\Users\Public\jpegview-arm64-build\extras\third_party\libjxl\lib/jxl/modular/encoding/context_predict.h(512,30): warning C4244: '=': conversion from 'jxl::pixel_type_w' to '_Ty', possible loss of data [C:\Users\Public\jpegview-arm64-build\extras\scripts\libjxl\arm64\lib\jxl_dec-obj.vcxproj]
          with
          [
              _Ty=jxl::PropertyVal
          ]
C:\Users\Public\jpegview-arm64-build\extras\third_party\libjxl\lib/jxl/modular/encoding/context_predict.h(513,26): warning C4244: '=': conversion from 'jxl::pixel_type_w' to '_Ty', possible loss of data [C:\Users\Public\jpegview-arm64-build\extras\scripts\libjxl\arm64\lib\jxl_dec-obj.vcxproj]
          with
          [
              _Ty=jxl::PropertyVal
          ]
C:\Users\Public\jpegview-arm64-build\extras\third_party\libjxl\lib/jxl/modular/encoding/context_predict.h(514,26): warning C4244: '=': conversion from 'jxl::pixel_type_w' to '_Ty', possible loss of data [C:\Users\Public\jpegview-arm64-build\extras\scripts\libjxl\arm64\lib\jxl_dec-obj.vcxproj]
          with
          [
              _Ty=jxl::PropertyVal
          ]
C:\Users\Public\jpegview-arm64-build\extras\third_party\libjxl\lib/jxl/modular/encoding/context_predict.h(515,27): warning C4244: '=': conversion from 'jxl::pixel_type_w' to '_Ty', possible loss of data [C:\Users\Public\jpegview-arm64-build\extras\scripts\libjxl\arm64\lib\jxl_dec-obj.vcxproj]
          with
          [
              _Ty=jxl::PropertyVal
          ]
C:\Users\Public\jpegview-arm64-build\extras\third_party\libjxl\lib/jxl/modular/encoding/context_predict.h(485,1): warning C4305: 'initializing': truncation from 'int' to 'const bool' [C:\Users\Public\jpegview-arm64-build\extras\scripts\libjxl\arm64\lib\jxl_dec-obj.vcxproj]
C:\Users\Public\jpegview-arm64-build\extras\third_party\libjxl\lib/jxl/modular/encoding/context_predict.h(589): message : see reference to function template instantiation 'jxl::PredictionResult jxl::detail::Predict<17>(jxl::Properties *,size_t,const jxl::pixel_type *__restrict ,const intptr_t,const size_t,const size_t,jxl::Predictor,const jxl::MATreeLookup *,const jxl::Channel *,jxl::weighted::State *,jxl::pixel_type_w *)' being compiled [C:\Users\Public\jpegview-arm64-build\extras\scripts\libjxl\arm64\lib\jxl_dec-obj.vcxproj]
C:\Users\Public\jpegview-arm64-build\extras\third_party\libjxl\lib/jxl/modular/encoding/context_predict.h(161,33): warning C4244: '=': conversion from 'jxl::pixel_type_w' to '_Ty', possible loss of data [C:\Users\Public\jpegview-arm64-build\extras\scripts\libjxl\arm64\lib\jxl_dec-obj.vcxproj]
          with
          [
              _Ty=jxl::PropertyVal
          ]
C:\Users\Public\jpegview-arm64-build\extras\third_party\libjxl\lib/jxl/modular/encoding/context_predict.h(521): message : see reference to function template instantiation 'jxl::pixel_type_w jxl::weighted::State::Predict<false>(size_t,size_t,size_t,jxl::pixel_type_w,jxl::pixel_type_w,jxl::pixel_type_w,jxl::pixel_type_w,jxl::pixel_type_w,jxl::Properties *,size_t)' being compiled [C:\Users\Public\jpegview-arm64-build\extras\scripts\libjxl\arm64\lib\jxl_dec-obj.vcxproj]
C:\Users\Public\jpegview-arm64-build\extras\third_party\libjxl\lib/jxl/modular/encoding/context_predict.h(559): message : see reference to function template instantiation 'jxl::PredictionResult jxl::detail::Predict<0>(jxl::Properties *,size_t,const jxl::pixel_type *__restrict ,const intptr_t,const size_t,const size_t,jxl::Predictor,const jxl::MATreeLookup *,const jxl::Channel *,jxl::weighted::State *,jxl::pixel_type_w *)' being compiled [C:\Users\Public\jpegview-arm64-build\extras\scripts\libjxl\arm64\lib\jxl_dec-obj.vcxproj]
  rct.cc
C:\Users\Public\jpegview-arm64-build\extras\third_party\libjxl\lib/jxl/base/status.h(132,47): warning C4646: function declared with 'noreturn' has non-void return type [C:\Users\Public\jpegview-arm64-build\extras\scripts\libjxl\arm64\lib\jxl_dec-obj.vcxproj]
C:\Users\Public\jpegview-arm64-build\extras\third_party\libjxl\lib/jxl/modular/encoding/context_predict.h(110,1): warning C4267: 'initializing': conversion from 'size_t' to 'uint32_t', possible loss of data [C:\Users\Public\jpegview-arm64-build\extras\scripts\libjxl\arm64\lib\jxl_dec-obj.vcxproj]
C:\Users\Public\jpegview-arm64-build\extras\third_party\libjxl\lib/jxl/modular/encoding/context_predict.h(191,31): warning C4244: '=': conversion from 'jxl::pixel_type_w' to '_Ty', possible loss of data [C:\Users\Public\jpegview-arm64-build\extras\scripts\libjxl\arm64\lib\jxl_dec-obj.vcxproj]
          with
          [
              _Ty=jxl::PropertyVal
          ]
C:\Users\Public\jpegview-arm64-build\extras\third_party\libjxl\lib/jxl/modular/encoding/context_predict.h(196,37): warning C4244: '=': conversion from 'jxl::pixel_type_w' to '_Ty', possible loss of data [C:\Users\Public\jpegview-arm64-build\extras\scripts\libjxl\arm64\lib\jxl_dec-obj.vcxproj]
          with
          [
              _Ty=uint32_t
          ]
C:\Users\Public\jpegview-arm64-build\extras\third_party\libjxl\lib/jxl/modular/encoding/context_predict.h(199,1): warning C4244: '+=': conversion from 'jxl::pixel_type_w' to '_Ty', possible loss of data [C:\Users\Public\jpegview-arm64-build\extras\scripts\libjxl\arm64\lib\jxl_dec-obj.vcxproj]
          with
          [
              _Ty=uint32_t
          ]
C:\Users\Public\jpegview-arm64-build\extras\third_party\libjxl\lib/jxl/modular/encoding/context_predict.h(329,7): warning C4806: '|': unsafe operation: no value of type 'bool' promoted to type 'int' can equal the given constant [C:\Users\Public\jpegview-arm64-build\extras\scripts\libjxl\arm64\lib\jxl_dec-obj.vcxproj]
C:\Users\Public\jpegview-arm64-build\extras\third_party\libjxl\lib/jxl/modular/encoding/context_predict.h(330,7): warning C4806: '|': unsafe operation: no value of type 'bool' promoted to type 'int' can equal the given constant [C:\Users\Public\jpegview-arm64-build\extras\scripts\libjxl\arm64\lib\jxl_dec-obj.vcxproj]
C:\Users\Public\jpegview-arm64-build\extras\third_party\libjxl\lib/jxl/modular/encoding/context_predict.h(392,23): warning C4244: '=': conversion from '__int64' to 'jxl::pixel_type', possible loss of data [C:\Users\Public\jpegview-arm64-build\extras\scripts\libjxl\arm64\lib\jxl_dec-obj.vcxproj]
C:\Users\Public\jpegview-arm64-build\extras\third_party\libjxl\lib/jxl/modular/encoding/context_predict.h(393,15): warning C4244: '=': conversion from 'jxl::pixel_type_w' to 'jxl::pixel_type', possible loss of data [C:\Users\Public\jpegview-arm64-build\extras\scripts\libjxl\arm64\lib\jxl_dec-obj.vcxproj]
C:\Users\Public\jpegview-arm64-build\extras\third_party\libjxl\lib/jxl/modular/encoding/context_predict.h(397,62): warning C4244: 'argument': conversion from 'jxl::pixel_type_w' to 'const int32_t', possible loss of data [C:\Users\Public\jpegview-arm64-build\extras\scripts\libjxl\arm64\lib\jxl_dec-obj.vcxproj]
C:\Users\Public\jpegview-arm64-build\extras\third_party\libjxl\lib/jxl/modular/encoding/context_predict.h(397,56): warning C4244: 'argument': conversion from 'jxl::pixel_type_w' to 'const int32_t', possible loss of data [C:\Users\Public\jpegview-arm64-build\extras\scripts\libjxl\arm64\lib\jxl_dec-obj.vcxproj]
C:\Users\Public\jpegview-arm64-build\extras\third_party\libjxl\lib/jxl/modular/encoding/context_predict.h(397,49): warning C4244: 'argument': conversion from 'jxl::pixel_type_w' to 'const int32_t', possible loss of data [C:\Users\Public\jpegview-arm64-build\extras\scripts\libjxl\arm64\lib\jxl_dec-obj.vcxproj]
C:\Users\Public\jpegview-arm64-build\extras\third_party\libjxl\lib/jxl/modular/encoding/context_predict.h(398,23): warning C4244: '=': conversion from '__int64' to 'jxl::pixel_type', possible loss of data [C:\Users\Public\jpegview-arm64-build\extras\scripts\libjxl\arm64\lib\jxl_dec-obj.vcxproj]
C:\Users\Public\jpegview-arm64-build\extras\third_party\libjxl\lib/jxl/modular/encoding/context_predict.h(399,17): warning C4244: '=': conversion from 'jxl::pixel_type_w' to 'jxl::pixel_type', possible loss of data [C:\Users\Public\jpegview-arm64-build\extras\scripts\libjxl\arm64\lib\jxl_dec-obj.vcxproj]
C:\Users\Public\jpegview-arm64-build\extras\third_party\libjxl\lib/jxl/modular/encoding/context_predict.h(451,54): warning C4244: 'argument': conversion from 'jxl::pixel_type_w' to 'const int32_t', possible loss of data [C:\Users\Public\jpegview-arm64-build\extras\scripts\libjxl\arm64\lib\jxl_dec-obj.vcxproj]
C:\Users\Public\jpegview-arm64-build\extras\third_party\libjxl\lib/jxl/modular/encoding/context_predict.h(451,49): warning C4244: 'argument': conversion from 'jxl::pixel_type_w' to 'const int32_t', possible loss of data [C:\Users\Public\jpegview-arm64-build\extras\scripts\libjxl\arm64\lib\jxl_dec-obj.vcxproj]
C:\Users\Public\jpegview-arm64-build\extras\third_party\libjxl\lib/jxl/modular/encoding/context_predict.h(451,43): warning C4244: 'argument': conversion from 'jxl::pixel_type_w' to 'const int32_t', possible loss of data [C:\Users\Public\jpegview-arm64-build\extras\scripts\libjxl\arm64\lib\jxl_dec-obj.vcxproj]
C:\Users\Public\jpegview-arm64-build\extras\third_party\libjxl\lib\jxl\modular\transform\rct.cc(89,3): warning C4267: 'argument': conversion from 'size_t' to 'uint32_t', possible loss of data [C:\Users\Public\jpegview-arm64-build\extras\scripts\libjxl\arm64\lib\jxl_dec-obj.vcxproj]
C:\Users\Public\jpegview-arm64-build\extras\third_party\libjxl\lib\jxl\modular\transform\rct.cc(98,33): warning C4267: 'initializing': conversion from 'size_t' to 'int', possible loss of data [C:\Users\Public\jpegview-arm64-build\extras\scripts\libjxl\arm64\lib\jxl_dec-obj.vcxproj]
C:\Users\Public\jpegview-arm64-build\extras\third_party\libjxl\lib\jxl\modular\transform\rct.cc(136,1): warning C4267: 'argument': conversion from 'size_t' to 'const uint32_t', possible loss of data [C:\Users\Public\jpegview-arm64-build\extras\scripts\libjxl\arm64\lib\jxl_dec-obj.vcxproj]
C:\Users\Public\jpegview-arm64-build\extras\third_party\libjxl\lib/jxl/modular/encoding/context_predict.h(497,1): warning C4267: '=': conversion from 'size_t' to '_Ty', possible loss of data [C:\Users\Public\jpegview-arm64-build\extras\scripts\libjxl\arm64\lib\jxl_dec-obj.vcxproj]
          with
          [
              _Ty=jxl::PropertyVal
          ]
C:\Users\Public\jpegview-arm64-build\extras\third_party\libjxl\lib/jxl/modular/encoding/context_predict.h(559): message : see reference to function template instantiation 'jxl::PredictionResult jxl::detail::Predict<0>(jxl::Properties *,size_t,const jxl::pixel_type *__restrict ,const intptr_t,const size_t,const size_t,jxl::Predictor,const jxl::MATreeLookup *,const jxl::Channel *,jxl::weighted::State *,jxl::pixel_type_w *)' being compiled [C:\Users\Public\jpegview-arm64-build\extras\scripts\libjxl\arm64\lib\jxl_dec-obj.vcxproj]
C:\Users\Public\jpegview-arm64-build\extras\third_party\libjxl\lib/jxl/modular/encoding/context_predict.h(499,26): warning C4244: '=': conversion from 'jxl::pixel_type_w' to '_Ty', possible loss of data [C:\Users\Public\jpegview-arm64-build\extras\scripts\libjxl\arm64\lib\jxl_dec-obj.vcxproj]
          with
          [
              _Ty=jxl::PropertyVal
          ]
C:\Users\Public\jpegview-arm64-build\extras\third_party\libjxl\lib/jxl/modular/encoding/context_predict.h(500,27): warning C4244: '=': conversion from 'jxl::pixel_type_w' to '_Ty', possible loss of data [C:\Users\Public\jpegview-arm64-build\extras\scripts\libjxl\arm64\lib\jxl_dec-obj.vcxproj]
          with
          [
              _Ty=jxl::PropertyVal
          ]
C:\Users\Public\jpegview-arm64-build\extras\third_party\libjxl\lib/jxl/modular/encoding/context_predict.h(501,22): warning C4244: '=': conversion from 'jxl::pixel_type_w' to '_Ty', possible loss of data [C:\Users\Public\jpegview-arm64-build\extras\scripts\libjxl\arm64\lib\jxl_dec-obj.vcxproj]
          with
          [
              _Ty=jxl::PropertyVal
          ]
C:\Users\Public\jpegview-arm64-build\extras\third_party\libjxl\lib/jxl/modular/encoding/context_predict.h(502,22): warning C4244: '=': conversion from 'jxl::pixel_type_w' to '_Ty', possible loss of data [C:\Users\Public\jpegview-arm64-build\extras\scripts\libjxl\arm64\lib\jxl_dec-obj.vcxproj]
          with
          [
              _Ty=jxl::PropertyVal
          ]
C:\Users\Public\jpegview-arm64-build\extras\third_party\libjxl\lib/jxl/modular/encoding/context_predict.h(505,25): warning C4244: '=': conversion from 'jxl::pixel_type_w' to '_Ty', possible loss of data [C:\Users\Public\jpegview-arm64-build\extras\scripts\libjxl\arm64\lib\jxl_dec-obj.vcxproj]
          with
          [
              _Ty=jxl::PropertyVal
          ]
C:\Users\Public\jpegview-arm64-build\extras\third_party\libjxl\lib/jxl/modular/encoding/context_predict.h(508,33): warning C4244: '=': conversion from 'jxl::pixel_type_w' to '_Ty', possible loss of data [C:\Users\Public\jpegview-arm64-build\extras\scripts\libjxl\arm64\lib\jxl_dec-obj.vcxproj]
          with
          [
              _Ty=jxl::PropertyVal
          ]
C:\Users\Public\jpegview-arm64-build\extras\third_party\libjxl\lib/jxl/modular/encoding/context_predict.h(511,27): warning C4244: '=': conversion from 'jxl::pixel_type_w' to '_Ty', possible loss of data [C:\Users\Public\jpegview-arm64-build\extras\scripts\libjxl\arm64\lib\jxl_dec-obj.vcxproj]
          with
          [
              _Ty=jxl::PropertyVal
          ]
C:\Users\Public\jpegview-arm64-build\extras\third_party\libjxl\lib/jxl/modular/encoding/context_predict.h(512,30): warning C4244: '=': conversion from 'jxl::pixel_type_w' to '_Ty', possible loss of data [C:\Users\Public\jpegview-arm64-build\extras\scripts\libjxl\arm64\lib\jxl_dec-obj.vcxproj]
          with
          [
              _Ty=jxl::PropertyVal
          ]
C:\Users\Public\jpegview-arm64-build\extras\third_party\libjxl\lib/jxl/modular/encoding/context_predict.h(513,26): warning C4244: '=': conversion from 'jxl::pixel_type_w' to '_Ty', possible loss of data [C:\Users\Public\jpegview-arm64-build\extras\scripts\libjxl\arm64\lib\jxl_dec-obj.vcxproj]
          with
          [
              _Ty=jxl::PropertyVal
          ]
C:\Users\Public\jpegview-arm64-build\extras\third_party\libjxl\lib/jxl/modular/encoding/context_predict.h(514,26): warning C4244: '=': conversion from 'jxl::pixel_type_w' to '_Ty', possible loss of data [C:\Users\Public\jpegview-arm64-build\extras\scripts\libjxl\arm64\lib\jxl_dec-obj.vcxproj]
          with
          [
              _Ty=jxl::PropertyVal
          ]
C:\Users\Public\jpegview-arm64-build\extras\third_party\libjxl\lib/jxl/modular/encoding/context_predict.h(515,27): warning C4244: '=': conversion from 'jxl::pixel_type_w' to '_Ty', possible loss of data [C:\Users\Public\jpegview-arm64-build\extras\scripts\libjxl\arm64\lib\jxl_dec-obj.vcxproj]
          with
          [
              _Ty=jxl::PropertyVal
          ]
C:\Users\Public\jpegview-arm64-build\extras\third_party\libjxl\lib/jxl/modular/encoding/context_predict.h(485,1): warning C4305: 'initializing': truncation from 'int' to 'const bool' [C:\Users\Public\jpegview-arm64-build\extras\scripts\libjxl\arm64\lib\jxl_dec-obj.vcxproj]
C:\Users\Public\jpegview-arm64-build\extras\third_party\libjxl\lib/jxl/modular/encoding/context_predict.h(589): message : see reference to function template instantiation 'jxl::PredictionResult jxl::detail::Predict<17>(jxl::Properties *,size_t,const jxl::pixel_type *__restrict ,const intptr_t,const size_t,const size_t,jxl::Predictor,const jxl::MATreeLookup *,const jxl::Channel *,jxl::weighted::State *,jxl::pixel_type_w *)' being compiled [C:\Users\Public\jpegview-arm64-build\extras\scripts\libjxl\arm64\lib\jxl_dec-obj.vcxproj]
C:\Users\Public\jpegview-arm64-build\extras\third_party\libjxl\lib/jxl/modular/encoding/context_predict.h(161,33): warning C4244: '=': conversion from 'jxl::pixel_type_w' to '_Ty', possible loss of data [C:\Users\Public\jpegview-arm64-build\extras\scripts\libjxl\arm64\lib\jxl_dec-obj.vcxproj]
          with
          [
              _Ty=jxl::PropertyVal
          ]
C:\Users\Public\jpegview-arm64-build\extras\third_party\libjxl\lib/jxl/modular/encoding/context_predict.h(521): message : see reference to function template instantiation 'jxl::pixel_type_w jxl::weighted::State::Predict<false>(size_t,size_t,size_t,jxl::pixel_type_w,jxl::pixel_type_w,jxl::pixel_type_w,jxl::pixel_type_w,jxl::pixel_type_w,jxl::Properties *,size_t)' being compiled [C:\Users\Public\jpegview-arm64-build\extras\scripts\libjxl\arm64\lib\jxl_dec-obj.vcxproj]
C:\Users\Public\jpegview-arm64-build\extras\third_party\libjxl\lib/jxl/modular/encoding/context_predict.h(559): message : see reference to function template instantiation 'jxl::PredictionResult jxl::detail::Predict<0>(jxl::Properties *,size_t,const jxl::pixel_type *__restrict ,const intptr_t,const size_t,const size_t,jxl::Predictor,const jxl::MATreeLookup *,const jxl::Channel *,jxl::weighted::State *,jxl::pixel_type_w *)' being compiled [C:\Users\Public\jpegview-arm64-build\extras\scripts\libjxl\arm64\lib\jxl_dec-obj.vcxproj]
  squeeze.cc
C:\Users\Public\jpegview-arm64-build\extras\third_party\libjxl\lib/jxl/base/status.h(132,47): warning C4646: function declared with 'noreturn' has non-void return type [C:\Users\Public\jpegview-arm64-build\extras\scripts\libjxl\arm64\lib\jxl_dec-obj.vcxproj]
C:\Users\Public\jpegview-arm64-build\extras\third_party\libjxl\lib/jxl/modular/encoding/context_predict.h(110,1): warning C4267: 'initializing': conversion from 'size_t' to 'uint32_t', possible loss of data [C:\Users\Public\jpegview-arm64-build\extras\scripts\libjxl\arm64\lib\jxl_dec-obj.vcxproj]
C:\Users\Public\jpegview-arm64-build\extras\third_party\libjxl\lib/jxl/modular/encoding/context_predict.h(191,31): warning C4244: '=': conversion from 'jxl::pixel_type_w' to '_Ty', possible loss of data [C:\Users\Public\jpegview-arm64-build\extras\scripts\libjxl\arm64\lib\jxl_dec-obj.vcxproj]
          with
          [
              _Ty=jxl::PropertyVal
          ]
C:\Users\Public\jpegview-arm64-build\extras\third_party\libjxl\lib/jxl/modular/encoding/context_predict.h(196,37): warning C4244: '=': conversion from 'jxl::pixel_type_w' to '_Ty', possible loss of data [C:\Users\Public\jpegview-arm64-build\extras\scripts\libjxl\arm64\lib\jxl_dec-obj.vcxproj]
          with
          [
              _Ty=uint32_t
          ]
C:\Users\Public\jpegview-arm64-build\extras\third_party\libjxl\lib/jxl/modular/encoding/context_predict.h(199,1): warning C4244: '+=': conversion from 'jxl::pixel_type_w' to '_Ty', possible loss of data [C:\Users\Public\jpegview-arm64-build\extras\scripts\libjxl\arm64\lib\jxl_dec-obj.vcxproj]
          with
          [
              _Ty=uint32_t
          ]
C:\Users\Public\jpegview-arm64-build\extras\third_party\libjxl\lib/jxl/modular/encoding/context_predict.h(329,7): warning C4806: '|': unsafe operation: no value of type 'bool' promoted to type 'int' can equal the given constant [C:\Users\Public\jpegview-arm64-build\extras\scripts\libjxl\arm64\lib\jxl_dec-obj.vcxproj]
C:\Users\Public\jpegview-arm64-build\extras\third_party\libjxl\lib/jxl/modular/encoding/context_predict.h(330,7): warning C4806: '|': unsafe operation: no value of type 'bool' promoted to type 'int' can equal the given constant [C:\Users\Public\jpegview-arm64-build\extras\scripts\libjxl\arm64\lib\jxl_dec-obj.vcxproj]
C:\Users\Public\jpegview-arm64-build\extras\third_party\libjxl\lib/jxl/modular/encoding/context_predict.h(392,23): warning C4244: '=': conversion from '__int64' to 'jxl::pixel_type', possible loss of data [C:\Users\Public\jpegview-arm64-build\extras\scripts\libjxl\arm64\lib\jxl_dec-obj.vcxproj]
C:\Users\Public\jpegview-arm64-build\extras\third_party\libjxl\lib/jxl/modular/encoding/context_predict.h(393,15): warning C4244: '=': conversion from 'jxl::pixel_type_w' to 'jxl::pixel_type', possible loss of data [C:\Users\Public\jpegview-arm64-build\extras\scripts\libjxl\arm64\lib\jxl_dec-obj.vcxproj]
C:\Users\Public\jpegview-arm64-build\extras\third_party\libjxl\lib/jxl/modular/encoding/context_predict.h(397,62): warning C4244: 'argument': conversion from 'jxl::pixel_type_w' to 'const int32_t', possible loss of data [C:\Users\Public\jpegview-arm64-build\extras\scripts\libjxl\arm64\lib\jxl_dec-obj.vcxproj]
C:\Users\Public\jpegview-arm64-build\extras\third_party\libjxl\lib/jxl/modular/encoding/context_predict.h(397,56): warning C4244: 'argument': conversion from 'jxl::pixel_type_w' to 'const int32_t', possible loss of data [C:\Users\Public\jpegview-arm64-build\extras\scripts\libjxl\arm64\lib\jxl_dec-obj.vcxproj]
C:\Users\Public\jpegview-arm64-build\extras\third_party\libjxl\lib/jxl/modular/encoding/context_predict.h(397,49): warning C4244: 'argument': conversion from 'jxl::pixel_type_w' to 'const int32_t', possible loss of data [C:\Users\Public\jpegview-arm64-build\extras\scripts\libjxl\arm64\lib\jxl_dec-obj.vcxproj]
C:\Users\Public\jpegview-arm64-build\extras\third_party\libjxl\lib/jxl/modular/encoding/context_predict.h(398,23): warning C4244: '=': conversion from '__int64' to 'jxl::pixel_type', possible loss of data [C:\Users\Public\jpegview-arm64-build\extras\scripts\libjxl\arm64\lib\jxl_dec-obj.vcxproj]
C:\Users\Public\jpegview-arm64-build\extras\third_party\libjxl\lib/jxl/modular/encoding/context_predict.h(399,17): warning C4244: '=': conversion from 'jxl::pixel_type_w' to 'jxl::pixel_type', possible loss of data [C:\Users\Public\jpegview-arm64-build\extras\scripts\libjxl\arm64\lib\jxl_dec-obj.vcxproj]
C:\Users\Public\jpegview-arm64-build\extras\third_party\libjxl\lib/jxl/modular/encoding/context_predict.h(451,54): warning C4244: 'argument': conversion from 'jxl::pixel_type_w' to 'const int32_t', possible loss of data [C:\Users\Public\jpegview-arm64-build\extras\scripts\libjxl\arm64\lib\jxl_dec-obj.vcxproj]
C:\Users\Public\jpegview-arm64-build\extras\third_party\libjxl\lib/jxl/modular/encoding/context_predict.h(451,49): warning C4244: 'argument': conversion from 'jxl::pixel_type_w' to 'const int32_t', possible loss of data [C:\Users\Public\jpegview-arm64-build\extras\scripts\libjxl\arm64\lib\jxl_dec-obj.vcxproj]
C:\Users\Public\jpegview-arm64-build\extras\third_party\libjxl\lib/jxl/modular/encoding/context_predict.h(451,43): warning C4244: 'argument': conversion from 'jxl::pixel_type_w' to 'const int32_t', possible loss of data [C:\Users\Public\jpegview-arm64-build\extras\scripts\libjxl\arm64\lib\jxl_dec-obj.vcxproj]
C:\Users\Public\jpegview-arm64-build\extras\third_party\libjxl\lib\jxl\modular\transform\squeeze.cc(139,25): warning C4244: '=': conversion from 'jxl::pixel_type_w' to 'jxl::pixel_type', possible loss of data [C:\Users\Public\jpegview-arm64-build\extras\scripts\libjxl\arm64\lib\jxl_dec-obj.vcxproj]
C:\Users\Public\jpegview-arm64-build\extras\third_party\libjxl\lib\jxl\modular\transform\squeeze.cc(141,29): warning C4244: '=': conversion from 'jxl::pixel_type_w' to 'jxl::pixel_type', possible loss of data [C:\Users\Public\jpegview-arm64-build\extras\scripts\libjxl\arm64\lib\jxl_dec-obj.vcxproj]
C:\Users\Public\jpegview-arm64-build\extras\third_party\libjxl\lib\jxl\modular\transform\squeeze.cc(204,1): warning C4267: 'argument': conversion from 'size_t' to 'const uint32_t', possible loss of data [C:\Users\Public\jpegview-arm64-build\extras\scripts\libjxl\arm64\lib\jxl_dec-obj.vcxproj]
C:\Users\Public\jpegview-arm64-build\extras\third_party\libjxl\lib\jxl\modular\transform\squeeze.cc(268,20): warning C4244: '=': conversion from 'jxl::pixel_type_w' to 'jxl::pixel_type', possible loss of data [C:\Users\Public\jpegview-arm64-build\extras\scripts\libjxl\arm64\lib\jxl_dec-obj.vcxproj]
C:\Users\Public\jpegview-arm64-build\extras\third_party\libjxl\lib\jxl\modular\transform\squeeze.cc(272,25): warning C4244: '=': conversion from 'jxl::pixel_type_w' to 'jxl::pixel_type', possible loss of data [C:\Users\Public\jpegview-arm64-build\extras\scripts\libjxl\arm64\lib\jxl_dec-obj.vcxproj]
C:\Users\Public\jpegview-arm64-build\extras\third_party\libjxl\lib\jxl\modular\transform\squeeze.cc(278,1): warning C4267: 'argument': conversion from 'size_t' to 'const uint32_t', possible loss of data [C:\Users\Public\jpegview-arm64-build\extras\scripts\libjxl\arm64\lib\jxl_dec-obj.vcxproj]
C:\Users\Public\jpegview-arm64-build\extras\third_party\libjxl\lib\jxl\modular\transform\squeeze.cc(294,3): warning C4267: 'initializing': conversion from 'size_t' to 'int', possible loss of data [C:\Users\Public\jpegview-arm64-build\extras\scripts\libjxl\arm64\lib\jxl_dec-obj.vcxproj]
C:\Users\Public\jpegview-arm64-build\extras\third_party\libjxl\lib\jxl\modular\transform\squeeze.cc(296,1): warning C4267: 'argument': conversion from 'size_t' to 'int', possible loss of data [C:\Users\Public\jpegview-arm64-build\extras\scripts\libjxl\arm64\lib\jxl_dec-obj.vcxproj]
C:\Users\Public\jpegview-arm64-build\extras\third_party\libjxl\lib\jxl\modular\transform\squeeze.cc(305,56): warning C4267: '=': conversion from 'size_t' to 'uint32_t', possible loss of data [C:\Users\Public\jpegview-arm64-build\extras\scripts\libjxl\arm64\lib\jxl_dec-obj.vcxproj]
C:\Users\Public\jpegview-arm64-build\extras\third_party\libjxl\lib\jxl\modular\transform\squeeze.cc(350,66): warning C4267: 'initializing': conversion from 'size_t' to 'int', possible loss of data [C:\Users\Public\jpegview-arm64-build\extras\scripts\libjxl\arm64\lib\jxl_dec-obj.vcxproj]
C:\Users\Public\jpegview-arm64-build\extras\third_party\libjxl\lib\jxl\modular\transform\squeeze.cc(370,48): warning C4267: '=': conversion from 'size_t' to 'uint32_t', possible loss of data [C:\Users\Public\jpegview-arm64-build\extras\scripts\libjxl\arm64\lib\jxl_dec-obj.vcxproj]
C:\Users\Public\jpegview-arm64-build\extras\third_party\libjxl\lib\jxl\modular\transform\squeeze.cc(378,42): warning C4267: '=': conversion from 'size_t' to 'uint32_t', possible loss of data [C:\Users\Public\jpegview-arm64-build\extras\scripts\libjxl\arm64\lib\jxl_dec-obj.vcxproj]
C:\Users\Public\jpegview-arm64-build\extras\third_party\libjxl\lib\jxl\modular\transform\squeeze.cc(424,1): warning C4267: 'argument': conversion from 'size_t' to 'int', possible loss of data [C:\Users\Public\jpegview-arm64-build\extras\scripts\libjxl\arm64\lib\jxl_dec-obj.vcxproj]
C:\Users\Public\jpegview-arm64-build\extras\third_party\libjxl\lib\jxl\modular\transform\squeeze.cc(444,36): warning C4267: '=': conversion from 'size_t' to 'uint32_t', possible loss of data [C:\Users\Public\jpegview-arm64-build\extras\scripts\libjxl\arm64\lib\jxl_dec-obj.vcxproj]
C:\Users\Public\jpegview-arm64-build\extras\third_party\libjxl\lib/jxl/modular/encoding/context_predict.h(497,1): warning C4267: '=': conversion from 'size_t' to '_Ty', possible loss of data [C:\Users\Public\jpegview-arm64-build\extras\scripts\libjxl\arm64\lib\jxl_dec-obj.vcxproj]
          with
          [
              _Ty=jxl::PropertyVal
          ]
C:\Users\Public\jpegview-arm64-build\extras\third_party\libjxl\lib/jxl/modular/encoding/context_predict.h(559): message : see reference to function template instantiation 'jxl::PredictionResult jxl::detail::Predict<0>(jxl::Properties *,size_t,const jxl::pixel_type *__restrict ,const intptr_t,const size_t,const size_t,jxl::Predictor,const jxl::MATreeLookup *,const jxl::Channel *,jxl::weighted::State *,jxl::pixel_type_w *)' being compiled [C:\Users\Public\jpegview-arm64-build\extras\scripts\libjxl\arm64\lib\jxl_dec-obj.vcxproj]
C:\Users\Public\jpegview-arm64-build\extras\third_party\libjxl\lib/jxl/modular/encoding/context_predict.h(499,26): warning C4244: '=': conversion from 'jxl::pixel_type_w' to '_Ty', possible loss of data [C:\Users\Public\jpegview-arm64-build\extras\scripts\libjxl\arm64\lib\jxl_dec-obj.vcxproj]
          with
          [
              _Ty=jxl::PropertyVal
          ]
C:\Users\Public\jpegview-arm64-build\extras\third_party\libjxl\lib/jxl/modular/encoding/context_predict.h(500,27): warning C4244: '=': conversion from 'jxl::pixel_type_w' to '_Ty', possible loss of data [C:\Users\Public\jpegview-arm64-build\extras\scripts\libjxl\arm64\lib\jxl_dec-obj.vcxproj]
          with
          [
              _Ty=jxl::PropertyVal
          ]
C:\Users\Public\jpegview-arm64-build\extras\third_party\libjxl\lib/jxl/modular/encoding/context_predict.h(501,22): warning C4244: '=': conversion from 'jxl::pixel_type_w' to '_Ty', possible loss of data [C:\Users\Public\jpegview-arm64-build\extras\scripts\libjxl\arm64\lib\jxl_dec-obj.vcxproj]
          with
          [
              _Ty=jxl::PropertyVal
          ]
C:\Users\Public\jpegview-arm64-build\extras\third_party\libjxl\lib/jxl/modular/encoding/context_predict.h(502,22): warning C4244: '=': conversion from 'jxl::pixel_type_w' to '_Ty', possible loss of data [C:\Users\Public\jpegview-arm64-build\extras\scripts\libjxl\arm64\lib\jxl_dec-obj.vcxproj]
          with
          [
              _Ty=jxl::PropertyVal
          ]
C:\Users\Public\jpegview-arm64-build\extras\third_party\libjxl\lib/jxl/modular/encoding/context_predict.h(505,25): warning C4244: '=': conversion from 'jxl::pixel_type_w' to '_Ty', possible loss of data [C:\Users\Public\jpegview-arm64-build\extras\scripts\libjxl\arm64\lib\jxl_dec-obj.vcxproj]
          with
          [
              _Ty=jxl::PropertyVal
          ]
C:\Users\Public\jpegview-arm64-build\extras\third_party\libjxl\lib/jxl/modular/encoding/context_predict.h(508,33): warning C4244: '=': conversion from 'jxl::pixel_type_w' to '_Ty', possible loss of data [C:\Users\Public\jpegview-arm64-build\extras\scripts\libjxl\arm64\lib\jxl_dec-obj.vcxproj]
          with
          [
              _Ty=jxl::PropertyVal
          ]
C:\Users\Public\jpegview-arm64-build\extras\third_party\libjxl\lib/jxl/modular/encoding/context_predict.h(511,27): warning C4244: '=': conversion from 'jxl::pixel_type_w' to '_Ty', possible loss of data [C:\Users\Public\jpegview-arm64-build\extras\scripts\libjxl\arm64\lib\jxl_dec-obj.vcxproj]
          with
          [
              _Ty=jxl::PropertyVal
          ]
C:\Users\Public\jpegview-arm64-build\extras\third_party\libjxl\lib/jxl/modular/encoding/context_predict.h(512,30): warning C4244: '=': conversion from 'jxl::pixel_type_w' to '_Ty', possible loss of data [C:\Users\Public\jpegview-arm64-build\extras\scripts\libjxl\arm64\lib\jxl_dec-obj.vcxproj]
          with
          [
              _Ty=jxl::PropertyVal
          ]
C:\Users\Public\jpegview-arm64-build\extras\third_party\libjxl\lib/jxl/modular/encoding/context_predict.h(513,26): warning C4244: '=': conversion from 'jxl::pixel_type_w' to '_Ty', possible loss of data [C:\Users\Public\jpegview-arm64-build\extras\scripts\libjxl\arm64\lib\jxl_dec-obj.vcxproj]
          with
          [
              _Ty=jxl::PropertyVal
          ]
C:\Users\Public\jpegview-arm64-build\extras\third_party\libjxl\lib/jxl/modular/encoding/context_predict.h(514,26): warning C4244: '=': conversion from 'jxl::pixel_type_w' to '_Ty', possible loss of data [C:\Users\Public\jpegview-arm64-build\extras\scripts\libjxl\arm64\lib\jxl_dec-obj.vcxproj]
          with
          [
              _Ty=jxl::PropertyVal
          ]
C:\Users\Public\jpegview-arm64-build\extras\third_party\libjxl\lib/jxl/modular/encoding/context_predict.h(515,27): warning C4244: '=': conversion from 'jxl::pixel_type_w' to '_Ty', possible loss of data [C:\Users\Public\jpegview-arm64-build\extras\scripts\libjxl\arm64\lib\jxl_dec-obj.vcxproj]
          with
          [
              _Ty=jxl::PropertyVal
          ]
C:\Users\Public\jpegview-arm64-build\extras\third_party\libjxl\lib/jxl/modular/encoding/context_predict.h(485,1): warning C4305: 'initializing': truncation from 'int' to 'const bool' [C:\Users\Public\jpegview-arm64-build\extras\scripts\libjxl\arm64\lib\jxl_dec-obj.vcxproj]
C:\Users\Public\jpegview-arm64-build\extras\third_party\libjxl\lib/jxl/modular/encoding/context_predict.h(589): message : see reference to function template instantiation 'jxl::PredictionResult jxl::detail::Predict<17>(jxl::Properties *,size_t,const jxl::pixel_type *__restrict ,const intptr_t,const size_t,const size_t,jxl::Predictor,const jxl::MATreeLookup *,const jxl::Channel *,jxl::weighted::State *,jxl::pixel_type_w *)' being compiled [C:\Users\Public\jpegview-arm64-build\extras\scripts\libjxl\arm64\lib\jxl_dec-obj.vcxproj]
C:\Users\Public\jpegview-arm64-build\extras\third_party\libjxl\lib/jxl/modular/encoding/context_predict.h(161,33): warning C4244: '=': conversion from 'jxl::pixel_type_w' to '_Ty', possible loss of data [C:\Users\Public\jpegview-arm64-build\extras\scripts\libjxl\arm64\lib\jxl_dec-obj.vcxproj]
          with
          [
              _Ty=jxl::PropertyVal
          ]
C:\Users\Public\jpegview-arm64-build\extras\third_party\libjxl\lib/jxl/modular/encoding/context_predict.h(521): message : see reference to function template instantiation 'jxl::pixel_type_w jxl::weighted::State::Predict<false>(size_t,size_t,size_t,jxl::pixel_type_w,jxl::pixel_type_w,jxl::pixel_type_w,jxl::pixel_type_w,jxl::pixel_type_w,jxl::Properties *,size_t)' being compiled [C:\Users\Public\jpegview-arm64-build\extras\scripts\libjxl\arm64\lib\jxl_dec-obj.vcxproj]
C:\Users\Public\jpegview-arm64-build\extras\third_party\libjxl\lib/jxl/modular/encoding/context_predict.h(559): message : see reference to function template instantiation 'jxl::PredictionResult jxl::detail::Predict<0>(jxl::Properties *,size_t,const jxl::pixel_type *__restrict ,const intptr_t,const size_t,const size_t,jxl::Predictor,const jxl::MATreeLookup *,const jxl::Channel *,jxl::weighted::State *,jxl::pixel_type_w *)' being compiled [C:\Users\Public\jpegview-arm64-build\extras\scripts\libjxl\arm64\lib\jxl_dec-obj.vcxproj]
  transform.cc
C:\Users\Public\jpegview-arm64-build\extras\third_party\libjxl\lib/jxl/base/status.h(132,47): warning C4646: function declared with 'noreturn' has non-void return type [C:\Users\Public\jpegview-arm64-build\extras\scripts\libjxl\arm64\lib\jxl_dec-obj.vcxproj]
C:\Users\Public\jpegview-arm64-build\extras\third_party\libjxl\lib/jxl/modular/encoding/context_predict.h(110,1): warning C4267: 'initializing': conversion from 'size_t' to 'uint32_t', possible loss of data [C:\Users\Public\jpegview-arm64-build\extras\scripts\libjxl\arm64\lib\jxl_dec-obj.vcxproj]
C:\Users\Public\jpegview-arm64-build\extras\third_party\libjxl\lib/jxl/modular/encoding/context_predict.h(191,31): warning C4244: '=': conversion from 'jxl::pixel_type_w' to '_Ty', possible loss of data [C:\Users\Public\jpegview-arm64-build\extras\scripts\libjxl\arm64\lib\jxl_dec-obj.vcxproj]
          with
          [
              _Ty=jxl::PropertyVal
          ]
C:\Users\Public\jpegview-arm64-build\extras\third_party\libjxl\lib/jxl/modular/encoding/context_predict.h(196,37): warning C4244: '=': conversion from 'jxl::pixel_type_w' to '_Ty', possible loss of data [C:\Users\Public\jpegview-arm64-build\extras\scripts\libjxl\arm64\lib\jxl_dec-obj.vcxproj]
          with
          [
              _Ty=uint32_t
          ]
C:\Users\Public\jpegview-arm64-build\extras\third_party\libjxl\lib/jxl/modular/encoding/context_predict.h(199,1): warning C4244: '+=': conversion from 'jxl::pixel_type_w' to '_Ty', possible loss of data [C:\Users\Public\jpegview-arm64-build\extras\scripts\libjxl\arm64\lib\jxl_dec-obj.vcxproj]
          with
          [
              _Ty=uint32_t
          ]
C:\Users\Public\jpegview-arm64-build\extras\third_party\libjxl\lib/jxl/modular/encoding/context_predict.h(329,7): warning C4806: '|': unsafe operation: no value of type 'bool' promoted to type 'int' can equal the given constant [C:\Users\Public\jpegview-arm64-build\extras\scripts\libjxl\arm64\lib\jxl_dec-obj.vcxproj]
C:\Users\Public\jpegview-arm64-build\extras\third_party\libjxl\lib/jxl/modular/encoding/context_predict.h(330,7): warning C4806: '|': unsafe operation: no value of type 'bool' promoted to type 'int' can equal the given constant [C:\Users\Public\jpegview-arm64-build\extras\scripts\libjxl\arm64\lib\jxl_dec-obj.vcxproj]
C:\Users\Public\jpegview-arm64-build\extras\third_party\libjxl\lib/jxl/modular/encoding/context_predict.h(392,23): warning C4244: '=': conversion from '__int64' to 'jxl::pixel_type', possible loss of data [C:\Users\Public\jpegview-arm64-build\extras\scripts\libjxl\arm64\lib\jxl_dec-obj.vcxproj]
C:\Users\Public\jpegview-arm64-build\extras\third_party\libjxl\lib/jxl/modular/encoding/context_predict.h(393,15): warning C4244: '=': conversion from 'jxl::pixel_type_w' to 'jxl::pixel_type', possible loss of data [C:\Users\Public\jpegview-arm64-build\extras\scripts\libjxl\arm64\lib\jxl_dec-obj.vcxproj]
C:\Users\Public\jpegview-arm64-build\extras\third_party\libjxl\lib/jxl/modular/encoding/context_predict.h(397,62): warning C4244: 'argument': conversion from 'jxl::pixel_type_w' to 'const int32_t', possible loss of data [C:\Users\Public\jpegview-arm64-build\extras\scripts\libjxl\arm64\lib\jxl_dec-obj.vcxproj]
C:\Users\Public\jpegview-arm64-build\extras\third_party\libjxl\lib/jxl/modular/encoding/context_predict.h(397,56): warning C4244: 'argument': conversion from 'jxl::pixel_type_w' to 'const int32_t', possible loss of data [C:\Users\Public\jpegview-arm64-build\extras\scripts\libjxl\arm64\lib\jxl_dec-obj.vcxproj]
C:\Users\Public\jpegview-arm64-build\extras\third_party\libjxl\lib/jxl/modular/encoding/context_predict.h(397,49): warning C4244: 'argument': conversion from 'jxl::pixel_type_w' to 'const int32_t', possible loss of data [C:\Users\Public\jpegview-arm64-build\extras\scripts\libjxl\arm64\lib\jxl_dec-obj.vcxproj]
C:\Users\Public\jpegview-arm64-build\extras\third_party\libjxl\lib/jxl/modular/encoding/context_predict.h(398,23): warning C4244: '=': conversion from '__int64' to 'jxl::pixel_type', possible loss of data [C:\Users\Public\jpegview-arm64-build\extras\scripts\libjxl\arm64\lib\jxl_dec-obj.vcxproj]
C:\Users\Public\jpegview-arm64-build\extras\third_party\libjxl\lib/jxl/modular/encoding/context_predict.h(399,17): warning C4244: '=': conversion from 'jxl::pixel_type_w' to 'jxl::pixel_type', possible loss of data [C:\Users\Public\jpegview-arm64-build\extras\scripts\libjxl\arm64\lib\jxl_dec-obj.vcxproj]
C:\Users\Public\jpegview-arm64-build\extras\third_party\libjxl\lib/jxl/modular/encoding/context_predict.h(451,54): warning C4244: 'argument': conversion from 'jxl::pixel_type_w' to 'const int32_t', possible loss of data [C:\Users\Public\jpegview-arm64-build\extras\scripts\libjxl\arm64\lib\jxl_dec-obj.vcxproj]
C:\Users\Public\jpegview-arm64-build\extras\third_party\libjxl\lib/jxl/modular/encoding/context_predict.h(451,49): warning C4244: 'argument': conversion from 'jxl::pixel_type_w' to 'const int32_t', possible loss of data [C:\Users\Public\jpegview-arm64-build\extras\scripts\libjxl\arm64\lib\jxl_dec-obj.vcxproj]
C:\Users\Public\jpegview-arm64-build\extras\third_party\libjxl\lib/jxl/modular/encoding/context_predict.h(451,43): warning C4244: 'argument': conversion from 'jxl::pixel_type_w' to 'const int32_t', possible loss of data [C:\Users\Public\jpegview-arm64-build\extras\scripts\libjxl\arm64\lib\jxl_dec-obj.vcxproj]
C:\Users\Public\jpegview-arm64-build\extras\third_party\libjxl\lib/jxl/modular/transform/palette.h(41,66): warning C4244: 'return': conversion from 'uint64_t' to 'jxl::pixel_type', possible loss of data [C:\Users\Public\jpegview-arm64-build\extras\scripts\libjxl\arm64\lib\jxl_dec-obj.vcxproj]
C:\Users\Public\jpegview-arm64-build\extras\third_party\libjxl\lib/jxl/modular/encoding/context_predict.h(497,1): warning C4267: '=': conversion from 'size_t' to '_Ty', possible loss of data [C:\Users\Public\jpegview-arm64-build\extras\scripts\libjxl\arm64\lib\jxl_dec-obj.vcxproj]
          with
          [
              _Ty=jxl::PropertyVal
          ]
C:\Users\Public\jpegview-arm64-build\extras\third_party\libjxl\lib/jxl/modular/encoding/context_predict.h(559): message : see reference to function template instantiation 'jxl::PredictionResult jxl::detail::Predict<0>(jxl::Properties *,size_t,const jxl::pixel_type *__restrict ,const intptr_t,const size_t,const size_t,jxl::Predictor,const jxl::MATreeLookup *,const jxl::Channel *,jxl::weighted::State *,jxl::pixel_type_w *)' being compiled [C:\Users\Public\jpegview-arm64-build\extras\scripts\libjxl\arm64\lib\jxl_dec-obj.vcxproj]
C:\Users\Public\jpegview-arm64-build\extras\third_party\libjxl\lib/jxl/modular/encoding/context_predict.h(499,26): warning C4244: '=': conversion from 'jxl::pixel_type_w' to '_Ty', possible loss of data [C:\Users\Public\jpegview-arm64-build\extras\scripts\libjxl\arm64\lib\jxl_dec-obj.vcxproj]
          with
          [
              _Ty=jxl::PropertyVal
          ]
C:\Users\Public\jpegview-arm64-build\extras\third_party\libjxl\lib/jxl/modular/encoding/context_predict.h(500,27): warning C4244: '=': conversion from 'jxl::pixel_type_w' to '_Ty', possible loss of data [C:\Users\Public\jpegview-arm64-build\extras\scripts\libjxl\arm64\lib\jxl_dec-obj.vcxproj]
          with
          [
              _Ty=jxl::PropertyVal
          ]
C:\Users\Public\jpegview-arm64-build\extras\third_party\libjxl\lib/jxl/modular/encoding/context_predict.h(501,22): warning C4244: '=': conversion from 'jxl::pixel_type_w' to '_Ty', possible loss of data [C:\Users\Public\jpegview-arm64-build\extras\scripts\libjxl\arm64\lib\jxl_dec-obj.vcxproj]
          with
          [
              _Ty=jxl::PropertyVal
          ]
C:\Users\Public\jpegview-arm64-build\extras\third_party\libjxl\lib/jxl/modular/encoding/context_predict.h(502,22): warning C4244: '=': conversion from 'jxl::pixel_type_w' to '_Ty', possible loss of data [C:\Users\Public\jpegview-arm64-build\extras\scripts\libjxl\arm64\lib\jxl_dec-obj.vcxproj]
          with
          [
              _Ty=jxl::PropertyVal
          ]
C:\Users\Public\jpegview-arm64-build\extras\third_party\libjxl\lib/jxl/modular/encoding/context_predict.h(505,25): warning C4244: '=': conversion from 'jxl::pixel_type_w' to '_Ty', possible loss of data [C:\Users\Public\jpegview-arm64-build\extras\scripts\libjxl\arm64\lib\jxl_dec-obj.vcxproj]
          with
          [
              _Ty=jxl::PropertyVal
          ]
C:\Users\Public\jpegview-arm64-build\extras\third_party\libjxl\lib/jxl/modular/encoding/context_predict.h(508,33): warning C4244: '=': conversion from 'jxl::pixel_type_w' to '_Ty', possible loss of data [C:\Users\Public\jpegview-arm64-build\extras\scripts\libjxl\arm64\lib\jxl_dec-obj.vcxproj]
          with
          [
              _Ty=jxl::PropertyVal
          ]
C:\Users\Public\jpegview-arm64-build\extras\third_party\libjxl\lib/jxl/modular/encoding/context_predict.h(511,27): warning C4244: '=': conversion from 'jxl::pixel_type_w' to '_Ty', possible loss of data [C:\Users\Public\jpegview-arm64-build\extras\scripts\libjxl\arm64\lib\jxl_dec-obj.vcxproj]
          with
          [
              _Ty=jxl::PropertyVal
          ]
C:\Users\Public\jpegview-arm64-build\extras\third_party\libjxl\lib/jxl/modular/encoding/context_predict.h(512,30): warning C4244: '=': conversion from 'jxl::pixel_type_w' to '_Ty', possible loss of data [C:\Users\Public\jpegview-arm64-build\extras\scripts\libjxl\arm64\lib\jxl_dec-obj.vcxproj]
          with
          [
              _Ty=jxl::PropertyVal
          ]
C:\Users\Public\jpegview-arm64-build\extras\third_party\libjxl\lib/jxl/modular/encoding/context_predict.h(513,26): warning C4244: '=': conversion from 'jxl::pixel_type_w' to '_Ty', possible loss of data [C:\Users\Public\jpegview-arm64-build\extras\scripts\libjxl\arm64\lib\jxl_dec-obj.vcxproj]
          with
          [
              _Ty=jxl::PropertyVal
          ]
C:\Users\Public\jpegview-arm64-build\extras\third_party\libjxl\lib/jxl/modular/encoding/context_predict.h(514,26): warning C4244: '=': conversion from 'jxl::pixel_type_w' to '_Ty', possible loss of data [C:\Users\Public\jpegview-arm64-build\extras\scripts\libjxl\arm64\lib\jxl_dec-obj.vcxproj]
          with
          [
              _Ty=jxl::PropertyVal
          ]
C:\Users\Public\jpegview-arm64-build\extras\third_party\libjxl\lib/jxl/modular/encoding/context_predict.h(515,27): warning C4244: '=': conversion from 'jxl::pixel_type_w' to '_Ty', possible loss of data [C:\Users\Public\jpegview-arm64-build\extras\scripts\libjxl\arm64\lib\jxl_dec-obj.vcxproj]
          with
          [
              _Ty=jxl::PropertyVal
          ]
C:\Users\Public\jpegview-arm64-build\extras\third_party\libjxl\lib/jxl/modular/encoding/context_predict.h(485,1): warning C4305: 'initializing': truncation from 'int' to 'const bool' [C:\Users\Public\jpegview-arm64-build\extras\scripts\libjxl\arm64\lib\jxl_dec-obj.vcxproj]
C:\Users\Public\jpegview-arm64-build\extras\third_party\libjxl\lib/jxl/modular/encoding/context_predict.h(589): message : see reference to function template instantiation 'jxl::PredictionResult jxl::detail::Predict<17>(jxl::Properties *,size_t,const jxl::pixel_type *__restrict ,const intptr_t,const size_t,const size_t,jxl::Predictor,const jxl::MATreeLookup *,const jxl::Channel *,jxl::weighted::State *,jxl::pixel_type_w *)' being compiled [C:\Users\Public\jpegview-arm64-build\extras\scripts\libjxl\arm64\lib\jxl_dec-obj.vcxproj]
C:\Users\Public\jpegview-arm64-build\extras\third_party\libjxl\lib/jxl/modular/encoding/context_predict.h(161,33): warning C4244: '=': conversion from 'jxl::pixel_type_w' to '_Ty', possible loss of data [C:\Users\Public\jpegview-arm64-build\extras\scripts\libjxl\arm64\lib\jxl_dec-obj.vcxproj]
          with
          [
              _Ty=jxl::PropertyVal
          ]
C:\Users\Public\jpegview-arm64-build\extras\third_party\libjxl\lib/jxl/modular/encoding/context_predict.h(521): message : see reference to function template instantiation 'jxl::pixel_type_w jxl::weighted::State::Predict<false>(size_t,size_t,size_t,jxl::pixel_type_w,jxl::pixel_type_w,jxl::pixel_type_w,jxl::pixel_type_w,jxl::pixel_type_w,jxl::Properties *,size_t)' being compiled [C:\Users\Public\jpegview-arm64-build\extras\scripts\libjxl\arm64\lib\jxl_dec-obj.vcxproj]
C:\Users\Public\jpegview-arm64-build\extras\third_party\libjxl\lib/jxl/modular/encoding/context_predict.h(559): message : see reference to function template instantiation 'jxl::PredictionResult jxl::detail::Predict<0>(jxl::Properties *,size_t,const jxl::pixel_type *__restrict ,const intptr_t,const size_t,const size_t,jxl::Predictor,const jxl::MATreeLookup *,const jxl::Channel *,jxl::weighted::State *,jxl::pixel_type_w *)' being compiled [C:\Users\Public\jpegview-arm64-build\extras\scripts\libjxl\arm64\lib\jxl_dec-obj.vcxproj]
  opsin_params.cc
C:\Users\Public\jpegview-arm64-build\extras\third_party\libjxl\lib/jxl/base/status.h(132,47): warning C4646: function declared with 'noreturn' has non-void return type [C:\Users\Public\jpegview-arm64-build\extras\scripts\libjxl\arm64\lib\jxl_dec-obj.vcxproj]
  passes_state.cc
C:\Users\Public\jpegview-arm64-build\extras\third_party\libjxl\lib/jxl/base/status.h(132,47): warning C4646: function declared with 'noreturn' has non-void return type [C:\Users\Public\jpegview-arm64-build\extras\scripts\libjxl\arm64\lib\jxl_dec-obj.vcxproj]
C:\Users\Public\jpegview-arm64-build\extras\third_party\libjxl\lib/jxl/ac_context.h(112,1): warning C4267: 'return': conversion from 'size_t' to 'uint32_t', possible loss of data [C:\Users\Public\jpegview-arm64-build\extras\scripts\libjxl\arm64\lib\jxl_dec-obj.vcxproj]
C:\Users\Public\jpegview-arm64-build\extras\third_party\libjxl\lib/jxl/ac_context.h(124,1): warning C4267: 'return': conversion from 'size_t' to 'uint32_t', possible loss of data [C:\Users\Public\jpegview-arm64-build\extras\scripts\libjxl\arm64\lib\jxl_dec-obj.vcxproj]
C:\Users\Public\jpegview-arm64-build\extras\third_party\libjxl\lib/jxl/ac_context.h(137,1): warning C4267: 'return': conversion from 'size_t' to 'uint32_t', possible loss of data [C:\Users\Public\jpegview-arm64-build\extras\scripts\libjxl\arm64\lib\jxl_dec-obj.vcxproj]
C:\Users\Public\jpegview-arm64-build\extras\third_party\libjxl\lib/jxl/chroma_from_luma.h(120,41): warning C4244: 'return': conversion from 'const uint32_t' to 'float', possible loss of data [C:\Users\Public\jpegview-arm64-build\extras\scripts\libjxl\arm64\lib\jxl_dec-obj.vcxproj]
C:\Users\Public\jpegview-arm64-build\extras\third_party\libjxl\lib/jxl/frame_header.h(105,1): warning C4267: '=': conversion from 'size_t' to 'uint32_t', possible loss of data [C:\Users\Public\jpegview-arm64-build\extras\scripts\libjxl\arm64\lib\jxl_dec-obj.vcxproj]
C:\Users\Public\jpegview-arm64-build\extras\third_party\libjxl\lib/jxl/quantizer.h(86,41): warning C4244: '=': conversion from 'double' to 'float', possible loss of data [C:\Users\Public\jpegview-arm64-build\extras\scripts\libjxl\arm64\lib\jxl_dec-obj.vcxproj]
C:\Users\Public\jpegview-arm64-build\extras\third_party\libjxl\lib/jxl/quantizer.h(87,49): warning C4244: '=': conversion from 'double' to 'float', possible loss of data [C:\Users\Public\jpegview-arm64-build\extras\scripts\libjxl\arm64\lib\jxl_dec-obj.vcxproj]
C:\Users\Public\jpegview-arm64-build\extras\third_party\libjxl\lib/jxl/dec_ans.h(78,1): warning C4267: 'initializing': conversion from 'size_t' to 'uint32_t', possible loss of data [C:\Users\Public\jpegview-arm64-build\extras\scripts\libjxl\arm64\lib\jxl_dec-obj.vcxproj]
C:\Users\Public\jpegview-arm64-build\extras\third_party\libjxl\lib/jxl/dec_ans.h(175,1): warning C4267: '=': conversion from 'size_t' to 'uint32_t', possible loss of data [C:\Users\Public\jpegview-arm64-build\extras\scripts\libjxl\arm64\lib\jxl_dec-obj.vcxproj]
C:\Users\Public\jpegview-arm64-build\extras\third_party\libjxl\lib/jxl/dec_ans.h(197,1): warning C4267: '=': conversion from 'size_t' to 'uint32_t', possible loss of data [C:\Users\Public\jpegview-arm64-build\extras\scripts\libjxl\arm64\lib\jxl_dec-obj.vcxproj]
C:\Users\Public\jpegview-arm64-build\extras\third_party\libjxl\lib/jxl/dec_ans.h(411,1): warning C4267: '=': conversion from 'size_t' to 'uint32_t', possible loss of data [C:\Users\Public\jpegview-arm64-build\extras\scripts\libjxl\arm64\lib\jxl_dec-obj.vcxproj]
C:\Users\Public\jpegview-arm64-build\extras\third_party\libjxl\lib/jxl/dec_ans.h(414,1): warning C4267: '=': conversion from 'size_t' to 'uint32_t', possible loss of data [C:\Users\Public\jpegview-arm64-build\extras\scripts\libjxl\arm64\lib\jxl_dec-obj.vcxproj]
C:\Users\Public\jpegview-arm64-build\extras\third_party\libjxl\lib/jxl/dec_ans.h(252,1): warning C4267: 'return': conversion from 'size_t' to 'uint32_t', possible loss of data [C:\Users\Public\jpegview-arm64-build\extras\scripts\libjxl\arm64\lib\jxl_dec-obj.vcxproj]
C:\Users\Public\jpegview-arm64-build\extras\third_party\libjxl\lib/jxl/dec_ans.h(288): message : see reference to function template instantiation 'uint32_t jxl::ANSSymbolReader::ReadHybridUintConfig<jxl::BitReader>(const jxl::HybridUintConfig &,size_t,BitReader *)' being compiled [C:\Users\Public\jpegview-arm64-build\extras\scripts\libjxl\arm64\lib\jxl_dec-obj.vcxproj]
          with
          [
              BitReader=jxl::BitReader
          ]
C:\Users\Public\jpegview-arm64-build\extras\third_party\libjxl\lib/jxl/dec_ans.h(254,1): warning C4267: 'initializing': conversion from 'size_t' to 'uint32_t', possible loss of data [C:\Users\Public\jpegview-arm64-build\extras\scripts\libjxl\arm64\lib\jxl_dec-obj.vcxproj]
C:\Users\Public\jpegview-arm64-build\extras\third_party\libjxl\lib/jxl/dec_ans.h(268,1): warning C4334: '<<': result of 32-bit shift implicitly converted to 64 bits (was 64-bit shift intended?) [C:\Users\Public\jpegview-arm64-build\extras\scripts\libjxl\arm64\lib\jxl_dec-obj.vcxproj]
C:\Users\Public\jpegview-arm64-build\extras\third_party\libjxl\lib/jxl/dec_ans.h(314,1): warning C4267: '=': conversion from 'size_t' to 'uint32_t', possible loss of data [C:\Users\Public\jpegview-arm64-build\extras\scripts\libjxl\arm64\lib\jxl_dec-obj.vcxproj]
C:\Users\Public\jpegview-arm64-build\extras\third_party\libjxl\lib/jxl/dec_ans.h(369): message : see reference to function template instantiation 'size_t jxl::ANSSymbolReader::ReadHybridUintClusteredInlined<true>(size_t,jxl::BitReader *__restrict )' being compiled [C:\Users\Public\jpegview-arm64-build\extras\scripts\libjxl\arm64\lib\jxl_dec-obj.vcxproj]
C:\Users\Public\jpegview-arm64-build\extras\third_party\libjxl\lib/jxl/dec_ans.h(394): message : see reference to function template instantiation 'size_t jxl::ANSSymbolReader::ReadHybridUintClustered<true>(size_t,jxl::BitReader *__restrict )' being compiled [C:\Users\Public\jpegview-arm64-build\extras\scripts\libjxl\arm64\lib\jxl_dec-obj.vcxproj]
C:\Users\Public\jpegview-arm64-build\extras\third_party\libjxl\lib/jxl/dec_ans.h(341,1): warning C4267: '=': conversion from 'size_t' to 'uint32_t', possible loss of data [C:\Users\Public\jpegview-arm64-build\extras\scripts\libjxl\arm64\lib\jxl_dec-obj.vcxproj]
C:\Users\Public\jpegview-arm64-build\extras\third_party\libjxl\lib/jxl/dec_ans.h(356,1): warning C4267: '=': conversion from 'size_t' to 'uint32_t', possible loss of data [C:\Users\Public\jpegview-arm64-build\extras\scripts\libjxl\arm64\lib\jxl_dec-obj.vcxproj]
C:\Users\Public\jpegview-arm64-build\extras\third_party\libjxl\lib/jxl/dec_ans.h(362,1): warning C4267: '=': conversion from 'size_t' to 'uint32_t', possible loss of data [C:\Users\Public\jpegview-arm64-build\extras\scripts\libjxl\arm64\lib\jxl_dec-obj.vcxproj]
  quant_weights.cc
C:\Users\Public\jpegview-arm64-build\extras\third_party\libjxl\lib/jxl/base/status.h(132,47): warning C4646: function declared with 'noreturn' has non-void return type [C:\Users\Public\jpegview-arm64-build\extras\scripts\libjxl\arm64\lib\jxl_dec-obj.vcxproj]
C:\Users\Public\jpegview-arm64-build\extras\third_party\libjxl\lib/jxl/dct_scales.h(57,1): warning C4305: 'initializing': truncation from 'double' to 'const float' [C:\Users\Public\jpegview-arm64-build\extras\scripts\libjxl\arm64\lib\jxl_dec-obj.vcxproj]
C:\Users\Public\jpegview-arm64-build\extras\third_party\libjxl\lib/jxl/dct_scales.h(67,1): warning C4305: 'initializing': truncation from 'double' to 'const float' [C:\Users\Public\jpegview-arm64-build\extras\scripts\libjxl\arm64\lib\jxl_dec-obj.vcxproj]
C:\Users\Public\jpegview-arm64-build\extras\third_party\libjxl\lib/jxl/dct_scales.h(76,1): warning C4305: 'initializing': truncation from 'double' to 'const float' [C:\Users\Public\jpegview-arm64-build\extras\scripts\libjxl\arm64\lib\jxl_dec-obj.vcxproj]
C:\Users\Public\jpegview-arm64-build\extras\third_party\libjxl\lib/jxl/dct_scales.h(98,1): warning C4305: 'initializing': truncation from 'double' to 'const float' [C:\Users\Public\jpegview-arm64-build\extras\scripts\libjxl\arm64\lib\jxl_dec-obj.vcxproj]
C:\Users\Public\jpegview-arm64-build\extras\third_party\libjxl\lib/jxl/dct_scales.h(136,1): warning C4305: 'initializing': truncation from 'double' to 'const float' [C:\Users\Public\jpegview-arm64-build\extras\scripts\libjxl\arm64\lib\jxl_dec-obj.vcxproj]
C:\Users\Public\jpegview-arm64-build\extras\third_party\libjxl\lib/jxl/dct_scales.h(152,1): warning C4305: 'initializing': truncation from 'double' to 'const float' [C:\Users\Public\jpegview-arm64-build\extras\scripts\libjxl\arm64\lib\jxl_dec-obj.vcxproj]
C:\Users\Public\jpegview-arm64-build\extras\third_party\libjxl\lib/jxl/dct_scales.h(162,1): warning C4305: 'initializing': truncation from 'double' to 'const float' [C:\Users\Public\jpegview-arm64-build\extras\scripts\libjxl\arm64\lib\jxl_dec-obj.vcxproj]
C:\Users\Public\jpegview-arm64-build\extras\third_party\libjxl\lib/jxl/dct_scales.h(171,1): warning C4305: 'initializing': truncation from 'double' to 'const float' [C:\Users\Public\jpegview-arm64-build\extras\scripts\libjxl\arm64\lib\jxl_dec-obj.vcxproj]
C:\Users\Public\jpegview-arm64-build\extras\third_party\libjxl\lib/jxl/dct_scales.h(193,1): warning C4305: 'initializing': truncation from 'double' to 'const float' [C:\Users\Public\jpegview-arm64-build\extras\scripts\libjxl\arm64\lib\jxl_dec-obj.vcxproj]
C:\Users\Public\jpegview-arm64-build\extras\third_party\libjxl\lib/jxl/dct_scales.h(231,1): warning C4305: 'initializing': truncation from 'double' to 'const float' [C:\Users\Public\jpegview-arm64-build\extras\scripts\libjxl\arm64\lib\jxl_dec-obj.vcxproj]
C:\Users\Public\jpegview-arm64-build\extras\third_party\libjxl\lib/jxl/dct_scales.h(245,1): warning C4305: 'initializing': truncation from 'double' to 'const float' [C:\Users\Public\jpegview-arm64-build\extras\scripts\libjxl\arm64\lib\jxl_dec-obj.vcxproj]
C:\Users\Public\jpegview-arm64-build\extras\third_party\libjxl\lib/jxl/dct_scales.h(255,1): warning C4305: 'initializing': truncation from 'double' to 'const float' [C:\Users\Public\jpegview-arm64-build\extras\scripts\libjxl\arm64\lib\jxl_dec-obj.vcxproj]
C:\Users\Public\jpegview-arm64-build\extras\third_party\libjxl\lib/jxl/dct_scales.h(264,1): warning C4305: 'initializing': truncation from 'double' to 'const float' [C:\Users\Public\jpegview-arm64-build\extras\scripts\libjxl\arm64\lib\jxl_dec-obj.vcxproj]
C:\Users\Public\jpegview-arm64-build\extras\third_party\libjxl\lib/jxl/dct_scales.h(276,1): warning C4305: 'initializing': truncation from 'double' to 'const float' [C:\Users\Public\jpegview-arm64-build\extras\scripts\libjxl\arm64\lib\jxl_dec-obj.vcxproj]
C:\Users\Public\jpegview-arm64-build\extras\third_party\libjxl\lib/jxl/dct_scales.h(292,1): warning C4305: 'initializing': truncation from 'double' to 'const float' [C:\Users\Public\jpegview-arm64-build\extras\scripts\libjxl\arm64\lib\jxl_dec-obj.vcxproj]
C:\Users\Public\jpegview-arm64-build\extras\third_party\libjxl\lib/jxl/dct_scales.h(319,1): warning C4305: 'initializing': truncation from 'double' to 'const float' [C:\Users\Public\jpegview-arm64-build\extras\scripts\libjxl\arm64\lib\jxl_dec-obj.vcxproj]
C:\Users\Public\jpegview-arm64-build\extras\third_party\libjxl\lib/jxl/dct_scales.h(368,1): warning C4305: 'initializing': truncation from 'double' to 'const float' [C:\Users\Public\jpegview-arm64-build\extras\scripts\libjxl\arm64\lib\jxl_dec-obj.vcxproj]
C:\Users\Public\jpegview-arm64-build\extras\third_party\libjxl\lib/jxl/ac_context.h(112,1): warning C4267: 'return': conversion from 'size_t' to 'uint32_t', possible loss of data [C:\Users\Public\jpegview-arm64-build\extras\scripts\libjxl\arm64\lib\jxl_dec-obj.vcxproj]
C:\Users\Public\jpegview-arm64-build\extras\third_party\libjxl\lib/jxl/ac_context.h(124,1): warning C4267: 'return': conversion from 'size_t' to 'uint32_t', possible loss of data [C:\Users\Public\jpegview-arm64-build\extras\scripts\libjxl\arm64\lib\jxl_dec-obj.vcxproj]
C:\Users\Public\jpegview-arm64-build\extras\third_party\libjxl\lib/jxl/ac_context.h(137,1): warning C4267: 'return': conversion from 'size_t' to 'uint32_t', possible loss of data [C:\Users\Public\jpegview-arm64-build\extras\scripts\libjxl\arm64\lib\jxl_dec-obj.vcxproj]
C:\Users\Public\jpegview-arm64-build\extras\third_party\libjxl\lib/jxl/chroma_from_luma.h(120,41): warning C4244: 'return': conversion from 'const uint32_t' to 'float', possible loss of data [C:\Users\Public\jpegview-arm64-build\extras\scripts\libjxl\arm64\lib\jxl_dec-obj.vcxproj]
C:\Users\Public\jpegview-arm64-build\extras\third_party\libjxl\lib/jxl/frame_header.h(105,1): warning C4267: '=': conversion from 'size_t' to 'uint32_t', possible loss of data [C:\Users\Public\jpegview-arm64-build\extras\scripts\libjxl\arm64\lib\jxl_dec-obj.vcxproj]
C:\Users\Public\jpegview-arm64-build\extras\third_party\libjxl\lib/jxl/quantizer.h(86,41): warning C4244: '=': conversion from 'double' to 'float', possible loss of data [C:\Users\Public\jpegview-arm64-build\extras\scripts\libjxl\arm64\lib\jxl_dec-obj.vcxproj]
C:\Users\Public\jpegview-arm64-build\extras\third_party\libjxl\lib/jxl/quantizer.h(87,49): warning C4244: '=': conversion from 'double' to 'float', possible loss of data [C:\Users\Public\jpegview-arm64-build\extras\scripts\libjxl\arm64\lib\jxl_dec-obj.vcxproj]
C:\Users\Public\jpegview-arm64-build\extras\third_party\libjxl\lib/jxl/dec_ans.h(78,1): warning C4267: 'initializing': conversion from 'size_t' to 'uint32_t', possible loss of data [C:\Users\Public\jpegview-arm64-build\extras\scripts\libjxl\arm64\lib\jxl_dec-obj.vcxproj]
C:\Users\Public\jpegview-arm64-build\extras\third_party\libjxl\lib/jxl/dec_ans.h(175,1): warning C4267: '=': conversion from 'size_t' to 'uint32_t', possible loss of data [C:\Users\Public\jpegview-arm64-build\extras\scripts\libjxl\arm64\lib\jxl_dec-obj.vcxproj]
C:\Users\Public\jpegview-arm64-build\extras\third_party\libjxl\lib/jxl/dec_ans.h(197,1): warning C4267: '=': conversion from 'size_t' to 'uint32_t', possible loss of data [C:\Users\Public\jpegview-arm64-build\extras\scripts\libjxl\arm64\lib\jxl_dec-obj.vcxproj]
C:\Users\Public\jpegview-arm64-build\extras\third_party\libjxl\lib/jxl/dec_ans.h(411,1): warning C4267: '=': conversion from 'size_t' to 'uint32_t', possible loss of data [C:\Users\Public\jpegview-arm64-build\extras\scripts\libjxl\arm64\lib\jxl_dec-obj.vcxproj]
C:\Users\Public\jpegview-arm64-build\extras\third_party\libjxl\lib/jxl/dec_ans.h(414,1): warning C4267: '=': conversion from 'size_t' to 'uint32_t', possible loss of data [C:\Users\Public\jpegview-arm64-build\extras\scripts\libjxl\arm64\lib\jxl_dec-obj.vcxproj]
C:\Users\Public\jpegview-arm64-build\extras\third_party\libjxl\lib/jxl/dec_cache.h(203,1): warning C4334: '<<': result of 32-bit shift implicitly converted to 64 bits (was 64-bit shift intended?) [C:\Users\Public\jpegview-arm64-build\extras\scripts\libjxl\arm64\lib\jxl_dec-obj.vcxproj]
C:\Users\Public\jpegview-arm64-build\extras\third_party\libjxl\lib/jxl/modular/encoding/context_predict.h(110,1): warning C4267: 'initializing': conversion from 'size_t' to 'uint32_t', possible loss of data [C:\Users\Public\jpegview-arm64-build\extras\scripts\libjxl\arm64\lib\jxl_dec-obj.vcxproj]
C:\Users\Public\jpegview-arm64-build\extras\third_party\libjxl\lib/jxl/modular/encoding/context_predict.h(191,31): warning C4244: '=': conversion from 'jxl::pixel_type_w' to '_Ty', possible loss of data [C:\Users\Public\jpegview-arm64-build\extras\scripts\libjxl\arm64\lib\jxl_dec-obj.vcxproj]
          with
          [
              _Ty=int
          ]
C:\Users\Public\jpegview-arm64-build\extras\third_party\libjxl\lib/jxl/modular/encoding/context_predict.h(196,37): warning C4244: '=': conversion from 'jxl::pixel_type_w' to '_Ty', possible loss of data [C:\Users\Public\jpegview-arm64-build\extras\scripts\libjxl\arm64\lib\jxl_dec-obj.vcxproj]
          with
          [
              _Ty=uint32_t
          ]
C:\Users\Public\jpegview-arm64-build\extras\third_party\libjxl\lib/jxl/modular/encoding/context_predict.h(199,1): warning C4244: '+=': conversion from 'jxl::pixel_type_w' to '_Ty', possible loss of data [C:\Users\Public\jpegview-arm64-build\extras\scripts\libjxl\arm64\lib\jxl_dec-obj.vcxproj]
          with
          [
              _Ty=uint32_t
          ]
C:\Users\Public\jpegview-arm64-build\extras\third_party\libjxl\lib/jxl/modular/encoding/context_predict.h(329,7): warning C4806: '|': unsafe operation: no value of type 'bool' promoted to type 'int' can equal the given constant [C:\Users\Public\jpegview-arm64-build\extras\scripts\libjxl\arm64\lib\jxl_dec-obj.vcxproj]
C:\Users\Public\jpegview-arm64-build\extras\third_party\libjxl\lib/jxl/modular/encoding/context_predict.h(330,7): warning C4806: '|': unsafe operation: no value of type 'bool' promoted to type 'int' can equal the given constant [C:\Users\Public\jpegview-arm64-build\extras\scripts\libjxl\arm64\lib\jxl_dec-obj.vcxproj]
C:\Users\Public\jpegview-arm64-build\extras\third_party\libjxl\lib/jxl/modular/encoding/context_predict.h(392,23): warning C4244: '=': conversion from '__int64' to 'jxl::pixel_type', possible loss of data [C:\Users\Public\jpegview-arm64-build\extras\scripts\libjxl\arm64\lib\jxl_dec-obj.vcxproj]
C:\Users\Public\jpegview-arm64-build\extras\third_party\libjxl\lib/jxl/modular/encoding/context_predict.h(393,15): warning C4244: '=': conversion from 'jxl::pixel_type_w' to 'jxl::pixel_type', possible loss of data [C:\Users\Public\jpegview-arm64-build\extras\scripts\libjxl\arm64\lib\jxl_dec-obj.vcxproj]
C:\Users\Public\jpegview-arm64-build\extras\third_party\libjxl\lib/jxl/modular/encoding/context_predict.h(397,62): warning C4244: 'argument': conversion from 'jxl::pixel_type_w' to 'const int32_t', possible loss of data [C:\Users\Public\jpegview-arm64-build\extras\scripts\libjxl\arm64\lib\jxl_dec-obj.vcxproj]
C:\Users\Public\jpegview-arm64-build\extras\third_party\libjxl\lib/jxl/modular/encoding/context_predict.h(397,56): warning C4244: 'argument': conversion from 'jxl::pixel_type_w' to 'const int32_t', possible loss of data [C:\Users\Public\jpegview-arm64-build\extras\scripts\libjxl\arm64\lib\jxl_dec-obj.vcxproj]
C:\Users\Public\jpegview-arm64-build\extras\third_party\libjxl\lib/jxl/modular/encoding/context_predict.h(397,49): warning C4244: 'argument': conversion from 'jxl::pixel_type_w' to 'const int32_t', possible loss of data [C:\Users\Public\jpegview-arm64-build\extras\scripts\libjxl\arm64\lib\jxl_dec-obj.vcxproj]
C:\Users\Public\jpegview-arm64-build\extras\third_party\libjxl\lib/jxl/modular/encoding/context_predict.h(398,23): warning C4244: '=': conversion from '__int64' to 'jxl::pixel_type', possible loss of data [C:\Users\Public\jpegview-arm64-build\extras\scripts\libjxl\arm64\lib\jxl_dec-obj.vcxproj]
C:\Users\Public\jpegview-arm64-build\extras\third_party\libjxl\lib/jxl/modular/encoding/context_predict.h(399,17): warning C4244: '=': conversion from 'jxl::pixel_type_w' to 'jxl::pixel_type', possible loss of data [C:\Users\Public\jpegview-arm64-build\extras\scripts\libjxl\arm64\lib\jxl_dec-obj.vcxproj]
C:\Users\Public\jpegview-arm64-build\extras\third_party\libjxl\lib/jxl/modular/encoding/context_predict.h(451,54): warning C4244: 'argument': conversion from 'jxl::pixel_type_w' to 'const int32_t', possible loss of data [C:\Users\Public\jpegview-arm64-build\extras\scripts\libjxl\arm64\lib\jxl_dec-obj.vcxproj]
C:\Users\Public\jpegview-arm64-build\extras\third_party\libjxl\lib/jxl/modular/encoding/context_predict.h(451,49): warning C4244: 'argument': conversion from 'jxl::pixel_type_w' to 'const int32_t', possible loss of data [C:\Users\Public\jpegview-arm64-build\extras\scripts\libjxl\arm64\lib\jxl_dec-obj.vcxproj]
C:\Users\Public\jpegview-arm64-build\extras\third_party\libjxl\lib/jxl/modular/encoding/context_predict.h(451,43): warning C4244: 'argument': conversion from 'jxl::pixel_type_w' to 'const int32_t', possible loss of data [C:\Users\Public\jpegview-arm64-build\extras\scripts\libjxl\arm64\lib\jxl_dec-obj.vcxproj]
C:\Users\Public\jpegview-arm64-build\extras\third_party\libjxl\lib\jxl\quant_weights.cc(91,14): warning C4244: 'initializing': conversion from 'float' to 'size_t', possible loss of data [C:\Users\Public\jpegview-arm64-build\extras\scripts\libjxl\arm64\lib\jxl_dec-obj.vcxproj]
C:\Users\Public\jpegview-arm64-build\extras\third_party\libjxl\lib\jxl\quant_weights.cc(145,55): warning C4267: '+=': conversion from 'size_t' to 'uint32_t', possible loss of data [C:\Users\Public\jpegview-arm64-build\extras\scripts\libjxl\arm64\lib\jxl_dec-obj.vcxproj]
C:\Users\Public\jpegview-arm64-build\extras\third_party\libjxl\lib\jxl\quant_weights.cc(259,7): warning C4305: 'initializing': truncation from 'double' to 'const float' [C:\Users\Public\jpegview-arm64-build\extras\scripts\libjxl\arm64\lib\jxl_dec-obj.vcxproj]
C:\Users\Public\jpegview-arm64-build\extras\third_party\libjxl\lib\jxl\quant_weights.cc(270,46): warning C4305: 'initializing': truncation from 'double' to 'const float' [C:\Users\Public\jpegview-arm64-build\extras\scripts\libjxl\arm64\lib\jxl_dec-obj.vcxproj]
C:\Users\Public\jpegview-arm64-build\extras\third_party\libjxl\lib\jxl\quant_weights.cc(388,12): warning C4244: 'initializing': conversion from 'uint64_t' to 'int', possible loss of data [C:\Users\Public\jpegview-arm64-build\extras\scripts\libjxl\arm64\lib\jxl_dec-obj.vcxproj]
C:\Users\Public\jpegview-arm64-build\extras\third_party\libjxl\lib\jxl\quant_weights.cc(391,77): warning C4244: '=': conversion from 'uint64_t' to 'uint8_t', possible loss of data [C:\Users\Public\jpegview-arm64-build\extras\scripts\libjxl\arm64\lib\jxl_dec-obj.vcxproj]
C:\Users\Public\jpegview-arm64-build\extras\third_party\libjxl\lib\jxl\quant_weights.cc(531,1): warning C4305: 'argument': truncation from 'double' to 'float' [C:\Users\Public\jpegview-arm64-build\extras\scripts\libjxl\arm64\lib\jxl_dec-obj.vcxproj]
C:\Users\Public\jpegview-arm64-build\extras\third_party\libjxl\lib\jxl\quant_weights.cc(532,1): warning C4305: 'argument': truncation from 'double' to 'float' [C:\Users\Public\jpegview-arm64-build\extras\scripts\libjxl\arm64\lib\jxl_dec-obj.vcxproj]
C:\Users\Public\jpegview-arm64-build\extras\third_party\libjxl\lib\jxl\quant_weights.cc(533,1): warning C4305: 'argument': truncation from 'double' to 'float' [C:\Users\Public\jpegview-arm64-build\extras\scripts\libjxl\arm64\lib\jxl_dec-obj.vcxproj]
C:\Users\Public\jpegview-arm64-build\extras\third_party\libjxl\lib\jxl\quant_weights.cc(539,1): warning C4305: 'argument': truncation from 'double' to 'float' [C:\Users\Public\jpegview-arm64-build\extras\scripts\libjxl\arm64\lib\jxl_dec-obj.vcxproj]
C:\Users\Public\jpegview-arm64-build\extras\third_party\libjxl\lib\jxl\quant_weights.cc(540,1): warning C4305: 'argument': truncation from 'double' to 'float' [C:\Users\Public\jpegview-arm64-build\extras\scripts\libjxl\arm64\lib\jxl_dec-obj.vcxproj]
C:\Users\Public\jpegview-arm64-build\extras\third_party\libjxl\lib\jxl\quant_weights.cc(541,1): warning C4305: 'argument': truncation from 'double' to 'float' [C:\Users\Public\jpegview-arm64-build\extras\scripts\libjxl\arm64\lib\jxl_dec-obj.vcxproj]
C:\Users\Public\jpegview-arm64-build\extras\third_party\libjxl\lib\jxl\quant_weights.cc(542,1): warning C4305: 'argument': truncation from 'double' to 'float' [C:\Users\Public\jpegview-arm64-build\extras\scripts\libjxl\arm64\lib\jxl_dec-obj.vcxproj]
C:\Users\Public\jpegview-arm64-build\extras\third_party\libjxl\lib\jxl\quant_weights.cc(642,1): warning C4305: 'argument': truncation from 'double' to 'float' [C:\Users\Public\jpegview-arm64-build\extras\scripts\libjxl\arm64\lib\jxl_dec-obj.vcxproj]
C:\Users\Public\jpegview-arm64-build\extras\third_party\libjxl\lib\jxl\quant_weights.cc(643,1): warning C4305: 'argument': truncation from 'double' to 'float' [C:\Users\Public\jpegview-arm64-build\extras\scripts\libjxl\arm64\lib\jxl_dec-obj.vcxproj]
C:\Users\Public\jpegview-arm64-build\extras\third_party\libjxl\lib\jxl\quant_weights.cc(644,1): warning C4305: 'argument': truncation from 'double' to 'float' [C:\Users\Public\jpegview-arm64-build\extras\scripts\libjxl\arm64\lib\jxl_dec-obj.vcxproj]
C:\Users\Public\jpegview-arm64-build\extras\third_party\libjxl\lib\jxl\quant_weights.cc(645,1): warning C4305: 'argument': truncation from 'double' to 'float' [C:\Users\Public\jpegview-arm64-build\extras\scripts\libjxl\arm64\lib\jxl_dec-obj.vcxproj]
C:\Users\Public\jpegview-arm64-build\extras\third_party\libjxl\lib\jxl\quant_weights.cc(646,1): warning C4305: 'argument': truncation from 'double' to 'float' [C:\Users\Public\jpegview-arm64-build\extras\scripts\libjxl\arm64\lib\jxl_dec-obj.vcxproj]
C:\Users\Public\jpegview-arm64-build\extras\third_party\libjxl\lib\jxl\quant_weights.cc(647,1): warning C4305: 'argument': truncation from 'double' to 'float' [C:\Users\Public\jpegview-arm64-build\extras\scripts\libjxl\arm64\lib\jxl_dec-obj.vcxproj]
C:\Users\Public\jpegview-arm64-build\extras\third_party\libjxl\lib\jxl\quant_weights.cc(648,1): warning C4305: 'argument': truncation from 'double' to 'float' [C:\Users\Public\jpegview-arm64-build\extras\scripts\libjxl\arm64\lib\jxl_dec-obj.vcxproj]
C:\Users\Public\jpegview-arm64-build\extras\third_party\libjxl\lib\jxl\quant_weights.cc(651,1): warning C4305: 'argument': truncation from 'double' to 'float' [C:\Users\Public\jpegview-arm64-build\extras\scripts\libjxl\arm64\lib\jxl_dec-obj.vcxproj]
C:\Users\Public\jpegview-arm64-build\extras\third_party\libjxl\lib\jxl\quant_weights.cc(652,1): warning C4305: 'argument': truncation from 'double' to 'float' [C:\Users\Public\jpegview-arm64-build\extras\scripts\libjxl\arm64\lib\jxl_dec-obj.vcxproj]
C:\Users\Public\jpegview-arm64-build\extras\third_party\libjxl\lib\jxl\quant_weights.cc(653,1): warning C4305: 'argument': truncation from 'double' to 'float' [C:\Users\Public\jpegview-arm64-build\extras\scripts\libjxl\arm64\lib\jxl_dec-obj.vcxproj]
C:\Users\Public\jpegview-arm64-build\extras\third_party\libjxl\lib\jxl\quant_weights.cc(654,1): warning C4305: 'argument': truncation from 'double' to 'float' [C:\Users\Public\jpegview-arm64-build\extras\scripts\libjxl\arm64\lib\jxl_dec-obj.vcxproj]
C:\Users\Public\jpegview-arm64-build\extras\third_party\libjxl\lib\jxl\quant_weights.cc(655,1): warning C4305: 'argument': truncation from 'double' to 'float' [C:\Users\Public\jpegview-arm64-build\extras\scripts\libjxl\arm64\lib\jxl_dec-obj.vcxproj]
C:\Users\Public\jpegview-arm64-build\extras\third_party\libjxl\lib\jxl\quant_weights.cc(656,1): warning C4305: 'argument': truncation from 'double' to 'float' [C:\Users\Public\jpegview-arm64-build\extras\scripts\libjxl\arm64\lib\jxl_dec-obj.vcxproj]
C:\Users\Public\jpegview-arm64-build\extras\third_party\libjxl\lib\jxl\quant_weights.cc(657,1): warning C4305: 'argument': truncation from 'double' to 'float' [C:\Users\Public\jpegview-arm64-build\extras\scripts\libjxl\arm64\lib\jxl_dec-obj.vcxproj]
C:\Users\Public\jpegview-arm64-build\extras\third_party\libjxl\lib\jxl\quant_weights.cc(660,1): warning C4305: 'argument': truncation from 'double' to 'float' [C:\Users\Public\jpegview-arm64-build\extras\scripts\libjxl\arm64\lib\jxl_dec-obj.vcxproj]
C:\Users\Public\jpegview-arm64-build\extras\third_party\libjxl\lib\jxl\quant_weights.cc(661,1): warning C4305: 'argument': truncation from 'double' to 'float' [C:\Users\Public\jpegview-arm64-build\extras\scripts\libjxl\arm64\lib\jxl_dec-obj.vcxproj]
C:\Users\Public\jpegview-arm64-build\extras\third_party\libjxl\lib\jxl\quant_weights.cc(662,1): warning C4305: 'argument': truncation from 'double' to 'float' [C:\Users\Public\jpegview-arm64-build\extras\scripts\libjxl\arm64\lib\jxl_dec-obj.vcxproj]
C:\Users\Public\jpegview-arm64-build\extras\third_party\libjxl\lib\jxl\quant_weights.cc(663,1): warning C4305: 'argument': truncation from 'double' to 'float' [C:\Users\Public\jpegview-arm64-build\extras\scripts\libjxl\arm64\lib\jxl_dec-obj.vcxproj]
C:\Users\Public\jpegview-arm64-build\extras\third_party\libjxl\lib\jxl\quant_weights.cc(664,1): warning C4305: 'argument': truncation from 'double' to 'float' [C:\Users\Public\jpegview-arm64-build\extras\scripts\libjxl\arm64\lib\jxl_dec-obj.vcxproj]
C:\Users\Public\jpegview-arm64-build\extras\third_party\libjxl\lib\jxl\quant_weights.cc(665,1): warning C4305: 'argument': truncation from 'double' to 'float' [C:\Users\Public\jpegview-arm64-build\extras\scripts\libjxl\arm64\lib\jxl_dec-obj.vcxproj]
C:\Users\Public\jpegview-arm64-build\extras\third_party\libjxl\lib\jxl\quant_weights.cc(666,1): warning C4305: 'argument': truncation from 'double' to 'float' [C:\Users\Public\jpegview-arm64-build\extras\scripts\libjxl\arm64\lib\jxl_dec-obj.vcxproj]
C:\Users\Public\jpegview-arm64-build\extras\third_party\libjxl\lib\jxl\quant_weights.cc(675,1): warning C4305: 'argument': truncation from 'double' to 'float' [C:\Users\Public\jpegview-arm64-build\extras\scripts\libjxl\arm64\lib\jxl_dec-obj.vcxproj]
C:\Users\Public\jpegview-arm64-build\extras\third_party\libjxl\lib\jxl\quant_weights.cc(676,1): warning C4305: 'argument': truncation from 'double' to 'float' [C:\Users\Public\jpegview-arm64-build\extras\scripts\libjxl\arm64\lib\jxl_dec-obj.vcxproj]
C:\Users\Public\jpegview-arm64-build\extras\third_party\libjxl\lib\jxl\quant_weights.cc(677,1): warning C4305: 'argument': truncation from 'double' to 'float' [C:\Users\Public\jpegview-arm64-build\extras\scripts\libjxl\arm64\lib\jxl_dec-obj.vcxproj]
C:\Users\Public\jpegview-arm64-build\extras\third_party\libjxl\lib\jxl\quant_weights.cc(678,1): warning C4305: 'argument': truncation from 'double' to 'float' [C:\Users\Public\jpegview-arm64-build\extras\scripts\libjxl\arm64\lib\jxl_dec-obj.vcxproj]
C:\Users\Public\jpegview-arm64-build\extras\third_party\libjxl\lib\jxl\quant_weights.cc(679,1): warning C4305: 'argument': truncation from 'double' to 'float' [C:\Users\Public\jpegview-arm64-build\extras\scripts\libjxl\arm64\lib\jxl_dec-obj.vcxproj]
C:\Users\Public\jpegview-arm64-build\extras\third_party\libjxl\lib\jxl\quant_weights.cc(680,1): warning C4305: 'argument': truncation from 'double' to 'float' [C:\Users\Public\jpegview-arm64-build\extras\scripts\libjxl\arm64\lib\jxl_dec-obj.vcxproj]
C:\Users\Public\jpegview-arm64-build\extras\third_party\libjxl\lib\jxl\quant_weights.cc(681,1): warning C4305: 'argument': truncation from 'double' to 'float' [C:\Users\Public\jpegview-arm64-build\extras\scripts\libjxl\arm64\lib\jxl_dec-obj.vcxproj]
C:\Users\Public\jpegview-arm64-build\extras\third_party\libjxl\lib\jxl\quant_weights.cc(682,1): warning C4305: 'argument': truncation from 'double' to 'float' [C:\Users\Public\jpegview-arm64-build\extras\scripts\libjxl\arm64\lib\jxl_dec-obj.vcxproj]
C:\Users\Public\jpegview-arm64-build\extras\third_party\libjxl\lib\jxl\quant_weights.cc(685,1): warning C4305: 'argument': truncation from 'double' to 'float' [C:\Users\Public\jpegview-arm64-build\extras\scripts\libjxl\arm64\lib\jxl_dec-obj.vcxproj]
C:\Users\Public\jpegview-arm64-build\extras\third_party\libjxl\lib\jxl\quant_weights.cc(686,1): warning C4305: 'argument': truncation from 'double' to 'float' [C:\Users\Public\jpegview-arm64-build\extras\scripts\libjxl\arm64\lib\jxl_dec-obj.vcxproj]
C:\Users\Public\jpegview-arm64-build\extras\third_party\libjxl\lib\jxl\quant_weights.cc(687,1): warning C4305: 'argument': truncation from 'double' to 'float' [C:\Users\Public\jpegview-arm64-build\extras\scripts\libjxl\arm64\lib\jxl_dec-obj.vcxproj]
C:\Users\Public\jpegview-arm64-build\extras\third_party\libjxl\lib\jxl\quant_weights.cc(688,1): warning C4305: 'argument': truncation from 'double' to 'float' [C:\Users\Public\jpegview-arm64-build\extras\scripts\libjxl\arm64\lib\jxl_dec-obj.vcxproj]
C:\Users\Public\jpegview-arm64-build\extras\third_party\libjxl\lib\jxl\quant_weights.cc(689,1): warning C4305: 'argument': truncation from 'double' to 'float' [C:\Users\Public\jpegview-arm64-build\extras\scripts\libjxl\arm64\lib\jxl_dec-obj.vcxproj]
C:\Users\Public\jpegview-arm64-build\extras\third_party\libjxl\lib\jxl\quant_weights.cc(690,1): warning C4305: 'argument': truncation from 'double' to 'float' [C:\Users\Public\jpegview-arm64-build\extras\scripts\libjxl\arm64\lib\jxl_dec-obj.vcxproj]
C:\Users\Public\jpegview-arm64-build\extras\third_party\libjxl\lib\jxl\quant_weights.cc(691,1): warning C4305: 'argument': truncation from 'double' to 'float' [C:\Users\Public\jpegview-arm64-build\extras\scripts\libjxl\arm64\lib\jxl_dec-obj.vcxproj]
C:\Users\Public\jpegview-arm64-build\extras\third_party\libjxl\lib\jxl\quant_weights.cc(692,1): warning C4305: 'argument': truncation from 'double' to 'float' [C:\Users\Public\jpegview-arm64-build\extras\scripts\libjxl\arm64\lib\jxl_dec-obj.vcxproj]
C:\Users\Public\jpegview-arm64-build\extras\third_party\libjxl\lib\jxl\quant_weights.cc(695,1): warning C4305: 'argument': truncation from 'double' to 'float' [C:\Users\Public\jpegview-arm64-build\extras\scripts\libjxl\arm64\lib\jxl_dec-obj.vcxproj]
C:\Users\Public\jpegview-arm64-build\extras\third_party\libjxl\lib\jxl\quant_weights.cc(696,1): warning C4305: 'argument': truncation from 'double' to 'float' [C:\Users\Public\jpegview-arm64-build\extras\scripts\libjxl\arm64\lib\jxl_dec-obj.vcxproj]
C:\Users\Public\jpegview-arm64-build\extras\third_party\libjxl\lib\jxl\quant_weights.cc(697,1): warning C4305: 'argument': truncation from 'double' to 'float' [C:\Users\Public\jpegview-arm64-build\extras\scripts\libjxl\arm64\lib\jxl_dec-obj.vcxproj]
C:\Users\Public\jpegview-arm64-build\extras\third_party\libjxl\lib\jxl\quant_weights.cc(698,1): warning C4305: 'argument': truncation from 'double' to 'float' [C:\Users\Public\jpegview-arm64-build\extras\scripts\libjxl\arm64\lib\jxl_dec-obj.vcxproj]
C:\Users\Public\jpegview-arm64-build\extras\third_party\libjxl\lib\jxl\quant_weights.cc(699,1): warning C4305: 'argument': truncation from 'double' to 'float' [C:\Users\Public\jpegview-arm64-build\extras\scripts\libjxl\arm64\lib\jxl_dec-obj.vcxproj]
C:\Users\Public\jpegview-arm64-build\extras\third_party\libjxl\lib\jxl\quant_weights.cc(700,1): warning C4305: 'argument': truncation from 'double' to 'float' [C:\Users\Public\jpegview-arm64-build\extras\scripts\libjxl\arm64\lib\jxl_dec-obj.vcxproj]
C:\Users\Public\jpegview-arm64-build\extras\third_party\libjxl\lib\jxl\quant_weights.cc(701,1): warning C4305: 'argument': truncation from 'double' to 'float' [C:\Users\Public\jpegview-arm64-build\extras\scripts\libjxl\arm64\lib\jxl_dec-obj.vcxproj]
C:\Users\Public\jpegview-arm64-build\extras\third_party\libjxl\lib\jxl\quant_weights.cc(702,1): warning C4305: 'argument': truncation from 'double' to 'float' [C:\Users\Public\jpegview-arm64-build\extras\scripts\libjxl\arm64\lib\jxl_dec-obj.vcxproj]
C:\Users\Public\jpegview-arm64-build\extras\third_party\libjxl\lib\jxl\quant_weights.cc(711,1): warning C4305: 'argument': truncation from 'double' to 'float' [C:\Users\Public\jpegview-arm64-build\extras\scripts\libjxl\arm64\lib\jxl_dec-obj.vcxproj]
C:\Users\Public\jpegview-arm64-build\extras\third_party\libjxl\lib\jxl\quant_weights.cc(712,1): warning C4305: 'argument': truncation from 'double' to 'float' [C:\Users\Public\jpegview-arm64-build\extras\scripts\libjxl\arm64\lib\jxl_dec-obj.vcxproj]
C:\Users\Public\jpegview-arm64-build\extras\third_party\libjxl\lib\jxl\quant_weights.cc(713,1): warning C4305: 'argument': truncation from 'double' to 'float' [C:\Users\Public\jpegview-arm64-build\extras\scripts\libjxl\arm64\lib\jxl_dec-obj.vcxproj]
C:\Users\Public\jpegview-arm64-build\extras\third_party\libjxl\lib\jxl\quant_weights.cc(714,1): warning C4305: 'argument': truncation from 'double' to 'float' [C:\Users\Public\jpegview-arm64-build\extras\scripts\libjxl\arm64\lib\jxl_dec-obj.vcxproj]
C:\Users\Public\jpegview-arm64-build\extras\third_party\libjxl\lib\jxl\quant_weights.cc(715,1): warning C4305: 'argument': truncation from 'double' to 'float' [C:\Users\Public\jpegview-arm64-build\extras\scripts\libjxl\arm64\lib\jxl_dec-obj.vcxproj]
C:\Users\Public\jpegview-arm64-build\extras\third_party\libjxl\lib\jxl\quant_weights.cc(716,1): warning C4305: 'argument': truncation from 'double' to 'float' [C:\Users\Public\jpegview-arm64-build\extras\scripts\libjxl\arm64\lib\jxl_dec-obj.vcxproj]
C:\Users\Public\jpegview-arm64-build\extras\third_party\libjxl\lib\jxl\quant_weights.cc(720,1): warning C4305: 'argument': truncation from 'double' to 'float' [C:\Users\Public\jpegview-arm64-build\extras\scripts\libjxl\arm64\lib\jxl_dec-obj.vcxproj]
C:\Users\Public\jpegview-arm64-build\extras\third_party\libjxl\lib\jxl\quant_weights.cc(724,1): warning C4305: 'argument': truncation from 'double' to 'float' [C:\Users\Public\jpegview-arm64-build\extras\scripts\libjxl\arm64\lib\jxl_dec-obj.vcxproj]
C:\Users\Public\jpegview-arm64-build\extras\third_party\libjxl\lib\jxl\quant_weights.cc(725,1): warning C4305: 'argument': truncation from 'double' to 'float' [C:\Users\Public\jpegview-arm64-build\extras\scripts\libjxl\arm64\lib\jxl_dec-obj.vcxproj]
C:\Users\Public\jpegview-arm64-build\extras\third_party\libjxl\lib\jxl\quant_weights.cc(726,1): warning C4305: 'argument': truncation from 'double' to 'float' [C:\Users\Public\jpegview-arm64-build\extras\scripts\libjxl\arm64\lib\jxl_dec-obj.vcxproj]
C:\Users\Public\jpegview-arm64-build\extras\third_party\libjxl\lib\jxl\quant_weights.cc(729,1): warning C4305: 'argument': truncation from 'double' to 'float' [C:\Users\Public\jpegview-arm64-build\extras\scripts\libjxl\arm64\lib\jxl_dec-obj.vcxproj]
C:\Users\Public\jpegview-arm64-build\extras\third_party\libjxl\lib\jxl\quant_weights.cc(730,1): warning C4305: 'argument': truncation from 'double' to 'float' [C:\Users\Public\jpegview-arm64-build\extras\scripts\libjxl\arm64\lib\jxl_dec-obj.vcxproj]
C:\Users\Public\jpegview-arm64-build\extras\third_party\libjxl\lib\jxl\quant_weights.cc(731,1): warning C4305: 'argument': truncation from 'double' to 'float' [C:\Users\Public\jpegview-arm64-build\extras\scripts\libjxl\arm64\lib\jxl_dec-obj.vcxproj]
C:\Users\Public\jpegview-arm64-build\extras\third_party\libjxl\lib\jxl\quant_weights.cc(735,1): warning C4305: 'argument': truncation from 'double' to 'float' [C:\Users\Public\jpegview-arm64-build\extras\scripts\libjxl\arm64\lib\jxl_dec-obj.vcxproj]
C:\Users\Public\jpegview-arm64-build\extras\third_party\libjxl\lib\jxl\quant_weights.cc(744,1): warning C4305: 'argument': truncation from 'double' to 'float' [C:\Users\Public\jpegview-arm64-build\extras\scripts\libjxl\arm64\lib\jxl_dec-obj.vcxproj]
C:\Users\Public\jpegview-arm64-build\extras\third_party\libjxl\lib\jxl\quant_weights.cc(745,1): warning C4305: 'argument': truncation from 'double' to 'float' [C:\Users\Public\jpegview-arm64-build\extras\scripts\libjxl\arm64\lib\jxl_dec-obj.vcxproj]
C:\Users\Public\jpegview-arm64-build\extras\third_party\libjxl\lib\jxl\quant_weights.cc(746,1): warning C4305: 'argument': truncation from 'double' to 'float' [C:\Users\Public\jpegview-arm64-build\extras\scripts\libjxl\arm64\lib\jxl_dec-obj.vcxproj]
C:\Users\Public\jpegview-arm64-build\extras\third_party\libjxl\lib\jxl\quant_weights.cc(747,1): warning C4305: 'argument': truncation from 'double' to 'float' [C:\Users\Public\jpegview-arm64-build\extras\scripts\libjxl\arm64\lib\jxl_dec-obj.vcxproj]
C:\Users\Public\jpegview-arm64-build\extras\third_party\libjxl\lib\jxl\quant_weights.cc(748,1): warning C4305: 'argument': truncation from 'double' to 'float' [C:\Users\Public\jpegview-arm64-build\extras\scripts\libjxl\arm64\lib\jxl_dec-obj.vcxproj]
C:\Users\Public\jpegview-arm64-build\extras\third_party\libjxl\lib\jxl\quant_weights.cc(749,1): warning C4305: 'argument': truncation from 'double' to 'float' [C:\Users\Public\jpegview-arm64-build\extras\scripts\libjxl\arm64\lib\jxl_dec-obj.vcxproj]
C:\Users\Public\jpegview-arm64-build\extras\third_party\libjxl\lib\jxl\quant_weights.cc(750,1): warning C4305: 'argument': truncation from 'double' to 'float' [C:\Users\Public\jpegview-arm64-build\extras\scripts\libjxl\arm64\lib\jxl_dec-obj.vcxproj]
C:\Users\Public\jpegview-arm64-build\extras\third_party\libjxl\lib\jxl\quant_weights.cc(751,1): warning C4305: 'argument': truncation from 'double' to 'float' [C:\Users\Public\jpegview-arm64-build\extras\scripts\libjxl\arm64\lib\jxl_dec-obj.vcxproj]
C:\Users\Public\jpegview-arm64-build\extras\third_party\libjxl\lib\jxl\quant_weights.cc(754,1): warning C4305: 'argument': truncation from 'double' to 'float' [C:\Users\Public\jpegview-arm64-build\extras\scripts\libjxl\arm64\lib\jxl_dec-obj.vcxproj]
C:\Users\Public\jpegview-arm64-build\extras\third_party\libjxl\lib\jxl\quant_weights.cc(755,1): warning C4305: 'argument': truncation from 'double' to 'float' [C:\Users\Public\jpegview-arm64-build\extras\scripts\libjxl\arm64\lib\jxl_dec-obj.vcxproj]
C:\Users\Public\jpegview-arm64-build\extras\third_party\libjxl\lib\jxl\quant_weights.cc(756,1): warning C4305: 'argument': truncation from 'double' to 'float' [C:\Users\Public\jpegview-arm64-build\extras\scripts\libjxl\arm64\lib\jxl_dec-obj.vcxproj]
C:\Users\Public\jpegview-arm64-build\extras\third_party\libjxl\lib\jxl\quant_weights.cc(757,1): warning C4305: 'argument': truncation from 'double' to 'float' [C:\Users\Public\jpegview-arm64-build\extras\scripts\libjxl\arm64\lib\jxl_dec-obj.vcxproj]
C:\Users\Public\jpegview-arm64-build\extras\third_party\libjxl\lib\jxl\quant_weights.cc(758,1): warning C4305: 'argument': truncation from 'double' to 'float' [C:\Users\Public\jpegview-arm64-build\extras\scripts\libjxl\arm64\lib\jxl_dec-obj.vcxproj]
C:\Users\Public\jpegview-arm64-build\extras\third_party\libjxl\lib\jxl\quant_weights.cc(761,1): warning C4305: 'argument': truncation from 'double' to 'float' [C:\Users\Public\jpegview-arm64-build\extras\scripts\libjxl\arm64\lib\jxl_dec-obj.vcxproj]
C:\Users\Public\jpegview-arm64-build\extras\third_party\libjxl\lib\jxl\quant_weights.cc(764,1): warning C4305: 'argument': truncation from 'double' to 'float' [C:\Users\Public\jpegview-arm64-build\extras\scripts\libjxl\arm64\lib\jxl_dec-obj.vcxproj]
C:\Users\Public\jpegview-arm64-build\extras\third_party\libjxl\lib\jxl\quant_weights.cc(765,1): warning C4305: 'argument': truncation from 'double' to 'float' [C:\Users\Public\jpegview-arm64-build\extras\scripts\libjxl\arm64\lib\jxl_dec-obj.vcxproj]
C:\Users\Public\jpegview-arm64-build\extras\third_party\libjxl\lib\jxl\quant_weights.cc(766,1): warning C4305: 'argument': truncation from 'double' to 'float' [C:\Users\Public\jpegview-arm64-build\extras\scripts\libjxl\arm64\lib\jxl_dec-obj.vcxproj]
C:\Users\Public\jpegview-arm64-build\extras\third_party\libjxl\lib\jxl\quant_weights.cc(767,1): warning C4305: 'argument': truncation from 'double' to 'float' [C:\Users\Public\jpegview-arm64-build\extras\scripts\libjxl\arm64\lib\jxl_dec-obj.vcxproj]
C:\Users\Public\jpegview-arm64-build\extras\third_party\libjxl\lib\jxl\quant_weights.cc(768,1): warning C4305: 'argument': truncation from 'double' to 'float' [C:\Users\Public\jpegview-arm64-build\extras\scripts\libjxl\arm64\lib\jxl_dec-obj.vcxproj]
C:\Users\Public\jpegview-arm64-build\extras\third_party\libjxl\lib\jxl\quant_weights.cc(771,1): warning C4305: 'argument': truncation from 'double' to 'float' [C:\Users\Public\jpegview-arm64-build\extras\scripts\libjxl\arm64\lib\jxl_dec-obj.vcxproj]
C:\Users\Public\jpegview-arm64-build\extras\third_party\libjxl\lib\jxl\quant_weights.cc(780,1): warning C4305: 'argument': truncation from 'double' to 'float' [C:\Users\Public\jpegview-arm64-build\extras\scripts\libjxl\arm64\lib\jxl_dec-obj.vcxproj]
C:\Users\Public\jpegview-arm64-build\extras\third_party\libjxl\lib\jxl\quant_weights.cc(781,1): warning C4305: 'argument': truncation from 'double' to 'float' [C:\Users\Public\jpegview-arm64-build\extras\scripts\libjxl\arm64\lib\jxl_dec-obj.vcxproj]
C:\Users\Public\jpegview-arm64-build\extras\third_party\libjxl\lib\jxl\quant_weights.cc(782,1): warning C4305: 'argument': truncation from 'double' to 'float' [C:\Users\Public\jpegview-arm64-build\extras\scripts\libjxl\arm64\lib\jxl_dec-obj.vcxproj]
C:\Users\Public\jpegview-arm64-build\extras\third_party\libjxl\lib\jxl\quant_weights.cc(783,1): warning C4305: 'argument': truncation from 'double' to 'float' [C:\Users\Public\jpegview-arm64-build\extras\scripts\libjxl\arm64\lib\jxl_dec-obj.vcxproj]
C:\Users\Public\jpegview-arm64-build\extras\third_party\libjxl\lib\jxl\quant_weights.cc(784,1): warning C4305: 'argument': truncation from 'double' to 'float' [C:\Users\Public\jpegview-arm64-build\extras\scripts\libjxl\arm64\lib\jxl_dec-obj.vcxproj]
C:\Users\Public\jpegview-arm64-build\extras\third_party\libjxl\lib\jxl\quant_weights.cc(785,1): warning C4305: 'argument': truncation from 'double' to 'float' [C:\Users\Public\jpegview-arm64-build\extras\scripts\libjxl\arm64\lib\jxl_dec-obj.vcxproj]
C:\Users\Public\jpegview-arm64-build\extras\third_party\libjxl\lib\jxl\quant_weights.cc(786,1): warning C4305: 'argument': truncation from 'double' to 'float' [C:\Users\Public\jpegview-arm64-build\extras\scripts\libjxl\arm64\lib\jxl_dec-obj.vcxproj]
C:\Users\Public\jpegview-arm64-build\extras\third_party\libjxl\lib\jxl\quant_weights.cc(787,1): warning C4305: 'argument': truncation from 'double' to 'float' [C:\Users\Public\jpegview-arm64-build\extras\scripts\libjxl\arm64\lib\jxl_dec-obj.vcxproj]
C:\Users\Public\jpegview-arm64-build\extras\third_party\libjxl\lib\jxl\quant_weights.cc(790,1): warning C4305: 'argument': truncation from 'double' to 'float' [C:\Users\Public\jpegview-arm64-build\extras\scripts\libjxl\arm64\lib\jxl_dec-obj.vcxproj]
C:\Users\Public\jpegview-arm64-build\extras\third_party\libjxl\lib\jxl\quant_weights.cc(791,1): warning C4305: 'argument': truncation from 'double' to 'float' [C:\Users\Public\jpegview-arm64-build\extras\scripts\libjxl\arm64\lib\jxl_dec-obj.vcxproj]
C:\Users\Public\jpegview-arm64-build\extras\third_party\libjxl\lib\jxl\quant_weights.cc(792,1): warning C4305: 'argument': truncation from 'double' to 'float' [C:\Users\Public\jpegview-arm64-build\extras\scripts\libjxl\arm64\lib\jxl_dec-obj.vcxproj]
C:\Users\Public\jpegview-arm64-build\extras\third_party\libjxl\lib\jxl\quant_weights.cc(793,1): warning C4305: 'argument': truncation from 'double' to 'float' [C:\Users\Public\jpegview-arm64-build\extras\scripts\libjxl\arm64\lib\jxl_dec-obj.vcxproj]
C:\Users\Public\jpegview-arm64-build\extras\third_party\libjxl\lib\jxl\quant_weights.cc(794,1): warning C4305: 'argument': truncation from 'double' to 'float' [C:\Users\Public\jpegview-arm64-build\extras\scripts\libjxl\arm64\lib\jxl_dec-obj.vcxproj]
C:\Users\Public\jpegview-arm64-build\extras\third_party\libjxl\lib\jxl\quant_weights.cc(795,1): warning C4305: 'argument': truncation from 'double' to 'float' [C:\Users\Public\jpegview-arm64-build\extras\scripts\libjxl\arm64\lib\jxl_dec-obj.vcxproj]
C:\Users\Public\jpegview-arm64-build\extras\third_party\libjxl\lib\jxl\quant_weights.cc(796,1): warning C4305: 'argument': truncation from 'double' to 'float' [C:\Users\Public\jpegview-arm64-build\extras\scripts\libjxl\arm64\lib\jxl_dec-obj.vcxproj]
C:\Users\Public\jpegview-arm64-build\extras\third_party\libjxl\lib\jxl\quant_weights.cc(797,1): warning C4305: 'argument': truncation from 'double' to 'float' [C:\Users\Public\jpegview-arm64-build\extras\scripts\libjxl\arm64\lib\jxl_dec-obj.vcxproj]
C:\Users\Public\jpegview-arm64-build\extras\third_party\libjxl\lib\jxl\quant_weights.cc(800,1): warning C4305: 'argument': truncation from 'double' to 'float' [C:\Users\Public\jpegview-arm64-build\extras\scripts\libjxl\arm64\lib\jxl_dec-obj.vcxproj]
C:\Users\Public\jpegview-arm64-build\extras\third_party\libjxl\lib\jxl\quant_weights.cc(801,1): warning C4305: 'argument': truncation from 'double' to 'float' [C:\Users\Public\jpegview-arm64-build\extras\scripts\libjxl\arm64\lib\jxl_dec-obj.vcxproj]
C:\Users\Public\jpegview-arm64-build\extras\third_party\libjxl\lib\jxl\quant_weights.cc(802,1): warning C4305: 'argument': truncation from 'double' to 'float' [C:\Users\Public\jpegview-arm64-build\extras\scripts\libjxl\arm64\lib\jxl_dec-obj.vcxproj]
C:\Users\Public\jpegview-arm64-build\extras\third_party\libjxl\lib\jxl\quant_weights.cc(803,1): warning C4305: 'argument': truncation from 'double' to 'float' [C:\Users\Public\jpegview-arm64-build\extras\scripts\libjxl\arm64\lib\jxl_dec-obj.vcxproj]
C:\Users\Public\jpegview-arm64-build\extras\third_party\libjxl\lib\jxl\quant_weights.cc(804,1): warning C4305: 'argument': truncation from 'double' to 'float' [C:\Users\Public\jpegview-arm64-build\extras\scripts\libjxl\arm64\lib\jxl_dec-obj.vcxproj]
C:\Users\Public\jpegview-arm64-build\extras\third_party\libjxl\lib\jxl\quant_weights.cc(805,1): warning C4305: 'argument': truncation from 'double' to 'float' [C:\Users\Public\jpegview-arm64-build\extras\scripts\libjxl\arm64\lib\jxl_dec-obj.vcxproj]
C:\Users\Public\jpegview-arm64-build\extras\third_party\libjxl\lib\jxl\quant_weights.cc(806,1): warning C4305: 'argument': truncation from 'double' to 'float' [C:\Users\Public\jpegview-arm64-build\extras\scripts\libjxl\arm64\lib\jxl_dec-obj.vcxproj]
C:\Users\Public\jpegview-arm64-build\extras\third_party\libjxl\lib\jxl\quant_weights.cc(817,1): warning C4305: 'argument': truncation from 'double' to 'float' [C:\Users\Public\jpegview-arm64-build\extras\scripts\libjxl\arm64\lib\jxl_dec-obj.vcxproj]
C:\Users\Public\jpegview-arm64-build\extras\third_party\libjxl\lib\jxl\quant_weights.cc(818,1): warning C4305: 'argument': truncation from 'double' to 'float' [C:\Users\Public\jpegview-arm64-build\extras\scripts\libjxl\arm64\lib\jxl_dec-obj.vcxproj]
C:\Users\Public\jpegview-arm64-build\extras\third_party\libjxl\lib\jxl\quant_weights.cc(819,1): warning C4305: 'argument': truncation from 'double' to 'float' [C:\Users\Public\jpegview-arm64-build\extras\scripts\libjxl\arm64\lib\jxl_dec-obj.vcxproj]
C:\Users\Public\jpegview-arm64-build\extras\third_party\libjxl\lib\jxl\quant_weights.cc(820,1): warning C4305: 'argument': truncation from 'double' to 'float' [C:\Users\Public\jpegview-arm64-build\extras\scripts\libjxl\arm64\lib\jxl_dec-obj.vcxproj]
C:\Users\Public\jpegview-arm64-build\extras\third_party\libjxl\lib\jxl\quant_weights.cc(823,1): warning C4305: 'argument': truncation from 'double' to 'float' [C:\Users\Public\jpegview-arm64-build\extras\scripts\libjxl\arm64\lib\jxl_dec-obj.vcxproj]
C:\Users\Public\jpegview-arm64-build\extras\third_party\libjxl\lib\jxl\quant_weights.cc(824,1): warning C4305: 'argument': truncation from 'double' to 'float' [C:\Users\Public\jpegview-arm64-build\extras\scripts\libjxl\arm64\lib\jxl_dec-obj.vcxproj]
C:\Users\Public\jpegview-arm64-build\extras\third_party\libjxl\lib\jxl\quant_weights.cc(825,1): warning C4305: 'argument': truncation from 'double' to 'float' [C:\Users\Public\jpegview-arm64-build\extras\scripts\libjxl\arm64\lib\jxl_dec-obj.vcxproj]
C:\Users\Public\jpegview-arm64-build\extras\third_party\libjxl\lib\jxl\quant_weights.cc(826,1): warning C4305: 'argument': truncation from 'double' to 'float' [C:\Users\Public\jpegview-arm64-build\extras\scripts\libjxl\arm64\lib\jxl_dec-obj.vcxproj]
C:\Users\Public\jpegview-arm64-build\extras\third_party\libjxl\lib\jxl\quant_weights.cc(829,1): warning C4305: 'argument': truncation from 'double' to 'float' [C:\Users\Public\jpegview-arm64-build\extras\scripts\libjxl\arm64\lib\jxl_dec-obj.vcxproj]
C:\Users\Public\jpegview-arm64-build\extras\third_party\libjxl\lib\jxl\quant_weights.cc(830,1): warning C4305: 'argument': truncation from 'double' to 'float' [C:\Users\Public\jpegview-arm64-build\extras\scripts\libjxl\arm64\lib\jxl_dec-obj.vcxproj]
C:\Users\Public\jpegview-arm64-build\extras\third_party\libjxl\lib\jxl\quant_weights.cc(831,1): warning C4305: 'argument': truncation from 'double' to 'float' [C:\Users\Public\jpegview-arm64-build\extras\scripts\libjxl\arm64\lib\jxl_dec-obj.vcxproj]
C:\Users\Public\jpegview-arm64-build\extras\third_party\libjxl\lib\jxl\quant_weights.cc(832,1): warning C4305: 'argument': truncation from 'double' to 'float' [C:\Users\Public\jpegview-arm64-build\extras\scripts\libjxl\arm64\lib\jxl_dec-obj.vcxproj]
C:\Users\Public\jpegview-arm64-build\extras\third_party\libjxl\lib\jxl\quant_weights.cc(894,1): warning C4305: 'argument': truncation from 'double' to 'float' [C:\Users\Public\jpegview-arm64-build\extras\scripts\libjxl\arm64\lib\jxl_dec-obj.vcxproj]
C:\Users\Public\jpegview-arm64-build\extras\third_party\libjxl\lib\jxl\quant_weights.cc(895,1): warning C4305: 'argument': truncation from 'double' to 'float' [C:\Users\Public\jpegview-arm64-build\extras\scripts\libjxl\arm64\lib\jxl_dec-obj.vcxproj]
C:\Users\Public\jpegview-arm64-build\extras\third_party\libjxl\lib\jxl\quant_weights.cc(896,1): warning C4305: 'argument': truncation from 'double' to 'float' [C:\Users\Public\jpegview-arm64-build\extras\scripts\libjxl\arm64\lib\jxl_dec-obj.vcxproj]
C:\Users\Public\jpegview-arm64-build\extras\third_party\libjxl\lib\jxl\quant_weights.cc(897,1): warning C4305: 'argument': truncation from 'double' to 'float' [C:\Users\Public\jpegview-arm64-build\extras\scripts\libjxl\arm64\lib\jxl_dec-obj.vcxproj]
C:\Users\Public\jpegview-arm64-build\extras\third_party\libjxl\lib\jxl\quant_weights.cc(898,1): warning C4305: 'argument': truncation from 'double' to 'float' [C:\Users\Public\jpegview-arm64-build\extras\scripts\libjxl\arm64\lib\jxl_dec-obj.vcxproj]
C:\Users\Public\jpegview-arm64-build\extras\third_party\libjxl\lib\jxl\quant_weights.cc(899,1): warning C4305: 'argument': truncation from 'double' to 'float' [C:\Users\Public\jpegview-arm64-build\extras\scripts\libjxl\arm64\lib\jxl_dec-obj.vcxproj]
C:\Users\Public\jpegview-arm64-build\extras\third_party\libjxl\lib\jxl\quant_weights.cc(900,1): warning C4305: 'argument': truncation from 'double' to 'float' [C:\Users\Public\jpegview-arm64-build\extras\scripts\libjxl\arm64\lib\jxl_dec-obj.vcxproj]
C:\Users\Public\jpegview-arm64-build\extras\third_party\libjxl\lib\jxl\quant_weights.cc(901,1): warning C4305: 'argument': truncation from 'double' to 'float' [C:\Users\Public\jpegview-arm64-build\extras\scripts\libjxl\arm64\lib\jxl_dec-obj.vcxproj]
C:\Users\Public\jpegview-arm64-build\extras\third_party\libjxl\lib\jxl\quant_weights.cc(904,1): warning C4305: 'argument': truncation from 'double' to 'float' [C:\Users\Public\jpegview-arm64-build\extras\scripts\libjxl\arm64\lib\jxl_dec-obj.vcxproj]
C:\Users\Public\jpegview-arm64-build\extras\third_party\libjxl\lib\jxl\quant_weights.cc(905,1): warning C4305: 'argument': truncation from 'double' to 'float' [C:\Users\Public\jpegview-arm64-build\extras\scripts\libjxl\arm64\lib\jxl_dec-obj.vcxproj]
C:\Users\Public\jpegview-arm64-build\extras\third_party\libjxl\lib\jxl\quant_weights.cc(906,1): warning C4305: 'argument': truncation from 'double' to 'float' [C:\Users\Public\jpegview-arm64-build\extras\scripts\libjxl\arm64\lib\jxl_dec-obj.vcxproj]
C:\Users\Public\jpegview-arm64-build\extras\third_party\libjxl\lib\jxl\quant_weights.cc(907,1): warning C4305: 'argument': truncation from 'double' to 'float' [C:\Users\Public\jpegview-arm64-build\extras\scripts\libjxl\arm64\lib\jxl_dec-obj.vcxproj]
C:\Users\Public\jpegview-arm64-build\extras\third_party\libjxl\lib\jxl\quant_weights.cc(908,1): warning C4305: 'argument': truncation from 'double' to 'float' [C:\Users\Public\jpegview-arm64-build\extras\scripts\libjxl\arm64\lib\jxl_dec-obj.vcxproj]
C:\Users\Public\jpegview-arm64-build\extras\third_party\libjxl\lib\jxl\quant_weights.cc(909,1): warning C4305: 'argument': truncation from 'double' to 'float' [C:\Users\Public\jpegview-arm64-build\extras\scripts\libjxl\arm64\lib\jxl_dec-obj.vcxproj]
C:\Users\Public\jpegview-arm64-build\extras\third_party\libjxl\lib\jxl\quant_weights.cc(910,1): warning C4305: 'argument': truncation from 'double' to 'float' [C:\Users\Public\jpegview-arm64-build\extras\scripts\libjxl\arm64\lib\jxl_dec-obj.vcxproj]
C:\Users\Public\jpegview-arm64-build\extras\third_party\libjxl\lib\jxl\quant_weights.cc(911,1): warning C4305: 'argument': truncation from 'double' to 'float' [C:\Users\Public\jpegview-arm64-build\extras\scripts\libjxl\arm64\lib\jxl_dec-obj.vcxproj]
C:\Users\Public\jpegview-arm64-build\extras\third_party\libjxl\lib\jxl\quant_weights.cc(914,1): warning C4305: 'argument': truncation from 'double' to 'float' [C:\Users\Public\jpegview-arm64-build\extras\scripts\libjxl\arm64\lib\jxl_dec-obj.vcxproj]
C:\Users\Public\jpegview-arm64-build\extras\third_party\libjxl\lib\jxl\quant_weights.cc(915,1): warning C4305: 'argument': truncation from 'double' to 'float' [C:\Users\Public\jpegview-arm64-build\extras\scripts\libjxl\arm64\lib\jxl_dec-obj.vcxproj]
C:\Users\Public\jpegview-arm64-build\extras\third_party\libjxl\lib\jxl\quant_weights.cc(916,1): warning C4305: 'argument': truncation from 'double' to 'float' [C:\Users\Public\jpegview-arm64-build\extras\scripts\libjxl\arm64\lib\jxl_dec-obj.vcxproj]
C:\Users\Public\jpegview-arm64-build\extras\third_party\libjxl\lib\jxl\quant_weights.cc(917,1): warning C4305: 'argument': truncation from 'double' to 'float' [C:\Users\Public\jpegview-arm64-build\extras\scripts\libjxl\arm64\lib\jxl_dec-obj.vcxproj]
C:\Users\Public\jpegview-arm64-build\extras\third_party\libjxl\lib\jxl\quant_weights.cc(918,1): warning C4305: 'argument': truncation from 'double' to 'float' [C:\Users\Public\jpegview-arm64-build\extras\scripts\libjxl\arm64\lib\jxl_dec-obj.vcxproj]
C:\Users\Public\jpegview-arm64-build\extras\third_party\libjxl\lib\jxl\quant_weights.cc(919,1): warning C4305: 'argument': truncation from 'double' to 'float' [C:\Users\Public\jpegview-arm64-build\extras\scripts\libjxl\arm64\lib\jxl_dec-obj.vcxproj]
C:\Users\Public\jpegview-arm64-build\extras\third_party\libjxl\lib\jxl\quant_weights.cc(920,1): warning C4305: 'argument': truncation from 'double' to 'float' [C:\Users\Public\jpegview-arm64-build\extras\scripts\libjxl\arm64\lib\jxl_dec-obj.vcxproj]
C:\Users\Public\jpegview-arm64-build\extras\third_party\libjxl\lib\jxl\quant_weights.cc(930,1): warning C4305: 'argument': truncation from 'double' to 'float' [C:\Users\Public\jpegview-arm64-build\extras\scripts\libjxl\arm64\lib\jxl_dec-obj.vcxproj]
C:\Users\Public\jpegview-arm64-build\extras\third_party\libjxl\lib\jxl\quant_weights.cc(931,1): warning C4305: 'argument': truncation from 'double' to 'float' [C:\Users\Public\jpegview-arm64-build\extras\scripts\libjxl\arm64\lib\jxl_dec-obj.vcxproj]
C:\Users\Public\jpegview-arm64-build\extras\third_party\libjxl\lib\jxl\quant_weights.cc(932,1): warning C4305: 'argument': truncation from 'double' to 'float' [C:\Users\Public\jpegview-arm64-build\extras\scripts\libjxl\arm64\lib\jxl_dec-obj.vcxproj]
C:\Users\Public\jpegview-arm64-build\extras\third_party\libjxl\lib\jxl\quant_weights.cc(933,1): warning C4305: 'argument': truncation from 'double' to 'float' [C:\Users\Public\jpegview-arm64-build\extras\scripts\libjxl\arm64\lib\jxl_dec-obj.vcxproj]
C:\Users\Public\jpegview-arm64-build\extras\third_party\libjxl\lib\jxl\quant_weights.cc(934,1): warning C4305: 'argument': truncation from 'double' to 'float' [C:\Users\Public\jpegview-arm64-build\extras\scripts\libjxl\arm64\lib\jxl_dec-obj.vcxproj]
C:\Users\Public\jpegview-arm64-build\extras\third_party\libjxl\lib\jxl\quant_weights.cc(935,1): warning C4305: 'argument': truncation from 'double' to 'float' [C:\Users\Public\jpegview-arm64-build\extras\scripts\libjxl\arm64\lib\jxl_dec-obj.vcxproj]
C:\Users\Public\jpegview-arm64-build\extras\third_party\libjxl\lib\jxl\quant_weights.cc(936,1): warning C4305: 'argument': truncation from 'double' to 'float' [C:\Users\Public\jpegview-arm64-build\extras\scripts\libjxl\arm64\lib\jxl_dec-obj.vcxproj]
C:\Users\Public\jpegview-arm64-build\extras\third_party\libjxl\lib\jxl\quant_weights.cc(937,1): warning C4305: 'argument': truncation from 'double' to 'float' [C:\Users\Public\jpegview-arm64-build\extras\scripts\libjxl\arm64\lib\jxl_dec-obj.vcxproj]
C:\Users\Public\jpegview-arm64-build\extras\third_party\libjxl\lib\jxl\quant_weights.cc(940,1): warning C4305: 'argument': truncation from 'double' to 'float' [C:\Users\Public\jpegview-arm64-build\extras\scripts\libjxl\arm64\lib\jxl_dec-obj.vcxproj]
C:\Users\Public\jpegview-arm64-build\extras\third_party\libjxl\lib\jxl\quant_weights.cc(941,1): warning C4305: 'argument': truncation from 'double' to 'float' [C:\Users\Public\jpegview-arm64-build\extras\scripts\libjxl\arm64\lib\jxl_dec-obj.vcxproj]
C:\Users\Public\jpegview-arm64-build\extras\third_party\libjxl\lib\jxl\quant_weights.cc(942,1): warning C4305: 'argument': truncation from 'double' to 'float' [C:\Users\Public\jpegview-arm64-build\extras\scripts\libjxl\arm64\lib\jxl_dec-obj.vcxproj]
C:\Users\Public\jpegview-arm64-build\extras\third_party\libjxl\lib\jxl\quant_weights.cc(943,1): warning C4305: 'argument': truncation from 'double' to 'float' [C:\Users\Public\jpegview-arm64-build\extras\scripts\libjxl\arm64\lib\jxl_dec-obj.vcxproj]
C:\Users\Public\jpegview-arm64-build\extras\third_party\libjxl\lib\jxl\quant_weights.cc(944,1): warning C4305: 'argument': truncation from 'double' to 'float' [C:\Users\Public\jpegview-arm64-build\extras\scripts\libjxl\arm64\lib\jxl_dec-obj.vcxproj]
C:\Users\Public\jpegview-arm64-build\extras\third_party\libjxl\lib\jxl\quant_weights.cc(945,1): warning C4305: 'argument': truncation from 'double' to 'float' [C:\Users\Public\jpegview-arm64-build\extras\scripts\libjxl\arm64\lib\jxl_dec-obj.vcxproj]
C:\Users\Public\jpegview-arm64-build\extras\third_party\libjxl\lib\jxl\quant_weights.cc(946,1): warning C4305: 'argument': truncation from 'double' to 'float' [C:\Users\Public\jpegview-arm64-build\extras\scripts\libjxl\arm64\lib\jxl_dec-obj.vcxproj]
C:\Users\Public\jpegview-arm64-build\extras\third_party\libjxl\lib\jxl\quant_weights.cc(947,1): warning C4305: 'argument': truncation from 'double' to 'float' [C:\Users\Public\jpegview-arm64-build\extras\scripts\libjxl\arm64\lib\jxl_dec-obj.vcxproj]
C:\Users\Public\jpegview-arm64-build\extras\third_party\libjxl\lib\jxl\quant_weights.cc(950,1): warning C4305: 'argument': truncation from 'double' to 'float' [C:\Users\Public\jpegview-arm64-build\extras\scripts\libjxl\arm64\lib\jxl_dec-obj.vcxproj]
C:\Users\Public\jpegview-arm64-build\extras\third_party\libjxl\lib\jxl\quant_weights.cc(951,1): warning C4305: 'argument': truncation from 'double' to 'float' [C:\Users\Public\jpegview-arm64-build\extras\scripts\libjxl\arm64\lib\jxl_dec-obj.vcxproj]
C:\Users\Public\jpegview-arm64-build\extras\third_party\libjxl\lib\jxl\quant_weights.cc(952,1): warning C4305: 'argument': truncation from 'double' to 'float' [C:\Users\Public\jpegview-arm64-build\extras\scripts\libjxl\arm64\lib\jxl_dec-obj.vcxproj]
C:\Users\Public\jpegview-arm64-build\extras\third_party\libjxl\lib\jxl\quant_weights.cc(953,1): warning C4305: 'argument': truncation from 'double' to 'float' [C:\Users\Public\jpegview-arm64-build\extras\scripts\libjxl\arm64\lib\jxl_dec-obj.vcxproj]
C:\Users\Public\jpegview-arm64-build\extras\third_party\libjxl\lib\jxl\quant_weights.cc(954,1): warning C4305: 'argument': truncation from 'double' to 'float' [C:\Users\Public\jpegview-arm64-build\extras\scripts\libjxl\arm64\lib\jxl_dec-obj.vcxproj]
C:\Users\Public\jpegview-arm64-build\extras\third_party\libjxl\lib\jxl\quant_weights.cc(955,1): warning C4305: 'argument': truncation from 'double' to 'float' [C:\Users\Public\jpegview-arm64-build\extras\scripts\libjxl\arm64\lib\jxl_dec-obj.vcxproj]
C:\Users\Public\jpegview-arm64-build\extras\third_party\libjxl\lib\jxl\quant_weights.cc(956,1): warning C4305: 'argument': truncation from 'double' to 'float' [C:\Users\Public\jpegview-arm64-build\extras\scripts\libjxl\arm64\lib\jxl_dec-obj.vcxproj]
C:\Users\Public\jpegview-arm64-build\extras\third_party\libjxl\lib\jxl\quant_weights.cc(965,1): warning C4305: 'argument': truncation from 'double' to 'float' [C:\Users\Public\jpegview-arm64-build\extras\scripts\libjxl\arm64\lib\jxl_dec-obj.vcxproj]
C:\Users\Public\jpegview-arm64-build\extras\third_party\libjxl\lib\jxl\quant_weights.cc(966,1): warning C4305: 'argument': truncation from 'double' to 'float' [C:\Users\Public\jpegview-arm64-build\extras\scripts\libjxl\arm64\lib\jxl_dec-obj.vcxproj]
C:\Users\Public\jpegview-arm64-build\extras\third_party\libjxl\lib\jxl\quant_weights.cc(967,1): warning C4305: 'argument': truncation from 'double' to 'float' [C:\Users\Public\jpegview-arm64-build\extras\scripts\libjxl\arm64\lib\jxl_dec-obj.vcxproj]
C:\Users\Public\jpegview-arm64-build\extras\third_party\libjxl\lib\jxl\quant_weights.cc(968,1): warning C4305: 'argument': truncation from 'double' to 'float' [C:\Users\Public\jpegview-arm64-build\extras\scripts\libjxl\arm64\lib\jxl_dec-obj.vcxproj]
C:\Users\Public\jpegview-arm64-build\extras\third_party\libjxl\lib\jxl\quant_weights.cc(969,1): warning C4305: 'argument': truncation from 'double' to 'float' [C:\Users\Public\jpegview-arm64-build\extras\scripts\libjxl\arm64\lib\jxl_dec-obj.vcxproj]
C:\Users\Public\jpegview-arm64-build\extras\third_party\libjxl\lib\jxl\quant_weights.cc(970,1): warning C4305: 'argument': truncation from 'double' to 'float' [C:\Users\Public\jpegview-arm64-build\extras\scripts\libjxl\arm64\lib\jxl_dec-obj.vcxproj]
C:\Users\Public\jpegview-arm64-build\extras\third_party\libjxl\lib\jxl\quant_weights.cc(971,1): warning C4305: 'argument': truncation from 'double' to 'float' [C:\Users\Public\jpegview-arm64-build\extras\scripts\libjxl\arm64\lib\jxl_dec-obj.vcxproj]
C:\Users\Public\jpegview-arm64-build\extras\third_party\libjxl\lib\jxl\quant_weights.cc(972,1): warning C4305: 'argument': truncation from 'double' to 'float' [C:\Users\Public\jpegview-arm64-build\extras\scripts\libjxl\arm64\lib\jxl_dec-obj.vcxproj]
C:\Users\Public\jpegview-arm64-build\extras\third_party\libjxl\lib\jxl\quant_weights.cc(975,1): warning C4305: 'argument': truncation from 'double' to 'float' [C:\Users\Public\jpegview-arm64-build\extras\scripts\libjxl\arm64\lib\jxl_dec-obj.vcxproj]
C:\Users\Public\jpegview-arm64-build\extras\third_party\libjxl\lib\jxl\quant_weights.cc(976,1): warning C4305: 'argument': truncation from 'double' to 'float' [C:\Users\Public\jpegview-arm64-build\extras\scripts\libjxl\arm64\lib\jxl_dec-obj.vcxproj]
C:\Users\Public\jpegview-arm64-build\extras\third_party\libjxl\lib\jxl\quant_weights.cc(977,1): warning C4305: 'argument': truncation from 'double' to 'float' [C:\Users\Public\jpegview-arm64-build\extras\scripts\libjxl\arm64\lib\jxl_dec-obj.vcxproj]
C:\Users\Public\jpegview-arm64-build\extras\third_party\libjxl\lib\jxl\quant_weights.cc(978,1): warning C4305: 'argument': truncation from 'double' to 'float' [C:\Users\Public\jpegview-arm64-build\extras\scripts\libjxl\arm64\lib\jxl_dec-obj.vcxproj]
C:\Users\Public\jpegview-arm64-build\extras\third_party\libjxl\lib\jxl\quant_weights.cc(979,1): warning C4305: 'argument': truncation from 'double' to 'float' [C:\Users\Public\jpegview-arm64-build\extras\scripts\libjxl\arm64\lib\jxl_dec-obj.vcxproj]
C:\Users\Public\jpegview-arm64-build\extras\third_party\libjxl\lib\jxl\quant_weights.cc(980,1): warning C4305: 'argument': truncation from 'double' to 'float' [C:\Users\Public\jpegview-arm64-build\extras\scripts\libjxl\arm64\lib\jxl_dec-obj.vcxproj]
C:\Users\Public\jpegview-arm64-build\extras\third_party\libjxl\lib\jxl\quant_weights.cc(981,1): warning C4305: 'argument': truncation from 'double' to 'float' [C:\Users\Public\jpegview-arm64-build\extras\scripts\libjxl\arm64\lib\jxl_dec-obj.vcxproj]
C:\Users\Public\jpegview-arm64-build\extras\third_party\libjxl\lib\jxl\quant_weights.cc(982,1): warning C4305: 'argument': truncation from 'double' to 'float' [C:\Users\Public\jpegview-arm64-build\extras\scripts\libjxl\arm64\lib\jxl_dec-obj.vcxproj]
C:\Users\Public\jpegview-arm64-build\extras\third_party\libjxl\lib\jxl\quant_weights.cc(985,1): warning C4305: 'argument': truncation from 'double' to 'float' [C:\Users\Public\jpegview-arm64-build\extras\scripts\libjxl\arm64\lib\jxl_dec-obj.vcxproj]
C:\Users\Public\jpegview-arm64-build\extras\third_party\libjxl\lib\jxl\quant_weights.cc(986,1): warning C4305: 'argument': truncation from 'double' to 'float' [C:\Users\Public\jpegview-arm64-build\extras\scripts\libjxl\arm64\lib\jxl_dec-obj.vcxproj]
C:\Users\Public\jpegview-arm64-build\extras\third_party\libjxl\lib\jxl\quant_weights.cc(987,1): warning C4305: 'argument': truncation from 'double' to 'float' [C:\Users\Public\jpegview-arm64-build\extras\scripts\libjxl\arm64\lib\jxl_dec-obj.vcxproj]
C:\Users\Public\jpegview-arm64-build\extras\third_party\libjxl\lib\jxl\quant_weights.cc(988,1): warning C4305: 'argument': truncation from 'double' to 'float' [C:\Users\Public\jpegview-arm64-build\extras\scripts\libjxl\arm64\lib\jxl_dec-obj.vcxproj]
C:\Users\Public\jpegview-arm64-build\extras\third_party\libjxl\lib\jxl\quant_weights.cc(989,1): warning C4305: 'argument': truncation from 'double' to 'float' [C:\Users\Public\jpegview-arm64-build\extras\scripts\libjxl\arm64\lib\jxl_dec-obj.vcxproj]
C:\Users\Public\jpegview-arm64-build\extras\third_party\libjxl\lib\jxl\quant_weights.cc(990,1): warning C4305: 'argument': truncation from 'double' to 'float' [C:\Users\Public\jpegview-arm64-build\extras\scripts\libjxl\arm64\lib\jxl_dec-obj.vcxproj]
C:\Users\Public\jpegview-arm64-build\extras\third_party\libjxl\lib\jxl\quant_weights.cc(991,1): warning C4305: 'argument': truncation from 'double' to 'float' [C:\Users\Public\jpegview-arm64-build\extras\scripts\libjxl\arm64\lib\jxl_dec-obj.vcxproj]
C:\Users\Public\jpegview-arm64-build\extras\third_party\libjxl\lib\jxl\quant_weights.cc(1001,1): warning C4305: 'argument': truncation from 'double' to 'float' [C:\Users\Public\jpegview-arm64-build\extras\scripts\libjxl\arm64\lib\jxl_dec-obj.vcxproj]
C:\Users\Public\jpegview-arm64-build\extras\third_party\libjxl\lib\jxl\quant_weights.cc(1002,1): warning C4305: 'argument': truncation from 'double' to 'float' [C:\Users\Public\jpegview-arm64-build\extras\scripts\libjxl\arm64\lib\jxl_dec-obj.vcxproj]
C:\Users\Public\jpegview-arm64-build\extras\third_party\libjxl\lib\jxl\quant_weights.cc(1003,1): warning C4305: 'argument': truncation from 'double' to 'float' [C:\Users\Public\jpegview-arm64-build\extras\scripts\libjxl\arm64\lib\jxl_dec-obj.vcxproj]
C:\Users\Public\jpegview-arm64-build\extras\third_party\libjxl\lib\jxl\quant_weights.cc(1004,1): warning C4305: 'argument': truncation from 'double' to 'float' [C:\Users\Public\jpegview-arm64-build\extras\scripts\libjxl\arm64\lib\jxl_dec-obj.vcxproj]
C:\Users\Public\jpegview-arm64-build\extras\third_party\libjxl\lib\jxl\quant_weights.cc(1005,1): warning C4305: 'argument': truncation from 'double' to 'float' [C:\Users\Public\jpegview-arm64-build\extras\scripts\libjxl\arm64\lib\jxl_dec-obj.vcxproj]
C:\Users\Public\jpegview-arm64-build\extras\third_party\libjxl\lib\jxl\quant_weights.cc(1006,1): warning C4305: 'argument': truncation from 'double' to 'float' [C:\Users\Public\jpegview-arm64-build\extras\scripts\libjxl\arm64\lib\jxl_dec-obj.vcxproj]
C:\Users\Public\jpegview-arm64-build\extras\third_party\libjxl\lib\jxl\quant_weights.cc(1007,1): warning C4305: 'argument': truncation from 'double' to 'float' [C:\Users\Public\jpegview-arm64-build\extras\scripts\libjxl\arm64\lib\jxl_dec-obj.vcxproj]
C:\Users\Public\jpegview-arm64-build\extras\third_party\libjxl\lib\jxl\quant_weights.cc(1008,1): warning C4305: 'argument': truncation from 'double' to 'float' [C:\Users\Public\jpegview-arm64-build\extras\scripts\libjxl\arm64\lib\jxl_dec-obj.vcxproj]
C:\Users\Public\jpegview-arm64-build\extras\third_party\libjxl\lib\jxl\quant_weights.cc(1011,1): warning C4305: 'argument': truncation from 'double' to 'float' [C:\Users\Public\jpegview-arm64-build\extras\scripts\libjxl\arm64\lib\jxl_dec-obj.vcxproj]
C:\Users\Public\jpegview-arm64-build\extras\third_party\libjxl\lib\jxl\quant_weights.cc(1012,1): warning C4305: 'argument': truncation from 'double' to 'float' [C:\Users\Public\jpegview-arm64-build\extras\scripts\libjxl\arm64\lib\jxl_dec-obj.vcxproj]
C:\Users\Public\jpegview-arm64-build\extras\third_party\libjxl\lib\jxl\quant_weights.cc(1013,1): warning C4305: 'argument': truncation from 'double' to 'float' [C:\Users\Public\jpegview-arm64-build\extras\scripts\libjxl\arm64\lib\jxl_dec-obj.vcxproj]
C:\Users\Public\jpegview-arm64-build\extras\third_party\libjxl\lib\jxl\quant_weights.cc(1014,1): warning C4305: 'argument': truncation from 'double' to 'float' [C:\Users\Public\jpegview-arm64-build\extras\scripts\libjxl\arm64\lib\jxl_dec-obj.vcxproj]
C:\Users\Public\jpegview-arm64-build\extras\third_party\libjxl\lib\jxl\quant_weights.cc(1015,1): warning C4305: 'argument': truncation from 'double' to 'float' [C:\Users\Public\jpegview-arm64-build\extras\scripts\libjxl\arm64\lib\jxl_dec-obj.vcxproj]
C:\Users\Public\jpegview-arm64-build\extras\third_party\libjxl\lib\jxl\quant_weights.cc(1016,1): warning C4305: 'argument': truncation from 'double' to 'float' [C:\Users\Public\jpegview-arm64-build\extras\scripts\libjxl\arm64\lib\jxl_dec-obj.vcxproj]
C:\Users\Public\jpegview-arm64-build\extras\third_party\libjxl\lib\jxl\quant_weights.cc(1017,1): warning C4305: 'argument': truncation from 'double' to 'float' [C:\Users\Public\jpegview-arm64-build\extras\scripts\libjxl\arm64\lib\jxl_dec-obj.vcxproj]
C:\Users\Public\jpegview-arm64-build\extras\third_party\libjxl\lib\jxl\quant_weights.cc(1018,1): warning C4305: 'argument': truncation from 'double' to 'float' [C:\Users\Public\jpegview-arm64-build\extras\scripts\libjxl\arm64\lib\jxl_dec-obj.vcxproj]
C:\Users\Public\jpegview-arm64-build\extras\third_party\libjxl\lib\jxl\quant_weights.cc(1021,1): warning C4305: 'argument': truncation from 'double' to 'float' [C:\Users\Public\jpegview-arm64-build\extras\scripts\libjxl\arm64\lib\jxl_dec-obj.vcxproj]
C:\Users\Public\jpegview-arm64-build\extras\third_party\libjxl\lib\jxl\quant_weights.cc(1022,1): warning C4305: 'argument': truncation from 'double' to 'float' [C:\Users\Public\jpegview-arm64-build\extras\scripts\libjxl\arm64\lib\jxl_dec-obj.vcxproj]
C:\Users\Public\jpegview-arm64-build\extras\third_party\libjxl\lib\jxl\quant_weights.cc(1023,1): warning C4305: 'argument': truncation from 'double' to 'float' [C:\Users\Public\jpegview-arm64-build\extras\scripts\libjxl\arm64\lib\jxl_dec-obj.vcxproj]
C:\Users\Public\jpegview-arm64-build\extras\third_party\libjxl\lib\jxl\quant_weights.cc(1024,1): warning C4305: 'argument': truncation from 'double' to 'float' [C:\Users\Public\jpegview-arm64-build\extras\scripts\libjxl\arm64\lib\jxl_dec-obj.vcxproj]
C:\Users\Public\jpegview-arm64-build\extras\third_party\libjxl\lib\jxl\quant_weights.cc(1025,1): warning C4305: 'argument': truncation from 'double' to 'float' [C:\Users\Public\jpegview-arm64-build\extras\scripts\libjxl\arm64\lib\jxl_dec-obj.vcxproj]
C:\Users\Public\jpegview-arm64-build\extras\third_party\libjxl\lib\jxl\quant_weights.cc(1026,1): warning C4305: 'argument': truncation from 'double' to 'float' [C:\Users\Public\jpegview-arm64-build\extras\scripts\libjxl\arm64\lib\jxl_dec-obj.vcxproj]
C:\Users\Public\jpegview-arm64-build\extras\third_party\libjxl\lib\jxl\quant_weights.cc(1027,1): warning C4305: 'argument': truncation from 'double' to 'float' [C:\Users\Public\jpegview-arm64-build\extras\scripts\libjxl\arm64\lib\jxl_dec-obj.vcxproj]
C:\Users\Public\jpegview-arm64-build\extras\third_party\libjxl\lib\jxl\quant_weights.cc(1036,1): warning C4305: 'argument': truncation from 'double' to 'float' [C:\Users\Public\jpegview-arm64-build\extras\scripts\libjxl\arm64\lib\jxl_dec-obj.vcxproj]
C:\Users\Public\jpegview-arm64-build\extras\third_party\libjxl\lib\jxl\quant_weights.cc(1037,1): warning C4305: 'argument': truncation from 'double' to 'float' [C:\Users\Public\jpegview-arm64-build\extras\scripts\libjxl\arm64\lib\jxl_dec-obj.vcxproj]
C:\Users\Public\jpegview-arm64-build\extras\third_party\libjxl\lib\jxl\quant_weights.cc(1038,1): warning C4305: 'argument': truncation from 'double' to 'float' [C:\Users\Public\jpegview-arm64-build\extras\scripts\libjxl\arm64\lib\jxl_dec-obj.vcxproj]
C:\Users\Public\jpegview-arm64-build\extras\third_party\libjxl\lib\jxl\quant_weights.cc(1039,1): warning C4305: 'argument': truncation from 'double' to 'float' [C:\Users\Public\jpegview-arm64-build\extras\scripts\libjxl\arm64\lib\jxl_dec-obj.vcxproj]
C:\Users\Public\jpegview-arm64-build\extras\third_party\libjxl\lib\jxl\quant_weights.cc(1040,1): warning C4305: 'argument': truncation from 'double' to 'float' [C:\Users\Public\jpegview-arm64-build\extras\scripts\libjxl\arm64\lib\jxl_dec-obj.vcxproj]
C:\Users\Public\jpegview-arm64-build\extras\third_party\libjxl\lib\jxl\quant_weights.cc(1041,1): warning C4305: 'argument': truncation from 'double' to 'float' [C:\Users\Public\jpegview-arm64-build\extras\scripts\libjxl\arm64\lib\jxl_dec-obj.vcxproj]
C:\Users\Public\jpegview-arm64-build\extras\third_party\libjxl\lib\jxl\quant_weights.cc(1042,1): warning C4305: 'argument': truncation from 'double' to 'float' [C:\Users\Public\jpegview-arm64-build\extras\scripts\libjxl\arm64\lib\jxl_dec-obj.vcxproj]
C:\Users\Public\jpegview-arm64-build\extras\third_party\libjxl\lib\jxl\quant_weights.cc(1043,1): warning C4305: 'argument': truncation from 'double' to 'float' [C:\Users\Public\jpegview-arm64-build\extras\scripts\libjxl\arm64\lib\jxl_dec-obj.vcxproj]
C:\Users\Public\jpegview-arm64-build\extras\third_party\libjxl\lib\jxl\quant_weights.cc(1046,1): warning C4305: 'argument': truncation from 'double' to 'float' [C:\Users\Public\jpegview-arm64-build\extras\scripts\libjxl\arm64\lib\jxl_dec-obj.vcxproj]
C:\Users\Public\jpegview-arm64-build\extras\third_party\libjxl\lib\jxl\quant_weights.cc(1047,1): warning C4305: 'argument': truncation from 'double' to 'float' [C:\Users\Public\jpegview-arm64-build\extras\scripts\libjxl\arm64\lib\jxl_dec-obj.vcxproj]
C:\Users\Public\jpegview-arm64-build\extras\third_party\libjxl\lib\jxl\quant_weights.cc(1048,1): warning C4305: 'argument': truncation from 'double' to 'float' [C:\Users\Public\jpegview-arm64-build\extras\scripts\libjxl\arm64\lib\jxl_dec-obj.vcxproj]
C:\Users\Public\jpegview-arm64-build\extras\third_party\libjxl\lib\jxl\quant_weights.cc(1049,1): warning C4305: 'argument': truncation from 'double' to 'float' [C:\Users\Public\jpegview-arm64-build\extras\scripts\libjxl\arm64\lib\jxl_dec-obj.vcxproj]
C:\Users\Public\jpegview-arm64-build\extras\third_party\libjxl\lib\jxl\quant_weights.cc(1050,1): warning C4305: 'argument': truncation from 'double' to 'float' [C:\Users\Public\jpegview-arm64-build\extras\scripts\libjxl\arm64\lib\jxl_dec-obj.vcxproj]
C:\Users\Public\jpegview-arm64-build\extras\third_party\libjxl\lib\jxl\quant_weights.cc(1051,1): warning C4305: 'argument': truncation from 'double' to 'float' [C:\Users\Public\jpegview-arm64-build\extras\scripts\libjxl\arm64\lib\jxl_dec-obj.vcxproj]
C:\Users\Public\jpegview-arm64-build\extras\third_party\libjxl\lib\jxl\quant_weights.cc(1052,1): warning C4305: 'argument': truncation from 'double' to 'float' [C:\Users\Public\jpegview-arm64-build\extras\scripts\libjxl\arm64\lib\jxl_dec-obj.vcxproj]
C:\Users\Public\jpegview-arm64-build\extras\third_party\libjxl\lib\jxl\quant_weights.cc(1053,1): warning C4305: 'argument': truncation from 'double' to 'float' [C:\Users\Public\jpegview-arm64-build\extras\scripts\libjxl\arm64\lib\jxl_dec-obj.vcxproj]
C:\Users\Public\jpegview-arm64-build\extras\third_party\libjxl\lib\jxl\quant_weights.cc(1056,1): warning C4305: 'argument': truncation from 'double' to 'float' [C:\Users\Public\jpegview-arm64-build\extras\scripts\libjxl\arm64\lib\jxl_dec-obj.vcxproj]
C:\Users\Public\jpegview-arm64-build\extras\third_party\libjxl\lib\jxl\quant_weights.cc(1057,1): warning C4305: 'argument': truncation from 'double' to 'float' [C:\Users\Public\jpegview-arm64-build\extras\scripts\libjxl\arm64\lib\jxl_dec-obj.vcxproj]
C:\Users\Public\jpegview-arm64-build\extras\third_party\libjxl\lib\jxl\quant_weights.cc(1058,1): warning C4305: 'argument': truncation from 'double' to 'float' [C:\Users\Public\jpegview-arm64-build\extras\scripts\libjxl\arm64\lib\jxl_dec-obj.vcxproj]
C:\Users\Public\jpegview-arm64-build\extras\third_party\libjxl\lib\jxl\quant_weights.cc(1059,1): warning C4305: 'argument': truncation from 'double' to 'float' [C:\Users\Public\jpegview-arm64-build\extras\scripts\libjxl\arm64\lib\jxl_dec-obj.vcxproj]
C:\Users\Public\jpegview-arm64-build\extras\third_party\libjxl\lib\jxl\quant_weights.cc(1060,1): warning C4305: 'argument': truncation from 'double' to 'float' [C:\Users\Public\jpegview-arm64-build\extras\scripts\libjxl\arm64\lib\jxl_dec-obj.vcxproj]
C:\Users\Public\jpegview-arm64-build\extras\third_party\libjxl\lib\jxl\quant_weights.cc(1061,1): warning C4305: 'argument': truncation from 'double' to 'float' [C:\Users\Public\jpegview-arm64-build\extras\scripts\libjxl\arm64\lib\jxl_dec-obj.vcxproj]
C:\Users\Public\jpegview-arm64-build\extras\third_party\libjxl\lib\jxl\quant_weights.cc(1062,1): warning C4305: 'argument': truncation from 'double' to 'float' [C:\Users\Public\jpegview-arm64-build\extras\scripts\libjxl\arm64\lib\jxl_dec-obj.vcxproj]
C:\Users\Public\jpegview-arm64-build\extras\third_party\libjxl\lib\jxl\quant_weights.cc(1072,1): warning C4305: 'argument': truncation from 'double' to 'float' [C:\Users\Public\jpegview-arm64-build\extras\scripts\libjxl\arm64\lib\jxl_dec-obj.vcxproj]
C:\Users\Public\jpegview-arm64-build\extras\third_party\libjxl\lib\jxl\quant_weights.cc(1073,1): warning C4305: 'argument': truncation from 'double' to 'float' [C:\Users\Public\jpegview-arm64-build\extras\scripts\libjxl\arm64\lib\jxl_dec-obj.vcxproj]
C:\Users\Public\jpegview-arm64-build\extras\third_party\libjxl\lib\jxl\quant_weights.cc(1074,1): warning C4305: 'argument': truncation from 'double' to 'float' [C:\Users\Public\jpegview-arm64-build\extras\scripts\libjxl\arm64\lib\jxl_dec-obj.vcxproj]
C:\Users\Public\jpegview-arm64-build\extras\third_party\libjxl\lib\jxl\quant_weights.cc(1075,1): warning C4305: 'argument': truncation from 'double' to 'float' [C:\Users\Public\jpegview-arm64-build\extras\scripts\libjxl\arm64\lib\jxl_dec-obj.vcxproj]
C:\Users\Public\jpegview-arm64-build\extras\third_party\libjxl\lib\jxl\quant_weights.cc(1076,1): warning C4305: 'argument': truncation from 'double' to 'float' [C:\Users\Public\jpegview-arm64-build\extras\scripts\libjxl\arm64\lib\jxl_dec-obj.vcxproj]
C:\Users\Public\jpegview-arm64-build\extras\third_party\libjxl\lib\jxl\quant_weights.cc(1077,1): warning C4305: 'argument': truncation from 'double' to 'float' [C:\Users\Public\jpegview-arm64-build\extras\scripts\libjxl\arm64\lib\jxl_dec-obj.vcxproj]
C:\Users\Public\jpegview-arm64-build\extras\third_party\libjxl\lib\jxl\quant_weights.cc(1078,1): warning C4305: 'argument': truncation from 'double' to 'float' [C:\Users\Public\jpegview-arm64-build\extras\scripts\libjxl\arm64\lib\jxl_dec-obj.vcxproj]
C:\Users\Public\jpegview-arm64-build\extras\third_party\libjxl\lib\jxl\quant_weights.cc(1079,1): warning C4305: 'argument': truncation from 'double' to 'float' [C:\Users\Public\jpegview-arm64-build\extras\scripts\libjxl\arm64\lib\jxl_dec-obj.vcxproj]
C:\Users\Public\jpegview-arm64-build\extras\third_party\libjxl\lib\jxl\quant_weights.cc(1082,1): warning C4305: 'argument': truncation from 'double' to 'float' [C:\Users\Public\jpegview-arm64-build\extras\scripts\libjxl\arm64\lib\jxl_dec-obj.vcxproj]
C:\Users\Public\jpegview-arm64-build\extras\third_party\libjxl\lib\jxl\quant_weights.cc(1083,1): warning C4305: 'argument': truncation from 'double' to 'float' [C:\Users\Public\jpegview-arm64-build\extras\scripts\libjxl\arm64\lib\jxl_dec-obj.vcxproj]
C:\Users\Public\jpegview-arm64-build\extras\third_party\libjxl\lib\jxl\quant_weights.cc(1084,1): warning C4305: 'argument': truncation from 'double' to 'float' [C:\Users\Public\jpegview-arm64-build\extras\scripts\libjxl\arm64\lib\jxl_dec-obj.vcxproj]
C:\Users\Public\jpegview-arm64-build\extras\third_party\libjxl\lib\jxl\quant_weights.cc(1085,1): warning C4305: 'argument': truncation from 'double' to 'float' [C:\Users\Public\jpegview-arm64-build\extras\scripts\libjxl\arm64\lib\jxl_dec-obj.vcxproj]
C:\Users\Public\jpegview-arm64-build\extras\third_party\libjxl\lib\jxl\quant_weights.cc(1086,1): warning C4305: 'argument': truncation from 'double' to 'float' [C:\Users\Public\jpegview-arm64-build\extras\scripts\libjxl\arm64\lib\jxl_dec-obj.vcxproj]
C:\Users\Public\jpegview-arm64-build\extras\third_party\libjxl\lib\jxl\quant_weights.cc(1087,1): warning C4305: 'argument': truncation from 'double' to 'float' [C:\Users\Public\jpegview-arm64-build\extras\scripts\libjxl\arm64\lib\jxl_dec-obj.vcxproj]
C:\Users\Public\jpegview-arm64-build\extras\third_party\libjxl\lib\jxl\quant_weights.cc(1088,1): warning C4305: 'argument': truncation from 'double' to 'float' [C:\Users\Public\jpegview-arm64-build\extras\scripts\libjxl\arm64\lib\jxl_dec-obj.vcxproj]
C:\Users\Public\jpegview-arm64-build\extras\third_party\libjxl\lib\jxl\quant_weights.cc(1089,1): warning C4305: 'argument': truncation from 'double' to 'float' [C:\Users\Public\jpegview-arm64-build\extras\scripts\libjxl\arm64\lib\jxl_dec-obj.vcxproj]
C:\Users\Public\jpegview-arm64-build\extras\third_party\libjxl\lib\jxl\quant_weights.cc(1092,1): warning C4305: 'argument': truncation from 'double' to 'float' [C:\Users\Public\jpegview-arm64-build\extras\scripts\libjxl\arm64\lib\jxl_dec-obj.vcxproj]
C:\Users\Public\jpegview-arm64-build\extras\third_party\libjxl\lib\jxl\quant_weights.cc(1093,1): warning C4305: 'argument': truncation from 'double' to 'float' [C:\Users\Public\jpegview-arm64-build\extras\scripts\libjxl\arm64\lib\jxl_dec-obj.vcxproj]
C:\Users\Public\jpegview-arm64-build\extras\third_party\libjxl\lib\jxl\quant_weights.cc(1094,1): warning C4305: 'argument': truncation from 'double' to 'float' [C:\Users\Public\jpegview-arm64-build\extras\scripts\libjxl\arm64\lib\jxl_dec-obj.vcxproj]
C:\Users\Public\jpegview-arm64-build\extras\third_party\libjxl\lib\jxl\quant_weights.cc(1095,1): warning C4305: 'argument': truncation from 'double' to 'float' [C:\Users\Public\jpegview-arm64-build\extras\scripts\libjxl\arm64\lib\jxl_dec-obj.vcxproj]
C:\Users\Public\jpegview-arm64-build\extras\third_party\libjxl\lib\jxl\quant_weights.cc(1096,1): warning C4305: 'argument': truncation from 'double' to 'float' [C:\Users\Public\jpegview-arm64-build\extras\scripts\libjxl\arm64\lib\jxl_dec-obj.vcxproj]
C:\Users\Public\jpegview-arm64-build\extras\third_party\libjxl\lib\jxl\quant_weights.cc(1097,1): warning C4305: 'argument': truncation from 'double' to 'float' [C:\Users\Public\jpegview-arm64-build\extras\scripts\libjxl\arm64\lib\jxl_dec-obj.vcxproj]
C:\Users\Public\jpegview-arm64-build\extras\third_party\libjxl\lib\jxl\quant_weights.cc(1098,1): warning C4305: 'argument': truncation from 'double' to 'float' [C:\Users\Public\jpegview-arm64-build\extras\scripts\libjxl\arm64\lib\jxl_dec-obj.vcxproj]
C:\Users\Public\jpegview-arm64-build\extras\third_party\libjxl\lib/jxl/dec_ans.h(252,1): warning C4267: 'return': conversion from 'size_t' to 'uint32_t', possible loss of data [C:\Users\Public\jpegview-arm64-build\extras\scripts\libjxl\arm64\lib\jxl_dec-obj.vcxproj]
C:\Users\Public\jpegview-arm64-build\extras\third_party\libjxl\lib/jxl/dec_ans.h(288): message : see reference to function template instantiation 'uint32_t jxl::ANSSymbolReader::ReadHybridUintConfig<jxl::BitReader>(const jxl::HybridUintConfig &,size_t,BitReader *)' being compiled [C:\Users\Public\jpegview-arm64-build\extras\scripts\libjxl\arm64\lib\jxl_dec-obj.vcxproj]
          with
          [
              BitReader=jxl::BitReader
          ]
C:\Users\Public\jpegview-arm64-build\extras\third_party\libjxl\lib/jxl/dec_ans.h(254,1): warning C4267: 'initializing': conversion from 'size_t' to 'uint32_t', possible loss of data [C:\Users\Public\jpegview-arm64-build\extras\scripts\libjxl\arm64\lib\jxl_dec-obj.vcxproj]
C:\Users\Public\jpegview-arm64-build\extras\third_party\libjxl\lib/jxl/dec_ans.h(268,1): warning C4334: '<<': result of 32-bit shift implicitly converted to 64 bits (was 64-bit shift intended?) [C:\Users\Public\jpegview-arm64-build\extras\scripts\libjxl\arm64\lib\jxl_dec-obj.vcxproj]
C:\Users\Public\jpegview-arm64-build\extras\third_party\libjxl\lib/jxl/modular/encoding/context_predict.h(497,1): warning C4267: '=': conversion from 'size_t' to '_Ty', possible loss of data [C:\Users\Public\jpegview-arm64-build\extras\scripts\libjxl\arm64\lib\jxl_dec-obj.vcxproj]
          with
          [
              _Ty=int
          ]
C:\Users\Public\jpegview-arm64-build\extras\third_party\libjxl\lib/jxl/modular/encoding/context_predict.h(559): message : see reference to function template instantiation 'jxl::PredictionResult jxl::detail::Predict<0>(jxl::Properties *,size_t,const jxl::pixel_type *__restrict ,const intptr_t,const size_t,const size_t,jxl::Predictor,const jxl::MATreeLookup *,const jxl::Channel *,jxl::weighted::State *,jxl::pixel_type_w *)' being compiled [C:\Users\Public\jpegview-arm64-build\extras\scripts\libjxl\arm64\lib\jxl_dec-obj.vcxproj]
C:\Users\Public\jpegview-arm64-build\extras\third_party\libjxl\lib/jxl/modular/encoding/context_predict.h(499,26): warning C4244: '=': conversion from 'jxl::pixel_type_w' to '_Ty', possible loss of data [C:\Users\Public\jpegview-arm64-build\extras\scripts\libjxl\arm64\lib\jxl_dec-obj.vcxproj]
          with
          [
              _Ty=int
          ]
C:\Users\Public\jpegview-arm64-build\extras\third_party\libjxl\lib/jxl/modular/encoding/context_predict.h(500,27): warning C4244: '=': conversion from 'jxl::pixel_type_w' to '_Ty', possible loss of data [C:\Users\Public\jpegview-arm64-build\extras\scripts\libjxl\arm64\lib\jxl_dec-obj.vcxproj]
          with
          [
              _Ty=int
          ]
C:\Users\Public\jpegview-arm64-build\extras\third_party\libjxl\lib/jxl/modular/encoding/context_predict.h(501,22): warning C4244: '=': conversion from 'jxl::pixel_type_w' to '_Ty', possible loss of data [C:\Users\Public\jpegview-arm64-build\extras\scripts\libjxl\arm64\lib\jxl_dec-obj.vcxproj]
          with
          [
              _Ty=int
          ]
C:\Users\Public\jpegview-arm64-build\extras\third_party\libjxl\lib/jxl/modular/encoding/context_predict.h(502,22): warning C4244: '=': conversion from 'jxl::pixel_type_w' to '_Ty', possible loss of data [C:\Users\Public\jpegview-arm64-build\extras\scripts\libjxl\arm64\lib\jxl_dec-obj.vcxproj]
          with
          [
              _Ty=int
          ]
C:\Users\Public\jpegview-arm64-build\extras\third_party\libjxl\lib/jxl/modular/encoding/context_predict.h(505,25): warning C4244: '=': conversion from 'jxl::pixel_type_w' to '_Ty', possible loss of data [C:\Users\Public\jpegview-arm64-build\extras\scripts\libjxl\arm64\lib\jxl_dec-obj.vcxproj]
          with
          [
              _Ty=int
          ]
C:\Users\Public\jpegview-arm64-build\extras\third_party\libjxl\lib/jxl/modular/encoding/context_predict.h(508,33): warning C4244: '=': conversion from 'jxl::pixel_type_w' to '_Ty', possible loss of data [C:\Users\Public\jpegview-arm64-build\extras\scripts\libjxl\arm64\lib\jxl_dec-obj.vcxproj]
          with
          [
              _Ty=int
          ]
C:\Users\Public\jpegview-arm64-build\extras\third_party\libjxl\lib/jxl/modular/encoding/context_predict.h(511,27): warning C4244: '=': conversion from 'jxl::pixel_type_w' to '_Ty', possible loss of data [C:\Users\Public\jpegview-arm64-build\extras\scripts\libjxl\arm64\lib\jxl_dec-obj.vcxproj]
          with
          [
              _Ty=int
          ]
C:\Users\Public\jpegview-arm64-build\extras\third_party\libjxl\lib/jxl/modular/encoding/context_predict.h(512,30): warning C4244: '=': conversion from 'jxl::pixel_type_w' to '_Ty', possible loss of data [C:\Users\Public\jpegview-arm64-build\extras\scripts\libjxl\arm64\lib\jxl_dec-obj.vcxproj]
          with
          [
              _Ty=int
          ]
C:\Users\Public\jpegview-arm64-build\extras\third_party\libjxl\lib/jxl/modular/encoding/context_predict.h(513,26): warning C4244: '=': conversion from 'jxl::pixel_type_w' to '_Ty', possible loss of data [C:\Users\Public\jpegview-arm64-build\extras\scripts\libjxl\arm64\lib\jxl_dec-obj.vcxproj]
          with
          [
              _Ty=int
          ]
C:\Users\Public\jpegview-arm64-build\extras\third_party\libjxl\lib/jxl/modular/encoding/context_predict.h(514,26): warning C4244: '=': conversion from 'jxl::pixel_type_w' to '_Ty', possible loss of data [C:\Users\Public\jpegview-arm64-build\extras\scripts\libjxl\arm64\lib\jxl_dec-obj.vcxproj]
          with
          [
              _Ty=int
          ]
C:\Users\Public\jpegview-arm64-build\extras\third_party\libjxl\lib/jxl/modular/encoding/context_predict.h(515,27): warning C4244: '=': conversion from 'jxl::pixel_type_w' to '_Ty', possible loss of data [C:\Users\Public\jpegview-arm64-build\extras\scripts\libjxl\arm64\lib\jxl_dec-obj.vcxproj]
          with
          [
              _Ty=int
          ]
C:\Users\Public\jpegview-arm64-build\extras\third_party\libjxl\lib/jxl/modular/encoding/context_predict.h(485,1): warning C4305: 'initializing': truncation from 'int' to 'const bool' [C:\Users\Public\jpegview-arm64-build\extras\scripts\libjxl\arm64\lib\jxl_dec-obj.vcxproj]
C:\Users\Public\jpegview-arm64-build\extras\third_party\libjxl\lib/jxl/modular/encoding/context_predict.h(589): message : see reference to function template instantiation 'jxl::PredictionResult jxl::detail::Predict<17>(jxl::Properties *,size_t,const jxl::pixel_type *__restrict ,const intptr_t,const size_t,const size_t,jxl::Predictor,const jxl::MATreeLookup *,const jxl::Channel *,jxl::weighted::State *,jxl::pixel_type_w *)' being compiled [C:\Users\Public\jpegview-arm64-build\extras\scripts\libjxl\arm64\lib\jxl_dec-obj.vcxproj]
C:\Users\Public\jpegview-arm64-build\extras\third_party\libjxl\lib/jxl/dec_ans.h(314,1): warning C4267: '=': conversion from 'size_t' to 'uint32_t', possible loss of data [C:\Users\Public\jpegview-arm64-build\extras\scripts\libjxl\arm64\lib\jxl_dec-obj.vcxproj]
C:\Users\Public\jpegview-arm64-build\extras\third_party\libjxl\lib/jxl/dec_ans.h(369): message : see reference to function template instantiation 'size_t jxl::ANSSymbolReader::ReadHybridUintClusteredInlined<true>(size_t,jxl::BitReader *__restrict )' being compiled [C:\Users\Public\jpegview-arm64-build\extras\scripts\libjxl\arm64\lib\jxl_dec-obj.vcxproj]
C:\Users\Public\jpegview-arm64-build\extras\third_party\libjxl\lib/jxl/dec_ans.h(394): message : see reference to function template instantiation 'size_t jxl::ANSSymbolReader::ReadHybridUintClustered<true>(size_t,jxl::BitReader *__restrict )' being compiled [C:\Users\Public\jpegview-arm64-build\extras\scripts\libjxl\arm64\lib\jxl_dec-obj.vcxproj]
C:\Users\Public\jpegview-arm64-build\extras\third_party\libjxl\lib/jxl/dec_ans.h(341,1): warning C4267: '=': conversion from 'size_t' to 'uint32_t', possible loss of data [C:\Users\Public\jpegview-arm64-build\extras\scripts\libjxl\arm64\lib\jxl_dec-obj.vcxproj]
C:\Users\Public\jpegview-arm64-build\extras\third_party\libjxl\lib/jxl/dec_ans.h(356,1): warning C4267: '=': conversion from 'size_t' to 'uint32_t', possible loss of data [C:\Users\Public\jpegview-arm64-build\extras\scripts\libjxl\arm64\lib\jxl_dec-obj.vcxproj]
C:\Users\Public\jpegview-arm64-build\extras\third_party\libjxl\lib/jxl/dec_ans.h(362,1): warning C4267: '=': conversion from 'size_t' to 'uint32_t', possible loss of data [C:\Users\Public\jpegview-arm64-build\extras\scripts\libjxl\arm64\lib\jxl_dec-obj.vcxproj]
C:\Users\Public\jpegview-arm64-build\extras\third_party\libjxl\lib/jxl/modular/encoding/context_predict.h(161,33): warning C4244: '=': conversion from 'jxl::pixel_type_w' to '_Ty', possible loss of data [C:\Users\Public\jpegview-arm64-build\extras\scripts\libjxl\arm64\lib\jxl_dec-obj.vcxproj]
          with
          [
              _Ty=int
          ]
C:\Users\Public\jpegview-arm64-build\extras\third_party\libjxl\lib/jxl/modular/encoding/context_predict.h(521): message : see reference to function template instantiation 'jxl::pixel_type_w jxl::weighted::State::Predict<false>(size_t,size_t,size_t,jxl::pixel_type_w,jxl::pixel_type_w,jxl::pixel_type_w,jxl::pixel_type_w,jxl::pixel_type_w,jxl::Properties *,size_t)' being compiled [C:\Users\Public\jpegview-arm64-build\extras\scripts\libjxl\arm64\lib\jxl_dec-obj.vcxproj]
C:\Users\Public\jpegview-arm64-build\extras\third_party\libjxl\lib/jxl/modular/encoding/context_predict.h(559): message : see reference to function template instantiation 'jxl::PredictionResult jxl::detail::Predict<0>(jxl::Properties *,size_t,const jxl::pixel_type *__restrict ,const intptr_t,const size_t,const size_t,jxl::Predictor,const jxl::MATreeLookup *,const jxl::Channel *,jxl::weighted::State *,jxl::pixel_type_w *)' being compiled [C:\Users\Public\jpegview-arm64-build\extras\scripts\libjxl\arm64\lib\jxl_dec-obj.vcxproj]
  quantizer.cc
C:\Users\Public\jpegview-arm64-build\extras\third_party\libjxl\lib/jxl/base/status.h(132,47): warning C4646: function declared with 'noreturn' has non-void return type [C:\Users\Public\jpegview-arm64-build\extras\scripts\libjxl\arm64\lib\jxl_dec-obj.vcxproj]
C:\Users\Public\jpegview-arm64-build\extras\third_party\libjxl\lib/jxl/quantizer.h(86,41): warning C4244: '=': conversion from 'double' to 'float', possible loss of data [C:\Users\Public\jpegview-arm64-build\extras\scripts\libjxl\arm64\lib\jxl_dec-obj.vcxproj]
C:\Users\Public\jpegview-arm64-build\extras\third_party\libjxl\lib/jxl/quantizer.h(87,49): warning C4244: '=': conversion from 'double' to 'float', possible loss of data [C:\Users\Public\jpegview-arm64-build\extras\scripts\libjxl\arm64\lib\jxl_dec-obj.vcxproj]
  low_memory_render_pipeline.cc
C:\Users\Public\jpegview-arm64-build\extras\third_party\libjxl\lib/jxl/base/status.h(132,47): warning C4646: function declared with 'noreturn' has non-void return type [C:\Users\Public\jpegview-arm64-build\extras\scripts\libjxl\arm64\lib\jxl_dec-obj.vcxproj]
C:\Users\Public\jpegview-arm64-build\extras\third_party\libjxl\lib/jxl/frame_header.h(105,1): warning C4267: '=': conversion from 'size_t' to 'uint32_t', possible loss of data [C:\Users\Public\jpegview-arm64-build\extras\scripts\libjxl\arm64\lib\jxl_dec-obj.vcxproj]
C:\Users\Public\jpegview-arm64-build\extras\third_party\libjxl\lib\jxl\render_pipeline\low_memory_render_pipeline.cc(22,61): warning C4334: '<<': result of 32-bit shift implicitly converted to 64 bits (was 64-bit shift intended?) [C:\Users\Public\jpegview-arm64-build\extras\scripts\libjxl\arm64\lib\jxl_dec-obj.vcxproj]
C:\Users\Public\jpegview-arm64-build\extras\third_party\libjxl\lib\jxl\render_pipeline\low_memory_render_pipeline.cc(23,72): warning C4334: '<<': result of 32-bit shift implicitly converted to 64 bits (was 64-bit shift intended?) [C:\Users\Public\jpegview-arm64-build\extras\scripts\libjxl\arm64\lib\jxl_dec-obj.vcxproj]
C:\Users\Public\jpegview-arm64-build\extras\third_party\libjxl\lib\jxl\render_pipeline\low_memory_render_pipeline.cc(231,75): warning C4334: '<<': result of 32-bit shift implicitly converted to 64 bits (was 64-bit shift intended?) [C:\Users\Public\jpegview-arm64-build\extras\scripts\libjxl\arm64\lib\jxl_dec-obj.vcxproj]
C:\Users\Public\jpegview-arm64-build\extras\third_party\libjxl\lib\jxl\render_pipeline\low_memory_render_pipeline.cc(236,76): warning C4334: '<<': result of 32-bit shift implicitly converted to 64 bits (was 64-bit shift intended?) [C:\Users\Public\jpegview-arm64-build\extras\scripts\libjxl\arm64\lib\jxl_dec-obj.vcxproj]
C:\Users\Public\jpegview-arm64-build\extras\third_party\libjxl\lib\jxl\render_pipeline\low_memory_render_pipeline.cc(311,21): warning C4267: '=': conversion from 'size_t' to '_Ty', possible loss of data [C:\Users\Public\jpegview-arm64-build\extras\scripts\libjxl\arm64\lib\jxl_dec-obj.vcxproj]
          with
          [
              _Ty=int32_t
          ]
C:\Users\Public\jpegview-arm64-build\extras\third_party\libjxl\lib\jxl\render_pipeline\low_memory_render_pipeline.cc(323,18): warning C4267: '=': conversion from 'size_t' to 'int', possible loss of data [C:\Users\Public\jpegview-arm64-build\extras\scripts\libjxl\arm64\lib\jxl_dec-obj.vcxproj]
C:\Users\Public\jpegview-arm64-build\extras\third_party\libjxl\lib\jxl\render_pipeline\low_memory_render_pipeline.cc(352,47): warning C4267: '=': conversion from 'size_t' to 'int', possible loss of data [C:\Users\Public\jpegview-arm64-build\extras\scripts\libjxl\arm64\lib\jxl_dec-obj.vcxproj]
C:\Users\Public\jpegview-arm64-build\extras\third_party\libjxl\lib\jxl\render_pipeline\low_memory_render_pipeline.cc(354,46): warning C4267: '=': conversion from 'size_t' to 'int', possible loss of data [C:\Users\Public\jpegview-arm64-build\extras\scripts\libjxl\arm64\lib\jxl_dec-obj.vcxproj]
C:\Users\Public\jpegview-arm64-build\extras\third_party\libjxl\lib\jxl\render_pipeline\low_memory_render_pipeline.cc(376,46): warning C4334: '<<': result of 32-bit shift implicitly converted to 64 bits (was 64-bit shift intended?) [C:\Users\Public\jpegview-arm64-build\extras\scripts\libjxl\arm64\lib\jxl_dec-obj.vcxproj]
C:\Users\Public\jpegview-arm64-build\extras\third_party\libjxl\lib\jxl\render_pipeline\low_memory_render_pipeline.cc(391,71): warning C4334: '<<': result of 32-bit shift implicitly converted to 64 bits (was 64-bit shift intended?) [C:\Users\Public\jpegview-arm64-build\extras\scripts\libjxl\arm64\lib\jxl_dec-obj.vcxproj]
C:\Users\Public\jpegview-arm64-build\extras\third_party\libjxl\lib\jxl\render_pipeline\low_memory_render_pipeline.cc(392,72): warning C4334: '<<': result of 32-bit shift implicitly converted to 64 bits (was 64-bit shift intended?) [C:\Users\Public\jpegview-arm64-build\extras\scripts\libjxl\arm64\lib\jxl_dec-obj.vcxproj]
C:\Users\Public\jpegview-arm64-build\extras\third_party\libjxl\lib\jxl\render_pipeline\low_memory_render_pipeline.cc(444,18): warning C4244: 'return': conversion from 'int64_t' to 'int', possible loss of data [C:\Users\Public\jpegview-arm64-build\extras\scripts\libjxl\arm64\lib\jxl_dec-obj.vcxproj]
C:\Users\Public\jpegview-arm64-build\extras\third_party\libjxl\lib\jxl\render_pipeline\low_memory_render_pipeline.cc(448,49): warning C4244: 'return': conversion from 'ssize_t' to 'int', possible loss of data [C:\Users\Public\jpegview-arm64-build\extras\scripts\libjxl\arm64\lib\jxl_dec-obj.vcxproj]
C:\Users\Public\jpegview-arm64-build\extras\third_party\libjxl\lib\jxl\render_pipeline\low_memory_render_pipeline.cc(511,1): warning C4267: '=': conversion from 'size_t' to 'int', possible loss of data [C:\Users\Public\jpegview-arm64-build\extras\scripts\libjxl\arm64\lib\jxl_dec-obj.vcxproj]
C:\Users\Public\jpegview-arm64-build\extras\third_party\libjxl\lib\jxl\render_pipeline\low_memory_render_pipeline.cc(609,47): warning C4267: 'argument': conversion from 'size_t' to 'int', possible loss of data [C:\Users\Public\jpegview-arm64-build\extras\scripts\libjxl\arm64\lib\jxl_dec-obj.vcxproj]
C:\Users\Public\jpegview-arm64-build\extras\third_party\libjxl\lib\jxl\render_pipeline\low_memory_render_pipeline.cc(632,47): warning C4244: 'argument': conversion from 'ssize_t' to 'int', possible loss of data [C:\Users\Public\jpegview-arm64-build\extras\scripts\libjxl\arm64\lib\jxl_dec-obj.vcxproj]
C:\Users\Public\jpegview-arm64-build\extras\third_party\libjxl\lib\jxl\render_pipeline\low_memory_render_pipeline.cc(635,1): warning C4267: 'argument': conversion from 'size_t' to 'int', possible loss of data [C:\Users\Public\jpegview-arm64-build\extras\scripts\libjxl\arm64\lib\jxl_dec-obj.vcxproj]
C:\Users\Public\jpegview-arm64-build\extras\third_party\libjxl\lib\jxl\render_pipeline\low_memory_render_pipeline.cc(661,1): warning C4334: '<<': result of 32-bit shift implicitly converted to 64 bits (was 64-bit shift intended?) [C:\Users\Public\jpegview-arm64-build\extras\scripts\libjxl\arm64\lib\jxl_dec-obj.vcxproj]
C:\Users\Public\jpegview-arm64-build\extras\third_party\libjxl\lib\jxl\render_pipeline\low_memory_render_pipeline.cc(662,1): warning C4267: 'argument': conversion from 'size_t' to 'int', possible loss of data [C:\Users\Public\jpegview-arm64-build\extras\scripts\libjxl\arm64\lib\jxl_dec-obj.vcxproj]
C:\Users\Public\jpegview-arm64-build\extras\third_party\libjxl\lib/jxl/image.h(315,1): warning C4334: '<<': result of 32-bit shift implicitly converted to 64 bits (was 64-bit shift intended?) [C:\Users\Public\jpegview-arm64-build\extras\scripts\libjxl\arm64\lib\jxl_dec-obj.vcxproj]
C:\Users\Public\jpegview-arm64-build\extras\third_party\libjxl\lib/jxl/image.h(314): message : while compiling class template member function 'jxl::RectT<ssize_t> jxl::RectT<ssize_t>::CeilShiftRight(size_t,size_t) const' [C:\Users\Public\jpegview-arm64-build\extras\scripts\libjxl\arm64\lib\jxl_dec-obj.vcxproj]
C:\Users\Public\jpegview-arm64-build\extras\third_party\libjxl\lib/jxl/image.h(322): message : see reference to function template instantiation 'jxl::RectT<ssize_t> jxl::RectT<ssize_t>::CeilShiftRight(size_t,size_t) const' being compiled [C:\Users\Public\jpegview-arm64-build\extras\scripts\libjxl\arm64\lib\jxl_dec-obj.vcxproj]
C:\Users\Public\jpegview-arm64-build\extras\third_party\libjxl\lib\jxl\render_pipeline\low_memory_render_pipeline.cc(401): message : see reference to class template instantiation 'jxl::RectT<ssize_t>' being compiled [C:\Users\Public\jpegview-arm64-build\extras\scripts\libjxl\arm64\lib\jxl_dec-obj.vcxproj]
C:\Users\Public\jpegview-arm64-build\extras\third_party\libjxl\lib/jxl/image.h(316,1): warning C4334: '<<': result of 32-bit shift implicitly converted to 64 bits (was 64-bit shift intended?) [C:\Users\Public\jpegview-arm64-build\extras\scripts\libjxl\arm64\lib\jxl_dec-obj.vcxproj]
C:\Users\Public\jpegview-arm64-build\extras\third_party\libjxl\lib/jxl/image.h(317,1): warning C4334: '<<': result of 32-bit shift implicitly converted to 64 bits (was 64-bit shift intended?) [C:\Users\Public\jpegview-arm64-build\extras\scripts\libjxl\arm64\lib\jxl_dec-obj.vcxproj]
C:\Users\Public\jpegview-arm64-build\extras\third_party\libjxl\lib/jxl/image.h(308,1): warning C4334: '<<': result of 32-bit shift implicitly converted to 64 bits (was 64-bit shift intended?) [C:\Users\Public\jpegview-arm64-build\extras\scripts\libjxl\arm64\lib\jxl_dec-obj.vcxproj]
C:\Users\Public\jpegview-arm64-build\extras\third_party\libjxl\lib/jxl/image.h(307): message : while compiling class template member function 'jxl::RectT<ssize_t> jxl::RectT<ssize_t>::ShiftLeft(size_t,size_t) const' [C:\Users\Public\jpegview-arm64-build\extras\scripts\libjxl\arm64\lib\jxl_dec-obj.vcxproj]
C:\Users\Public\jpegview-arm64-build\extras\third_party\libjxl\lib/jxl/image.h(311): message : see reference to function template instantiation 'jxl::RectT<ssize_t> jxl::RectT<ssize_t>::ShiftLeft(size_t,size_t) const' being compiled [C:\Users\Public\jpegview-arm64-build\extras\scripts\libjxl\arm64\lib\jxl_dec-obj.vcxproj]
  render_pipeline.cc
C:\Users\Public\jpegview-arm64-build\extras\third_party\libjxl\lib/jxl/base/status.h(132,47): warning C4646: function declared with 'noreturn' has non-void return type [C:\Users\Public\jpegview-arm64-build\extras\scripts\libjxl\arm64\lib\jxl_dec-obj.vcxproj]
C:\Users\Public\jpegview-arm64-build\extras\third_party\libjxl\lib/jxl/frame_header.h(105,1): warning C4267: '=': conversion from 'size_t' to 'uint32_t', possible loss of data [C:\Users\Public\jpegview-arm64-build\extras\scripts\libjxl\arm64\lib\jxl_dec-obj.vcxproj]
  simple_render_pipeline.cc
C:\Users\Public\jpegview-arm64-build\extras\third_party\libjxl\lib/jxl/base/status.h(132,47): warning C4646: function declared with 'noreturn' has non-void return type [C:\Users\Public\jpegview-arm64-build\extras\scripts\libjxl\arm64\lib\jxl_dec-obj.vcxproj]
C:\Users\Public\jpegview-arm64-build\extras\third_party\libjxl\lib/jxl/frame_header.h(105,1): warning C4267: '=': conversion from 'size_t' to 'uint32_t', possible loss of data [C:\Users\Public\jpegview-arm64-build\extras\scripts\libjxl\arm64\lib\jxl_dec-obj.vcxproj]
C:\Users\Public\jpegview-arm64-build\extras\third_party\libjxl\lib\jxl\render_pipeline\simple_render_pipeline.cc(164,47): warning C4267: 'initializing': conversion from 'size_t' to 'int', possible loss of data [C:\Users\Public\jpegview-arm64-build\extras\scripts\libjxl\arm64\lib\jxl_dec-obj.vcxproj]
C:\Users\Public\jpegview-arm64-build\extras\third_party\libjxl\lib\jxl\render_pipeline\simple_render_pipeline.cc(180,62): warning C4334: '<<': result of 32-bit shift implicitly converted to 64 bits (was 64-bit shift intended?) [C:\Users\Public\jpegview-arm64-build\extras\scripts\libjxl\arm64\lib\jxl_dec-obj.vcxproj]
  stage_blending.cc
C:\Users\Public\jpegview-arm64-build\extras\third_party\libjxl\lib/jxl/base/status.h(132,47): warning C4646: function declared with 'noreturn' has non-void return type [C:\Users\Public\jpegview-arm64-build\extras\scripts\libjxl\arm64\lib\jxl_dec-obj.vcxproj]
C:\Users\Public\jpegview-arm64-build\extras\third_party\libjxl\lib/jxl/ac_context.h(112,1): warning C4267: 'return': conversion from 'size_t' to 'uint32_t', possible loss of data [C:\Users\Public\jpegview-arm64-build\extras\scripts\libjxl\arm64\lib\jxl_dec-obj.vcxproj]
C:\Users\Public\jpegview-arm64-build\extras\third_party\libjxl\lib/jxl/ac_context.h(124,1): warning C4267: 'return': conversion from 'size_t' to 'uint32_t', possible loss of data [C:\Users\Public\jpegview-arm64-build\extras\scripts\libjxl\arm64\lib\jxl_dec-obj.vcxproj]
C:\Users\Public\jpegview-arm64-build\extras\third_party\libjxl\lib/jxl/ac_context.h(137,1): warning C4267: 'return': conversion from 'size_t' to 'uint32_t', possible loss of data [C:\Users\Public\jpegview-arm64-build\extras\scripts\libjxl\arm64\lib\jxl_dec-obj.vcxproj]
C:\Users\Public\jpegview-arm64-build\extras\third_party\libjxl\lib/jxl/chroma_from_luma.h(120,41): warning C4244: 'return': conversion from 'const uint32_t' to 'float', possible loss of data [C:\Users\Public\jpegview-arm64-build\extras\scripts\libjxl\arm64\lib\jxl_dec-obj.vcxproj]
C:\Users\Public\jpegview-arm64-build\extras\third_party\libjxl\lib/jxl/frame_header.h(105,1): warning C4267: '=': conversion from 'size_t' to 'uint32_t', possible loss of data [C:\Users\Public\jpegview-arm64-build\extras\scripts\libjxl\arm64\lib\jxl_dec-obj.vcxproj]
C:\Users\Public\jpegview-arm64-build\extras\third_party\libjxl\lib/jxl/quantizer.h(86,41): warning C4244: '=': conversion from 'double' to 'float', possible loss of data [C:\Users\Public\jpegview-arm64-build\extras\scripts\libjxl\arm64\lib\jxl_dec-obj.vcxproj]
C:\Users\Public\jpegview-arm64-build\extras\third_party\libjxl\lib/jxl/quantizer.h(87,49): warning C4244: '=': conversion from 'double' to 'float', possible loss of data [C:\Users\Public\jpegview-arm64-build\extras\scripts\libjxl\arm64\lib\jxl_dec-obj.vcxproj]
C:\Users\Public\jpegview-arm64-build\extras\third_party\libjxl\lib/jxl/dec_ans.h(78,1): warning C4267: 'initializing': conversion from 'size_t' to 'uint32_t', possible loss of data [C:\Users\Public\jpegview-arm64-build\extras\scripts\libjxl\arm64\lib\jxl_dec-obj.vcxproj]
C:\Users\Public\jpegview-arm64-build\extras\third_party\libjxl\lib/jxl/dec_ans.h(175,1): warning C4267: '=': conversion from 'size_t' to 'uint32_t', possible loss of data [C:\Users\Public\jpegview-arm64-build\extras\scripts\libjxl\arm64\lib\jxl_dec-obj.vcxproj]
C:\Users\Public\jpegview-arm64-build\extras\third_party\libjxl\lib/jxl/dec_ans.h(197,1): warning C4267: '=': conversion from 'size_t' to 'uint32_t', possible loss of data [C:\Users\Public\jpegview-arm64-build\extras\scripts\libjxl\arm64\lib\jxl_dec-obj.vcxproj]
C:\Users\Public\jpegview-arm64-build\extras\third_party\libjxl\lib/jxl/dec_ans.h(411,1): warning C4267: '=': conversion from 'size_t' to 'uint32_t', possible loss of data [C:\Users\Public\jpegview-arm64-build\extras\scripts\libjxl\arm64\lib\jxl_dec-obj.vcxproj]
C:\Users\Public\jpegview-arm64-build\extras\third_party\libjxl\lib/jxl/dec_ans.h(414,1): warning C4267: '=': conversion from 'size_t' to 'uint32_t', possible loss of data [C:\Users\Public\jpegview-arm64-build\extras\scripts\libjxl\arm64\lib\jxl_dec-obj.vcxproj]
C:\Users\Public\jpegview-arm64-build\extras\third_party\libjxl\lib/jxl/dec_cache.h(203,1): warning C4334: '<<': result of 32-bit shift implicitly converted to 64 bits (was 64-bit shift intended?) [C:\Users\Public\jpegview-arm64-build\extras\scripts\libjxl\arm64\lib\jxl_dec-obj.vcxproj]
C:\Users\Public\jpegview-arm64-build\extras\third_party\libjxl\lib\jxl\render_pipeline\stage_blending.cc(132,1): warning C4244: '-=': conversion from 'ssize_t' to 'int', possible loss of data [C:\Users\Public\jpegview-arm64-build\extras\scripts\libjxl\arm64\lib\jxl_dec-obj.vcxproj]
C:\Users\Public\jpegview-arm64-build\extras\third_party\libjxl\lib/jxl/dec_ans.h(252,1): warning C4267: 'return': conversion from 'size_t' to 'uint32_t', possible loss of data [C:\Users\Public\jpegview-arm64-build\extras\scripts\libjxl\arm64\lib\jxl_dec-obj.vcxproj]
C:\Users\Public\jpegview-arm64-build\extras\third_party\libjxl\lib/jxl/dec_ans.h(288): message : see reference to function template instantiation 'uint32_t jxl::ANSSymbolReader::ReadHybridUintConfig<jxl::BitReader>(const jxl::HybridUintConfig &,size_t,BitReader *)' being compiled [C:\Users\Public\jpegview-arm64-build\extras\scripts\libjxl\arm64\lib\jxl_dec-obj.vcxproj]
          with
          [
              BitReader=jxl::BitReader
          ]
C:\Users\Public\jpegview-arm64-build\extras\third_party\libjxl\lib/jxl/dec_ans.h(254,1): warning C4267: 'initializing': conversion from 'size_t' to 'uint32_t', possible loss of data [C:\Users\Public\jpegview-arm64-build\extras\scripts\libjxl\arm64\lib\jxl_dec-obj.vcxproj]
C:\Users\Public\jpegview-arm64-build\extras\third_party\libjxl\lib/jxl/dec_ans.h(268,1): warning C4334: '<<': result of 32-bit shift implicitly converted to 64 bits (was 64-bit shift intended?) [C:\Users\Public\jpegview-arm64-build\extras\scripts\libjxl\arm64\lib\jxl_dec-obj.vcxproj]
C:\Users\Public\jpegview-arm64-build\extras\third_party\libjxl\lib/jxl/dec_ans.h(314,1): warning C4267: '=': conversion from 'size_t' to 'uint32_t', possible loss of data [C:\Users\Public\jpegview-arm64-build\extras\scripts\libjxl\arm64\lib\jxl_dec-obj.vcxproj]
C:\Users\Public\jpegview-arm64-build\extras\third_party\libjxl\lib/jxl/dec_ans.h(369): message : see reference to function template instantiation 'size_t jxl::ANSSymbolReader::ReadHybridUintClusteredInlined<true>(size_t,jxl::BitReader *__restrict )' being compiled [C:\Users\Public\jpegview-arm64-build\extras\scripts\libjxl\arm64\lib\jxl_dec-obj.vcxproj]
C:\Users\Public\jpegview-arm64-build\extras\third_party\libjxl\lib/jxl/dec_ans.h(394): message : see reference to function template instantiation 'size_t jxl::ANSSymbolReader::ReadHybridUintClustered<true>(size_t,jxl::BitReader *__restrict )' being compiled [C:\Users\Public\jpegview-arm64-build\extras\scripts\libjxl\arm64\lib\jxl_dec-obj.vcxproj]
C:\Users\Public\jpegview-arm64-build\extras\third_party\libjxl\lib/jxl/dec_ans.h(341,1): warning C4267: '=': conversion from 'size_t' to 'uint32_t', possible loss of data [C:\Users\Public\jpegview-arm64-build\extras\scripts\libjxl\arm64\lib\jxl_dec-obj.vcxproj]
C:\Users\Public\jpegview-arm64-build\extras\third_party\libjxl\lib/jxl/dec_ans.h(356,1): warning C4267: '=': conversion from 'size_t' to 'uint32_t', possible loss of data [C:\Users\Public\jpegview-arm64-build\extras\scripts\libjxl\arm64\lib\jxl_dec-obj.vcxproj]
C:\Users\Public\jpegview-arm64-build\extras\third_party\libjxl\lib/jxl/dec_ans.h(362,1): warning C4267: '=': conversion from 'size_t' to 'uint32_t', possible loss of data [C:\Users\Public\jpegview-arm64-build\extras\scripts\libjxl\arm64\lib\jxl_dec-obj.vcxproj]
  stage_chroma_upsampling.cc
C:\Users\Public\jpegview-arm64-build\extras\third_party\libjxl\lib/jxl/base/status.h(132,47): warning C4646: function declared with 'noreturn' has non-void return type [C:\Users\Public\jpegview-arm64-build\extras\scripts\libjxl\arm64\lib\jxl_dec-obj.vcxproj]
C:\Users\Public\jpegview-arm64-build\extras\third_party\libjxl\lib/jxl/frame_header.h(105,1): warning C4267: '=': conversion from 'size_t' to 'uint32_t', possible loss of data [C:\Users\Public\jpegview-arm64-build\extras\scripts\libjxl\arm64\lib\jxl_dec-obj.vcxproj]
C:\Users\Public\jpegview-arm64-build\extras\third_party\libjxl\lib\jxl\render_pipeline\stage_chroma_upsampling.cc(39,22): warning C4146: unary minus operator applied to unsigned type, result still unsigned [C:\Users\Public\jpegview-arm64-build\extras\scripts\libjxl\arm64\lib\jxl_dec-obj.vcxproj]
C:\Users\Public\jpegview-arm64-build\extras\third_party\libjxl\lib\jxl\render_pipeline\stage_chroma_upsampling.cc(80,22): warning C4146: unary minus operator applied to unsigned type, result still unsigned [C:\Users\Public\jpegview-arm64-build\extras\scripts\libjxl\arm64\lib\jxl_dec-obj.vcxproj]
  Generating Code...
  Compiling...
  stage_epf.cc
C:\Users\Public\jpegview-arm64-build\extras\third_party\libjxl\lib/jxl/base/status.h(132,47): warning C4646: function declared with 'noreturn' has non-void return type [C:\Users\Public\jpegview-arm64-build\extras\scripts\libjxl\arm64\lib\jxl_dec-obj.vcxproj]
C:\Users\Public\jpegview-arm64-build\extras\third_party\libjxl\lib/jxl/frame_header.h(105,1): warning C4267: '=': conversion from 'size_t' to 'uint32_t', possible loss of data [C:\Users\Public\jpegview-arm64-build\extras\scripts\libjxl\arm64\lib\jxl_dec-obj.vcxproj]
C:\Users\Public\jpegview-arm64-build\extras\third_party\libjxl\lib/jxl/ac_context.h(112,1): warning C4267: 'return': conversion from 'size_t' to 'uint32_t', possible loss of data [C:\Users\Public\jpegview-arm64-build\extras\scripts\libjxl\arm64\lib\jxl_dec-obj.vcxproj]
C:\Users\Public\jpegview-arm64-build\extras\third_party\libjxl\lib/jxl/ac_context.h(124,1): warning C4267: 'return': conversion from 'size_t' to 'uint32_t', possible loss of data [C:\Users\Public\jpegview-arm64-build\extras\scripts\libjxl\arm64\lib\jxl_dec-obj.vcxproj]
C:\Users\Public\jpegview-arm64-build\extras\third_party\libjxl\lib/jxl/ac_context.h(137,1): warning C4267: 'return': conversion from 'size_t' to 'uint32_t', possible loss of data [C:\Users\Public\jpegview-arm64-build\extras\scripts\libjxl\arm64\lib\jxl_dec-obj.vcxproj]
C:\Users\Public\jpegview-arm64-build\extras\third_party\libjxl\lib/jxl/chroma_from_luma.h(120,41): warning C4244: 'return': conversion from 'const uint32_t' to 'float', possible loss of data [C:\Users\Public\jpegview-arm64-build\extras\scripts\libjxl\arm64\lib\jxl_dec-obj.vcxproj]
C:\Users\Public\jpegview-arm64-build\extras\third_party\libjxl\lib/jxl/quantizer.h(86,41): warning C4244: '=': conversion from 'double' to 'float', possible loss of data [C:\Users\Public\jpegview-arm64-build\extras\scripts\libjxl\arm64\lib\jxl_dec-obj.vcxproj]
C:\Users\Public\jpegview-arm64-build\extras\third_party\libjxl\lib/jxl/quantizer.h(87,49): warning C4244: '=': conversion from 'double' to 'float', possible loss of data [C:\Users\Public\jpegview-arm64-build\extras\scripts\libjxl\arm64\lib\jxl_dec-obj.vcxproj]
C:\Users\Public\jpegview-arm64-build\extras\third_party\libjxl\lib/jxl/dec_ans.h(78,1): warning C4267: 'initializing': conversion from 'size_t' to 'uint32_t', possible loss of data [C:\Users\Public\jpegview-arm64-build\extras\scripts\libjxl\arm64\lib\jxl_dec-obj.vcxproj]
C:\Users\Public\jpegview-arm64-build\extras\third_party\libjxl\lib/jxl/dec_ans.h(175,1): warning C4267: '=': conversion from 'size_t' to 'uint32_t', possible loss of data [C:\Users\Public\jpegview-arm64-build\extras\scripts\libjxl\arm64\lib\jxl_dec-obj.vcxproj]
C:\Users\Public\jpegview-arm64-build\extras\third_party\libjxl\lib/jxl/dec_ans.h(197,1): warning C4267: '=': conversion from 'size_t' to 'uint32_t', possible loss of data [C:\Users\Public\jpegview-arm64-build\extras\scripts\libjxl\arm64\lib\jxl_dec-obj.vcxproj]
C:\Users\Public\jpegview-arm64-build\extras\third_party\libjxl\lib/jxl/dec_ans.h(411,1): warning C4267: '=': conversion from 'size_t' to 'uint32_t', possible loss of data [C:\Users\Public\jpegview-arm64-build\extras\scripts\libjxl\arm64\lib\jxl_dec-obj.vcxproj]
C:\Users\Public\jpegview-arm64-build\extras\third_party\libjxl\lib/jxl/dec_ans.h(414,1): warning C4267: '=': conversion from 'size_t' to 'uint32_t', possible loss of data [C:\Users\Public\jpegview-arm64-build\extras\scripts\libjxl\arm64\lib\jxl_dec-obj.vcxproj]
C:\Users\Public\jpegview-arm64-build\extras\third_party\libjxl\lib/jxl/dec_cache.h(203,1): warning C4334: '<<': result of 32-bit shift implicitly converted to 64 bits (was 64-bit shift intended?) [C:\Users\Public\jpegview-arm64-build\extras\scripts\libjxl\arm64\lib\jxl_dec-obj.vcxproj]
C:\Users\Public\jpegview-arm64-build\extras\third_party\libjxl\lib\jxl\render_pipeline\stage_epf.cc(81,14): warning C4244: 'initializing': conversion from 'double' to 'float', possible loss of data [C:\Users\Public\jpegview-arm64-build\extras\scripts\libjxl\arm64\lib\jxl_dec-obj.vcxproj]
C:\Users\Public\jpegview-arm64-build\extras\third_party\libjxl\lib\jxl\render_pipeline\stage_epf.cc(100,22): warning C4146: unary minus operator applied to unsigned type, result still unsigned [C:\Users\Public\jpegview-arm64-build\extras\scripts\libjxl\arm64\lib\jxl_dec-obj.vcxproj]
C:\Users\Public\jpegview-arm64-build\extras\third_party\libjxl\lib\jxl\render_pipeline\stage_epf.cc(236,22): warning C4146: unary minus operator applied to unsigned type, result still unsigned [C:\Users\Public\jpegview-arm64-build\extras\scripts\libjxl\arm64\lib\jxl_dec-obj.vcxproj]
C:\Users\Public\jpegview-arm64-build\extras\third_party\libjxl\lib\jxl\render_pipeline\stage_epf.cc(401,14): warning C4244: 'initializing': conversion from 'double' to 'float', possible loss of data [C:\Users\Public\jpegview-arm64-build\extras\scripts\libjxl\arm64\lib\jxl_dec-obj.vcxproj]
C:\Users\Public\jpegview-arm64-build\extras\third_party\libjxl\lib\jxl\render_pipeline\stage_epf.cc(421,22): warning C4146: unary minus operator applied to unsigned type, result still unsigned [C:\Users\Public\jpegview-arm64-build\extras\scripts\libjxl\arm64\lib\jxl_dec-obj.vcxproj]
C:\Users\Public\jpegview-arm64-build\extras\third_party\libjxl\lib/jxl/dec_ans.h(252,1): warning C4267: 'return': conversion from 'size_t' to 'uint32_t', possible loss of data [C:\Users\Public\jpegview-arm64-build\extras\scripts\libjxl\arm64\lib\jxl_dec-obj.vcxproj]
C:\Users\Public\jpegview-arm64-build\extras\third_party\libjxl\lib/jxl/dec_ans.h(288): message : see reference to function template instantiation 'uint32_t jxl::ANSSymbolReader::ReadHybridUintConfig<jxl::BitReader>(const jxl::HybridUintConfig &,size_t,BitReader *)' being compiled [C:\Users\Public\jpegview-arm64-build\extras\scripts\libjxl\arm64\lib\jxl_dec-obj.vcxproj]
          with
          [
              BitReader=jxl::BitReader
          ]
C:\Users\Public\jpegview-arm64-build\extras\third_party\libjxl\lib/jxl/dec_ans.h(254,1): warning C4267: 'initializing': conversion from 'size_t' to 'uint32_t', possible loss of data [C:\Users\Public\jpegview-arm64-build\extras\scripts\libjxl\arm64\lib\jxl_dec-obj.vcxproj]
C:\Users\Public\jpegview-arm64-build\extras\third_party\libjxl\lib/jxl/dec_ans.h(268,1): warning C4334: '<<': result of 32-bit shift implicitly converted to 64 bits (was 64-bit shift intended?) [C:\Users\Public\jpegview-arm64-build\extras\scripts\libjxl\arm64\lib\jxl_dec-obj.vcxproj]
C:\Users\Public\jpegview-arm64-build\extras\third_party\libjxl\lib/jxl/dec_ans.h(314,1): warning C4267: '=': conversion from 'size_t' to 'uint32_t', possible loss of data [C:\Users\Public\jpegview-arm64-build\extras\scripts\libjxl\arm64\lib\jxl_dec-obj.vcxproj]
C:\Users\Public\jpegview-arm64-build\extras\third_party\libjxl\lib/jxl/dec_ans.h(369): message : see reference to function template instantiation 'size_t jxl::ANSSymbolReader::ReadHybridUintClusteredInlined<true>(size_t,jxl::BitReader *__restrict )' being compiled [C:\Users\Public\jpegview-arm64-build\extras\scripts\libjxl\arm64\lib\jxl_dec-obj.vcxproj]
C:\Users\Public\jpegview-arm64-build\extras\third_party\libjxl\lib/jxl/dec_ans.h(394): message : see reference to function template instantiation 'size_t jxl::ANSSymbolReader::ReadHybridUintClustered<true>(size_t,jxl::BitReader *__restrict )' being compiled [C:\Users\Public\jpegview-arm64-build\extras\scripts\libjxl\arm64\lib\jxl_dec-obj.vcxproj]
C:\Users\Public\jpegview-arm64-build\extras\third_party\libjxl\lib/jxl/dec_ans.h(341,1): warning C4267: '=': conversion from 'size_t' to 'uint32_t', possible loss of data [C:\Users\Public\jpegview-arm64-build\extras\scripts\libjxl\arm64\lib\jxl_dec-obj.vcxproj]
C:\Users\Public\jpegview-arm64-build\extras\third_party\libjxl\lib/jxl/dec_ans.h(356,1): warning C4267: '=': conversion from 'size_t' to 'uint32_t', possible loss of data [C:\Users\Public\jpegview-arm64-build\extras\scripts\libjxl\arm64\lib\jxl_dec-obj.vcxproj]
C:\Users\Public\jpegview-arm64-build\extras\third_party\libjxl\lib/jxl/dec_ans.h(362,1): warning C4267: '=': conversion from 'size_t' to 'uint32_t', possible loss of data [C:\Users\Public\jpegview-arm64-build\extras\scripts\libjxl\arm64\lib\jxl_dec-obj.vcxproj]
  stage_from_linear.cc
C:\Users\Public\jpegview-arm64-build\extras\third_party\libjxl\lib/jxl/base/status.h(132,47): warning C4646: function declared with 'noreturn' has non-void return type [C:\Users\Public\jpegview-arm64-build\extras\scripts\libjxl\arm64\lib\jxl_dec-obj.vcxproj]
C:\Users\Public\jpegview-arm64-build\extras\third_party\libjxl\lib/jxl/frame_header.h(105,1): warning C4267: '=': conversion from 'size_t' to 'uint32_t', possible loss of data [C:\Users\Public\jpegview-arm64-build\extras\scripts\libjxl\arm64\lib\jxl_dec-obj.vcxproj]
C:\Users\Public\jpegview-arm64-build\extras\third_party\libjxl\lib/jxl/transfer_functions-inl.h(85,59): warning C4244: 'argument': conversion from 'const double' to 'float', possible loss of data [C:\Users\Public\jpegview-arm64-build\extras\scripts\libjxl\arm64\lib\jxl_dec-obj.vcxproj]
C:\Users\Public\jpegview-arm64-build\extras\third_party\libjxl\lib/jxl/transfer_functions-inl.h(85,48): warning C4244: 'argument': conversion from 'double' to 'float', possible loss of data [C:\Users\Public\jpegview-arm64-build\extras\scripts\libjxl\arm64\lib\jxl_dec-obj.vcxproj]
C:\Users\Public\jpegview-arm64-build\extras\third_party\libjxl\lib/jxl/transfer_functions-inl.h(89,25): warning C4244: 'argument': conversion from 'const double' to 'float', possible loss of data [C:\Users\Public\jpegview-arm64-build\extras\scripts\libjxl\arm64\lib\jxl_dec-obj.vcxproj]
C:\Users\Public\jpegview-arm64-build\extras\third_party\libjxl\lib/jxl/transfer_functions-inl.h(89,22): warning C4244: 'argument': conversion from 'const double' to 'float', possible loss of data [C:\Users\Public\jpegview-arm64-build\extras\scripts\libjxl\arm64\lib\jxl_dec-obj.vcxproj]
C:\Users\Public\jpegview-arm64-build\extras\third_party\libjxl\lib/jxl/transfer_functions-inl.h(98,55): warning C4244: 'argument': conversion from 'const double' to 'float', possible loss of data [C:\Users\Public\jpegview-arm64-build\extras\scripts\libjxl\arm64\lib\jxl_dec-obj.vcxproj]
C:\Users\Public\jpegview-arm64-build\extras\third_party\libjxl\lib/jxl/transfer_functions-inl.h(98,42): warning C4244: 'argument': conversion from 'double' to 'float', possible loss of data [C:\Users\Public\jpegview-arm64-build\extras\scripts\libjxl\arm64\lib\jxl_dec-obj.vcxproj]
C:\Users\Public\jpegview-arm64-build\extras\third_party\libjxl\lib/jxl/transfer_functions-inl.h(102,25): warning C4244: 'argument': conversion from 'const double' to 'float', possible loss of data [C:\Users\Public\jpegview-arm64-build\extras\scripts\libjxl\arm64\lib\jxl_dec-obj.vcxproj]
C:\Users\Public\jpegview-arm64-build\extras\third_party\libjxl\lib/jxl/transfer_functions-inl.h(102,22): warning C4244: 'argument': conversion from 'const double' to 'float', possible loss of data [C:\Users\Public\jpegview-arm64-build\extras\scripts\libjxl\arm64\lib\jxl_dec-obj.vcxproj]
C:\Users\Public\jpegview-arm64-build\extras\third_party\libjxl\lib/jxl/transfer_functions-inl.h(187,22): warning C4244: 'argument': conversion from 'const double' to 'float', possible loss of data [C:\Users\Public\jpegview-arm64-build\extras\scripts\libjxl\arm64\lib\jxl_dec-obj.vcxproj]
C:\Users\Public\jpegview-arm64-build\extras\third_party\libjxl\lib/jxl/transfer_functions-inl.h(186,24): warning C4244: 'argument': conversion from 'double' to 'float', possible loss of data [C:\Users\Public\jpegview-arm64-build\extras\scripts\libjxl\arm64\lib\jxl_dec-obj.vcxproj]
C:\Users\Public\jpegview-arm64-build\extras\third_party\libjxl\lib/jxl/transfer_functions-inl.h(228,25): warning C4244: 'argument': conversion from 'const double' to 'float', possible loss of data [C:\Users\Public\jpegview-arm64-build\extras\scripts\libjxl\arm64\lib\jxl_dec-obj.vcxproj]
C:\Users\Public\jpegview-arm64-build\extras\third_party\libjxl\lib/jxl/transfer_functions-inl.h(228,22): warning C4244: 'argument': conversion from 'const double' to 'float', possible loss of data [C:\Users\Public\jpegview-arm64-build\extras\scripts\libjxl\arm64\lib\jxl_dec-obj.vcxproj]
C:\Users\Public\jpegview-arm64-build\extras\third_party\libjxl\lib\jxl\render_pipeline\stage_from_linear.cc(121,22): warning C4146: unary minus operator applied to unsigned type, result still unsigned [C:\Users\Public\jpegview-arm64-build\extras\scripts\libjxl\arm64\lib\jxl_dec-obj.vcxproj]
C:\Users\Public\jpegview-arm64-build\extras\third_party\libjxl\lib\jxl\render_pipeline\stage_from_linear.cc(109): message : while compiling class template member function 'void jxl::N_EMU128::`anonymous-namespace'::FromLinearStage<jxl::N_EMU128::`anonymous-namespace'::PerChannelOp<jxl::N_EMU128::`anonymous-namespace'::OpGamma>>::ProcessRow(const jxl::RenderPipelineStage::RowInfo &,const jxl::RenderPipelineStage::RowInfo &,size_t,size_t,size_t,size_t,size_t) const' [C:\Users\Public\jpegview-arm64-build\extras\scripts\libjxl\arm64\lib\jxl_dec-obj.vcxproj]
C:\Program Files\Microsoft Visual Studio\18\Enterprise\VC\Tools\MSVC\14.29.30133\include\type_traits(325): message : see reference to class template instantiation 'jxl::N_EMU128::`anonymous-namespace'::FromLinearStage<jxl::N_EMU128::`anonymous-namespace'::PerChannelOp<jxl::N_EMU128::`anonymous-namespace'::OpGamma>>' being compiled [C:\Users\Public\jpegview-arm64-build\extras\scripts\libjxl\arm64\lib\jxl_dec-obj.vcxproj]
C:\Users\Public\jpegview-arm64-build\extras\third_party\libjxl\lib\jxl\render_pipeline\stage_from_linear.cc(169): message : see reference to class template instantiation 'std::is_convertible<jxl::N_EMU128::`anonymous-namespace'::FromLinearStage<jxl::N_EMU128::`anonymous-namespace'::PerChannelOp<jxl::N_EMU128::`anonymous-namespace'::OpGamma>> *,_Ty *>' being compiled [C:\Users\Public\jpegview-arm64-build\extras\scripts\libjxl\arm64\lib\jxl_dec-obj.vcxproj]
          with
          [
              _Ty=jxl::RenderPipelineStage
          ]
C:\Users\Public\jpegview-arm64-build\extras\third_party\libjxl\lib\jxl\render_pipeline\stage_from_linear.cc(121): message : see reference to variable template 'const bool conjunction_v<std::negation<std::is_array<jxl::N_EMU128::`anonymous namespace'::FromLinearStage<jxl::N_EMU128::`anonymous namespace'::PerChannelOp<jxl::N_EMU128::`anonymous namespace'::OpGamma> > > >,std::is_convertible<jxl::N_EMU128::`anonymous namespace'::FromLinearStage<jxl::N_EMU128::`anonymous namespace'::PerChannelOp<jxl::N_EMU128::`anonymous namespace'::OpGamma> > *,jxl::RenderPipelineStage *>,std::is_convertible<std::default_delete<jxl::N_EMU128::`anonymous namespace'::FromLinearStage<jxl::N_EMU128::`anonymous namespace'::PerChannelOp<jxl::N_EMU128::`anonymous namespace'::OpGamma> > >,std::default_delete<jxl::RenderPipelineStage> > >' being compiled [C:\Users\Public\jpegview-arm64-build\extras\scripts\libjxl\arm64\lib\jxl_dec-obj.vcxproj]
  stage_gaborish.cc
C:\Users\Public\jpegview-arm64-build\extras\third_party\libjxl\lib/jxl/base/status.h(132,47): warning C4646: function declared with 'noreturn' has non-void return type [C:\Users\Public\jpegview-arm64-build\extras\scripts\libjxl\arm64\lib\jxl_dec-obj.vcxproj]
C:\Users\Public\jpegview-arm64-build\extras\third_party\libjxl\lib/jxl/frame_header.h(105,1): warning C4267: '=': conversion from 'size_t' to 'uint32_t', possible loss of data [C:\Users\Public\jpegview-arm64-build\extras\scripts\libjxl\arm64\lib\jxl_dec-obj.vcxproj]
C:\Users\Public\jpegview-arm64-build\extras\third_party\libjxl\lib\jxl\render_pipeline\stage_gaborish.cc(68,24): warning C4146: unary minus operator applied to unsigned type, result still unsigned [C:\Users\Public\jpegview-arm64-build\extras\scripts\libjxl\arm64\lib\jxl_dec-obj.vcxproj]
  stage_noise.cc
C:\Users\Public\jpegview-arm64-build\extras\third_party\libjxl\lib/jxl/base/status.h(132,47): warning C4646: function declared with 'noreturn' has non-void return type [C:\Users\Public\jpegview-arm64-build\extras\scripts\libjxl\arm64\lib\jxl_dec-obj.vcxproj]
C:\Users\Public\jpegview-arm64-build\extras\third_party\libjxl\lib/jxl/ac_context.h(112,1): warning C4267: 'return': conversion from 'size_t' to 'uint32_t', possible loss of data [C:\Users\Public\jpegview-arm64-build\extras\scripts\libjxl\arm64\lib\jxl_dec-obj.vcxproj]
C:\Users\Public\jpegview-arm64-build\extras\third_party\libjxl\lib/jxl/ac_context.h(124,1): warning C4267: 'return': conversion from 'size_t' to 'uint32_t', possible loss of data [C:\Users\Public\jpegview-arm64-build\extras\scripts\libjxl\arm64\lib\jxl_dec-obj.vcxproj]
C:\Users\Public\jpegview-arm64-build\extras\third_party\libjxl\lib/jxl/ac_context.h(137,1): warning C4267: 'return': conversion from 'size_t' to 'uint32_t', possible loss of data [C:\Users\Public\jpegview-arm64-build\extras\scripts\libjxl\arm64\lib\jxl_dec-obj.vcxproj]
C:\Users\Public\jpegview-arm64-build\extras\third_party\libjxl\lib/jxl/chroma_from_luma.h(120,41): warning C4244: 'return': conversion from 'const uint32_t' to 'float', possible loss of data [C:\Users\Public\jpegview-arm64-build\extras\scripts\libjxl\arm64\lib\jxl_dec-obj.vcxproj]
C:\Users\Public\jpegview-arm64-build\extras\third_party\libjxl\lib/jxl/frame_header.h(105,1): warning C4267: '=': conversion from 'size_t' to 'uint32_t', possible loss of data [C:\Users\Public\jpegview-arm64-build\extras\scripts\libjxl\arm64\lib\jxl_dec-obj.vcxproj]
C:\Users\Public\jpegview-arm64-build\extras\third_party\libjxl\lib/jxl/transfer_functions-inl.h(85,59): warning C4244: 'argument': conversion from 'const double' to 'float', possible loss of data [C:\Users\Public\jpegview-arm64-build\extras\scripts\libjxl\arm64\lib\jxl_dec-obj.vcxproj]
C:\Users\Public\jpegview-arm64-build\extras\third_party\libjxl\lib/jxl/transfer_functions-inl.h(85,48): warning C4244: 'argument': conversion from 'double' to 'float', possible loss of data [C:\Users\Public\jpegview-arm64-build\extras\scripts\libjxl\arm64\lib\jxl_dec-obj.vcxproj]
C:\Users\Public\jpegview-arm64-build\extras\third_party\libjxl\lib/jxl/transfer_functions-inl.h(89,25): warning C4244: 'argument': conversion from 'const double' to 'float', possible loss of data [C:\Users\Public\jpegview-arm64-build\extras\scripts\libjxl\arm64\lib\jxl_dec-obj.vcxproj]
C:\Users\Public\jpegview-arm64-build\extras\third_party\libjxl\lib/jxl/transfer_functions-inl.h(89,22): warning C4244: 'argument': conversion from 'const double' to 'float', possible loss of data [C:\Users\Public\jpegview-arm64-build\extras\scripts\libjxl\arm64\lib\jxl_dec-obj.vcxproj]
C:\Users\Public\jpegview-arm64-build\extras\third_party\libjxl\lib/jxl/transfer_functions-inl.h(98,55): warning C4244: 'argument': conversion from 'const double' to 'float', possible loss of data [C:\Users\Public\jpegview-arm64-build\extras\scripts\libjxl\arm64\lib\jxl_dec-obj.vcxproj]
C:\Users\Public\jpegview-arm64-build\extras\third_party\libjxl\lib/jxl/transfer_functions-inl.h(98,42): warning C4244: 'argument': conversion from 'double' to 'float', possible loss of data [C:\Users\Public\jpegview-arm64-build\extras\scripts\libjxl\arm64\lib\jxl_dec-obj.vcxproj]
C:\Users\Public\jpegview-arm64-build\extras\third_party\libjxl\lib/jxl/transfer_functions-inl.h(102,25): warning C4244: 'argument': conversion from 'const double' to 'float', possible loss of data [C:\Users\Public\jpegview-arm64-build\extras\scripts\libjxl\arm64\lib\jxl_dec-obj.vcxproj]
C:\Users\Public\jpegview-arm64-build\extras\third_party\libjxl\lib/jxl/transfer_functions-inl.h(102,22): warning C4244: 'argument': conversion from 'const double' to 'float', possible loss of data [C:\Users\Public\jpegview-arm64-build\extras\scripts\libjxl\arm64\lib\jxl_dec-obj.vcxproj]
C:\Users\Public\jpegview-arm64-build\extras\third_party\libjxl\lib/jxl/transfer_functions-inl.h(187,22): warning C4244: 'argument': conversion from 'const double' to 'float', possible loss of data [C:\Users\Public\jpegview-arm64-build\extras\scripts\libjxl\arm64\lib\jxl_dec-obj.vcxproj]
C:\Users\Public\jpegview-arm64-build\extras\third_party\libjxl\lib/jxl/transfer_functions-inl.h(186,24): warning C4244: 'argument': conversion from 'double' to 'float', possible loss of data [C:\Users\Public\jpegview-arm64-build\extras\scripts\libjxl\arm64\lib\jxl_dec-obj.vcxproj]
C:\Users\Public\jpegview-arm64-build\extras\third_party\libjxl\lib/jxl/transfer_functions-inl.h(228,25): warning C4244: 'argument': conversion from 'const double' to 'float', possible loss of data [C:\Users\Public\jpegview-arm64-build\extras\scripts\libjxl\arm64\lib\jxl_dec-obj.vcxproj]
C:\Users\Public\jpegview-arm64-build\extras\third_party\libjxl\lib/jxl/transfer_functions-inl.h(228,22): warning C4244: 'argument': conversion from 'const double' to 'float', possible loss of data [C:\Users\Public\jpegview-arm64-build\extras\scripts\libjxl\arm64\lib\jxl_dec-obj.vcxproj]
C:\Users\Public\jpegview-arm64-build\extras\third_party\libjxl\lib\jxl\render_pipeline\stage_noise.cc(241,1): warning C4267: 'argument': conversion from 'size_t' to 'int', possible loss of data [C:\Users\Public\jpegview-arm64-build\extras\scripts\libjxl\arm64\lib\jxl_dec-obj.vcxproj]
C:\Users\Public\jpegview-arm64-build\extras\third_party\libjxl\lib\jxl\render_pipeline\stage_noise.cc(244,24): warning C4146: unary minus operator applied to unsigned type, result still unsigned [C:\Users\Public\jpegview-arm64-build\extras\scripts\libjxl\arm64\lib\jxl_dec-obj.vcxproj]
  stage_patches.cc
C:\Users\Public\jpegview-arm64-build\extras\third_party\libjxl\lib/jxl/base/status.h(132,47): warning C4646: function declared with 'noreturn' has non-void return type [C:\Users\Public\jpegview-arm64-build\extras\scripts\libjxl\arm64\lib\jxl_dec-obj.vcxproj]
C:\Users\Public\jpegview-arm64-build\extras\third_party\libjxl\lib/jxl/ac_context.h(112,1): warning C4267: 'return': conversion from 'size_t' to 'uint32_t', possible loss of data [C:\Users\Public\jpegview-arm64-build\extras\scripts\libjxl\arm64\lib\jxl_dec-obj.vcxproj]
C:\Users\Public\jpegview-arm64-build\extras\third_party\libjxl\lib/jxl/ac_context.h(124,1): warning C4267: 'return': conversion from 'size_t' to 'uint32_t', possible loss of data [C:\Users\Public\jpegview-arm64-build\extras\scripts\libjxl\arm64\lib\jxl_dec-obj.vcxproj]
C:\Users\Public\jpegview-arm64-build\extras\third_party\libjxl\lib/jxl/ac_context.h(137,1): warning C4267: 'return': conversion from 'size_t' to 'uint32_t', possible loss of data [C:\Users\Public\jpegview-arm64-build\extras\scripts\libjxl\arm64\lib\jxl_dec-obj.vcxproj]
C:\Users\Public\jpegview-arm64-build\extras\third_party\libjxl\lib/jxl/chroma_from_luma.h(120,41): warning C4244: 'return': conversion from 'const uint32_t' to 'float', possible loss of data [C:\Users\Public\jpegview-arm64-build\extras\scripts\libjxl\arm64\lib\jxl_dec-obj.vcxproj]
C:\Users\Public\jpegview-arm64-build\extras\third_party\libjxl\lib/jxl/frame_header.h(105,1): warning C4267: '=': conversion from 'size_t' to 'uint32_t', possible loss of data [C:\Users\Public\jpegview-arm64-build\extras\scripts\libjxl\arm64\lib\jxl_dec-obj.vcxproj]
C:\Users\Public\jpegview-arm64-build\extras\third_party\libjxl\lib/jxl/quantizer.h(86,41): warning C4244: '=': conversion from 'double' to 'float', possible loss of data [C:\Users\Public\jpegview-arm64-build\extras\scripts\libjxl\arm64\lib\jxl_dec-obj.vcxproj]
C:\Users\Public\jpegview-arm64-build\extras\third_party\libjxl\lib/jxl/quantizer.h(87,49): warning C4244: '=': conversion from 'double' to 'float', possible loss of data [C:\Users\Public\jpegview-arm64-build\extras\scripts\libjxl\arm64\lib\jxl_dec-obj.vcxproj]
C:\Users\Public\jpegview-arm64-build\extras\third_party\libjxl\lib/jxl/dec_ans.h(78,1): warning C4267: 'initializing': conversion from 'size_t' to 'uint32_t', possible loss of data [C:\Users\Public\jpegview-arm64-build\extras\scripts\libjxl\arm64\lib\jxl_dec-obj.vcxproj]
C:\Users\Public\jpegview-arm64-build\extras\third_party\libjxl\lib/jxl/dec_ans.h(175,1): warning C4267: '=': conversion from 'size_t' to 'uint32_t', possible loss of data [C:\Users\Public\jpegview-arm64-build\extras\scripts\libjxl\arm64\lib\jxl_dec-obj.vcxproj]
C:\Users\Public\jpegview-arm64-build\extras\third_party\libjxl\lib/jxl/dec_ans.h(197,1): warning C4267: '=': conversion from 'size_t' to 'uint32_t', possible loss of data [C:\Users\Public\jpegview-arm64-build\extras\scripts\libjxl\arm64\lib\jxl_dec-obj.vcxproj]
C:\Users\Public\jpegview-arm64-build\extras\third_party\libjxl\lib/jxl/dec_ans.h(411,1): warning C4267: '=': conversion from 'size_t' to 'uint32_t', possible loss of data [C:\Users\Public\jpegview-arm64-build\extras\scripts\libjxl\arm64\lib\jxl_dec-obj.vcxproj]
C:\Users\Public\jpegview-arm64-build\extras\third_party\libjxl\lib/jxl/dec_ans.h(414,1): warning C4267: '=': conversion from 'size_t' to 'uint32_t', possible loss of data [C:\Users\Public\jpegview-arm64-build\extras\scripts\libjxl\arm64\lib\jxl_dec-obj.vcxproj]
C:\Users\Public\jpegview-arm64-build\extras\third_party\libjxl\lib/jxl/dec_ans.h(252,1): warning C4267: 'return': conversion from 'size_t' to 'uint32_t', possible loss of data [C:\Users\Public\jpegview-arm64-build\extras\scripts\libjxl\arm64\lib\jxl_dec-obj.vcxproj]
C:\Users\Public\jpegview-arm64-build\extras\third_party\libjxl\lib/jxl/dec_ans.h(288): message : see reference to function template instantiation 'uint32_t jxl::ANSSymbolReader::ReadHybridUintConfig<jxl::BitReader>(const jxl::HybridUintConfig &,size_t,BitReader *)' being compiled [C:\Users\Public\jpegview-arm64-build\extras\scripts\libjxl\arm64\lib\jxl_dec-obj.vcxproj]
          with
          [
              BitReader=jxl::BitReader
          ]
C:\Users\Public\jpegview-arm64-build\extras\third_party\libjxl\lib/jxl/dec_ans.h(254,1): warning C4267: 'initializing': conversion from 'size_t' to 'uint32_t', possible loss of data [C:\Users\Public\jpegview-arm64-build\extras\scripts\libjxl\arm64\lib\jxl_dec-obj.vcxproj]
C:\Users\Public\jpegview-arm64-build\extras\third_party\libjxl\lib/jxl/dec_ans.h(268,1): warning C4334: '<<': result of 32-bit shift implicitly converted to 64 bits (was 64-bit shift intended?) [C:\Users\Public\jpegview-arm64-build\extras\scripts\libjxl\arm64\lib\jxl_dec-obj.vcxproj]
C:\Users\Public\jpegview-arm64-build\extras\third_party\libjxl\lib/jxl/dec_ans.h(314,1): warning C4267: '=': conversion from 'size_t' to 'uint32_t', possible loss of data [C:\Users\Public\jpegview-arm64-build\extras\scripts\libjxl\arm64\lib\jxl_dec-obj.vcxproj]
C:\Users\Public\jpegview-arm64-build\extras\third_party\libjxl\lib/jxl/dec_ans.h(369): message : see reference to function template instantiation 'size_t jxl::ANSSymbolReader::ReadHybridUintClusteredInlined<true>(size_t,jxl::BitReader *__restrict )' being compiled [C:\Users\Public\jpegview-arm64-build\extras\scripts\libjxl\arm64\lib\jxl_dec-obj.vcxproj]
C:\Users\Public\jpegview-arm64-build\extras\third_party\libjxl\lib/jxl/dec_ans.h(394): message : see reference to function template instantiation 'size_t jxl::ANSSymbolReader::ReadHybridUintClustered<true>(size_t,jxl::BitReader *__restrict )' being compiled [C:\Users\Public\jpegview-arm64-build\extras\scripts\libjxl\arm64\lib\jxl_dec-obj.vcxproj]
C:\Users\Public\jpegview-arm64-build\extras\third_party\libjxl\lib/jxl/dec_ans.h(341,1): warning C4267: '=': conversion from 'size_t' to 'uint32_t', possible loss of data [C:\Users\Public\jpegview-arm64-build\extras\scripts\libjxl\arm64\lib\jxl_dec-obj.vcxproj]
C:\Users\Public\jpegview-arm64-build\extras\third_party\libjxl\lib/jxl/dec_ans.h(356,1): warning C4267: '=': conversion from 'size_t' to 'uint32_t', possible loss of data [C:\Users\Public\jpegview-arm64-build\extras\scripts\libjxl\arm64\lib\jxl_dec-obj.vcxproj]
C:\Users\Public\jpegview-arm64-build\extras\third_party\libjxl\lib/jxl/dec_ans.h(362,1): warning C4267: '=': conversion from 'size_t' to 'uint32_t', possible loss of data [C:\Users\Public\jpegview-arm64-build\extras\scripts\libjxl\arm64\lib\jxl_dec-obj.vcxproj]
  stage_splines.cc
C:\Users\Public\jpegview-arm64-build\extras\third_party\libjxl\lib/jxl/base/status.h(132,47): warning C4646: function declared with 'noreturn' has non-void return type [C:\Users\Public\jpegview-arm64-build\extras\scripts\libjxl\arm64\lib\jxl_dec-obj.vcxproj]
C:\Users\Public\jpegview-arm64-build\extras\third_party\libjxl\lib/jxl/frame_header.h(105,1): warning C4267: '=': conversion from 'size_t' to 'uint32_t', possible loss of data [C:\Users\Public\jpegview-arm64-build\extras\scripts\libjxl\arm64\lib\jxl_dec-obj.vcxproj]
C:\Users\Public\jpegview-arm64-build\extras\third_party\libjxl\lib/jxl/ac_context.h(112,1): warning C4267: 'return': conversion from 'size_t' to 'uint32_t', possible loss of data [C:\Users\Public\jpegview-arm64-build\extras\scripts\libjxl\arm64\lib\jxl_dec-obj.vcxproj]
C:\Users\Public\jpegview-arm64-build\extras\third_party\libjxl\lib/jxl/ac_context.h(124,1): warning C4267: 'return': conversion from 'size_t' to 'uint32_t', possible loss of data [C:\Users\Public\jpegview-arm64-build\extras\scripts\libjxl\arm64\lib\jxl_dec-obj.vcxproj]
C:\Users\Public\jpegview-arm64-build\extras\third_party\libjxl\lib/jxl/ac_context.h(137,1): warning C4267: 'return': conversion from 'size_t' to 'uint32_t', possible loss of data [C:\Users\Public\jpegview-arm64-build\extras\scripts\libjxl\arm64\lib\jxl_dec-obj.vcxproj]
C:\Users\Public\jpegview-arm64-build\extras\third_party\libjxl\lib/jxl/chroma_from_luma.h(120,41): warning C4244: 'return': conversion from 'const uint32_t' to 'float', possible loss of data [C:\Users\Public\jpegview-arm64-build\extras\scripts\libjxl\arm64\lib\jxl_dec-obj.vcxproj]
C:\Users\Public\jpegview-arm64-build\extras\third_party\libjxl\lib/jxl/dec_ans.h(78,1): warning C4267: 'initializing': conversion from 'size_t' to 'uint32_t', possible loss of data [C:\Users\Public\jpegview-arm64-build\extras\scripts\libjxl\arm64\lib\jxl_dec-obj.vcxproj]
C:\Users\Public\jpegview-arm64-build\extras\third_party\libjxl\lib/jxl/dec_ans.h(175,1): warning C4267: '=': conversion from 'size_t' to 'uint32_t', possible loss of data [C:\Users\Public\jpegview-arm64-build\extras\scripts\libjxl\arm64\lib\jxl_dec-obj.vcxproj]
C:\Users\Public\jpegview-arm64-build\extras\third_party\libjxl\lib/jxl/dec_ans.h(197,1): warning C4267: '=': conversion from 'size_t' to 'uint32_t', possible loss of data [C:\Users\Public\jpegview-arm64-build\extras\scripts\libjxl\arm64\lib\jxl_dec-obj.vcxproj]
C:\Users\Public\jpegview-arm64-build\extras\third_party\libjxl\lib/jxl/dec_ans.h(411,1): warning C4267: '=': conversion from 'size_t' to 'uint32_t', possible loss of data [C:\Users\Public\jpegview-arm64-build\extras\scripts\libjxl\arm64\lib\jxl_dec-obj.vcxproj]
C:\Users\Public\jpegview-arm64-build\extras\third_party\libjxl\lib/jxl/dec_ans.h(414,1): warning C4267: '=': conversion from 'size_t' to 'uint32_t', possible loss of data [C:\Users\Public\jpegview-arm64-build\extras\scripts\libjxl\arm64\lib\jxl_dec-obj.vcxproj]
C:\Users\Public\jpegview-arm64-build\extras\third_party\libjxl\lib/jxl/dec_ans.h(252,1): warning C4267: 'return': conversion from 'size_t' to 'uint32_t', possible loss of data [C:\Users\Public\jpegview-arm64-build\extras\scripts\libjxl\arm64\lib\jxl_dec-obj.vcxproj]
C:\Users\Public\jpegview-arm64-build\extras\third_party\libjxl\lib/jxl/dec_ans.h(288): message : see reference to function template instantiation 'uint32_t jxl::ANSSymbolReader::ReadHybridUintConfig<jxl::BitReader>(const jxl::HybridUintConfig &,size_t,BitReader *)' being compiled [C:\Users\Public\jpegview-arm64-build\extras\scripts\libjxl\arm64\lib\jxl_dec-obj.vcxproj]
          with
          [
              BitReader=jxl::BitReader
          ]
C:\Users\Public\jpegview-arm64-build\extras\third_party\libjxl\lib/jxl/dec_ans.h(254,1): warning C4267: 'initializing': conversion from 'size_t' to 'uint32_t', possible loss of data [C:\Users\Public\jpegview-arm64-build\extras\scripts\libjxl\arm64\lib\jxl_dec-obj.vcxproj]
C:\Users\Public\jpegview-arm64-build\extras\third_party\libjxl\lib/jxl/dec_ans.h(268,1): warning C4334: '<<': result of 32-bit shift implicitly converted to 64 bits (was 64-bit shift intended?) [C:\Users\Public\jpegview-arm64-build\extras\scripts\libjxl\arm64\lib\jxl_dec-obj.vcxproj]
C:\Users\Public\jpegview-arm64-build\extras\third_party\libjxl\lib/jxl/dec_ans.h(314,1): warning C4267: '=': conversion from 'size_t' to 'uint32_t', possible loss of data [C:\Users\Public\jpegview-arm64-build\extras\scripts\libjxl\arm64\lib\jxl_dec-obj.vcxproj]
C:\Users\Public\jpegview-arm64-build\extras\third_party\libjxl\lib/jxl/dec_ans.h(369): message : see reference to function template instantiation 'size_t jxl::ANSSymbolReader::ReadHybridUintClusteredInlined<true>(size_t,jxl::BitReader *__restrict )' being compiled [C:\Users\Public\jpegview-arm64-build\extras\scripts\libjxl\arm64\lib\jxl_dec-obj.vcxproj]
C:\Users\Public\jpegview-arm64-build\extras\third_party\libjxl\lib/jxl/dec_ans.h(394): message : see reference to function template instantiation 'size_t jxl::ANSSymbolReader::ReadHybridUintClustered<true>(size_t,jxl::BitReader *__restrict )' being compiled [C:\Users\Public\jpegview-arm64-build\extras\scripts\libjxl\arm64\lib\jxl_dec-obj.vcxproj]
C:\Users\Public\jpegview-arm64-build\extras\third_party\libjxl\lib/jxl/dec_ans.h(341,1): warning C4267: '=': conversion from 'size_t' to 'uint32_t', possible loss of data [C:\Users\Public\jpegview-arm64-build\extras\scripts\libjxl\arm64\lib\jxl_dec-obj.vcxproj]
C:\Users\Public\jpegview-arm64-build\extras\third_party\libjxl\lib/jxl/dec_ans.h(356,1): warning C4267: '=': conversion from 'size_t' to 'uint32_t', possible loss of data [C:\Users\Public\jpegview-arm64-build\extras\scripts\libjxl\arm64\lib\jxl_dec-obj.vcxproj]
C:\Users\Public\jpegview-arm64-build\extras\third_party\libjxl\lib/jxl/dec_ans.h(362,1): warning C4267: '=': conversion from 'size_t' to 'uint32_t', possible loss of data [C:\Users\Public\jpegview-arm64-build\extras\scripts\libjxl\arm64\lib\jxl_dec-obj.vcxproj]
  stage_spot.cc
C:\Users\Public\jpegview-arm64-build\extras\third_party\libjxl\lib/jxl/base/status.h(132,47): warning C4646: function declared with 'noreturn' has non-void return type [C:\Users\Public\jpegview-arm64-build\extras\scripts\libjxl\arm64\lib\jxl_dec-obj.vcxproj]
C:\Users\Public\jpegview-arm64-build\extras\third_party\libjxl\lib/jxl/frame_header.h(105,1): warning C4267: '=': conversion from 'size_t' to 'uint32_t', possible loss of data [C:\Users\Public\jpegview-arm64-build\extras\scripts\libjxl\arm64\lib\jxl_dec-obj.vcxproj]
C:\Users\Public\jpegview-arm64-build\extras\third_party\libjxl\lib\jxl\render_pipeline\stage_spot.cc(26,24): warning C4146: unary minus operator applied to unsigned type, result still unsigned [C:\Users\Public\jpegview-arm64-build\extras\scripts\libjxl\arm64\lib\jxl_dec-obj.vcxproj]
  stage_to_linear.cc
C:\Users\Public\jpegview-arm64-build\extras\third_party\libjxl\lib/jxl/base/status.h(132,47): warning C4646: function declared with 'noreturn' has non-void return type [C:\Users\Public\jpegview-arm64-build\extras\scripts\libjxl\arm64\lib\jxl_dec-obj.vcxproj]
C:\Users\Public\jpegview-arm64-build\extras\third_party\libjxl\lib/jxl/frame_header.h(105,1): warning C4267: '=': conversion from 'size_t' to 'uint32_t', possible loss of data [C:\Users\Public\jpegview-arm64-build\extras\scripts\libjxl\arm64\lib\jxl_dec-obj.vcxproj]
C:\Users\Public\jpegview-arm64-build\extras\third_party\libjxl\lib/jxl/transfer_functions-inl.h(85,59): warning C4244: 'argument': conversion from 'const double' to 'float', possible loss of data [C:\Users\Public\jpegview-arm64-build\extras\scripts\libjxl\arm64\lib\jxl_dec-obj.vcxproj]
C:\Users\Public\jpegview-arm64-build\extras\third_party\libjxl\lib/jxl/transfer_functions-inl.h(85,48): warning C4244: 'argument': conversion from 'double' to 'float', possible loss of data [C:\Users\Public\jpegview-arm64-build\extras\scripts\libjxl\arm64\lib\jxl_dec-obj.vcxproj]
C:\Users\Public\jpegview-arm64-build\extras\third_party\libjxl\lib/jxl/transfer_functions-inl.h(89,25): warning C4244: 'argument': conversion from 'const double' to 'float', possible loss of data [C:\Users\Public\jpegview-arm64-build\extras\scripts\libjxl\arm64\lib\jxl_dec-obj.vcxproj]
C:\Users\Public\jpegview-arm64-build\extras\third_party\libjxl\lib/jxl/transfer_functions-inl.h(89,22): warning C4244: 'argument': conversion from 'const double' to 'float', possible loss of data [C:\Users\Public\jpegview-arm64-build\extras\scripts\libjxl\arm64\lib\jxl_dec-obj.vcxproj]
C:\Users\Public\jpegview-arm64-build\extras\third_party\libjxl\lib/jxl/transfer_functions-inl.h(98,55): warning C4244: 'argument': conversion from 'const double' to 'float', possible loss of data [C:\Users\Public\jpegview-arm64-build\extras\scripts\libjxl\arm64\lib\jxl_dec-obj.vcxproj]
C:\Users\Public\jpegview-arm64-build\extras\third_party\libjxl\lib/jxl/transfer_functions-inl.h(98,42): warning C4244: 'argument': conversion from 'double' to 'float', possible loss of data [C:\Users\Public\jpegview-arm64-build\extras\scripts\libjxl\arm64\lib\jxl_dec-obj.vcxproj]
C:\Users\Public\jpegview-arm64-build\extras\third_party\libjxl\lib/jxl/transfer_functions-inl.h(102,25): warning C4244: 'argument': conversion from 'const double' to 'float', possible loss of data [C:\Users\Public\jpegview-arm64-build\extras\scripts\libjxl\arm64\lib\jxl_dec-obj.vcxproj]
C:\Users\Public\jpegview-arm64-build\extras\third_party\libjxl\lib/jxl/transfer_functions-inl.h(102,22): warning C4244: 'argument': conversion from 'const double' to 'float', possible loss of data [C:\Users\Public\jpegview-arm64-build\extras\scripts\libjxl\arm64\lib\jxl_dec-obj.vcxproj]
C:\Users\Public\jpegview-arm64-build\extras\third_party\libjxl\lib/jxl/transfer_functions-inl.h(187,22): warning C4244: 'argument': conversion from 'const double' to 'float', possible loss of data [C:\Users\Public\jpegview-arm64-build\extras\scripts\libjxl\arm64\lib\jxl_dec-obj.vcxproj]
C:\Users\Public\jpegview-arm64-build\extras\third_party\libjxl\lib/jxl/transfer_functions-inl.h(186,24): warning C4244: 'argument': conversion from 'double' to 'float', possible loss of data [C:\Users\Public\jpegview-arm64-build\extras\scripts\libjxl\arm64\lib\jxl_dec-obj.vcxproj]
C:\Users\Public\jpegview-arm64-build\extras\third_party\libjxl\lib/jxl/transfer_functions-inl.h(228,25): warning C4244: 'argument': conversion from 'const double' to 'float', possible loss of data [C:\Users\Public\jpegview-arm64-build\extras\scripts\libjxl\arm64\lib\jxl_dec-obj.vcxproj]
C:\Users\Public\jpegview-arm64-build\extras\third_party\libjxl\lib/jxl/transfer_functions-inl.h(228,22): warning C4244: 'argument': conversion from 'const double' to 'float', possible loss of data [C:\Users\Public\jpegview-arm64-build\extras\scripts\libjxl\arm64\lib\jxl_dec-obj.vcxproj]
C:\Users\Public\jpegview-arm64-build\extras\third_party\libjxl\lib\jxl\render_pipeline\stage_to_linear.cc(130,22): warning C4146: unary minus operator applied to unsigned type, result still unsigned [C:\Users\Public\jpegview-arm64-build\extras\scripts\libjxl\arm64\lib\jxl_dec-obj.vcxproj]
C:\Users\Public\jpegview-arm64-build\extras\third_party\libjxl\lib\jxl\render_pipeline\stage_to_linear.cc(118): message : while compiling class template member function 'void jxl::N_EMU128::`anonymous-namespace'::ToLinearStage<jxl::N_EMU128::`anonymous-namespace'::OpInvalid>::ProcessRow(const jxl::RenderPipelineStage::RowInfo &,const jxl::RenderPipelineStage::RowInfo &,size_t,size_t,size_t,size_t,size_t) const' [C:\Users\Public\jpegview-arm64-build\extras\scripts\libjxl\arm64\lib\jxl_dec-obj.vcxproj]
C:\Program Files\Microsoft Visual Studio\18\Enterprise\VC\Tools\MSVC\14.29.30133\include\type_traits(325): message : see reference to class template instantiation 'jxl::N_EMU128::`anonymous-namespace'::ToLinearStage<jxl::N_EMU128::`anonymous-namespace'::OpInvalid>' being compiled [C:\Users\Public\jpegview-arm64-build\extras\scripts\libjxl\arm64\lib\jxl_dec-obj.vcxproj]
C:\Users\Public\jpegview-arm64-build\extras\third_party\libjxl\lib\jxl\render_pipeline\stage_to_linear.cc(182): message : see reference to class template instantiation 'std::is_convertible<jxl::N_EMU128::`anonymous-namespace'::ToLinearStage<jxl::N_EMU128::`anonymous-namespace'::OpInvalid> *,_Ty *>' being compiled [C:\Users\Public\jpegview-arm64-build\extras\scripts\libjxl\arm64\lib\jxl_dec-obj.vcxproj]
          with
          [
              _Ty=jxl::RenderPipelineStage
          ]
C:\Users\Public\jpegview-arm64-build\extras\third_party\libjxl\lib\jxl\render_pipeline\stage_to_linear.cc(130): message : see reference to variable template 'const bool conjunction_v<std::negation<std::is_array<jxl::N_EMU128::`anonymous namespace'::ToLinearStage<jxl::N_EMU128::`anonymous namespace'::OpInvalid> > >,std::is_convertible<jxl::N_EMU128::`anonymous namespace'::ToLinearStage<jxl::N_EMU128::`anonymous namespace'::OpInvalid> *,jxl::RenderPipelineStage *>,std::is_convertible<std::default_delete<jxl::N_EMU128::`anonymous namespace'::ToLinearStage<jxl::N_EMU128::`anonymous namespace'::OpInvalid> >,std::default_delete<jxl::RenderPipelineStage> > >' being compiled [C:\Users\Public\jpegview-arm64-build\extras\scripts\libjxl\arm64\lib\jxl_dec-obj.vcxproj]
C:\Users\Public\jpegview-arm64-build\extras\third_party\libjxl\lib\jxl\render_pipeline\stage_to_linear.cc(76,46): warning C4244: '=': conversion from 'double' to 'float', possible loss of data [C:\Users\Public\jpegview-arm64-build\extras\scripts\libjxl\arm64\lib\jxl_dec-obj.vcxproj]
C:\Users\Public\jpegview-arm64-build\extras\third_party\libjxl\lib\jxl\render_pipeline\stage_to_linear.cc(134): message : see reference to function template instantiation 'void jxl::N_EMU128::`anonymous-namespace'::OpHlg::Transform<hwy::N_EMU128::Simd<T,4,0>,hwy::N_EMU128::Vec128<T,4>>(D,hwy::N_EMU128::Vec128<T,4> *,hwy::N_EMU128::Vec128<T,4> *,hwy::N_EMU128::Vec128<T,4> *) const' being compiled [C:\Users\Public\jpegview-arm64-build\extras\scripts\libjxl\arm64\lib\jxl_dec-obj.vcxproj]
          with
          [
              T=float,
              D=hwy::N_EMU128::Simd<float,4,0>
          ]
C:\Users\Public\jpegview-arm64-build\extras\third_party\libjxl\lib\jxl\render_pipeline\stage_to_linear.cc(118): message : while compiling class template member function 'void jxl::N_EMU128::`anonymous-namespace'::ToLinearStage<jxl::N_EMU128::`anonymous-namespace'::OpHlg>::ProcessRow(const jxl::RenderPipelineStage::RowInfo &,const jxl::RenderPipelineStage::RowInfo &,size_t,size_t,size_t,size_t,size_t) const' [C:\Users\Public\jpegview-arm64-build\extras\scripts\libjxl\arm64\lib\jxl_dec-obj.vcxproj]
  stage_tone_mapping.cc
C:\Users\Public\jpegview-arm64-build\extras\third_party\libjxl\lib/jxl/base/status.h(132,47): warning C4646: function declared with 'noreturn' has non-void return type [C:\Users\Public\jpegview-arm64-build\extras\scripts\libjxl\arm64\lib\jxl_dec-obj.vcxproj]
C:\Users\Public\jpegview-arm64-build\extras\third_party\libjxl\lib/jxl/frame_header.h(105,1): warning C4267: '=': conversion from 'size_t' to 'uint32_t', possible loss of data [C:\Users\Public\jpegview-arm64-build\extras\scripts\libjxl\arm64\lib\jxl_dec-obj.vcxproj]
C:\Users\Public\jpegview-arm64-build\extras\third_party\libjxl\lib/jxl/transfer_functions-inl.h(85,59): warning C4244: 'argument': conversion from 'const double' to 'float', possible loss of data [C:\Users\Public\jpegview-arm64-build\extras\scripts\libjxl\arm64\lib\jxl_dec-obj.vcxproj]
C:\Users\Public\jpegview-arm64-build\extras\third_party\libjxl\lib/jxl/transfer_functions-inl.h(85,48): warning C4244: 'argument': conversion from 'double' to 'float', possible loss of data [C:\Users\Public\jpegview-arm64-build\extras\scripts\libjxl\arm64\lib\jxl_dec-obj.vcxproj]
C:\Users\Public\jpegview-arm64-build\extras\third_party\libjxl\lib/jxl/transfer_functions-inl.h(89,25): warning C4244: 'argument': conversion from 'const double' to 'float', possible loss of data [C:\Users\Public\jpegview-arm64-build\extras\scripts\libjxl\arm64\lib\jxl_dec-obj.vcxproj]
C:\Users\Public\jpegview-arm64-build\extras\third_party\libjxl\lib/jxl/transfer_functions-inl.h(89,22): warning C4244: 'argument': conversion from 'const double' to 'float', possible loss of data [C:\Users\Public\jpegview-arm64-build\extras\scripts\libjxl\arm64\lib\jxl_dec-obj.vcxproj]
C:\Users\Public\jpegview-arm64-build\extras\third_party\libjxl\lib/jxl/transfer_functions-inl.h(98,55): warning C4244: 'argument': conversion from 'const double' to 'float', possible loss of data [C:\Users\Public\jpegview-arm64-build\extras\scripts\libjxl\arm64\lib\jxl_dec-obj.vcxproj]
C:\Users\Public\jpegview-arm64-build\extras\third_party\libjxl\lib/jxl/transfer_functions-inl.h(98,42): warning C4244: 'argument': conversion from 'double' to 'float', possible loss of data [C:\Users\Public\jpegview-arm64-build\extras\scripts\libjxl\arm64\lib\jxl_dec-obj.vcxproj]
C:\Users\Public\jpegview-arm64-build\extras\third_party\libjxl\lib/jxl/transfer_functions-inl.h(102,25): warning C4244: 'argument': conversion from 'const double' to 'float', possible loss of data [C:\Users\Public\jpegview-arm64-build\extras\scripts\libjxl\arm64\lib\jxl_dec-obj.vcxproj]
C:\Users\Public\jpegview-arm64-build\extras\third_party\libjxl\lib/jxl/transfer_functions-inl.h(102,22): warning C4244: 'argument': conversion from 'const double' to 'float', possible loss of data [C:\Users\Public\jpegview-arm64-build\extras\scripts\libjxl\arm64\lib\jxl_dec-obj.vcxproj]
C:\Users\Public\jpegview-arm64-build\extras\third_party\libjxl\lib/jxl/transfer_functions-inl.h(187,22): warning C4244: 'argument': conversion from 'const double' to 'float', possible loss of data [C:\Users\Public\jpegview-arm64-build\extras\scripts\libjxl\arm64\lib\jxl_dec-obj.vcxproj]
C:\Users\Public\jpegview-arm64-build\extras\third_party\libjxl\lib/jxl/transfer_functions-inl.h(186,24): warning C4244: 'argument': conversion from 'double' to 'float', possible loss of data [C:\Users\Public\jpegview-arm64-build\extras\scripts\libjxl\arm64\lib\jxl_dec-obj.vcxproj]
C:\Users\Public\jpegview-arm64-build\extras\third_party\libjxl\lib/jxl/transfer_functions-inl.h(228,25): warning C4244: 'argument': conversion from 'const double' to 'float', possible loss of data [C:\Users\Public\jpegview-arm64-build\extras\scripts\libjxl\arm64\lib\jxl_dec-obj.vcxproj]
C:\Users\Public\jpegview-arm64-build\extras\third_party\libjxl\lib/jxl/transfer_functions-inl.h(228,22): warning C4244: 'argument': conversion from 'const double' to 'float', possible loss of data [C:\Users\Public\jpegview-arm64-build\extras\scripts\libjxl\arm64\lib\jxl_dec-obj.vcxproj]
C:\Users\Public\jpegview-arm64-build\extras\third_party\libjxl\lib\jxl\render_pipeline\stage_tone_mapping.cc(77,22): warning C4146: unary minus operator applied to unsigned type, result still unsigned [C:\Users\Public\jpegview-arm64-build\extras\scripts\libjxl\arm64\lib\jxl_dec-obj.vcxproj]
C:\Program Files\Microsoft Visual Studio\18\Enterprise\VC\Tools\MSVC\14.29.30133\include\utility(186,16): warning C4244: 'initializing': conversion from '_Ty' to '_Ty1', possible loss of data [C:\Users\Public\jpegview-arm64-build\extras\scripts\libjxl\arm64\lib\jxl_dec-obj.vcxproj]
          with
          [
              _Ty=int
          ]
          and
          [
              _Ty1=float
          ]
C:\Users\Public\jpegview-arm64-build\extras\third_party\libjxl\lib\jxl\render_pipeline\stage_tone_mapping.cc(37): message : see reference to function template instantiation 'std::pair<float,float>::pair<int,float&,0>(_Other1 &&,_Other2) noexcept' being compiled [C:\Users\Public\jpegview-arm64-build\extras\scripts\libjxl\arm64\lib\jxl_dec-obj.vcxproj]
          with
          [
              _Other1=int,
              _Other2=float &
          ]
C:\Users\Public\jpegview-arm64-build\extras\third_party\libjxl\lib\jxl\render_pipeline\stage_tone_mapping.cc(35): message : see reference to function template instantiation 'std::pair<float,float>::pair<int,float&,0>(_Other1 &&,_Other2) noexcept' being compiled [C:\Users\Public\jpegview-arm64-build\extras\scripts\libjxl\arm64\lib\jxl_dec-obj.vcxproj]
          with
          [
              _Other1=int,
              _Other2=float &
          ]
C:\Users\Public\jpegview-arm64-build\extras\third_party\libjxl\lib/jxl/dec_tone_mapping-inl.h(81,37): warning C4244: 'return': conversion from 'double' to 'float', possible loss of data [C:\Users\Public\jpegview-arm64-build\extras\scripts\libjxl\arm64\lib\jxl_dec-obj.vcxproj]
C:\Users\Public\jpegview-arm64-build\extras\third_party\libjxl\lib/jxl/dec_tone_mapping-inl.h(80): message : while compiling class template member function 'float jxl::N_EMU128::`anonymous-namespace'::Rec2408ToneMapper<hwy::N_EMU128::Simd<T,4,0>>::InvEOTF(const float) const' [C:\Users\Public\jpegview-arm64-build\extras\scripts\libjxl\arm64\lib\jxl_dec-obj.vcxproj]
          with
          [
              T=float
          ]
C:\Users\Public\jpegview-arm64-build\extras\third_party\libjxl\lib/jxl/dec_tone_mapping-inl.h(112): message : see reference to function template instantiation 'float jxl::N_EMU128::`anonymous-namespace'::Rec2408ToneMapper<hwy::N_EMU128::Simd<T,4,0>>::InvEOTF(const float) const' being compiled [C:\Users\Public\jpegview-arm64-build\extras\scripts\libjxl\arm64\lib\jxl_dec-obj.vcxproj]
          with
          [
              T=float
          ]
C:\Users\Public\jpegview-arm64-build\extras\third_party\libjxl\lib\jxl\render_pipeline\stage_tone_mapping.cc(51): message : see reference to class template instantiation 'jxl::N_EMU128::`anonymous-namespace'::Rec2408ToneMapper<hwy::N_EMU128::Simd<T,4,0>>' being compiled [C:\Users\Public\jpegview-arm64-build\extras\scripts\libjxl\arm64\lib\jxl_dec-obj.vcxproj]
          with
          [
              T=float
          ]
  stage_upsampling.cc
C:\Users\Public\jpegview-arm64-build\extras\third_party\libjxl\lib/jxl/base/status.h(132,47): warning C4646: function declared with 'noreturn' has non-void return type [C:\Users\Public\jpegview-arm64-build\extras\scripts\libjxl\arm64\lib\jxl_dec-obj.vcxproj]
C:\Users\Public\jpegview-arm64-build\extras\third_party\libjxl\lib/jxl/frame_header.h(105,1): warning C4267: '=': conversion from 'size_t' to 'uint32_t', possible loss of data [C:\Users\Public\jpegview-arm64-build\extras\scripts\libjxl\arm64\lib\jxl_dec-obj.vcxproj]
C:\Users\Public\jpegview-arm64-build\extras\third_party\libjxl\lib\jxl\render_pipeline\stage_upsampling.cc(36,1): warning C4334: '<<': result of 32-bit shift implicitly converted to 64 bits (was 64-bit shift intended?) [C:\Users\Public\jpegview-arm64-build\extras\scripts\libjxl\arm64\lib\jxl_dec-obj.vcxproj]
C:\Users\Public\jpegview-arm64-build\extras\third_party\libjxl\lib\jxl\render_pipeline\stage_upsampling.cc(52,1): warning C4334: '<<': result of 32-bit shift implicitly converted to 64 bits (was 64-bit shift intended?) [C:\Users\Public\jpegview-arm64-build\extras\scripts\libjxl\arm64\lib\jxl_dec-obj.vcxproj]
C:\Users\Public\jpegview-arm64-build\extras\third_party\libjxl\lib\jxl\render_pipeline\stage_upsampling.cc(55,56): warning C4244: 'argument': conversion from 'ssize_t' to 'int', possible loss of data [C:\Users\Public\jpegview-arm64-build\extras\scripts\libjxl\arm64\lib\jxl_dec-obj.vcxproj]
C:\Users\Public\jpegview-arm64-build\extras\third_party\libjxl\lib\jxl\render_pipeline\stage_upsampling.cc(136,62): warning C4244: 'argument': conversion from 'ssize_t' to 'int', possible loss of data [C:\Users\Public\jpegview-arm64-build\extras\scripts\libjxl\arm64\lib\jxl_dec-obj.vcxproj]
C:\Users\Public\jpegview-arm64-build\extras\third_party\libjxl\lib\jxl\render_pipeline\stage_upsampling.cc(62): message : see reference to function template instantiation 'void jxl::N_EMU128::UpsamplingStage::ProcessRowImpl<2>(const jxl::RenderPipelineStage::RowInfo &,const jxl::RenderPipelineStage::RowInfo &,ssize_t,ssize_t) const' being compiled [C:\Users\Public\jpegview-arm64-build\extras\scripts\libjxl\arm64\lib\jxl_dec-obj.vcxproj]
  stage_write.cc
C:\Users\Public\jpegview-arm64-build\extras\third_party\libjxl\lib/jxl/base/status.h(132,47): warning C4646: function declared with 'noreturn' has non-void return type [C:\Users\Public\jpegview-arm64-build\extras\scripts\libjxl\arm64\lib\jxl_dec-obj.vcxproj]
C:\Users\Public\jpegview-arm64-build\extras\third_party\libjxl\lib/jxl/ac_context.h(112,1): warning C4267: 'return': conversion from 'size_t' to 'uint32_t', possible loss of data [C:\Users\Public\jpegview-arm64-build\extras\scripts\libjxl\arm64\lib\jxl_dec-obj.vcxproj]
C:\Users\Public\jpegview-arm64-build\extras\third_party\libjxl\lib/jxl/ac_context.h(124,1): warning C4267: 'return': conversion from 'size_t' to 'uint32_t', possible loss of data [C:\Users\Public\jpegview-arm64-build\extras\scripts\libjxl\arm64\lib\jxl_dec-obj.vcxproj]
C:\Users\Public\jpegview-arm64-build\extras\third_party\libjxl\lib/jxl/ac_context.h(137,1): warning C4267: 'return': conversion from 'size_t' to 'uint32_t', possible loss of data [C:\Users\Public\jpegview-arm64-build\extras\scripts\libjxl\arm64\lib\jxl_dec-obj.vcxproj]
C:\Users\Public\jpegview-arm64-build\extras\third_party\libjxl\lib/jxl/chroma_from_luma.h(120,41): warning C4244: 'return': conversion from 'const uint32_t' to 'float', possible loss of data [C:\Users\Public\jpegview-arm64-build\extras\scripts\libjxl\arm64\lib\jxl_dec-obj.vcxproj]
C:\Users\Public\jpegview-arm64-build\extras\third_party\libjxl\lib/jxl/frame_header.h(105,1): warning C4267: '=': conversion from 'size_t' to 'uint32_t', possible loss of data [C:\Users\Public\jpegview-arm64-build\extras\scripts\libjxl\arm64\lib\jxl_dec-obj.vcxproj]
C:\Users\Public\jpegview-arm64-build\extras\third_party\libjxl\lib/jxl/quantizer.h(86,41): warning C4244: '=': conversion from 'double' to 'float', possible loss of data [C:\Users\Public\jpegview-arm64-build\extras\scripts\libjxl\arm64\lib\jxl_dec-obj.vcxproj]
C:\Users\Public\jpegview-arm64-build\extras\third_party\libjxl\lib/jxl/quantizer.h(87,49): warning C4244: '=': conversion from 'double' to 'float', possible loss of data [C:\Users\Public\jpegview-arm64-build\extras\scripts\libjxl\arm64\lib\jxl_dec-obj.vcxproj]
C:\Users\Public\jpegview-arm64-build\extras\third_party\libjxl\lib/jxl/dec_ans.h(78,1): warning C4267: 'initializing': conversion from 'size_t' to 'uint32_t', possible loss of data [C:\Users\Public\jpegview-arm64-build\extras\scripts\libjxl\arm64\lib\jxl_dec-obj.vcxproj]
C:\Users\Public\jpegview-arm64-build\extras\third_party\libjxl\lib/jxl/dec_ans.h(175,1): warning C4267: '=': conversion from 'size_t' to 'uint32_t', possible loss of data [C:\Users\Public\jpegview-arm64-build\extras\scripts\libjxl\arm64\lib\jxl_dec-obj.vcxproj]
C:\Users\Public\jpegview-arm64-build\extras\third_party\libjxl\lib/jxl/dec_ans.h(197,1): warning C4267: '=': conversion from 'size_t' to 'uint32_t', possible loss of data [C:\Users\Public\jpegview-arm64-build\extras\scripts\libjxl\arm64\lib\jxl_dec-obj.vcxproj]
C:\Users\Public\jpegview-arm64-build\extras\third_party\libjxl\lib/jxl/dec_ans.h(411,1): warning C4267: '=': conversion from 'size_t' to 'uint32_t', possible loss of data [C:\Users\Public\jpegview-arm64-build\extras\scripts\libjxl\arm64\lib\jxl_dec-obj.vcxproj]
C:\Users\Public\jpegview-arm64-build\extras\third_party\libjxl\lib/jxl/dec_ans.h(414,1): warning C4267: '=': conversion from 'size_t' to 'uint32_t', possible loss of data [C:\Users\Public\jpegview-arm64-build\extras\scripts\libjxl\arm64\lib\jxl_dec-obj.vcxproj]
C:\Users\Public\jpegview-arm64-build\extras\third_party\libjxl\lib/jxl/dec_cache.h(203,1): warning C4334: '<<': result of 32-bit shift implicitly converted to 64 bits (was 64-bit shift intended?) [C:\Users\Public\jpegview-arm64-build\extras\scripts\libjxl\arm64\lib\jxl_dec-obj.vcxproj]
C:\Users\Public\jpegview-arm64-build\extras\third_party\libjxl\lib/jxl/dec_ans.h(252,1): warning C4267: 'return': conversion from 'size_t' to 'uint32_t', possible loss of data [C:\Users\Public\jpegview-arm64-build\extras\scripts\libjxl\arm64\lib\jxl_dec-obj.vcxproj]
C:\Users\Public\jpegview-arm64-build\extras\third_party\libjxl\lib/jxl/dec_ans.h(288): message : see reference to function template instantiation 'uint32_t jxl::ANSSymbolReader::ReadHybridUintConfig<jxl::BitReader>(const jxl::HybridUintConfig &,size_t,BitReader *)' being compiled [C:\Users\Public\jpegview-arm64-build\extras\scripts\libjxl\arm64\lib\jxl_dec-obj.vcxproj]
          with
          [
              BitReader=jxl::BitReader
          ]
C:\Users\Public\jpegview-arm64-build\extras\third_party\libjxl\lib/jxl/dec_ans.h(254,1): warning C4267: 'initializing': conversion from 'size_t' to 'uint32_t', possible loss of data [C:\Users\Public\jpegview-arm64-build\extras\scripts\libjxl\arm64\lib\jxl_dec-obj.vcxproj]
C:\Users\Public\jpegview-arm64-build\extras\third_party\libjxl\lib/jxl/dec_ans.h(268,1): warning C4334: '<<': result of 32-bit shift implicitly converted to 64 bits (was 64-bit shift intended?) [C:\Users\Public\jpegview-arm64-build\extras\scripts\libjxl\arm64\lib\jxl_dec-obj.vcxproj]
C:\Users\Public\jpegview-arm64-build\extras\third_party\libjxl\lib/jxl/dec_ans.h(314,1): warning C4267: '=': conversion from 'size_t' to 'uint32_t', possible loss of data [C:\Users\Public\jpegview-arm64-build\extras\scripts\libjxl\arm64\lib\jxl_dec-obj.vcxproj]
C:\Users\Public\jpegview-arm64-build\extras\third_party\libjxl\lib/jxl/dec_ans.h(369): message : see reference to function template instantiation 'size_t jxl::ANSSymbolReader::ReadHybridUintClusteredInlined<true>(size_t,jxl::BitReader *__restrict )' being compiled [C:\Users\Public\jpegview-arm64-build\extras\scripts\libjxl\arm64\lib\jxl_dec-obj.vcxproj]
C:\Users\Public\jpegview-arm64-build\extras\third_party\libjxl\lib/jxl/dec_ans.h(394): message : see reference to function template instantiation 'size_t jxl::ANSSymbolReader::ReadHybridUintClustered<true>(size_t,jxl::BitReader *__restrict )' being compiled [C:\Users\Public\jpegview-arm64-build\extras\scripts\libjxl\arm64\lib\jxl_dec-obj.vcxproj]
C:\Users\Public\jpegview-arm64-build\extras\third_party\libjxl\lib/jxl/dec_ans.h(341,1): warning C4267: '=': conversion from 'size_t' to 'uint32_t', possible loss of data [C:\Users\Public\jpegview-arm64-build\extras\scripts\libjxl\arm64\lib\jxl_dec-obj.vcxproj]
C:\Users\Public\jpegview-arm64-build\extras\third_party\libjxl\lib/jxl/dec_ans.h(356,1): warning C4267: '=': conversion from 'size_t' to 'uint32_t', possible loss of data [C:\Users\Public\jpegview-arm64-build\extras\scripts\libjxl\arm64\lib\jxl_dec-obj.vcxproj]
C:\Users\Public\jpegview-arm64-build\extras\third_party\libjxl\lib/jxl/dec_ans.h(362,1): warning C4267: '=': conversion from 'size_t' to 'uint32_t', possible loss of data [C:\Users\Public\jpegview-arm64-build\extras\scripts\libjxl\arm64\lib\jxl_dec-obj.vcxproj]
  stage_xyb.cc
C:\Users\Public\jpegview-arm64-build\extras\third_party\libjxl\lib/jxl/base/status.h(132,47): warning C4646: function declared with 'noreturn' has non-void return type [C:\Users\Public\jpegview-arm64-build\extras\scripts\libjxl\arm64\lib\jxl_dec-obj.vcxproj]
C:\Users\Public\jpegview-arm64-build\extras\third_party\libjxl\lib/jxl/frame_header.h(105,1): warning C4267: '=': conversion from 'size_t' to 'uint32_t', possible loss of data [C:\Users\Public\jpegview-arm64-build\extras\scripts\libjxl\arm64\lib\jxl_dec-obj.vcxproj]
C:\Users\Public\jpegview-arm64-build\extras\third_party\libjxl\lib\jxl\render_pipeline\stage_xyb.cc(53,24): warning C4146: unary minus operator applied to unsigned type, result still unsigned [C:\Users\Public\jpegview-arm64-build\extras\scripts\libjxl\arm64\lib\jxl_dec-obj.vcxproj]
C:\Users\Public\jpegview-arm64-build\extras\third_party\libjxl\lib\jxl\render_pipeline\stage_xyb.cc(65,24): warning C4146: unary minus operator applied to unsigned type, result still unsigned [C:\Users\Public\jpegview-arm64-build\extras\scripts\libjxl\arm64\lib\jxl_dec-obj.vcxproj]
  stage_ycbcr.cc
C:\Users\Public\jpegview-arm64-build\extras\third_party\libjxl\lib/jxl/base/status.h(132,47): warning C4646: function declared with 'noreturn' has non-void return type [C:\Users\Public\jpegview-arm64-build\extras\scripts\libjxl\arm64\lib\jxl_dec-obj.vcxproj]
C:\Users\Public\jpegview-arm64-build\extras\third_party\libjxl\lib/jxl/frame_header.h(105,1): warning C4267: '=': conversion from 'size_t' to 'uint32_t', possible loss of data [C:\Users\Public\jpegview-arm64-build\extras\scripts\libjxl\arm64\lib\jxl_dec-obj.vcxproj]
  simd_util.cc
  splines.cc
C:\Users\Public\jpegview-arm64-build\extras\third_party\libjxl\lib/jxl/base/status.h(132,47): warning C4646: function declared with 'noreturn' has non-void return type [C:\Users\Public\jpegview-arm64-build\extras\scripts\libjxl\arm64\lib\jxl_dec-obj.vcxproj]
C:\Users\Public\jpegview-arm64-build\extras\third_party\libjxl\lib/jxl/ac_context.h(112,1): warning C4267: 'return': conversion from 'size_t' to 'uint32_t', possible loss of data [C:\Users\Public\jpegview-arm64-build\extras\scripts\libjxl\arm64\lib\jxl_dec-obj.vcxproj]
C:\Users\Public\jpegview-arm64-build\extras\third_party\libjxl\lib/jxl/ac_context.h(124,1): warning C4267: 'return': conversion from 'size_t' to 'uint32_t', possible loss of data [C:\Users\Public\jpegview-arm64-build\extras\scripts\libjxl\arm64\lib\jxl_dec-obj.vcxproj]
C:\Users\Public\jpegview-arm64-build\extras\third_party\libjxl\lib/jxl/ac_context.h(137,1): warning C4267: 'return': conversion from 'size_t' to 'uint32_t', possible loss of data [C:\Users\Public\jpegview-arm64-build\extras\scripts\libjxl\arm64\lib\jxl_dec-obj.vcxproj]
C:\Users\Public\jpegview-arm64-build\extras\third_party\libjxl\lib/jxl/chroma_from_luma.h(120,41): warning C4244: 'return': conversion from 'const uint32_t' to 'float', possible loss of data [C:\Users\Public\jpegview-arm64-build\extras\scripts\libjxl\arm64\lib\jxl_dec-obj.vcxproj]
C:\Users\Public\jpegview-arm64-build\extras\third_party\libjxl\lib/jxl/dec_ans.h(78,1): warning C4267: 'initializing': conversion from 'size_t' to 'uint32_t', possible loss of data [C:\Users\Public\jpegview-arm64-build\extras\scripts\libjxl\arm64\lib\jxl_dec-obj.vcxproj]
C:\Users\Public\jpegview-arm64-build\extras\third_party\libjxl\lib/jxl/dec_ans.h(175,1): warning C4267: '=': conversion from 'size_t' to 'uint32_t', possible loss of data [C:\Users\Public\jpegview-arm64-build\extras\scripts\libjxl\arm64\lib\jxl_dec-obj.vcxproj]
C:\Users\Public\jpegview-arm64-build\extras\third_party\libjxl\lib/jxl/dec_ans.h(197,1): warning C4267: '=': conversion from 'size_t' to 'uint32_t', possible loss of data [C:\Users\Public\jpegview-arm64-build\extras\scripts\libjxl\arm64\lib\jxl_dec-obj.vcxproj]
C:\Users\Public\jpegview-arm64-build\extras\third_party\libjxl\lib/jxl/dec_ans.h(411,1): warning C4267: '=': conversion from 'size_t' to 'uint32_t', possible loss of data [C:\Users\Public\jpegview-arm64-build\extras\scripts\libjxl\arm64\lib\jxl_dec-obj.vcxproj]
C:\Users\Public\jpegview-arm64-build\extras\third_party\libjxl\lib/jxl/dec_ans.h(414,1): warning C4267: '=': conversion from 'size_t' to 'uint32_t', possible loss of data [C:\Users\Public\jpegview-arm64-build\extras\scripts\libjxl\arm64\lib\jxl_dec-obj.vcxproj]
C:\Users\Public\jpegview-arm64-build\extras\third_party\libjxl\lib/jxl/dct_scales.h(57,1): warning C4305: 'initializing': truncation from 'double' to 'const float' [C:\Users\Public\jpegview-arm64-build\extras\scripts\libjxl\arm64\lib\jxl_dec-obj.vcxproj]
C:\Users\Public\jpegview-arm64-build\extras\third_party\libjxl\lib/jxl/dct_scales.h(67,1): warning C4305: 'initializing': truncation from 'double' to 'const float' [C:\Users\Public\jpegview-arm64-build\extras\scripts\libjxl\arm64\lib\jxl_dec-obj.vcxproj]
C:\Users\Public\jpegview-arm64-build\extras\third_party\libjxl\lib/jxl/dct_scales.h(76,1): warning C4305: 'initializing': truncation from 'double' to 'const float' [C:\Users\Public\jpegview-arm64-build\extras\scripts\libjxl\arm64\lib\jxl_dec-obj.vcxproj]
C:\Users\Public\jpegview-arm64-build\extras\third_party\libjxl\lib/jxl/dct_scales.h(98,1): warning C4305: 'initializing': truncation from 'double' to 'const float' [C:\Users\Public\jpegview-arm64-build\extras\scripts\libjxl\arm64\lib\jxl_dec-obj.vcxproj]
C:\Users\Public\jpegview-arm64-build\extras\third_party\libjxl\lib/jxl/dct_scales.h(136,1): warning C4305: 'initializing': truncation from 'double' to 'const float' [C:\Users\Public\jpegview-arm64-build\extras\scripts\libjxl\arm64\lib\jxl_dec-obj.vcxproj]
C:\Users\Public\jpegview-arm64-build\extras\third_party\libjxl\lib/jxl/dct_scales.h(152,1): warning C4305: 'initializing': truncation from 'double' to 'const float' [C:\Users\Public\jpegview-arm64-build\extras\scripts\libjxl\arm64\lib\jxl_dec-obj.vcxproj]
C:\Users\Public\jpegview-arm64-build\extras\third_party\libjxl\lib/jxl/dct_scales.h(162,1): warning C4305: 'initializing': truncation from 'double' to 'const float' [C:\Users\Public\jpegview-arm64-build\extras\scripts\libjxl\arm64\lib\jxl_dec-obj.vcxproj]
C:\Users\Public\jpegview-arm64-build\extras\third_party\libjxl\lib/jxl/dct_scales.h(171,1): warning C4305: 'initializing': truncation from 'double' to 'const float' [C:\Users\Public\jpegview-arm64-build\extras\scripts\libjxl\arm64\lib\jxl_dec-obj.vcxproj]
C:\Users\Public\jpegview-arm64-build\extras\third_party\libjxl\lib/jxl/dct_scales.h(193,1): warning C4305: 'initializing': truncation from 'double' to 'const float' [C:\Users\Public\jpegview-arm64-build\extras\scripts\libjxl\arm64\lib\jxl_dec-obj.vcxproj]
C:\Users\Public\jpegview-arm64-build\extras\third_party\libjxl\lib/jxl/dct_scales.h(231,1): warning C4305: 'initializing': truncation from 'double' to 'const float' [C:\Users\Public\jpegview-arm64-build\extras\scripts\libjxl\arm64\lib\jxl_dec-obj.vcxproj]
C:\Users\Public\jpegview-arm64-build\extras\third_party\libjxl\lib/jxl/dct_scales.h(245,1): warning C4305: 'initializing': truncation from 'double' to 'const float' [C:\Users\Public\jpegview-arm64-build\extras\scripts\libjxl\arm64\lib\jxl_dec-obj.vcxproj]
C:\Users\Public\jpegview-arm64-build\extras\third_party\libjxl\lib/jxl/dct_scales.h(255,1): warning C4305: 'initializing': truncation from 'double' to 'const float' [C:\Users\Public\jpegview-arm64-build\extras\scripts\libjxl\arm64\lib\jxl_dec-obj.vcxproj]
C:\Users\Public\jpegview-arm64-build\extras\third_party\libjxl\lib/jxl/dct_scales.h(264,1): warning C4305: 'initializing': truncation from 'double' to 'const float' [C:\Users\Public\jpegview-arm64-build\extras\scripts\libjxl\arm64\lib\jxl_dec-obj.vcxproj]
C:\Users\Public\jpegview-arm64-build\extras\third_party\libjxl\lib/jxl/dct_scales.h(276,1): warning C4305: 'initializing': truncation from 'double' to 'const float' [C:\Users\Public\jpegview-arm64-build\extras\scripts\libjxl\arm64\lib\jxl_dec-obj.vcxproj]
C:\Users\Public\jpegview-arm64-build\extras\third_party\libjxl\lib/jxl/dct_scales.h(292,1): warning C4305: 'initializing': truncation from 'double' to 'const float' [C:\Users\Public\jpegview-arm64-build\extras\scripts\libjxl\arm64\lib\jxl_dec-obj.vcxproj]
C:\Users\Public\jpegview-arm64-build\extras\third_party\libjxl\lib/jxl/dct_scales.h(319,1): warning C4305: 'initializing': truncation from 'double' to 'const float' [C:\Users\Public\jpegview-arm64-build\extras\scripts\libjxl\arm64\lib\jxl_dec-obj.vcxproj]
C:\Users\Public\jpegview-arm64-build\extras\third_party\libjxl\lib/jxl/dct_scales.h(368,1): warning C4305: 'initializing': truncation from 'double' to 'const float' [C:\Users\Public\jpegview-arm64-build\extras\scripts\libjxl\arm64\lib\jxl_dec-obj.vcxproj]
C:\Users\Public\jpegview-arm64-build\extras\third_party\libjxl\lib\jxl\splines.cc(51,3): warning C4305: 'initializing': truncation from 'double' to 'const float' [C:\Users\Public\jpegview-arm64-build\extras\scripts\libjxl\arm64\lib\jxl_dec-obj.vcxproj]
C:\Users\Public\jpegview-arm64-build\extras\third_party\libjxl\lib\jxl\splines.cc(55,41): warning C4267: '+=': conversion from 'size_t' to 'int', possible loss of data [C:\Users\Public\jpegview-arm64-build\extras\scripts\libjxl\arm64\lib\jxl_dec-obj.vcxproj]
C:\Users\Public\jpegview-arm64-build\extras\third_party\libjxl\lib\jxl\splines.cc(93,73): warning C4244: 'argument': conversion from 'float' to 'const _Ty', possible loss of data [C:\Users\Public\jpegview-arm64-build\extras\scripts\libjxl\arm64\lib\jxl_dec-obj.vcxproj]
          with
          [
              _Ty=ssize_t
          ]
C:\Users\Public\jpegview-arm64-build\extras\third_party\libjxl\lib\jxl\splines.cc(96,73): warning C4244: 'argument': conversion from 'float' to 'const _Ty', possible loss of data [C:\Users\Public\jpegview-arm64-build\extras\scripts\libjxl\arm64\lib\jxl_dec-obj.vcxproj]
          with
          [
              _Ty=__int64
          ]
C:\Users\Public\jpegview-arm64-build\extras\third_party\libjxl\lib\jxl\splines.cc(129,16): warning C4244: 'initializing': conversion from 'double' to 'float', possible loss of data [C:\Users\Public\jpegview-arm64-build\extras\scripts\libjxl\arm64\lib\jxl_dec-obj.vcxproj]
C:\Users\Public\jpegview-arm64-build\extras\third_party\libjxl\lib\jxl\splines.cc(128,32): warning C4244: 'initializing': conversion from 'double' to 'const float', possible loss of data [C:\Users\Public\jpegview-arm64-build\extras\scripts\libjxl\arm64\lib\jxl_dec-obj.vcxproj]
C:\Users\Public\jpegview-arm64-build\extras\third_party\libjxl\lib\jxl\splines.cc(138,14): warning C4244: 'initializing': conversion from 'float' to 'ssize_t', possible loss of data [C:\Users\Public\jpegview-arm64-build\extras\scripts\libjxl\arm64\lib\jxl_dec-obj.vcxproj]
C:\Users\Public\jpegview-arm64-build\extras\third_party\libjxl\lib\jxl\splines.cc(139,14): warning C4244: 'initializing': conversion from 'float' to 'ssize_t', possible loss of data [C:\Users\Public\jpegview-arm64-build\extras\scripts\libjxl\arm64\lib\jxl_dec-obj.vcxproj]
C:\Users\Public\jpegview-arm64-build\extras\third_party\libjxl\lib\jxl\splines.cc(381,26): warning C4244: 'initializing': conversion from 'int' to 'const float', possible loss of data [C:\Users\Public\jpegview-arm64-build\extras\scripts\libjxl\arm64\lib\jxl_dec-obj.vcxproj]
C:\Users\Public\jpegview-arm64-build\extras\third_party\libjxl\lib\jxl\splines.cc(429,35): warning C4244: '+=': conversion from 'const _Ty1' to 'int', possible loss of data [C:\Users\Public\jpegview-arm64-build\extras\scripts\libjxl\arm64\lib\jxl_dec-obj.vcxproj]
          with
          [
              _Ty1=int64_t
          ]
C:\Users\Public\jpegview-arm64-build\extras\third_party\libjxl\lib\jxl\splines.cc(430,36): warning C4244: '+=': conversion from 'const _Ty2' to 'int', possible loss of data [C:\Users\Public\jpegview-arm64-build\extras\scripts\libjxl\arm64\lib\jxl_dec-obj.vcxproj]
          with
          [
              _Ty2=int64_t
          ]
C:\Users\Public\jpegview-arm64-build\extras\third_party\libjxl\lib\jxl\splines.cc(535,23): warning C4244: '=': conversion from 'intptr_t' to 'int', possible loss of data [C:\Users\Public\jpegview-arm64-build\extras\scripts\libjxl\arm64\lib\jxl_dec-obj.vcxproj]
C:\Users\Public\jpegview-arm64-build\extras\third_party\libjxl\lib\jxl\splines.cc(574,42): warning C4244: '=': conversion from 'intptr_t' to 'int32_t', possible loss of data [C:\Users\Public\jpegview-arm64-build\extras\scripts\libjxl\arm64\lib\jxl_dec-obj.vcxproj]
C:\Users\Public\jpegview-arm64-build\extras\third_party\libjxl\lib/jxl/dec_ans.h(252,1): warning C4267: 'return': conversion from 'size_t' to 'uint32_t', possible loss of data [C:\Users\Public\jpegview-arm64-build\extras\scripts\libjxl\arm64\lib\jxl_dec-obj.vcxproj]
C:\Users\Public\jpegview-arm64-build\extras\third_party\libjxl\lib/jxl/dec_ans.h(288): message : see reference to function template instantiation 'uint32_t jxl::ANSSymbolReader::ReadHybridUintConfig<jxl::BitReader>(const jxl::HybridUintConfig &,size_t,BitReader *)' being compiled [C:\Users\Public\jpegview-arm64-build\extras\scripts\libjxl\arm64\lib\jxl_dec-obj.vcxproj]
          with
          [
              BitReader=jxl::BitReader
          ]
C:\Users\Public\jpegview-arm64-build\extras\third_party\libjxl\lib/jxl/dec_ans.h(254,1): warning C4267: 'initializing': conversion from 'size_t' to 'uint32_t', possible loss of data [C:\Users\Public\jpegview-arm64-build\extras\scripts\libjxl\arm64\lib\jxl_dec-obj.vcxproj]
C:\Users\Public\jpegview-arm64-build\extras\third_party\libjxl\lib/jxl/dec_ans.h(268,1): warning C4334: '<<': result of 32-bit shift implicitly converted to 64 bits (was 64-bit shift intended?) [C:\Users\Public\jpegview-arm64-build\extras\scripts\libjxl\arm64\lib\jxl_dec-obj.vcxproj]
C:\Users\Public\jpegview-arm64-build\extras\third_party\libjxl\lib/jxl/dec_ans.h(314,1): warning C4267: '=': conversion from 'size_t' to 'uint32_t', possible loss of data [C:\Users\Public\jpegview-arm64-build\extras\scripts\libjxl\arm64\lib\jxl_dec-obj.vcxproj]
C:\Users\Public\jpegview-arm64-build\extras\third_party\libjxl\lib/jxl/dec_ans.h(369): message : see reference to function template instantiation 'size_t jxl::ANSSymbolReader::ReadHybridUintClusteredInlined<true>(size_t,jxl::BitReader *__restrict )' being compiled [C:\Users\Public\jpegview-arm64-build\extras\scripts\libjxl\arm64\lib\jxl_dec-obj.vcxproj]
C:\Users\Public\jpegview-arm64-build\extras\third_party\libjxl\lib/jxl/dec_ans.h(394): message : see reference to function template instantiation 'size_t jxl::ANSSymbolReader::ReadHybridUintClustered<true>(size_t,jxl::BitReader *__restrict )' being compiled [C:\Users\Public\jpegview-arm64-build\extras\scripts\libjxl\arm64\lib\jxl_dec-obj.vcxproj]
C:\Users\Public\jpegview-arm64-build\extras\third_party\libjxl\lib/jxl/dec_ans.h(341,1): warning C4267: '=': conversion from 'size_t' to 'uint32_t', possible loss of data [C:\Users\Public\jpegview-arm64-build\extras\scripts\libjxl\arm64\lib\jxl_dec-obj.vcxproj]
C:\Users\Public\jpegview-arm64-build\extras\third_party\libjxl\lib/jxl/dec_ans.h(356,1): warning C4267: '=': conversion from 'size_t' to 'uint32_t', possible loss of data [C:\Users\Public\jpegview-arm64-build\extras\scripts\libjxl\arm64\lib\jxl_dec-obj.vcxproj]
C:\Users\Public\jpegview-arm64-build\extras\third_party\libjxl\lib/jxl/dec_ans.h(362,1): warning C4267: '=': conversion from 'size_t' to 'uint32_t', possible loss of data [C:\Users\Public\jpegview-arm64-build\extras\scripts\libjxl\arm64\lib\jxl_dec-obj.vcxproj]
  toc.cc
C:\Users\Public\jpegview-arm64-build\extras\third_party\libjxl\lib/jxl/base/status.h(132,47): warning C4646: function declared with 'noreturn' has non-void return type [C:\Users\Public\jpegview-arm64-build\extras\scripts\libjxl\arm64\lib\jxl_dec-obj.vcxproj]
  box_content_decoder.cc
C:\Users\Public\jpegview-arm64-build\extras\third_party\libjxl\lib/jxl/base/status.h(132,47): warning C4646: function declared with 'noreturn' has non-void return type [C:\Users\Public\jpegview-arm64-build\extras\scripts\libjxl\arm64\lib\jxl_dec-obj.vcxproj]
  decode_to_jpeg.cc
C:\Users\Public\jpegview-arm64-build\extras\third_party\libjxl\lib/jxl/base/status.h(132,47): warning C4646: function declared with 'noreturn' has non-void return type [C:\Users\Public\jpegview-arm64-build\extras\scripts\libjxl\arm64\lib\jxl_dec-obj.vcxproj]
C:\Users\Public\jpegview-arm64-build\extras\third_party\libjxl\lib/jxl/frame_header.h(105,1): warning C4267: '=': conversion from 'size_t' to 'uint32_t', possible loss of data [C:\Users\Public\jpegview-arm64-build\extras\scripts\libjxl\arm64\lib\jxl_dec-obj.vcxproj]
C:\Users\Public\jpegview-arm64-build\extras\third_party\libjxl\lib/jxl/quantizer.h(86,41): warning C4244: '=': conversion from 'double' to 'float', possible loss of data [C:\Users\Public\jpegview-arm64-build\extras\scripts\libjxl\arm64\lib\jxl_dec-obj.vcxproj]
C:\Users\Public\jpegview-arm64-build\extras\third_party\libjxl\lib/jxl/quantizer.h(87,49): warning C4244: '=': conversion from 'double' to 'float', possible loss of data [C:\Users\Public\jpegview-arm64-build\extras\scripts\libjxl\arm64\lib\jxl_dec-obj.vcxproj]
  dec_jpeg_data.cc
C:\Users\Public\jpegview-arm64-build\extras\third_party\libjxl\lib/jxl/base/status.h(132,47): warning C4646: function declared with 'noreturn' has non-void return type [C:\Users\Public\jpegview-arm64-build\extras\scripts\libjxl\arm64\lib\jxl_dec-obj.vcxproj]
C:\Users\Public\jpegview-arm64-build\extras\third_party\libjxl\lib\jxl\jpeg\dec_jpeg_data.cc(71,36): warning C4267: '=': conversion from 'size_t' to '_Ty', possible loss of data [C:\Users\Public\jpegview-arm64-build\extras\scripts\libjxl\arm64\lib\jxl_dec-obj.vcxproj]
          with
          [
              _Ty=uint8_t
          ]
C:\Users\Public\jpegview-arm64-build\extras\third_party\libjxl\lib\jxl\jpeg\dec_jpeg_data.cc(79,31): warning C4267: '=': conversion from 'size_t' to '_Ty', possible loss of data [C:\Users\Public\jpegview-arm64-build\extras\scripts\libjxl\arm64\lib\jxl_dec-obj.vcxproj]
          with
          [
              _Ty=uint8_t
          ]
C:\Users\Public\jpegview-arm64-build\extras\third_party\libjxl\lib\jxl\jpeg\dec_jpeg_data.cc(91,27): warning C4267: '=': conversion from 'size_t' to '_Ty', possible loss of data [C:\Users\Public\jpegview-arm64-build\extras\scripts\libjxl\arm64\lib\jxl_dec-obj.vcxproj]
          with
          [
              _Ty=uint8_t
          ]
  dec_jpeg_data_writer.cc
C:\Users\Public\jpegview-arm64-build\extras\third_party\libjxl\lib/jxl/base/status.h(132,47): warning C4646: function declared with 'noreturn' has non-void return type [C:\Users\Public\jpegview-arm64-build\extras\scripts\libjxl\arm64\lib\jxl_dec-obj.vcxproj]
C:\Users\Public\jpegview-arm64-build\extras\third_party\libjxl\lib/jxl/frame_header.h(105,1): warning C4267: '=': conversion from 'size_t' to 'uint32_t', possible loss of data [C:\Users\Public\jpegview-arm64-build\extras\scripts\libjxl\arm64\lib\jxl_dec-obj.vcxproj]
C:\Users\Public\jpegview-arm64-build\extras\third_party\libjxl\lib/jxl/quantizer.h(86,41): warning C4244: '=': conversion from 'double' to 'float', possible loss of data [C:\Users\Public\jpegview-arm64-build\extras\scripts\libjxl\arm64\lib\jxl_dec-obj.vcxproj]
C:\Users\Public\jpegview-arm64-build\extras\third_party\libjxl\lib/jxl/quantizer.h(87,49): warning C4244: '=': conversion from 'double' to 'float', possible loss of data [C:\Users\Public\jpegview-arm64-build\extras\scripts\libjxl\arm64\lib\jxl_dec-obj.vcxproj]
C:\Users\Public\jpegview-arm64-build\extras\third_party\libjxl\lib\jxl\jpeg\dec_jpeg_data_writer.cc(205,56): warning C4267: 'initializing': conversion from 'size_t' to 'int', possible loss of data [C:\Users\Public\jpegview-arm64-build\extras\scripts\libjxl\arm64\lib\jxl_dec-obj.vcxproj]
C:\Users\Public\jpegview-arm64-build\extras\third_party\libjxl\lib\jxl\jpeg\dec_jpeg_data_writer.cc(250,35): warning C4267: '=': conversion from 'size_t' to 'uint32_t', possible loss of data [C:\Users\Public\jpegview-arm64-build\extras\scripts\libjxl\arm64\lib\jxl_dec-obj.vcxproj]
C:\Users\Public\jpegview-arm64-build\extras\third_party\libjxl\lib\jxl\jpeg\dec_jpeg_data_writer.cc(301,33): warning C4267: '=': conversion from 'size_t' to 'uint8_t', possible loss of data [C:\Users\Public\jpegview-arm64-build\extras\scripts\libjxl\arm64\lib\jxl_dec-obj.vcxproj]
C:\Users\Public\jpegview-arm64-build\extras\third_party\libjxl\lib\jxl\jpeg\dec_jpeg_data_writer.cc(308,24): warning C4267: '=': conversion from 'size_t' to 'uint8_t', possible loss of data [C:\Users\Public\jpegview-arm64-build\extras\scripts\libjxl\arm64\lib\jxl_dec-obj.vcxproj]
C:\Users\Public\jpegview-arm64-build\extras\third_party\libjxl\lib\jxl\jpeg\dec_jpeg_data_writer.cc(329,33): warning C4267: '=': conversion from 'size_t' to 'uint8_t', possible loss of data [C:\Users\Public\jpegview-arm64-build\extras\scripts\libjxl\arm64\lib\jxl_dec-obj.vcxproj]
C:\Users\Public\jpegview-arm64-build\extras\third_party\libjxl\lib\jxl\jpeg\dec_jpeg_data_writer.cc(331,24): warning C4267: '=': conversion from 'size_t' to 'uint8_t', possible loss of data [C:\Users\Public\jpegview-arm64-build\extras\scripts\libjxl\arm64\lib\jxl_dec-obj.vcxproj]
C:\Users\Public\jpegview-arm64-build\extras\third_party\libjxl\lib\jxl\jpeg\dec_jpeg_data_writer.cc(361,33): warning C4267: '=': conversion from 'size_t' to 'uint8_t', possible loss of data [C:\Users\Public\jpegview-arm64-build\extras\scripts\libjxl\arm64\lib\jxl_dec-obj.vcxproj]
C:\Users\Public\jpegview-arm64-build\extras\third_party\libjxl\lib\jxl\jpeg\dec_jpeg_data_writer.cc(494,76): warning C4267: 'initializing': conversion from 'size_t' to 'int', possible loss of data [C:\Users\Public\jpegview-arm64-build\extras\scripts\libjxl\arm64\lib\jxl_dec-obj.vcxproj]
C:\Users\Public\jpegview-arm64-build\extras\third_party\libjxl\lib\jxl\jpeg\dec_jpeg_data_writer.cc(529,71): warning C4267: 'initializing': conversion from 'size_t' to 'int', possible loss of data [C:\Users\Public\jpegview-arm64-build\extras\scripts\libjxl\arm64\lib\jxl_dec-obj.vcxproj]
C:\Users\Public\jpegview-arm64-build\extras\third_party\libjxl\lib\jxl\jpeg\dec_jpeg_data_writer.cc(565,73): warning C4267: 'initializing': conversion from 'size_t' to 'int', possible loss of data [C:\Users\Public\jpegview-arm64-build\extras\scripts\libjxl\arm64\lib\jxl_dec-obj.vcxproj]
C:\Users\Public\jpegview-arm64-build\extras\third_party\libjxl\lib\jxl\jpeg\dec_jpeg_data_writer.cc(599,53): warning C4267: 'initializing': conversion from 'size_t' to 'int', possible loss of data [C:\Users\Public\jpegview-arm64-build\extras\scripts\libjxl\arm64\lib\jxl_dec-obj.vcxproj]
  Generating Code...
  Compiling...
  jpeg_data.cc
C:\Users\Public\jpegview-arm64-build\extras\third_party\libjxl\lib/jxl/base/status.h(132,47): warning C4646: function declared with 'noreturn' has non-void return type [C:\Users\Public\jpegview-arm64-build\extras\scripts\libjxl\arm64\lib\jxl_dec-obj.vcxproj]
C:\Users\Public\jpegview-arm64-build\extras\third_party\libjxl\lib\jxl\jpeg\jpeg_data.cc(111,34): warning C4267: 'initializing': conversion from 'size_t' to 'uint32_t', possible loss of data [C:\Users\Public\jpegview-arm64-build\extras\scripts\libjxl\arm64\lib\jxl_dec-obj.vcxproj]
C:\Users\Public\jpegview-arm64-build\extras\third_party\libjxl\lib\jxl\jpeg\jpeg_data.cc(119,34): warning C4267: 'initializing': conversion from 'size_t' to 'uint32_t', possible loss of data [C:\Users\Public\jpegview-arm64-build\extras\scripts\libjxl\arm64\lib\jxl_dec-obj.vcxproj]
C:\Users\Public\jpegview-arm64-build\extras\third_party\libjxl\lib\jxl\jpeg\jpeg_data.cc(127,43): warning C4267: 'initializing': conversion from 'size_t' to 'uint32_t', possible loss of data [C:\Users\Public\jpegview-arm64-build\extras\scripts\libjxl\arm64\lib\jxl_dec-obj.vcxproj]
C:\Users\Public\jpegview-arm64-build\extras\third_party\libjxl\lib\jxl\jpeg\jpeg_data.cc(142,5): warning C4267: 'argument': conversion from 'size_t' to 'uint32_t', possible loss of data [C:\Users\Public\jpegview-arm64-build\extras\scripts\libjxl\arm64\lib\jxl_dec-obj.vcxproj]
C:\Users\Public\jpegview-arm64-build\extras\third_party\libjxl\lib\jxl\jpeg\jpeg_data.cc(164,39): warning C4267: '=': conversion from 'size_t' to 'uint32_t', possible loss of data [C:\Users\Public\jpegview-arm64-build\extras\scripts\libjxl\arm64\lib\jxl_dec-obj.vcxproj]
C:\Users\Public\jpegview-arm64-build\extras\third_party\libjxl\lib\jxl\jpeg\jpeg_data.cc(196,49): warning C4334: '<<': result of 32-bit shift implicitly converted to 64 bits (was 64-bit shift intended?) [C:\Users\Public\jpegview-arm64-build\extras\scripts\libjxl\arm64\lib\jxl_dec-obj.vcxproj]
C:\Users\Public\jpegview-arm64-build\extras\third_party\libjxl\lib\jxl\jpeg\jpeg_data.cc(199,31): warning C4334: '<<': result of 32-bit shift implicitly converted to 64 bits (was 64-bit shift intended?) [C:\Users\Public\jpegview-arm64-build\extras\scripts\libjxl\arm64\lib\jxl_dec-obj.vcxproj]
C:\Users\Public\jpegview-arm64-build\extras\third_party\libjxl\lib\jxl\jpeg\jpeg_data.cc(209,42): warning C4267: 'initializing': conversion from 'size_t' to 'uint32_t', possible loss of data [C:\Users\Public\jpegview-arm64-build\extras\scripts\libjxl\arm64\lib\jxl_dec-obj.vcxproj]
C:\Users\Public\jpegview-arm64-build\extras\third_party\libjxl\lib\jxl\jpeg\jpeg_data.cc(292,57): warning C4267: 'initializing': conversion from 'size_t' to 'uint32_t', possible loss of data [C:\Users\Public\jpegview-arm64-build\extras\scripts\libjxl\arm64\lib\jxl_dec-obj.vcxproj]
C:\Users\Public\jpegview-arm64-build\extras\third_party\libjxl\lib\jxl\jpeg\jpeg_data.cc(313,63): warning C4267: 'initializing': conversion from 'size_t' to 'uint32_t', possible loss of data [C:\Users\Public\jpegview-arm64-build\extras\scripts\libjxl\arm64\lib\jxl_dec-obj.vcxproj]
C:\Users\Public\jpegview-arm64-build\extras\third_party\libjxl\lib\jxl\jpeg\jpeg_data.cc(340,74): warning C4267: 'initializing': conversion from 'size_t' to 'uint32_t', possible loss of data [C:\Users\Public\jpegview-arm64-build\extras\scripts\libjxl\arm64\lib\jxl_dec-obj.vcxproj]
C:\Users\Public\jpegview-arm64-build\extras\third_party\libjxl\lib\jxl\jpeg\jpeg_data.cc(344,44): warning C4267: 'initializing': conversion from 'size_t' to 'uint32_t', possible loss of data [C:\Users\Public\jpegview-arm64-build\extras\scripts\libjxl\arm64\lib\jxl_dec-obj.vcxproj]
C:\Users\Public\jpegview-arm64-build\extras\third_party\libjxl\lib\jxl\jpeg\jpeg_data.cc(355,40): warning C4267: 'initializing': conversion from 'size_t' to 'uint32_t', possible loss of data [C:\Users\Public\jpegview-arm64-build\extras\scripts\libjxl\arm64\lib\jxl_dec-obj.vcxproj]
  Generating Code...
  jxl_dec-obj.vcxproj -> C:\Users\Public\jpegview-arm64-build\extras\scripts\libjxl\arm64\lib\jxl_dec-obj.dir\Release\jxl_dec-obj.lib
  Building Custom Rule C:/Users/Public/jpegview-arm64-build/extras/third_party/libjxl/third_party/brotli/CMakeLists.txt
  constants.c
  context.c
  dictionary.c
  platform.c
  shared_dictionary.c
  transform.c
  Generating Code...
     Creating library C:/Users/Public/jpegview-arm64-build/extras/scripts/libjxl/arm64/third_party/brotli/Release/brotlicommon.lib and object C:/Users/Public/jpegview-arm64-build/extras/scripts/libjxl/arm64/third_party/brotli/Release/brotlicommon.exp
  brotlicommon.vcxproj -> C:\Users\Public\jpegview-arm64-build\extras\scripts\libjxl\arm64\third_party\brotli\Release\brotlicommon.dll
  Building Custom Rule C:/Users/Public/jpegview-arm64-build/extras/third_party/libjxl/third_party/brotli/CMakeLists.txt
  bit_reader.c
  decode.c
  huffman.c
  state.c
  Generating Code...
     Creating library C:/Users/Public/jpegview-arm64-build/extras/scripts/libjxl/arm64/third_party/brotli/Release/brotlidec.lib and object C:/Users/Public/jpegview-arm64-build/extras/scripts/libjxl/arm64/third_party/brotli/Release/brotlidec.exp
  brotlidec.vcxproj -> C:\Users\Public\jpegview-arm64-build\extras\scripts\libjxl\arm64\third_party\brotli\Release\brotlidec.dll
  Building Custom Rule C:/Users/Public/jpegview-arm64-build/extras/third_party/libjxl/third_party/highway/CMakeLists.txt
  aligned_allocator.cc
  nanobenchmark.cc
  per_target.cc
  print.cc
  targets.cc
  timer.cc
  Generating Code...
  hwy.vcxproj -> C:\Users\Public\jpegview-arm64-build\extras\scripts\libjxl\arm64\third_party\highway\Release\hwy.lib
  Building Custom Rule C:/Users/Public/jpegview-arm64-build/extras/third_party/libjxl/lib/CMakeLists.txt
LINK : warning LNK4044: unrecognized option '/Wl,--exclude-libs=ALL'; ignored [C:\Users\Public\jpegview-arm64-build\extras\scripts\libjxl\arm64\lib\jxl_dec.vcxproj]
     Creating library C:/Users/Public/jpegview-arm64-build/extras/scripts/libjxl/arm64/lib/Release/jxl_dec.lib and object C:/Users/Public/jpegview-arm64-build/extras/scripts/libjxl/arm64/lib/Release/jxl_dec.exp
  jxl_dec.vcxproj -> C:\Users\Public\jpegview-arm64-build\extras\scripts\libjxl\arm64\Release\jxl_dec.dll
MSBuild version 18.9.1+a81b43525 for .NET Framework

  Building Custom Rule C:/Users/Public/jpegview-arm64-build/extras/third_party/libjxl/lib/CMakeLists.txt
  resizable_parallel_runner.cc
C:\Users\Public\jpegview-arm64-build\extras\third_party\libjxl\lib\threads\resizable_parallel_runner.cc(193,57): warning C4267: 'return': conversion from 'size_t' to 'uint32_t', possible loss of data [C:\Users\Public\jpegview-arm64-build\extras\scripts\libjxl\arm64\lib\jxl_threads.vcxproj]
  thread_parallel_runner.cc
C:\Users\Public\jpegview-arm64-build\extras\third_party\libjxl\lib\threads\thread_parallel_runner.cc(80,66): warning C4267: 'argument': conversion from 'size_t' to 'int', possible loss of data [C:\Users\Public\jpegview-arm64-build\extras\scripts\libjxl\arm64\lib\jxl_threads.vcxproj]
  thread_parallel_runner_internal.cc
  Generating Code...
     Creating library C:/Users/Public/jpegview-arm64-build/extras/scripts/libjxl/arm64/lib/Release/jxl_threads.lib and object C:/Users/Public/jpegview-arm64-build/extras/scripts/libjxl/arm64/lib/Release/jxl_threads.exp
  jxl_threads.vcxproj -> C:\Users\Public\jpegview-arm64-build\extras\scripts\libjxl\arm64\Release\jxl_threads.dll
C:\Users\Public\jpegview-arm64-build\extras\scripts\libjxl\arm64\Release\jxl_dec.dll
C:\Users\Public\jpegview-arm64-build\extras\scripts\libjxl\arm64\Release\jxl_threads.dll
        2 file(s) copied.
C:\Users\Public\jpegview-arm64-build\extras\scripts\libjxl\arm64\third_party\brotli\Release\brotlicommon.dll
C:\Users\Public\jpegview-arm64-build\extras\scripts\libjxl\arm64\third_party\brotli\Release\brotlidec.dll
        2 file(s) copied.
C:\Users\Public\jpegview-arm64-build\extras\scripts\libjxl\arm64\lib\Release\jxl_dec.lib
C:\Users\Public\jpegview-arm64-build\extras\scripts\libjxl\arm64\lib\Release\jxl_threads.lib
        2 file(s) copied.

Microsoft (R) Program Maintenance Utility Version 14.29.30159.0
Copyright (C) Microsoft Corporation.  All rights reserved.

	del lib\libraw_static.lib lib\libraw.lib lib\*.exp
	del object\libraw_datastream_st.obj object\libraw_c_api_st.obj  object\cameralist_st.obj object\fuji_compressed_st.obj  object\crx_st.obj object\fp_dng_st.obj object\decoders_libraw_st.obj  object\unpack_st.obj object\unpack_thumb_st.obj  object\rawspeed_glue_st.obj object\dngsdk_glue_st.obj  object\colorconst_st.obj object\utils_libraw_st.obj object\init_close_utils_st.obj  object\decoder_info_st.obj object\open_st.obj object\phaseone_processing_st.obj  object\thumb_utils_st.obj  object\tiff_writer_st.obj object\subtract_black_st.obj object\postprocessing_utils_st.obj  object\dcraw_process_st.obj object\raw2image_st.obj object\mem_image_st.obj  object\x3f_utils_patched_st.obj object\x3f_parse_process_st.obj  object\read_utils_st.obj object\curves_st.obj object\utils_dcraw_st.obj  object\colordata_st.obj  object\canon_600_st.obj  object\decoders_dcraw_st.obj  object\decoders_libraw_dcrdefs_st.obj  object\generic_st.obj  object\kodak_decoders_st.obj object\dng_st.obj object\smal_st.obj  object\load_mfbacks_st.obj  object\sony_st.obj object\nikon_st.obj object\samsung_st.obj object\cr3_parser_st.obj  object\canon_st.obj  object\epson_st.obj object\olympus_st.obj object\leica_st.obj  object\fuji_st.obj object\adobepano_st.obj object\pentax_st.obj object\p1_st.obj  object\makernotes_st.obj object\exif_gps_st.obj object\kodak_st.obj  object\tiff_st.obj object\ciff_st.obj object\mediumformat_st.obj object\minolta_st.obj  object\identify_tools_st.obj  object\hasselblad_model_st.obj object\normalize_model_st.obj object\identify_st.obj  object\misc_parsers_st.obj object\wblists_st.obj  object\postprocessing_aux_st.obj object\postprocessing_utils_dcrdefs_st.obj  object\aspect_ratio_st.obj  object\misc_demosaic_st.obj object\xtrans_demosaic_st.obj object\ahd_demosaic_st.obj  object\dht_demosaic_st.obj  object\aahd_demosaic_st.obj  object\dcb_demosaic_st.obj  object\file_write_st.obj  object\ext_preprocess_st.obj   object\apply_profile_st.obj object\libraw_datastream.obj object\libraw_c_api.obj  object\cameralist.obj object\fuji_compressed.obj  object\crx.obj object\fp_dng.obj object\decoders_libraw.obj  object\unpack.obj object\unpack_thumb.obj  object\rawspeed_glue.obj object\dngsdk_glue.obj  object\colorconst.obj object\utils_libraw.obj  object\init_close_utils.obj  object\decoder_info.obj object\open.obj object\phaseone_processing.obj  object\thumb_utils.obj  object\tiff_writer.obj object\subtract_black.obj  object\postprocessing_utils.obj object\dcraw_process.obj  object\raw2image.obj object\mem_image.obj  object\x3f_utils_patched.obj object\x3f_parse_process.obj  object\read_utils.obj object\curves.obj object\utils_dcraw.obj  object\colordata.obj  object\canon_600.obj  object\decoders_dcraw.obj  object\decoders_libraw_dcrdefs.obj  object\generic.obj  object\kodak_decoders.obj object\dng.obj object\smal.obj  object\load_mfbacks.obj  object\sony.obj object\nikon.obj object\samsung.obj  object\cr3_parser.obj object\canon.obj  object\epson.obj  object\olympus.obj object\leica.obj  object\fuji.obj object\adobepano.obj object\pentax.obj object\p1.obj  object\makernotes.obj object\exif_gps.obj object\kodak.obj  object\tiff.obj object\ciff.obj object\mediumformat.obj  object\minolta.obj  object\identify_tools.obj  object\hasselblad_model.obj object\normalize_model.obj object\identify.obj  object\misc_parsers.obj object\wblists.obj  object\postprocessing_aux.obj object\postprocessing_utils_dcrdefs.obj  object\aspect_ratio.obj  object\misc_demosaic.obj object\xtrans_demosaic.obj  object\ahd_demosaic.obj object\dht_demosaic.obj  object\aahd_demosaic.obj object\dcb_demosaic.obj  object\file_write.obj  object\ext_preprocess.obj   object\apply_profile.obj
	del object\*.o
Could Not Find C:\Users\Public\jpegview-arm64-build\extras\third_party\LibRaw\object\*.o
	del bin\libraw.dll bin\raw-identify.exe bin\simple_dcraw.exe  bin\dcraw_emu.exe bin\dcraw_half.exe  bin\half_mt.exe bin\mem_image.exe bin\unprocessed_raw.exe bin\4channels.exe  bin\multirender_test.exe bin\postprocessing_benchmark.exe bin\openbayer_sample.exe  bin\rawtextdump.exe

Microsoft (R) Program Maintenance Utility Version 14.29.30159.0
Copyright (C) Microsoft Corporation.  All rights reserved.

	cl.exe /EHsc /MP /MD /I. /DWIN32 /O2 /W0 /nologo /DUSE_X3FTOOLS /DUSE_6BY9RPI /DUSE_OLD_VIDEOCAMS       /DLIBRAW_BUILDLIB /Fo"object\\libraw_datastream.obj" /c src\libraw_datastream.cpp
libraw_datastream.cpp
	cl.exe /EHsc /MP /MD /I. /DWIN32 /O2 /W0 /nologo /DUSE_X3FTOOLS /DUSE_6BY9RPI /DUSE_OLD_VIDEOCAMS       /DLIBRAW_BUILDLIB /Fo"object\\libraw_c_api.obj" /c src\libraw_c_api.cpp
libraw_c_api.cpp
	cl.exe /EHsc /MP /MD /I. /DWIN32 /O2 /W0 /nologo /DUSE_X3FTOOLS /DUSE_6BY9RPI /DUSE_OLD_VIDEOCAMS       /DLIBRAW_BUILDLIB /Fo"object\\cameralist.obj" /c src\tables\cameralist.cpp
cameralist.cpp
	cl.exe /EHsc /MP /MD /I. /DWIN32 /O2 /W0 /nologo /DUSE_X3FTOOLS /DUSE_6BY9RPI /DUSE_OLD_VIDEOCAMS       /DLIBRAW_BUILDLIB /Fo"object\\fuji_compressed.obj" /c src\decoders\fuji_compressed.cpp
fuji_compressed.cpp
	cl.exe /EHsc /MP /MD /I. /DWIN32 /O2 /W0 /nologo /DUSE_X3FTOOLS /DUSE_6BY9RPI /DUSE_OLD_VIDEOCAMS       /DLIBRAW_BUILDLIB /Fo"object\\crx.obj" /c src\decoders\crx.cpp
crx.cpp
	cl.exe /EHsc /MP /MD /I. /DWIN32 /O2 /W0 /nologo /DUSE_X3FTOOLS /DUSE_6BY9RPI /DUSE_OLD_VIDEOCAMS       /DLIBRAW_BUILDLIB /Fo"object\\fp_dng.obj" /c src\decoders\fp_dng.cpp
fp_dng.cpp
	cl.exe /EHsc /MP /MD /I. /DWIN32 /O2 /W0 /nologo /DUSE_X3FTOOLS /DUSE_6BY9RPI /DUSE_OLD_VIDEOCAMS       /DLIBRAW_BUILDLIB /Fo"object\\decoders_libraw.obj" /c src\decoders\decoders_libraw.cpp
decoders_libraw.cpp
	cl.exe /EHsc /MP /MD /I. /DWIN32 /O2 /W0 /nologo /DUSE_X3FTOOLS /DUSE_6BY9RPI /DUSE_OLD_VIDEOCAMS       /DLIBRAW_BUILDLIB /Fo"object\\unpack.obj" /c src\decoders\unpack.cpp
unpack.cpp
	cl.exe /EHsc /MP /MD /I. /DWIN32 /O2 /W0 /nologo /DUSE_X3FTOOLS /DUSE_6BY9RPI /DUSE_OLD_VIDEOCAMS       /DLIBRAW_BUILDLIB /Fo"object\\unpack_thumb.obj" /c src\decoders\unpack_thumb.cpp
unpack_thumb.cpp
	cl.exe /EHsc /MP /MD /I. /DWIN32 /O2 /W0 /nologo /DUSE_X3FTOOLS /DUSE_6BY9RPI /DUSE_OLD_VIDEOCAMS       /DLIBRAW_BUILDLIB /Fo"object\\rawspeed_glue.obj" /c src\integration\rawspeed_glue.cpp
rawspeed_glue.cpp
	cl.exe /EHsc /MP /MD /I. /DWIN32 /O2 /W0 /nologo /DUSE_X3FTOOLS /DUSE_6BY9RPI /DUSE_OLD_VIDEOCAMS       /DLIBRAW_BUILDLIB /Fo"object\\dngsdk_glue.obj" /c src\integration\dngsdk_glue.cpp
dngsdk_glue.cpp
	cl.exe /EHsc /MP /MD /I. /DWIN32 /O2 /W0 /nologo /DUSE_X3FTOOLS /DUSE_6BY9RPI /DUSE_OLD_VIDEOCAMS       /DLIBRAW_BUILDLIB /Fo"object\\colorconst.obj" /c src\tables\colorconst.cpp
colorconst.cpp
	cl.exe /EHsc /MP /MD /I. /DWIN32 /O2 /W0 /nologo /DUSE_X3FTOOLS /DUSE_6BY9RPI /DUSE_OLD_VIDEOCAMS       /DLIBRAW_BUILDLIB /Fo"object\\utils_libraw.obj" /c src\utils\utils_libraw.cpp
utils_libraw.cpp
	cl.exe /EHsc /MP /MD /I. /DWIN32 /O2 /W0 /nologo /DUSE_X3FTOOLS /DUSE_6BY9RPI /DUSE_OLD_VIDEOCAMS       /DLIBRAW_BUILDLIB /Fo"object\\init_close_utils.obj" /c src\utils\init_close_utils.cpp
init_close_utils.cpp
	cl.exe /EHsc /MP /MD /I. /DWIN32 /O2 /W0 /nologo /DUSE_X3FTOOLS /DUSE_6BY9RPI /DUSE_OLD_VIDEOCAMS       /DLIBRAW_BUILDLIB /Fo"object\\decoder_info.obj" /c src\utils\decoder_info.cpp
decoder_info.cpp
	cl.exe /EHsc /MP /MD /I. /DWIN32 /O2 /W0 /nologo /DUSE_X3FTOOLS /DUSE_6BY9RPI /DUSE_OLD_VIDEOCAMS       /DLIBRAW_BUILDLIB /Fo"object\\open.obj" /c src\utils\open.cpp
open.cpp
	cl.exe /EHsc /MP /MD /I. /DWIN32 /O2 /W0 /nologo /DUSE_X3FTOOLS /DUSE_6BY9RPI /DUSE_OLD_VIDEOCAMS       /DLIBRAW_BUILDLIB /Fo"object\\phaseone_processing.obj" /c src\utils\phaseone_processing.cpp
phaseone_processing.cpp
	cl.exe /EHsc /MP /MD /I. /DWIN32 /O2 /W0 /nologo /DUSE_X3FTOOLS /DUSE_6BY9RPI /DUSE_OLD_VIDEOCAMS       /DLIBRAW_BUILDLIB /Fo"object\\thumb_utils.obj" /c src\utils\thumb_utils.cpp
thumb_utils.cpp
	cl.exe /EHsc /MP /MD /I. /DWIN32 /O2 /W0 /nologo /DUSE_X3FTOOLS /DUSE_6BY9RPI /DUSE_OLD_VIDEOCAMS       /DLIBRAW_BUILDLIB /Fo"object\\tiff_writer.obj" /c src\write\tiff_writer.cpp
tiff_writer.cpp
	cl.exe /EHsc /MP /MD /I. /DWIN32 /O2 /W0 /nologo /DUSE_X3FTOOLS /DUSE_6BY9RPI /DUSE_OLD_VIDEOCAMS       /DLIBRAW_BUILDLIB /Fo"object\\subtract_black.obj" /c src\preprocessing\subtract_black.cpp
subtract_black.cpp
	cl.exe /EHsc /MP /MD /I. /DWIN32 /O2 /W0 /nologo /DUSE_X3FTOOLS /DUSE_6BY9RPI /DUSE_OLD_VIDEOCAMS       /DLIBRAW_BUILDLIB /Fo"object\\postprocessing_utils.obj" /c src\postprocessing\postprocessing_utils.cpp
postprocessing_utils.cpp
	cl.exe /EHsc /MP /MD /I. /DWIN32 /O2 /W0 /nologo /DUSE_X3FTOOLS /DUSE_6BY9RPI /DUSE_OLD_VIDEOCAMS       /DLIBRAW_BUILDLIB /Fo"object\\dcraw_process.obj" /c src\postprocessing\dcraw_process.cpp
dcraw_process.cpp
	cl.exe /EHsc /MP /MD /I. /DWIN32 /O2 /W0 /nologo /DUSE_X3FTOOLS /DUSE_6BY9RPI /DUSE_OLD_VIDEOCAMS       /DLIBRAW_BUILDLIB /Fo"object\\raw2image.obj" /c src\preprocessing\raw2image.cpp
raw2image.cpp
	cl.exe /EHsc /MP /MD /I. /DWIN32 /O2 /W0 /nologo /DUSE_X3FTOOLS /DUSE_6BY9RPI /DUSE_OLD_VIDEOCAMS       /DLIBRAW_BUILDLIB /Fo"object\\mem_image.obj" /c src\postprocessing\mem_image.cpp
mem_image.cpp
	cl.exe /EHsc /MP /MD /I. /DWIN32 /O2 /W0 /nologo /DUSE_X3FTOOLS /DUSE_6BY9RPI /DUSE_OLD_VIDEOCAMS       /DLIBRAW_BUILDLIB /Fo"object\\x3f_utils_patched.obj" /c src\x3f\x3f_utils_patched.cpp
x3f_utils_patched.cpp
	cl.exe /EHsc /MP /MD /I. /DWIN32 /O2 /W0 /nologo /DUSE_X3FTOOLS /DUSE_6BY9RPI /DUSE_OLD_VIDEOCAMS       /DLIBRAW_BUILDLIB /Fo"object\\x3f_parse_process.obj" /c src\x3f\x3f_parse_process.cpp
x3f_parse_process.cpp
	cl.exe /EHsc /MP /MD /I. /DWIN32 /O2 /W0 /nologo /DUSE_X3FTOOLS /DUSE_6BY9RPI /DUSE_OLD_VIDEOCAMS       /DLIBRAW_BUILDLIB /Fo"object\\read_utils.obj" /c src\utils\read_utils.cpp
read_utils.cpp
	cl.exe /EHsc /MP /MD /I. /DWIN32 /O2 /W0 /nologo /DUSE_X3FTOOLS /DUSE_6BY9RPI /DUSE_OLD_VIDEOCAMS       /DLIBRAW_BUILDLIB /Fo"object\\curves.obj" /c src\utils\curves.cpp
curves.cpp
	cl.exe /EHsc /MP /MD /I. /DWIN32 /O2 /W0 /nologo /DUSE_X3FTOOLS /DUSE_6BY9RPI /DUSE_OLD_VIDEOCAMS       /DLIBRAW_BUILDLIB /Fo"object\\utils_dcraw.obj" /c src\utils\utils_dcraw.cpp
utils_dcraw.cpp
	cl.exe /EHsc /MP /MD /I. /DWIN32 /O2 /W0 /nologo /DUSE_X3FTOOLS /DUSE_6BY9RPI /DUSE_OLD_VIDEOCAMS       /DLIBRAW_BUILDLIB /Fo"object\\colordata.obj" /c src\tables\colordata.cpp
colordata.cpp
	cl.exe /EHsc /MP /MD /I. /DWIN32 /O2 /W0 /nologo /DUSE_X3FTOOLS /DUSE_6BY9RPI /DUSE_OLD_VIDEOCAMS       /DLIBRAW_BUILDLIB /Fo"object\\canon_600.obj" /c src\decoders\canon_600.cpp
canon_600.cpp
	cl.exe /EHsc /MP /MD /I. /DWIN32 /O2 /W0 /nologo /DUSE_X3FTOOLS /DUSE_6BY9RPI /DUSE_OLD_VIDEOCAMS       /DLIBRAW_BUILDLIB /Fo"object\\decoders_dcraw.obj" /c src\decoders\decoders_dcraw.cpp
decoders_dcraw.cpp
	cl.exe /EHsc /MP /MD /I. /DWIN32 /O2 /W0 /nologo /DUSE_X3FTOOLS /DUSE_6BY9RPI /DUSE_OLD_VIDEOCAMS       /DLIBRAW_BUILDLIB /Fo"object\\decoders_libraw_dcrdefs.obj" /c src\decoders\decoders_libraw_dcrdefs.cpp
decoders_libraw_dcrdefs.cpp
	cl.exe /EHsc /MP /MD /I. /DWIN32 /O2 /W0 /nologo /DUSE_X3FTOOLS /DUSE_6BY9RPI /DUSE_OLD_VIDEOCAMS       /DLIBRAW_BUILDLIB /Fo"object\\generic.obj" /c src\decoders\generic.cpp
generic.cpp
	cl.exe /EHsc /MP /MD /I. /DWIN32 /O2 /W0 /nologo /DUSE_X3FTOOLS /DUSE_6BY9RPI /DUSE_OLD_VIDEOCAMS       /DLIBRAW_BUILDLIB /Fo"object\\kodak_decoders.obj" /c src\decoders\kodak_decoders.cpp
kodak_decoders.cpp
	cl.exe /EHsc /MP /MD /I. /DWIN32 /O2 /W0 /nologo /DUSE_X3FTOOLS /DUSE_6BY9RPI /DUSE_OLD_VIDEOCAMS       /DLIBRAW_BUILDLIB /Fo"object\\dng.obj" /c src\decoders\dng.cpp
dng.cpp
	cl.exe /EHsc /MP /MD /I. /DWIN32 /O2 /W0 /nologo /DUSE_X3FTOOLS /DUSE_6BY9RPI /DUSE_OLD_VIDEOCAMS       /DLIBRAW_BUILDLIB /Fo"object\\smal.obj" /c src\decoders\smal.cpp
smal.cpp
	cl.exe /EHsc /MP /MD /I. /DWIN32 /O2 /W0 /nologo /DUSE_X3FTOOLS /DUSE_6BY9RPI /DUSE_OLD_VIDEOCAMS       /DLIBRAW_BUILDLIB /Fo"object\\load_mfbacks.obj" /c src\decoders\load_mfbacks.cpp
load_mfbacks.cpp
	cl.exe /EHsc /MP /MD /I. /DWIN32 /O2 /W0 /nologo /DUSE_X3FTOOLS /DUSE_6BY9RPI /DUSE_OLD_VIDEOCAMS       /DLIBRAW_BUILDLIB /Fo"object\\sony.obj" /c src\metadata\sony.cpp
sony.cpp
	cl.exe /EHsc /MP /MD /I. /DWIN32 /O2 /W0 /nologo /DUSE_X3FTOOLS /DUSE_6BY9RPI /DUSE_OLD_VIDEOCAMS       /DLIBRAW_BUILDLIB /Fo"object\\nikon.obj" /c src\metadata\nikon.cpp
nikon.cpp
	cl.exe /EHsc /MP /MD /I. /DWIN32 /O2 /W0 /nologo /DUSE_X3FTOOLS /DUSE_6BY9RPI /DUSE_OLD_VIDEOCAMS       /DLIBRAW_BUILDLIB /Fo"object\\samsung.obj" /c src\metadata\samsung.cpp
samsung.cpp
	cl.exe /EHsc /MP /MD /I. /DWIN32 /O2 /W0 /nologo /DUSE_X3FTOOLS /DUSE_6BY9RPI /DUSE_OLD_VIDEOCAMS       /DLIBRAW_BUILDLIB /Fo"object\\cr3_parser.obj" /c src\metadata\cr3_parser.cpp
cr3_parser.cpp
	cl.exe /EHsc /MP /MD /I. /DWIN32 /O2 /W0 /nologo /DUSE_X3FTOOLS /DUSE_6BY9RPI /DUSE_OLD_VIDEOCAMS       /DLIBRAW_BUILDLIB /Fo"object\\canon.obj" /c src\metadata\canon.cpp
canon.cpp
	cl.exe /EHsc /MP /MD /I. /DWIN32 /O2 /W0 /nologo /DUSE_X3FTOOLS /DUSE_6BY9RPI /DUSE_OLD_VIDEOCAMS       /DLIBRAW_BUILDLIB /Fo"object\\epson.obj" /c src\metadata\epson.cpp
epson.cpp
	cl.exe /EHsc /MP /MD /I. /DWIN32 /O2 /W0 /nologo /DUSE_X3FTOOLS /DUSE_6BY9RPI /DUSE_OLD_VIDEOCAMS       /DLIBRAW_BUILDLIB /Fo"object\\olympus.obj" /c src\metadata\olympus.cpp
olympus.cpp
	cl.exe /EHsc /MP /MD /I. /DWIN32 /O2 /W0 /nologo /DUSE_X3FTOOLS /DUSE_6BY9RPI /DUSE_OLD_VIDEOCAMS       /DLIBRAW_BUILDLIB /Fo"object\\leica.obj" /c src\metadata\leica.cpp
leica.cpp
	cl.exe /EHsc /MP /MD /I. /DWIN32 /O2 /W0 /nologo /DUSE_X3FTOOLS /DUSE_6BY9RPI /DUSE_OLD_VIDEOCAMS       /DLIBRAW_BUILDLIB /Fo"object\\fuji.obj" /c src\metadata\fuji.cpp
fuji.cpp
	cl.exe /EHsc /MP /MD /I. /DWIN32 /O2 /W0 /nologo /DUSE_X3FTOOLS /DUSE_6BY9RPI /DUSE_OLD_VIDEOCAMS       /DLIBRAW_BUILDLIB /Fo"object\\adobepano.obj" /c src\metadata\adobepano.cpp
adobepano.cpp
	cl.exe /EHsc /MP /MD /I. /DWIN32 /O2 /W0 /nologo /DUSE_X3FTOOLS /DUSE_6BY9RPI /DUSE_OLD_VIDEOCAMS       /DLIBRAW_BUILDLIB /Fo"object\\pentax.obj" /c src\metadata\pentax.cpp
pentax.cpp
	cl.exe /EHsc /MP /MD /I. /DWIN32 /O2 /W0 /nologo /DUSE_X3FTOOLS /DUSE_6BY9RPI /DUSE_OLD_VIDEOCAMS       /DLIBRAW_BUILDLIB /Fo"object\\p1.obj" /c src\metadata\p1.cpp
p1.cpp
	cl.exe /EHsc /MP /MD /I. /DWIN32 /O2 /W0 /nologo /DUSE_X3FTOOLS /DUSE_6BY9RPI /DUSE_OLD_VIDEOCAMS       /DLIBRAW_BUILDLIB /Fo"object\\makernotes.obj" /c src\metadata\makernotes.cpp
makernotes.cpp
	cl.exe /EHsc /MP /MD /I. /DWIN32 /O2 /W0 /nologo /DUSE_X3FTOOLS /DUSE_6BY9RPI /DUSE_OLD_VIDEOCAMS       /DLIBRAW_BUILDLIB /Fo"object\\exif_gps.obj" /c src\metadata\exif_gps.cpp
exif_gps.cpp
	cl.exe /EHsc /MP /MD /I. /DWIN32 /O2 /W0 /nologo /DUSE_X3FTOOLS /DUSE_6BY9RPI /DUSE_OLD_VIDEOCAMS       /DLIBRAW_BUILDLIB /Fo"object\\kodak.obj" /c src\metadata\kodak.cpp
kodak.cpp
	cl.exe /EHsc /MP /MD /I. /DWIN32 /O2 /W0 /nologo /DUSE_X3FTOOLS /DUSE_6BY9RPI /DUSE_OLD_VIDEOCAMS       /DLIBRAW_BUILDLIB /Fo"object\\tiff.obj" /c src\metadata\tiff.cpp
tiff.cpp
	cl.exe /EHsc /MP /MD /I. /DWIN32 /O2 /W0 /nologo /DUSE_X3FTOOLS /DUSE_6BY9RPI /DUSE_OLD_VIDEOCAMS       /DLIBRAW_BUILDLIB /Fo"object\\ciff.obj" /c src\metadata\ciff.cpp
ciff.cpp
	cl.exe /EHsc /MP /MD /I. /DWIN32 /O2 /W0 /nologo /DUSE_X3FTOOLS /DUSE_6BY9RPI /DUSE_OLD_VIDEOCAMS       /DLIBRAW_BUILDLIB /Fo"object\\mediumformat.obj" /c src\metadata\mediumformat.cpp
mediumformat.cpp
	cl.exe /EHsc /MP /MD /I. /DWIN32 /O2 /W0 /nologo /DUSE_X3FTOOLS /DUSE_6BY9RPI /DUSE_OLD_VIDEOCAMS       /DLIBRAW_BUILDLIB /Fo"object\\minolta.obj" /c src\metadata\minolta.cpp
minolta.cpp
	cl.exe /EHsc /MP /MD /I. /DWIN32 /O2 /W0 /nologo /DUSE_X3FTOOLS /DUSE_6BY9RPI /DUSE_OLD_VIDEOCAMS       /DLIBRAW_BUILDLIB /Fo"object\\identify_tools.obj" /c src\metadata\identify_tools.cpp
identify_tools.cpp
	cl.exe /EHsc /MP /MD /I. /DWIN32 /O2 /W0 /nologo /DUSE_X3FTOOLS /DUSE_6BY9RPI /DUSE_OLD_VIDEOCAMS       /DLIBRAW_BUILDLIB /Fo"object\\hasselblad_model.obj" /c src\metadata\hasselblad_model.cpp
hasselblad_model.cpp
	cl.exe /EHsc /MP /MD /I. /DWIN32 /O2 /W0 /nologo /DUSE_X3FTOOLS /DUSE_6BY9RPI /DUSE_OLD_VIDEOCAMS       /DLIBRAW_BUILDLIB /Fo"object\\normalize_model.obj" /c src\metadata\normalize_model.cpp
normalize_model.cpp
	cl.exe /EHsc /MP /MD /I. /DWIN32 /O2 /W0 /nologo /DUSE_X3FTOOLS /DUSE_6BY9RPI /DUSE_OLD_VIDEOCAMS       /DLIBRAW_BUILDLIB /Fo"object\\identify.obj" /c src\metadata\identify.cpp
identify.cpp
	cl.exe /EHsc /MP /MD /I. /DWIN32 /O2 /W0 /nologo /DUSE_X3FTOOLS /DUSE_6BY9RPI /DUSE_OLD_VIDEOCAMS       /DLIBRAW_BUILDLIB /Fo"object\\misc_parsers.obj" /c src\metadata\misc_parsers.cpp
misc_parsers.cpp
	cl.exe /EHsc /MP /MD /I. /DWIN32 /O2 /W0 /nologo /DUSE_X3FTOOLS /DUSE_6BY9RPI /DUSE_OLD_VIDEOCAMS       /DLIBRAW_BUILDLIB /Fo"object\\wblists.obj" /c src\tables\wblists.cpp
wblists.cpp
	cl.exe /EHsc /MP /MD /I. /DWIN32 /O2 /W0 /nologo /DUSE_X3FTOOLS /DUSE_6BY9RPI /DUSE_OLD_VIDEOCAMS       /DLIBRAW_BUILDLIB /Fo"object\\postprocessing_aux.obj" /c src\postprocessing\postprocessing_aux.cpp
postprocessing_aux.cpp
	cl.exe /EHsc /MP /MD /I. /DWIN32 /O2 /W0 /nologo /DUSE_X3FTOOLS /DUSE_6BY9RPI /DUSE_OLD_VIDEOCAMS       /DLIBRAW_BUILDLIB /Fo"object\\postprocessing_utils_dcrdefs.obj" /c src\postprocessing\postprocessing_utils_dcrdefs.cpp
postprocessing_utils_dcrdefs.cpp
	cl.exe /EHsc /MP /MD /I. /DWIN32 /O2 /W0 /nologo /DUSE_X3FTOOLS /DUSE_6BY9RPI /DUSE_OLD_VIDEOCAMS       /DLIBRAW_BUILDLIB /Fo"object\\aspect_ratio.obj" /c src\postprocessing\aspect_ratio.cpp
aspect_ratio.cpp
	cl.exe /EHsc /MP /MD /I. /DWIN32 /O2 /W0 /nologo /DUSE_X3FTOOLS /DUSE_6BY9RPI /DUSE_OLD_VIDEOCAMS       /DLIBRAW_BUILDLIB /Fo"object\\misc_demosaic.obj" /c src\demosaic\misc_demosaic.cpp
misc_demosaic.cpp
	cl.exe /EHsc /MP /MD /I. /DWIN32 /O2 /W0 /nologo /DUSE_X3FTOOLS /DUSE_6BY9RPI /DUSE_OLD_VIDEOCAMS       /DLIBRAW_BUILDLIB /Fo"object\\xtrans_demosaic.obj" /c src\demosaic\xtrans_demosaic.cpp
xtrans_demosaic.cpp
	cl.exe /EHsc /MP /MD /I. /DWIN32 /O2 /W0 /nologo /DUSE_X3FTOOLS /DUSE_6BY9RPI /DUSE_OLD_VIDEOCAMS       /DLIBRAW_BUILDLIB /Fo"object\\ahd_demosaic.obj" /c src\demosaic\ahd_demosaic.cpp
ahd_demosaic.cpp
	cl.exe /EHsc /MP /MD /I. /DWIN32 /O2 /W0 /nologo /DUSE_X3FTOOLS /DUSE_6BY9RPI /DUSE_OLD_VIDEOCAMS       /DLIBRAW_BUILDLIB /Fo"object\\dht_demosaic.obj" /c src\demosaic\dht_demosaic.cpp
dht_demosaic.cpp
	cl.exe /EHsc /MP /MD /I. /DWIN32 /O2 /W0 /nologo /DUSE_X3FTOOLS /DUSE_6BY9RPI /DUSE_OLD_VIDEOCAMS       /DLIBRAW_BUILDLIB /Fo"object\\aahd_demosaic.obj" /c src\demosaic\aahd_demosaic.cpp
aahd_demosaic.cpp
	cl.exe /EHsc /MP /MD /I. /DWIN32 /O2 /W0 /nologo /DUSE_X3FTOOLS /DUSE_6BY9RPI /DUSE_OLD_VIDEOCAMS       /DLIBRAW_BUILDLIB /Fo"object\\dcb_demosaic.obj" /c src\demosaic\dcb_demosaic.cpp
dcb_demosaic.cpp
	cl.exe /EHsc /MP /MD /I. /DWIN32 /O2 /W0 /nologo /DUSE_X3FTOOLS /DUSE_6BY9RPI /DUSE_OLD_VIDEOCAMS       /DLIBRAW_BUILDLIB /Fo"object\\file_write.obj" /c src\write\file_write.cpp
file_write.cpp
	cl.exe /EHsc /MP /MD /I. /DWIN32 /O2 /W0 /nologo /DUSE_X3FTOOLS /DUSE_6BY9RPI /DUSE_OLD_VIDEOCAMS       /DLIBRAW_BUILDLIB /Fo"object\\ext_preprocess.obj" /c src\preprocessing\ext_preprocess.cpp
ext_preprocess.cpp
	cl.exe /EHsc /MP /MD /I. /DWIN32 /O2 /W0 /nologo /DUSE_X3FTOOLS /DUSE_6BY9RPI /DUSE_OLD_VIDEOCAMS       /DLIBRAW_BUILDLIB /Fo"object\\apply_profile.obj" /c src\write\apply_profile.cpp
apply_profile.cpp
	del /f bin\libraw.dll lib\libraw.lib
Could Not Find C:\Users\Public\jpegview-arm64-build\extras\third_party\LibRaw\bin\libraw.dll
Could Not Find C:\Users\Public\jpegview-arm64-build\extras\third_party\LibRaw\lib\libraw.lib
	cl /EHsc /MP /MD /I. /DWIN32 /O2 /W0 /nologo /DUSE_X3FTOOLS /DUSE_6BY9RPI /DUSE_OLD_VIDEOCAMS       /LD object\libraw_datastream.obj object\libraw_c_api.obj  object\cameralist.obj object\fuji_compressed.obj  object\crx.obj object\fp_dng.obj object\decoders_libraw.obj  object\unpack.obj object\unpack_thumb.obj  object\rawspeed_glue.obj object\dngsdk_glue.obj  object\colorconst.obj object\utils_libraw.obj  object\init_close_utils.obj  object\decoder_info.obj object\open.obj object\phaseone_processing.obj  object\thumb_utils.obj  object\tiff_writer.obj object\subtract_black.obj  object\postprocessing_utils.obj object\dcraw_process.obj  object\raw2image.obj object\mem_image.obj  object\x3f_utils_patched.obj object\x3f_parse_process.obj  object\read_utils.obj object\curves.obj object\utils_dcraw.obj  object\colordata.obj  object\canon_600.obj  object\decoders_dcraw.obj  object\decoders_libraw_dcrdefs.obj  object\generic.obj  object\kodak_decoders.obj object\dng.obj object\smal.obj  object\load_mfbacks.obj  object\sony.obj object\nikon.obj object\samsung.obj  object\cr3_parser.obj object\canon.obj  object\epson.obj  object\olympus.obj object\leica.obj  object\fuji.obj object\adobepano.obj object\pentax.obj object\p1.obj  object\makernotes.obj object\exif_gps.obj object\kodak.obj  object\tiff.obj object\ciff.obj object\mediumformat.obj  object\minolta.obj  object\identify_tools.obj  object\hasselblad_model.obj object\normalize_model.obj object\identify.obj  object\misc_parsers.obj object\wblists.obj  object\postprocessing_aux.obj object\postprocessing_utils_dcrdefs.obj  object\aspect_ratio.obj  object\misc_demosaic.obj object\xtrans_demosaic.obj  object\ahd_demosaic.obj object\dht_demosaic.obj  object\aahd_demosaic.obj object\dcb_demosaic.obj  object\file_write.obj  object\ext_preprocess.obj   object\apply_profile.obj     /link /out:"bin\libraw.dll" /implib:"lib\libraw.lib"
   Creating library lib\libraw.lib and object lib\libraw.exp
	cl.exe /EHsc /MP /MD /I. /DWIN32 /O2 /W0 /nologo /DUSE_X3FTOOLS /DUSE_6BY9RPI /DUSE_OLD_VIDEOCAMS       /DLIBRAW_NODLL /DLIBRAW_BUILDLIB /Fo"object\\libraw_datastream_st.obj" /c src\libraw_datastream.cpp
libraw_datastream.cpp
	cl.exe /EHsc /MP /MD /I. /DWIN32 /O2 /W0 /nologo /DUSE_X3FTOOLS /DUSE_6BY9RPI /DUSE_OLD_VIDEOCAMS       /DLIBRAW_NODLL /DLIBRAW_BUILDLIB /Fo"object\\libraw_c_api_st.obj" /c src\libraw_c_api.cpp
libraw_c_api.cpp
	cl.exe /EHsc /MP /MD /I. /DWIN32 /O2 /W0 /nologo /DUSE_X3FTOOLS /DUSE_6BY9RPI /DUSE_OLD_VIDEOCAMS       /DLIBRAW_NODLL /DLIBRAW_BUILDLIB /Fo"object\\cameralist_st.obj" /c src\tables\cameralist.cpp
cameralist.cpp
	cl.exe /EHsc /MP /MD /I. /DWIN32 /O2 /W0 /nologo /DUSE_X3FTOOLS /DUSE_6BY9RPI /DUSE_OLD_VIDEOCAMS       /DLIBRAW_NODLL /DLIBRAW_BUILDLIB /Fo"object\\fuji_compressed_st.obj" /c src\decoders\fuji_compressed.cpp
fuji_compressed.cpp
	cl.exe /EHsc /MP /MD /I. /DWIN32 /O2 /W0 /nologo /DUSE_X3FTOOLS /DUSE_6BY9RPI /DUSE_OLD_VIDEOCAMS       /DLIBRAW_NODLL /DLIBRAW_BUILDLIB /Fo"object\\crx_st.obj" /c src\decoders\crx.cpp
crx.cpp
	cl.exe /EHsc /MP /MD /I. /DWIN32 /O2 /W0 /nologo /DUSE_X3FTOOLS /DUSE_6BY9RPI /DUSE_OLD_VIDEOCAMS       /DLIBRAW_NODLL /DLIBRAW_BUILDLIB /Fo"object\\fp_dng_st.obj" /c src\decoders\fp_dng.cpp
fp_dng.cpp
	cl.exe /EHsc /MP /MD /I. /DWIN32 /O2 /W0 /nologo /DUSE_X3FTOOLS /DUSE_6BY9RPI /DUSE_OLD_VIDEOCAMS       /DLIBRAW_NODLL /DLIBRAW_BUILDLIB /Fo"object\\decoders_libraw_st.obj" /c src\decoders\decoders_libraw.cpp
decoders_libraw.cpp
	cl.exe /EHsc /MP /MD /I. /DWIN32 /O2 /W0 /nologo /DUSE_X3FTOOLS /DUSE_6BY9RPI /DUSE_OLD_VIDEOCAMS       /DLIBRAW_NODLL /DLIBRAW_BUILDLIB /Fo"object\\unpack_st.obj" /c src\decoders\unpack.cpp
unpack.cpp
	cl.exe /EHsc /MP /MD /I. /DWIN32 /O2 /W0 /nologo /DUSE_X3FTOOLS /DUSE_6BY9RPI /DUSE_OLD_VIDEOCAMS       /DLIBRAW_NODLL /DLIBRAW_BUILDLIB /Fo"object\\unpack_thumb_st.obj" /c src\decoders\unpack_thumb.cpp
unpack_thumb.cpp
	cl.exe /EHsc /MP /MD /I. /DWIN32 /O2 /W0 /nologo /DUSE_X3FTOOLS /DUSE_6BY9RPI /DUSE_OLD_VIDEOCAMS       /DLIBRAW_NODLL /DLIBRAW_BUILDLIB /Fo"object\\rawspeed_glue_st.obj" /c src\integration\rawspeed_glue.cpp
rawspeed_glue.cpp
	cl.exe /EHsc /MP /MD /I. /DWIN32 /O2 /W0 /nologo /DUSE_X3FTOOLS /DUSE_6BY9RPI /DUSE_OLD_VIDEOCAMS       /DLIBRAW_NODLL /DLIBRAW_BUILDLIB /Fo"object\\dngsdk_glue_st.obj" /c src\integration\dngsdk_glue.cpp
dngsdk_glue.cpp
	cl.exe /EHsc /MP /MD /I. /DWIN32 /O2 /W0 /nologo /DUSE_X3FTOOLS /DUSE_6BY9RPI /DUSE_OLD_VIDEOCAMS       /DLIBRAW_NODLL /DLIBRAW_BUILDLIB /Fo"object\\colorconst_st.obj" /c src\tables\colorconst.cpp
colorconst.cpp
	cl.exe /EHsc /MP /MD /I. /DWIN32 /O2 /W0 /nologo /DUSE_X3FTOOLS /DUSE_6BY9RPI /DUSE_OLD_VIDEOCAMS       /DLIBRAW_NODLL /DLIBRAW_BUILDLIB /Fo"object\\utils_libraw_st.obj" /c src\utils\utils_libraw.cpp
utils_libraw.cpp
	cl.exe /EHsc /MP /MD /I. /DWIN32 /O2 /W0 /nologo /DUSE_X3FTOOLS /DUSE_6BY9RPI /DUSE_OLD_VIDEOCAMS       /DLIBRAW_NODLL /DLIBRAW_BUILDLIB /Fo"object\\init_close_utils_st.obj" /c src\utils\init_close_utils.cpp
init_close_utils.cpp
	cl.exe /EHsc /MP /MD /I. /DWIN32 /O2 /W0 /nologo /DUSE_X3FTOOLS /DUSE_6BY9RPI /DUSE_OLD_VIDEOCAMS       /DLIBRAW_NODLL /DLIBRAW_BUILDLIB /Fo"object\\decoder_info_st.obj" /c src\utils\decoder_info.cpp
decoder_info.cpp
	cl.exe /EHsc /MP /MD /I. /DWIN32 /O2 /W0 /nologo /DUSE_X3FTOOLS /DUSE_6BY9RPI /DUSE_OLD_VIDEOCAMS       /DLIBRAW_NODLL /DLIBRAW_BUILDLIB /Fo"object\\open_st.obj" /c src\utils\open.cpp
open.cpp
	cl.exe /EHsc /MP /MD /I. /DWIN32 /O2 /W0 /nologo /DUSE_X3FTOOLS /DUSE_6BY9RPI /DUSE_OLD_VIDEOCAMS       /DLIBRAW_NODLL /DLIBRAW_BUILDLIB /Fo"object\\phaseone_processing_st.obj" /c src\utils\phaseone_processing.cpp
phaseone_processing.cpp
	cl.exe /EHsc /MP /MD /I. /DWIN32 /O2 /W0 /nologo /DUSE_X3FTOOLS /DUSE_6BY9RPI /DUSE_OLD_VIDEOCAMS       /DLIBRAW_NODLL /DLIBRAW_BUILDLIB /Fo"object\\thumb_utils_st.obj" /c src\utils\thumb_utils.cpp
thumb_utils.cpp
	cl.exe /EHsc /MP /MD /I. /DWIN32 /O2 /W0 /nologo /DUSE_X3FTOOLS /DUSE_6BY9RPI /DUSE_OLD_VIDEOCAMS       /DLIBRAW_NODLL /DLIBRAW_BUILDLIB /Fo"object\\tiff_writer_st.obj" /c src\write\tiff_writer.cpp
tiff_writer.cpp
	cl.exe /EHsc /MP /MD /I. /DWIN32 /O2 /W0 /nologo /DUSE_X3FTOOLS /DUSE_6BY9RPI /DUSE_OLD_VIDEOCAMS       /DLIBRAW_NODLL /DLIBRAW_BUILDLIB /Fo"object\\subtract_black_st.obj" /c src\preprocessing\subtract_black.cpp
subtract_black.cpp
	cl.exe /EHsc /MP /MD /I. /DWIN32 /O2 /W0 /nologo /DUSE_X3FTOOLS /DUSE_6BY9RPI /DUSE_OLD_VIDEOCAMS       /DLIBRAW_NODLL /DLIBRAW_BUILDLIB /Fo"object\\postprocessing_utils_st.obj" /c src\postprocessing\postprocessing_utils.cpp
postprocessing_utils.cpp
	cl.exe /EHsc /MP /MD /I. /DWIN32 /O2 /W0 /nologo /DUSE_X3FTOOLS /DUSE_6BY9RPI /DUSE_OLD_VIDEOCAMS       /DLIBRAW_NODLL /DLIBRAW_BUILDLIB /Fo"object\\dcraw_process_st.obj" /c src\postprocessing\dcraw_process.cpp
dcraw_process.cpp
	cl.exe /EHsc /MP /MD /I. /DWIN32 /O2 /W0 /nologo /DUSE_X3FTOOLS /DUSE_6BY9RPI /DUSE_OLD_VIDEOCAMS       /DLIBRAW_NODLL /DLIBRAW_BUILDLIB /Fo"object\\raw2image_st.obj" /c src\preprocessing\raw2image.cpp
raw2image.cpp
	cl.exe /EHsc /MP /MD /I. /DWIN32 /O2 /W0 /nologo /DUSE_X3FTOOLS /DUSE_6BY9RPI /DUSE_OLD_VIDEOCAMS       /DLIBRAW_NODLL /DLIBRAW_BUILDLIB /Fo"object\\mem_image_st.obj" /c src\postprocessing\mem_image.cpp
mem_image.cpp
	cl.exe /EHsc /MP /MD /I. /DWIN32 /O2 /W0 /nologo /DUSE_X3FTOOLS /DUSE_6BY9RPI /DUSE_OLD_VIDEOCAMS       /DLIBRAW_NODLL /DLIBRAW_BUILDLIB /Fo"object\\x3f_utils_patched_st.obj" /c src\x3f\x3f_utils_patched.cpp
x3f_utils_patched.cpp
	cl.exe /EHsc /MP /MD /I. /DWIN32 /O2 /W0 /nologo /DUSE_X3FTOOLS /DUSE_6BY9RPI /DUSE_OLD_VIDEOCAMS       /DLIBRAW_NODLL /DLIBRAW_BUILDLIB /Fo"object\\x3f_parse_process_st.obj" /c src\x3f\x3f_parse_process.cpp
x3f_parse_process.cpp
	cl.exe /EHsc /MP /MD /I. /DWIN32 /O2 /W0 /nologo /DUSE_X3FTOOLS /DUSE_6BY9RPI /DUSE_OLD_VIDEOCAMS       /DLIBRAW_NODLL /DLIBRAW_BUILDLIB /Fo"object\\read_utils_st.obj" /c src\utils\read_utils.cpp
read_utils.cpp
	cl.exe /EHsc /MP /MD /I. /DWIN32 /O2 /W0 /nologo /DUSE_X3FTOOLS /DUSE_6BY9RPI /DUSE_OLD_VIDEOCAMS       /DLIBRAW_NODLL /DLIBRAW_BUILDLIB /Fo"object\\curves_st.obj" /c src\utils\curves.cpp
curves.cpp
	cl.exe /EHsc /MP /MD /I. /DWIN32 /O2 /W0 /nologo /DUSE_X3FTOOLS /DUSE_6BY9RPI /DUSE_OLD_VIDEOCAMS       /DLIBRAW_NODLL /DLIBRAW_BUILDLIB /Fo"object\\utils_dcraw_st.obj" /c src\utils\utils_dcraw.cpp
utils_dcraw.cpp
	cl.exe /EHsc /MP /MD /I. /DWIN32 /O2 /W0 /nologo /DUSE_X3FTOOLS /DUSE_6BY9RPI /DUSE_OLD_VIDEOCAMS       /DLIBRAW_NODLL /DLIBRAW_BUILDLIB /Fo"object\\colordata_st.obj" /c src\tables\colordata.cpp
colordata.cpp
	cl.exe /EHsc /MP /MD /I. /DWIN32 /O2 /W0 /nologo /DUSE_X3FTOOLS /DUSE_6BY9RPI /DUSE_OLD_VIDEOCAMS       /DLIBRAW_NODLL /DLIBRAW_BUILDLIB /Fo"object\\canon_600_st.obj" /c src\decoders\canon_600.cpp
canon_600.cpp
	cl.exe /EHsc /MP /MD /I. /DWIN32 /O2 /W0 /nologo /DUSE_X3FTOOLS /DUSE_6BY9RPI /DUSE_OLD_VIDEOCAMS       /DLIBRAW_NODLL /DLIBRAW_BUILDLIB /Fo"object\\decoders_dcraw_st.obj" /c src\decoders\decoders_dcraw.cpp
decoders_dcraw.cpp
	cl.exe /EHsc /MP /MD /I. /DWIN32 /O2 /W0 /nologo /DUSE_X3FTOOLS /DUSE_6BY9RPI /DUSE_OLD_VIDEOCAMS       /DLIBRAW_NODLL /DLIBRAW_BUILDLIB /Fo"object\\decoders_libraw_dcrdefs_st.obj" /c src\decoders\decoders_libraw_dcrdefs.cpp
decoders_libraw_dcrdefs.cpp
	cl.exe /EHsc /MP /MD /I. /DWIN32 /O2 /W0 /nologo /DUSE_X3FTOOLS /DUSE_6BY9RPI /DUSE_OLD_VIDEOCAMS       /DLIBRAW_NODLL /DLIBRAW_BUILDLIB /Fo"object\\generic_st.obj" /c src\decoders\generic.cpp
generic.cpp
	cl.exe /EHsc /MP /MD /I. /DWIN32 /O2 /W0 /nologo /DUSE_X3FTOOLS /DUSE_6BY9RPI /DUSE_OLD_VIDEOCAMS       /DLIBRAW_NODLL /DLIBRAW_BUILDLIB /Fo"object\\kodak_decoders_st.obj" /c src\decoders\kodak_decoders.cpp
kodak_decoders.cpp
	cl.exe /EHsc /MP /MD /I. /DWIN32 /O2 /W0 /nologo /DUSE_X3FTOOLS /DUSE_6BY9RPI /DUSE_OLD_VIDEOCAMS       /DLIBRAW_NODLL /DLIBRAW_BUILDLIB /Fo"object\\dng_st.obj" /c src\decoders\dng.cpp
dng.cpp
	cl.exe /EHsc /MP /MD /I. /DWIN32 /O2 /W0 /nologo /DUSE_X3FTOOLS /DUSE_6BY9RPI /DUSE_OLD_VIDEOCAMS       /DLIBRAW_NODLL /DLIBRAW_BUILDLIB /Fo"object\\smal_st.obj" /c src\decoders\smal.cpp
smal.cpp
	cl.exe /EHsc /MP /MD /I. /DWIN32 /O2 /W0 /nologo /DUSE_X3FTOOLS /DUSE_6BY9RPI /DUSE_OLD_VIDEOCAMS       /DLIBRAW_NODLL /DLIBRAW_BUILDLIB /Fo"object\\load_mfbacks_st.obj" /c src\decoders\load_mfbacks.cpp
load_mfbacks.cpp
	cl.exe /EHsc /MP /MD /I. /DWIN32 /O2 /W0 /nologo /DUSE_X3FTOOLS /DUSE_6BY9RPI /DUSE_OLD_VIDEOCAMS       /DLIBRAW_NODLL /DLIBRAW_BUILDLIB /Fo"object\\sony_st.obj" /c src\metadata\sony.cpp
sony.cpp
	cl.exe /EHsc /MP /MD /I. /DWIN32 /O2 /W0 /nologo /DUSE_X3FTOOLS /DUSE_6BY9RPI /DUSE_OLD_VIDEOCAMS       /DLIBRAW_NODLL /DLIBRAW_BUILDLIB /Fo"object\\nikon_st.obj" /c src\metadata\nikon.cpp
nikon.cpp
	cl.exe /EHsc /MP /MD /I. /DWIN32 /O2 /W0 /nologo /DUSE_X3FTOOLS /DUSE_6BY9RPI /DUSE_OLD_VIDEOCAMS       /DLIBRAW_NODLL /DLIBRAW_BUILDLIB /Fo"object\\samsung_st.obj" /c src\metadata\samsung.cpp
samsung.cpp
	cl.exe /EHsc /MP /MD /I. /DWIN32 /O2 /W0 /nologo /DUSE_X3FTOOLS /DUSE_6BY9RPI /DUSE_OLD_VIDEOCAMS       /DLIBRAW_NODLL /DLIBRAW_BUILDLIB /Fo"object\\cr3_parser_st.obj" /c src\metadata\cr3_parser.cpp
cr3_parser.cpp
	cl.exe /EHsc /MP /MD /I. /DWIN32 /O2 /W0 /nologo /DUSE_X3FTOOLS /DUSE_6BY9RPI /DUSE_OLD_VIDEOCAMS       /DLIBRAW_NODLL /DLIBRAW_BUILDLIB /Fo"object\\canon_st.obj" /c src\metadata\canon.cpp
canon.cpp
	cl.exe /EHsc /MP /MD /I. /DWIN32 /O2 /W0 /nologo /DUSE_X3FTOOLS /DUSE_6BY9RPI /DUSE_OLD_VIDEOCAMS       /DLIBRAW_NODLL /DLIBRAW_BUILDLIB /Fo"object\\epson_st.obj" /c src\metadata\epson.cpp
epson.cpp
	cl.exe /EHsc /MP /MD /I. /DWIN32 /O2 /W0 /nologo /DUSE_X3FTOOLS /DUSE_6BY9RPI /DUSE_OLD_VIDEOCAMS       /DLIBRAW_NODLL /DLIBRAW_BUILDLIB /Fo"object\\olympus_st.obj" /c src\metadata\olympus.cpp
olympus.cpp
	cl.exe /EHsc /MP /MD /I. /DWIN32 /O2 /W0 /nologo /DUSE_X3FTOOLS /DUSE_6BY9RPI /DUSE_OLD_VIDEOCAMS       /DLIBRAW_NODLL /DLIBRAW_BUILDLIB /Fo"object\\leica_st.obj" /c src\metadata\leica.cpp
leica.cpp
	cl.exe /EHsc /MP /MD /I. /DWIN32 /O2 /W0 /nologo /DUSE_X3FTOOLS /DUSE_6BY9RPI /DUSE_OLD_VIDEOCAMS       /DLIBRAW_NODLL /DLIBRAW_BUILDLIB /Fo"object\\fuji_st.obj" /c src\metadata\fuji.cpp
fuji.cpp
	cl.exe /EHsc /MP /MD /I. /DWIN32 /O2 /W0 /nologo /DUSE_X3FTOOLS /DUSE_6BY9RPI /DUSE_OLD_VIDEOCAMS       /DLIBRAW_NODLL /DLIBRAW_BUILDLIB /Fo"object\\adobepano_st.obj" /c src\metadata\adobepano.cpp
adobepano.cpp
	cl.exe /EHsc /MP /MD /I. /DWIN32 /O2 /W0 /nologo /DUSE_X3FTOOLS /DUSE_6BY9RPI /DUSE_OLD_VIDEOCAMS       /DLIBRAW_NODLL /DLIBRAW_BUILDLIB /Fo"object\\pentax_st.obj" /c src\metadata\pentax.cpp
pentax.cpp
	cl.exe /EHsc /MP /MD /I. /DWIN32 /O2 /W0 /nologo /DUSE_X3FTOOLS /DUSE_6BY9RPI /DUSE_OLD_VIDEOCAMS       /DLIBRAW_NODLL /DLIBRAW_BUILDLIB /Fo"object\\p1_st.obj" /c src\metadata\p1.cpp
p1.cpp
	cl.exe /EHsc /MP /MD /I. /DWIN32 /O2 /W0 /nologo /DUSE_X3FTOOLS /DUSE_6BY9RPI /DUSE_OLD_VIDEOCAMS       /DLIBRAW_NODLL /DLIBRAW_BUILDLIB /Fo"object\\makernotes_st.obj" /c src\metadata\makernotes.cpp
makernotes.cpp
	cl.exe /EHsc /MP /MD /I. /DWIN32 /O2 /W0 /nologo /DUSE_X3FTOOLS /DUSE_6BY9RPI /DUSE_OLD_VIDEOCAMS       /DLIBRAW_NODLL /DLIBRAW_BUILDLIB /Fo"object\\exif_gps_st.obj" /c src\metadata\exif_gps.cpp
exif_gps.cpp
	cl.exe /EHsc /MP /MD /I. /DWIN32 /O2 /W0 /nologo /DUSE_X3FTOOLS /DUSE_6BY9RPI /DUSE_OLD_VIDEOCAMS       /DLIBRAW_NODLL /DLIBRAW_BUILDLIB /Fo"object\\kodak_st.obj" /c src\metadata\kodak.cpp
kodak.cpp
	cl.exe /EHsc /MP /MD /I. /DWIN32 /O2 /W0 /nologo /DUSE_X3FTOOLS /DUSE_6BY9RPI /DUSE_OLD_VIDEOCAMS       /DLIBRAW_NODLL /DLIBRAW_BUILDLIB /Fo"object\\tiff_st.obj" /c src\metadata\tiff.cpp
tiff.cpp
	cl.exe /EHsc /MP /MD /I. /DWIN32 /O2 /W0 /nologo /DUSE_X3FTOOLS /DUSE_6BY9RPI /DUSE_OLD_VIDEOCAMS       /DLIBRAW_NODLL /DLIBRAW_BUILDLIB /Fo"object\\ciff_st.obj" /c src\metadata\ciff.cpp
ciff.cpp
	cl.exe /EHsc /MP /MD /I. /DWIN32 /O2 /W0 /nologo /DUSE_X3FTOOLS /DUSE_6BY9RPI /DUSE_OLD_VIDEOCAMS       /DLIBRAW_NODLL /DLIBRAW_BUILDLIB /Fo"object\\mediumformat_st.obj" /c src\metadata\mediumformat.cpp
mediumformat.cpp
	cl.exe /EHsc /MP /MD /I. /DWIN32 /O2 /W0 /nologo /DUSE_X3FTOOLS /DUSE_6BY9RPI /DUSE_OLD_VIDEOCAMS       /DLIBRAW_NODLL /DLIBRAW_BUILDLIB /Fo"object\\minolta_st.obj" /c src\metadata\minolta.cpp
minolta.cpp
	cl.exe /EHsc /MP /MD /I. /DWIN32 /O2 /W0 /nologo /DUSE_X3FTOOLS /DUSE_6BY9RPI /DUSE_OLD_VIDEOCAMS       /DLIBRAW_NODLL /DLIBRAW_BUILDLIB /Fo"object\\identify_tools_st.obj" /c src\metadata\identify_tools.cpp
identify_tools.cpp
	cl.exe /EHsc /MP /MD /I. /DWIN32 /O2 /W0 /nologo /DUSE_X3FTOOLS /DUSE_6BY9RPI /DUSE_OLD_VIDEOCAMS       /DLIBRAW_NODLL /DLIBRAW_BUILDLIB /Fo"object\\hasselblad_model_st.obj" /c src\metadata\hasselblad_model.cpp
hasselblad_model.cpp
	cl.exe /EHsc /MP /MD /I. /DWIN32 /O2 /W0 /nologo /DUSE_X3FTOOLS /DUSE_6BY9RPI /DUSE_OLD_VIDEOCAMS       /DLIBRAW_NODLL /DLIBRAW_BUILDLIB /Fo"object\\normalize_model_st.obj" /c src\metadata\normalize_model.cpp
normalize_model.cpp
	cl.exe /EHsc /MP /MD /I. /DWIN32 /O2 /W0 /nologo /DUSE_X3FTOOLS /DUSE_6BY9RPI /DUSE_OLD_VIDEOCAMS       /DLIBRAW_NODLL /DLIBRAW_BUILDLIB /Fo"object\\identify_st.obj" /c src\metadata\identify.cpp
identify.cpp
	cl.exe /EHsc /MP /MD /I. /DWIN32 /O2 /W0 /nologo /DUSE_X3FTOOLS /DUSE_6BY9RPI /DUSE_OLD_VIDEOCAMS       /DLIBRAW_NODLL /DLIBRAW_BUILDLIB /Fo"object\\misc_parsers_st.obj" /c src\metadata\misc_parsers.cpp
misc_parsers.cpp
	cl.exe /EHsc /MP /MD /I. /DWIN32 /O2 /W0 /nologo /DUSE_X3FTOOLS /DUSE_6BY9RPI /DUSE_OLD_VIDEOCAMS       /DLIBRAW_NODLL /DLIBRAW_BUILDLIB /Fo"object\\wblists_st.obj" /c src\tables\wblists.cpp
wblists.cpp
	cl.exe /EHsc /MP /MD /I. /DWIN32 /O2 /W0 /nologo /DUSE_X3FTOOLS /DUSE_6BY9RPI /DUSE_OLD_VIDEOCAMS       /DLIBRAW_NODLL /DLIBRAW_BUILDLIB /Fo"object\\postprocessing_aux_st.obj" /c src\postprocessing\postprocessing_aux.cpp
postprocessing_aux.cpp
	cl.exe /EHsc /MP /MD /I. /DWIN32 /O2 /W0 /nologo /DUSE_X3FTOOLS /DUSE_6BY9RPI /DUSE_OLD_VIDEOCAMS       /DLIBRAW_NODLL /DLIBRAW_BUILDLIB /Fo"object\\postprocessing_utils_dcrdefs_st.obj" /c src\postprocessing\postprocessing_utils_dcrdefs.cpp
postprocessing_utils_dcrdefs.cpp
	cl.exe /EHsc /MP /MD /I. /DWIN32 /O2 /W0 /nologo /DUSE_X3FTOOLS /DUSE_6BY9RPI /DUSE_OLD_VIDEOCAMS       /DLIBRAW_NODLL /DLIBRAW_BUILDLIB /Fo"object\\aspect_ratio_st.obj" /c src\postprocessing\aspect_ratio.cpp
aspect_ratio.cpp
	cl.exe /EHsc /MP /MD /I. /DWIN32 /O2 /W0 /nologo /DUSE_X3FTOOLS /DUSE_6BY9RPI /DUSE_OLD_VIDEOCAMS       /DLIBRAW_NODLL /DLIBRAW_BUILDLIB /Fo"object\\misc_demosaic_st.obj" /c src\demosaic\misc_demosaic.cpp
misc_demosaic.cpp
	cl.exe /EHsc /MP /MD /I. /DWIN32 /O2 /W0 /nologo /DUSE_X3FTOOLS /DUSE_6BY9RPI /DUSE_OLD_VIDEOCAMS       /DLIBRAW_NODLL /DLIBRAW_BUILDLIB /Fo"object\\xtrans_demosaic_st.obj" /c src\demosaic\xtrans_demosaic.cpp
xtrans_demosaic.cpp
	cl.exe /EHsc /MP /MD /I. /DWIN32 /O2 /W0 /nologo /DUSE_X3FTOOLS /DUSE_6BY9RPI /DUSE_OLD_VIDEOCAMS       /DLIBRAW_NODLL /DLIBRAW_BUILDLIB /Fo"object\\ahd_demosaic_st.obj" /c src\demosaic\ahd_demosaic.cpp
ahd_demosaic.cpp
	cl.exe /EHsc /MP /MD /I. /DWIN32 /O2 /W0 /nologo /DUSE_X3FTOOLS /DUSE_6BY9RPI /DUSE_OLD_VIDEOCAMS       /DLIBRAW_NODLL /DLIBRAW_BUILDLIB /Fo"object\\dht_demosaic_st.obj" /c src\demosaic\dht_demosaic.cpp
dht_demosaic.cpp
	cl.exe /EHsc /MP /MD /I. /DWIN32 /O2 /W0 /nologo /DUSE_X3FTOOLS /DUSE_6BY9RPI /DUSE_OLD_VIDEOCAMS       /DLIBRAW_NODLL /DLIBRAW_BUILDLIB /Fo"object\\aahd_demosaic_st.obj" /c src\demosaic\aahd_demosaic.cpp
aahd_demosaic.cpp
	cl.exe /EHsc /MP /MD /I. /DWIN32 /O2 /W0 /nologo /DUSE_X3FTOOLS /DUSE_6BY9RPI /DUSE_OLD_VIDEOCAMS       /DLIBRAW_NODLL /DLIBRAW_BUILDLIB /Fo"object\\dcb_demosaic_st.obj" /c src\demosaic\dcb_demosaic.cpp
dcb_demosaic.cpp
	cl.exe /EHsc /MP /MD /I. /DWIN32 /O2 /W0 /nologo /DUSE_X3FTOOLS /DUSE_6BY9RPI /DUSE_OLD_VIDEOCAMS       /DLIBRAW_NODLL /DLIBRAW_BUILDLIB /Fo"object\\file_write_st.obj" /c src\write\file_write.cpp
file_write.cpp
	cl.exe /EHsc /MP /MD /I. /DWIN32 /O2 /W0 /nologo /DUSE_X3FTOOLS /DUSE_6BY9RPI /DUSE_OLD_VIDEOCAMS       /DLIBRAW_NODLL /DLIBRAW_BUILDLIB /Fo"object\\ext_preprocess_st.obj" /c src\preprocessing\ext_preprocess.cpp
ext_preprocess.cpp
	cl.exe /EHsc /MP /MD /I. /DWIN32 /O2 /W0 /nologo /DUSE_X3FTOOLS /DUSE_6BY9RPI /DUSE_OLD_VIDEOCAMS       /DLIBRAW_NODLL /DLIBRAW_BUILDLIB /Fo"object\\apply_profile_st.obj" /c src\write\apply_profile.cpp
apply_profile.cpp
	del /f lib\libraw_static.lib
Could Not Find C:\Users\Public\jpegview-arm64-build\extras\third_party\LibRaw\lib\libraw_static.lib
	lib /OUT:lib\libraw_static.lib /LTCG object\libraw_datastream_st.obj object\libraw_c_api_st.obj  object\cameralist_st.obj object\fuji_compressed_st.obj  object\crx_st.obj object\fp_dng_st.obj object\decoders_libraw_st.obj  object\unpack_st.obj object\unpack_thumb_st.obj  object\rawspeed_glue_st.obj object\dngsdk_glue_st.obj  object\colorconst_st.obj object\utils_libraw_st.obj object\init_close_utils_st.obj  object\decoder_info_st.obj object\open_st.obj object\phaseone_processing_st.obj  object\thumb_utils_st.obj  object\tiff_writer_st.obj object\subtract_black_st.obj object\postprocessing_utils_st.obj  object\dcraw_process_st.obj object\raw2image_st.obj object\mem_image_st.obj  object\x3f_utils_patched_st.obj object\x3f_parse_process_st.obj  object\read_utils_st.obj object\curves_st.obj object\utils_dcraw_st.obj  object\colordata_st.obj  object\canon_600_st.obj  object\decoders_dcraw_st.obj  object\decoders_libraw_dcrdefs_st.obj  object\generic_st.obj  object\kodak_decoders_st.obj object\dng_st.obj object\smal_st.obj  object\load_mfbacks_st.obj  object\sony_st.obj object\nikon_st.obj object\samsung_st.obj object\cr3_parser_st.obj  object\canon_st.obj  object\epson_st.obj object\olympus_st.obj object\leica_st.obj  object\fuji_st.obj object\adobepano_st.obj object\pentax_st.obj object\p1_st.obj  object\makernotes_st.obj object\exif_gps_st.obj object\kodak_st.obj  object\tiff_st.obj object\ciff_st.obj object\mediumformat_st.obj object\minolta_st.obj  object\identify_tools_st.obj  object\hasselblad_model_st.obj object\normalize_model_st.obj object\identify_st.obj  object\misc_parsers_st.obj object\wblists_st.obj  object\postprocessing_aux_st.obj object\postprocessing_utils_dcrdefs_st.obj  object\aspect_ratio_st.obj  object\misc_demosaic_st.obj object\xtrans_demosaic_st.obj object\ahd_demosaic_st.obj  object\dht_demosaic_st.obj  object\aahd_demosaic_st.obj  object\dcb_demosaic_st.obj  object\file_write_st.obj  object\ext_preprocess_st.obj   object\apply_profile_st.obj
Microsoft (R) Library Manager Version 14.29.30159.0
Copyright (C) Microsoft Corporation.  All rights reserved.

	cl.exe /EHsc /MP /MD /I. /DWIN32 /O2 /W0 /nologo /DUSE_X3FTOOLS /DUSE_6BY9RPI /DUSE_OLD_VIDEOCAMS        /Fe"bin\\raw-identify.exe" /Fo"object\\" samples\raw-identify.cpp lib\libraw.lib  
raw-identify.cpp
	cl.exe /EHsc /MP /MD /I. /DWIN32 /O2 /W0 /nologo /DUSE_X3FTOOLS /DUSE_6BY9RPI /DUSE_OLD_VIDEOCAMS        /Fe"bin\\simple_dcraw.exe" /Fo"object\\" samples\simple_dcraw.cpp lib\libraw.lib  
simple_dcraw.cpp
	cl.exe /EHsc /MP /MD /I. /DWIN32 /O2 /W0 /nologo /DUSE_X3FTOOLS /DUSE_6BY9RPI /DUSE_OLD_VIDEOCAMS        /Fe"bin\\dcraw_emu.exe" /Fo"object\\" samples\dcraw_emu.cpp lib\libraw.lib  
dcraw_emu.cpp
	cl.exe /EHsc /MP /MD /I. /DWIN32 /O2 /W0 /nologo /DUSE_X3FTOOLS /DUSE_6BY9RPI /DUSE_OLD_VIDEOCAMS        /Fe"bin\\dcraw_half.exe" /Fo"object\\" samples\dcraw_half.c lib\libraw.lib  
dcraw_half.c
	cl.exe /EHsc /MP /MD /I. /DWIN32 /O2 /W0 /nologo /DUSE_X3FTOOLS /DUSE_6BY9RPI /DUSE_OLD_VIDEOCAMS        /Fe"bin\\half_mt.exe" /Fo"object\\" samples\half_mt_win32.c lib\libraw.lib  
half_mt_win32.c
	cl.exe /EHsc /MP /MD /I. /DWIN32 /O2 /W0 /nologo /DUSE_X3FTOOLS /DUSE_6BY9RPI /DUSE_OLD_VIDEOCAMS        /Fe"bin\\mem_image.exe" /Fo"object\\" samples\mem_image_sample.cpp lib\libraw.lib  
mem_image_sample.cpp
	cl.exe /EHsc /MP /MD /I. /DWIN32 /O2 /W0 /nologo /DUSE_X3FTOOLS /DUSE_6BY9RPI /DUSE_OLD_VIDEOCAMS        /Fe"bin\\unprocessed_raw.exe" /Fo"object\\" samples\unprocessed_raw.cpp lib\libraw.lib   ws2_32.lib
unprocessed_raw.cpp
	cl.exe /EHsc /MP /MD /I. /DWIN32 /O2 /W0 /nologo /DUSE_X3FTOOLS /DUSE_6BY9RPI /DUSE_OLD_VIDEOCAMS        /Fe"bin\\4channels.exe" /Fo"object\\" samples\4channels.cpp lib\libraw.lib  
4channels.cpp
	cl.exe /EHsc /MP /MD /I. /DWIN32 /O2 /W0 /nologo /DUSE_X3FTOOLS /DUSE_6BY9RPI /DUSE_OLD_VIDEOCAMS        /Fe"bin\\multirender_test.exe" /Fo"object\\" samples\multirender_test.cpp lib\libraw.lib  
multirender_test.cpp
	cl.exe /EHsc /MP /MD /I. /DWIN32 /O2 /W0 /nologo /DUSE_X3FTOOLS /DUSE_6BY9RPI /DUSE_OLD_VIDEOCAMS        /Fe"bin\\postprocessing_benchmark.exe" /Fo"object\\" samples\postprocessing_benchmark.cpp lib\libraw.lib  
postprocessing_benchmark.cpp
	cl.exe /EHsc /MP /MD /I. /DWIN32 /O2 /W0 /nologo /DUSE_X3FTOOLS /DUSE_6BY9RPI /DUSE_OLD_VIDEOCAMS        /Fe"bin\\openbayer_sample.exe" /Fo"object\\" samples\openbayer_sample.cpp lib\libraw.lib  
openbayer_sample.cpp
	cl.exe /EHsc /MP /MD /I. /DWIN32 /O2 /W0 /nologo /DUSE_X3FTOOLS /DUSE_6BY9RPI /DUSE_OLD_VIDEOCAMS        /Fe"bin\\rawtextdump.exe" /Fo"object\\" samples\rawtextdump.cpp lib\libraw.lib  
rawtextdump.cpp
        1 file(s) copied.
        1 file(s) copied.

  cmsalpha.c
  cmscam02.c
  cmscgats.c
  cmscnvrt.c
  cmserr.c
  cmsgamma.c
  cmsgmt.c
  cmshalf.c
  cmsintrp.c
  cmsio0.c
  cmsio1.c
  cmslut.c
  cmsmd5.c
  cmsmtrx.c
  cmsnamed.c
  cmsopt.c
  cmspack.c
  cmspcs.c
  cmsplugin.c
  cmsps2.c
  cmssamp.c
  cmssm.c
  cmstypes.c
  cmsvirt.c
  cmswtpnt.c
  cmsxform.c
cmscam02.obj : warning LNK4197: export 'cmsCIECAM02Reverse' specified multiple times; using first specification [C:\Users\Public\jpegview-arm64-build\extras\third_party\Little-CMS\Projects\VC2019\lcms2_DLL\lcms2_DLL.vcxproj]
cmscam02.obj : warning LNK4197: export 'cmsCIECAM02Forward' specified multiple times; using first specification [C:\Users\Public\jpegview-arm64-build\extras\third_party\Little-CMS\Projects\VC2019\lcms2_DLL\lcms2_DLL.vcxproj]
cmscam02.obj : warning LNK4197: export 'cmsCIECAM02Done' specified multiple times; using first specification [C:\Users\Public\jpegview-arm64-build\extras\third_party\Little-CMS\Projects\VC2019\lcms2_DLL\lcms2_DLL.vcxproj]
cmscam02.obj : warning LNK4197: export 'cmsCIECAM02Init' specified multiple times; using first specification [C:\Users\Public\jpegview-arm64-build\extras\third_party\Little-CMS\Projects\VC2019\lcms2_DLL\lcms2_DLL.vcxproj]
cmscgats.obj : warning LNK4197: export 'cmsIT8DefineDblFormat' specified multiple times; using first specification [C:\Users\Public\jpegview-arm64-build\extras\third_party\Little-CMS\Projects\VC2019\lcms2_DLL\lcms2_DLL.vcxproj]
cmscgats.obj : warning LNK4197: export 'cmsIT8SetIndexColumn' specified multiple times; using first specification [C:\Users\Public\jpegview-arm64-build\extras\third_party\Little-CMS\Projects\VC2019\lcms2_DLL\lcms2_DLL.vcxproj]
cmscgats.obj : warning LNK4197: export 'cmsIT8SetTableByLabel' specified multiple times; using first specification [C:\Users\Public\jpegview-arm64-build\extras\third_party\Little-CMS\Projects\VC2019\lcms2_DLL\lcms2_DLL.vcxproj]
cmscgats.obj : warning LNK4197: export 'cmsIT8TableCount' specified multiple times; using first specification [C:\Users\Public\jpegview-arm64-build\extras\third_party\Little-CMS\Projects\VC2019\lcms2_DLL\lcms2_DLL.vcxproj]
cmscgats.obj : warning LNK4197: export 'cmsIT8GetPatchByName' specified multiple times; using first specification [C:\Users\Public\jpegview-arm64-build\extras\third_party\Little-CMS\Projects\VC2019\lcms2_DLL\lcms2_DLL.vcxproj]
cmscgats.obj : warning LNK4197: export 'cmsIT8GetPatchName' specified multiple times; using first specification [C:\Users\Public\jpegview-arm64-build\extras\third_party\Little-CMS\Projects\VC2019\lcms2_DLL\lcms2_DLL.vcxproj]
cmscgats.obj : warning LNK4197: export 'cmsIT8SetDataDbl' specified multiple times; using first specification [C:\Users\Public\jpegview-arm64-build\extras\third_party\Little-CMS\Projects\VC2019\lcms2_DLL\lcms2_DLL.vcxproj]
cmscgats.obj : warning LNK4197: export 'cmsIT8SetData' specified multiple times; using first specification [C:\Users\Public\jpegview-arm64-build\extras\third_party\Little-CMS\Projects\VC2019\lcms2_DLL\lcms2_DLL.vcxproj]
cmscgats.obj : warning LNK4197: export 'cmsIT8GetDataDbl' specified multiple times; using first specification [C:\Users\Public\jpegview-arm64-build\extras\third_party\Little-CMS\Projects\VC2019\lcms2_DLL\lcms2_DLL.vcxproj]
cmscgats.obj : warning LNK4197: export 'cmsIT8GetData' specified multiple times; using first specification [C:\Users\Public\jpegview-arm64-build\extras\third_party\Little-CMS\Projects\VC2019\lcms2_DLL\lcms2_DLL.vcxproj]
cmscgats.obj : warning LNK4197: export 'cmsIT8SetDataRowColDbl' specified multiple times; using first specification [C:\Users\Public\jpegview-arm64-build\extras\third_party\Little-CMS\Projects\VC2019\lcms2_DLL\lcms2_DLL.vcxproj]
cmscgats.obj : warning LNK4197: export 'cmsIT8SetDataRowCol' specified multiple times; using first specification [C:\Users\Public\jpegview-arm64-build\extras\third_party\Little-CMS\Projects\VC2019\lcms2_DLL\lcms2_DLL.vcxproj]
cmscgats.obj : warning LNK4197: export 'cmsIT8GetDataRowColDbl' specified multiple times; using first specification [C:\Users\Public\jpegview-arm64-build\extras\third_party\Little-CMS\Projects\VC2019\lcms2_DLL\lcms2_DLL.vcxproj]
cmscgats.obj : warning LNK4197: export 'cmsIT8GetDataRowCol' specified multiple times; using first specification [C:\Users\Public\jpegview-arm64-build\extras\third_party\Little-CMS\Projects\VC2019\lcms2_DLL\lcms2_DLL.vcxproj]
cmscgats.obj : warning LNK4197: export 'cmsIT8FindDataFormat' specified multiple times; using first specification [C:\Users\Public\jpegview-arm64-build\extras\third_party\Little-CMS\Projects\VC2019\lcms2_DLL\lcms2_DLL.vcxproj]
cmscgats.obj : warning LNK4197: export 'cmsIT8EnumPropertyMulti' specified multiple times; using first specification [C:\Users\Public\jpegview-arm64-build\extras\third_party\Little-CMS\Projects\VC2019\lcms2_DLL\lcms2_DLL.vcxproj]
cmscgats.obj : warning LNK4197: export 'cmsIT8EnumProperties' specified multiple times; using first specification [C:\Users\Public\jpegview-arm64-build\extras\third_party\Little-CMS\Projects\VC2019\lcms2_DLL\lcms2_DLL.vcxproj]
cmscgats.obj : warning LNK4197: export 'cmsIT8EnumDataFormat' specified multiple times; using first specification [C:\Users\Public\jpegview-arm64-build\extras\third_party\Little-CMS\Projects\VC2019\lcms2_DLL\lcms2_DLL.vcxproj]
cmscgats.obj : warning LNK4197: export 'cmsIT8LoadFromFile' specified multiple times; using first specification [C:\Users\Public\jpegview-arm64-build\extras\third_party\Little-CMS\Projects\VC2019\lcms2_DLL\lcms2_DLL.vcxproj]
cmscgats.obj : warning LNK4197: export 'cmsIT8LoadFromMem' specified multiple times; using first specification [C:\Users\Public\jpegview-arm64-build\extras\third_party\Little-CMS\Projects\VC2019\lcms2_DLL\lcms2_DLL.vcxproj]
cmscgats.obj : warning LNK4197: export 'cmsIT8SaveToMem' specified multiple times; using first specification [C:\Users\Public\jpegview-arm64-build\extras\third_party\Little-CMS\Projects\VC2019\lcms2_DLL\lcms2_DLL.vcxproj]
cmscgats.obj : warning LNK4197: export 'cmsIT8SaveToFile' specified multiple times; using first specification [C:\Users\Public\jpegview-arm64-build\extras\third_party\Little-CMS\Projects\VC2019\lcms2_DLL\lcms2_DLL.vcxproj]
cmscgats.obj : warning LNK4197: export 'cmsIT8SetDataFormat' specified multiple times; using first specification [C:\Users\Public\jpegview-arm64-build\extras\third_party\Little-CMS\Projects\VC2019\lcms2_DLL\lcms2_DLL.vcxproj]
cmscgats.obj : warning LNK4197: export 'cmsIT8GetPropertyMulti' specified multiple times; using first specification [C:\Users\Public\jpegview-arm64-build\extras\third_party\Little-CMS\Projects\VC2019\lcms2_DLL\lcms2_DLL.vcxproj]
cmscgats.obj : warning LNK4197: export 'cmsIT8GetPropertyDbl' specified multiple times; using first specification [C:\Users\Public\jpegview-arm64-build\extras\third_party\Little-CMS\Projects\VC2019\lcms2_DLL\lcms2_DLL.vcxproj]
cmscgats.obj : warning LNK4197: export 'cmsIT8GetProperty' specified multiple times; using first specification [C:\Users\Public\jpegview-arm64-build\extras\third_party\Little-CMS\Projects\VC2019\lcms2_DLL\lcms2_DLL.vcxproj]
cmscgats.obj : warning LNK4197: export 'cmsIT8SetPropertyMulti' specified multiple times; using first specification [C:\Users\Public\jpegview-arm64-build\extras\third_party\Little-CMS\Projects\VC2019\lcms2_DLL\lcms2_DLL.vcxproj]
cmscgats.obj : warning LNK4197: export 'cmsIT8SetPropertyUncooked' specified multiple times; using first specification [C:\Users\Public\jpegview-arm64-build\extras\third_party\Little-CMS\Projects\VC2019\lcms2_DLL\lcms2_DLL.vcxproj]
cmscgats.obj : warning LNK4197: export 'cmsIT8SetPropertyHex' specified multiple times; using first specification [C:\Users\Public\jpegview-arm64-build\extras\third_party\Little-CMS\Projects\VC2019\lcms2_DLL\lcms2_DLL.vcxproj]
cmscgats.obj : warning LNK4197: export 'cmsIT8SetPropertyDbl' specified multiple times; using first specification [C:\Users\Public\jpegview-arm64-build\extras\third_party\Little-CMS\Projects\VC2019\lcms2_DLL\lcms2_DLL.vcxproj]
cmscgats.obj : warning LNK4197: export 'cmsIT8SetPropertyStr' specified multiple times; using first specification [C:\Users\Public\jpegview-arm64-build\extras\third_party\Little-CMS\Projects\VC2019\lcms2_DLL\lcms2_DLL.vcxproj]
cmscgats.obj : warning LNK4197: export 'cmsIT8SetComment' specified multiple times; using first specification [C:\Users\Public\jpegview-arm64-build\extras\third_party\Little-CMS\Projects\VC2019\lcms2_DLL\lcms2_DLL.vcxproj]
cmscgats.obj : warning LNK4197: export 'cmsIT8SetSheetType' specified multiple times; using first specification [C:\Users\Public\jpegview-arm64-build\extras\third_party\Little-CMS\Projects\VC2019\lcms2_DLL\lcms2_DLL.vcxproj]
cmscgats.obj : warning LNK4197: export 'cmsIT8GetSheetType' specified multiple times; using first specification [C:\Users\Public\jpegview-arm64-build\extras\third_party\Little-CMS\Projects\VC2019\lcms2_DLL\lcms2_DLL.vcxproj]
cmscgats.obj : warning LNK4197: export 'cmsIT8Alloc' specified multiple times; using first specification [C:\Users\Public\jpegview-arm64-build\extras\third_party\Little-CMS\Projects\VC2019\lcms2_DLL\lcms2_DLL.vcxproj]
cmscgats.obj : warning LNK4197: export 'cmsIT8SetTable' specified multiple times; using first specification [C:\Users\Public\jpegview-arm64-build\extras\third_party\Little-CMS\Projects\VC2019\lcms2_DLL\lcms2_DLL.vcxproj]
cmscgats.obj : warning LNK4197: export 'cmsIT8Free' specified multiple times; using first specification [C:\Users\Public\jpegview-arm64-build\extras\third_party\Little-CMS\Projects\VC2019\lcms2_DLL\lcms2_DLL.vcxproj]
cmscnvrt.obj : warning LNK4197: export 'cmsGetSupportedIntents' specified multiple times; using first specification [C:\Users\Public\jpegview-arm64-build\extras\third_party\Little-CMS\Projects\VC2019\lcms2_DLL\lcms2_DLL.vcxproj]
cmscnvrt.obj : warning LNK4197: export 'cmsGetSupportedIntentsTHR' specified multiple times; using first specification [C:\Users\Public\jpegview-arm64-build\extras\third_party\Little-CMS\Projects\VC2019\lcms2_DLL\lcms2_DLL.vcxproj]
cmscnvrt.obj : warning LNK4197: export '_cmsDefaultICCintents' specified multiple times; using first specification [C:\Users\Public\jpegview-arm64-build\extras\third_party\Little-CMS\Projects\VC2019\lcms2_DLL\lcms2_DLL.vcxproj]
cmserr.obj : warning LNK4197: export '_cmsUnlockMutex' specified multiple times; using first specification [C:\Users\Public\jpegview-arm64-build\extras\third_party\Little-CMS\Projects\VC2019\lcms2_DLL\lcms2_DLL.vcxproj]
cmserr.obj : warning LNK4197: export '_cmsLockMutex' specified multiple times; using first specification [C:\Users\Public\jpegview-arm64-build\extras\third_party\Little-CMS\Projects\VC2019\lcms2_DLL\lcms2_DLL.vcxproj]
cmserr.obj : warning LNK4197: export '_cmsDestroyMutex' specified multiple times; using first specification [C:\Users\Public\jpegview-arm64-build\extras\third_party\Little-CMS\Projects\VC2019\lcms2_DLL\lcms2_DLL.vcxproj]
cmserr.obj : warning LNK4197: export '_cmsCreateMutex' specified multiple times; using first specification [C:\Users\Public\jpegview-arm64-build\extras\third_party\Little-CMS\Projects\VC2019\lcms2_DLL\lcms2_DLL.vcxproj]
cmserr.obj : warning LNK4197: export 'cmsSignalError' specified multiple times; using first specification [C:\Users\Public\jpegview-arm64-build\extras\third_party\Little-CMS\Projects\VC2019\lcms2_DLL\lcms2_DLL.vcxproj]
cmserr.obj : warning LNK4197: export 'cmsSetLogErrorHandler' specified multiple times; using first specification [C:\Users\Public\jpegview-arm64-build\extras\third_party\Little-CMS\Projects\VC2019\lcms2_DLL\lcms2_DLL.vcxproj]
cmserr.obj : warning LNK4197: export 'cmsSetLogErrorHandlerTHR' specified multiple times; using first specification [C:\Users\Public\jpegview-arm64-build\extras\third_party\Little-CMS\Projects\VC2019\lcms2_DLL\lcms2_DLL.vcxproj]
cmserr.obj : warning LNK4197: export '_cmsDupMem' specified multiple times; using first specification [C:\Users\Public\jpegview-arm64-build\extras\third_party\Little-CMS\Projects\VC2019\lcms2_DLL\lcms2_DLL.vcxproj]
cmserr.obj : warning LNK4197: export '_cmsFree' specified multiple times; using first specification [C:\Users\Public\jpegview-arm64-build\extras\third_party\Little-CMS\Projects\VC2019\lcms2_DLL\lcms2_DLL.vcxproj]
cmserr.obj : warning LNK4197: export '_cmsRealloc' specified multiple times; using first specification [C:\Users\Public\jpegview-arm64-build\extras\third_party\Little-CMS\Projects\VC2019\lcms2_DLL\lcms2_DLL.vcxproj]
cmserr.obj : warning LNK4197: export '_cmsCalloc' specified multiple times; using first specification [C:\Users\Public\jpegview-arm64-build\extras\third_party\Little-CMS\Projects\VC2019\lcms2_DLL\lcms2_DLL.vcxproj]
cmserr.obj : warning LNK4197: export '_cmsMallocZero' specified multiple times; using first specification [C:\Users\Public\jpegview-arm64-build\extras\third_party\Little-CMS\Projects\VC2019\lcms2_DLL\lcms2_DLL.vcxproj]
cmserr.obj : warning LNK4197: export '_cmsMalloc' specified multiple times; using first specification [C:\Users\Public\jpegview-arm64-build\extras\third_party\Little-CMS\Projects\VC2019\lcms2_DLL\lcms2_DLL.vcxproj]
cmserr.obj : warning LNK4197: export 'cmsfilelength' specified multiple times; using first specification [C:\Users\Public\jpegview-arm64-build\extras\third_party\Little-CMS\Projects\VC2019\lcms2_DLL\lcms2_DLL.vcxproj]
cmserr.obj : warning LNK4197: export 'cmsstrcasecmp' specified multiple times; using first specification [C:\Users\Public\jpegview-arm64-build\extras\third_party\Little-CMS\Projects\VC2019\lcms2_DLL\lcms2_DLL.vcxproj]
cmserr.obj : warning LNK4197: export 'cmsGetEncodedCMMversion' specified multiple times; using first specification [C:\Users\Public\jpegview-arm64-build\extras\third_party\Little-CMS\Projects\VC2019\lcms2_DLL\lcms2_DLL.vcxproj]
cmsgamma.obj : warning LNK4197: export 'cmsGetToneCurveParams' specified multiple times; using first specification [C:\Users\Public\jpegview-arm64-build\extras\third_party\Little-CMS\Projects\VC2019\lcms2_DLL\lcms2_DLL.vcxproj]
cmsgamma.obj : warning LNK4197: export 'cmsEstimateGamma' specified multiple times; using first specification [C:\Users\Public\jpegview-arm64-build\extras\third_party\Little-CMS\Projects\VC2019\lcms2_DLL\lcms2_DLL.vcxproj]
cmsgamma.obj : warning LNK4197: export 'cmsEvalToneCurve16' specified multiple times; using first specification [C:\Users\Public\jpegview-arm64-build\extras\third_party\Little-CMS\Projects\VC2019\lcms2_DLL\lcms2_DLL.vcxproj]
cmsgamma.obj : warning LNK4197: export 'cmsEvalToneCurveFloat' specified multiple times; using first specification [C:\Users\Public\jpegview-arm64-build\extras\third_party\Little-CMS\Projects\VC2019\lcms2_DLL\lcms2_DLL.vcxproj]
cmsgamma.obj : warning LNK4197: export 'cmsGetToneCurveParametricType' specified multiple times; using first specification [C:\Users\Public\jpegview-arm64-build\extras\third_party\Little-CMS\Projects\VC2019\lcms2_DLL\lcms2_DLL.vcxproj]
cmsgamma.obj : warning LNK4197: export 'cmsIsToneCurveMultisegment' specified multiple times; using first specification [C:\Users\Public\jpegview-arm64-build\extras\third_party\Little-CMS\Projects\VC2019\lcms2_DLL\lcms2_DLL.vcxproj]
cmsgamma.obj : warning LNK4197: export 'cmsIsToneCurveDescending' specified multiple times; using first specification [C:\Users\Public\jpegview-arm64-build\extras\third_party\Little-CMS\Projects\VC2019\lcms2_DLL\lcms2_DLL.vcxproj]
cmsgamma.obj : warning LNK4197: export 'cmsIsToneCurveMonotonic' specified multiple times; using first specification [C:\Users\Public\jpegview-arm64-build\extras\third_party\Little-CMS\Projects\VC2019\lcms2_DLL\lcms2_DLL.vcxproj]
cmsgamma.obj : warning LNK4197: export 'cmsIsToneCurveLinear' specified multiple times; using first specification [C:\Users\Public\jpegview-arm64-build\extras\third_party\Little-CMS\Projects\VC2019\lcms2_DLL\lcms2_DLL.vcxproj]
cmsgamma.obj : warning LNK4197: export 'cmsSmoothToneCurve' specified multiple times; using first specification [C:\Users\Public\jpegview-arm64-build\extras\third_party\Little-CMS\Projects\VC2019\lcms2_DLL\lcms2_DLL.vcxproj]
cmsgamma.obj : warning LNK4197: export 'cmsReverseToneCurve' specified multiple times; using first specification [C:\Users\Public\jpegview-arm64-build\extras\third_party\Little-CMS\Projects\VC2019\lcms2_DLL\lcms2_DLL.vcxproj]
cmsgamma.obj : warning LNK4197: export 'cmsReverseToneCurveEx' specified multiple times; using first specification [C:\Users\Public\jpegview-arm64-build\extras\third_party\Little-CMS\Projects\VC2019\lcms2_DLL\lcms2_DLL.vcxproj]
cmsgamma.obj : warning LNK4197: export 'cmsJoinToneCurve' specified multiple times; using first specification [C:\Users\Public\jpegview-arm64-build\extras\third_party\Little-CMS\Projects\VC2019\lcms2_DLL\lcms2_DLL.vcxproj]
cmsgamma.obj : warning LNK4197: export 'cmsDupToneCurve' specified multiple times; using first specification [C:\Users\Public\jpegview-arm64-build\extras\third_party\Little-CMS\Projects\VC2019\lcms2_DLL\lcms2_DLL.vcxproj]
cmsgamma.obj : warning LNK4197: export 'cmsFreeToneCurveTriple' specified multiple times; using first specification [C:\Users\Public\jpegview-arm64-build\extras\third_party\Little-CMS\Projects\VC2019\lcms2_DLL\lcms2_DLL.vcxproj]
cmsgamma.obj : warning LNK4197: export 'cmsFreeToneCurve' specified multiple times; using first specification [C:\Users\Public\jpegview-arm64-build\extras\third_party\Little-CMS\Projects\VC2019\lcms2_DLL\lcms2_DLL.vcxproj]
cmsgamma.obj : warning LNK4197: export 'cmsBuildGamma' specified multiple times; using first specification [C:\Users\Public\jpegview-arm64-build\extras\third_party\Little-CMS\Projects\VC2019\lcms2_DLL\lcms2_DLL.vcxproj]
cmsgamma.obj : warning LNK4197: export 'cmsBuildParametricToneCurve' specified multiple times; using first specification [C:\Users\Public\jpegview-arm64-build\extras\third_party\Little-CMS\Projects\VC2019\lcms2_DLL\lcms2_DLL.vcxproj]
cmsgamma.obj : warning LNK4197: export 'cmsBuildTabulatedToneCurveFloat' specified multiple times; using first specification [C:\Users\Public\jpegview-arm64-build\extras\third_party\Little-CMS\Projects\VC2019\lcms2_DLL\lcms2_DLL.vcxproj]
cmsgamma.obj : warning LNK4197: export 'cmsBuildSegmentedToneCurve' specified multiple times; using first specification [C:\Users\Public\jpegview-arm64-build\extras\third_party\Little-CMS\Projects\VC2019\lcms2_DLL\lcms2_DLL.vcxproj]
cmsgamma.obj : warning LNK4197: export 'cmsBuildTabulatedToneCurve16' specified multiple times; using first specification [C:\Users\Public\jpegview-arm64-build\extras\third_party\Little-CMS\Projects\VC2019\lcms2_DLL\lcms2_DLL.vcxproj]
cmsgamma.obj : warning LNK4197: export 'cmsGetToneCurveEstimatedTable' specified multiple times; using first specification [C:\Users\Public\jpegview-arm64-build\extras\third_party\Little-CMS\Projects\VC2019\lcms2_DLL\lcms2_DLL.vcxproj]
cmsgamma.obj : warning LNK4197: export 'cmsGetToneCurveEstimatedTableEntries' specified multiple times; using first specification [C:\Users\Public\jpegview-arm64-build\extras\third_party\Little-CMS\Projects\VC2019\lcms2_DLL\lcms2_DLL.vcxproj]
cmsgmt.obj : warning LNK4197: export 'cmsDetectRGBProfileGamma' specified multiple times; using first specification [C:\Users\Public\jpegview-arm64-build\extras\third_party\Little-CMS\Projects\VC2019\lcms2_DLL\lcms2_DLL.vcxproj]
cmsgmt.obj : warning LNK4197: export 'cmsDesaturateLab' specified multiple times; using first specification [C:\Users\Public\jpegview-arm64-build\extras\third_party\Little-CMS\Projects\VC2019\lcms2_DLL\lcms2_DLL.vcxproj]
cmsgmt.obj : warning LNK4197: export 'cmsDetectTAC' specified multiple times; using first specification [C:\Users\Public\jpegview-arm64-build\extras\third_party\Little-CMS\Projects\VC2019\lcms2_DLL\lcms2_DLL.vcxproj]
cmshalf.obj : warning LNK4197: export '_cmsFloat2Half' specified multiple times; using first specification [C:\Users\Public\jpegview-arm64-build\extras\third_party\Little-CMS\Projects\VC2019\lcms2_DLL\lcms2_DLL.vcxproj]
cmshalf.obj : warning LNK4197: export '_cmsHalf2Float' specified multiple times; using first specification [C:\Users\Public\jpegview-arm64-build\extras\third_party\Little-CMS\Projects\VC2019\lcms2_DLL\lcms2_DLL.vcxproj]
cmsintrp.obj : warning LNK4197: export '_cmsFreeInterpParams' specified multiple times; using first specification [C:\Users\Public\jpegview-arm64-build\extras\third_party\Little-CMS\Projects\VC2019\lcms2_DLL\lcms2_DLL.vcxproj]
cmsintrp.obj : warning LNK4197: export '_cmsComputeInterpParams' specified multiple times; using first specification [C:\Users\Public\jpegview-arm64-build\extras\third_party\Little-CMS\Projects\VC2019\lcms2_DLL\lcms2_DLL.vcxproj]
cmsio0.obj : warning LNK4197: export 'cmsTagLinkedTo' specified multiple times; using first specification [C:\Users\Public\jpegview-arm64-build\extras\third_party\Little-CMS\Projects\VC2019\lcms2_DLL\lcms2_DLL.vcxproj]
cmsio0.obj : warning LNK4197: export 'cmsLinkTag' specified multiple times; using first specification [C:\Users\Public\jpegview-arm64-build\extras\third_party\Little-CMS\Projects\VC2019\lcms2_DLL\lcms2_DLL.vcxproj]
cmsio0.obj : warning LNK4197: export 'cmsWriteRawTag' specified multiple times; using first specification [C:\Users\Public\jpegview-arm64-build\extras\third_party\Little-CMS\Projects\VC2019\lcms2_DLL\lcms2_DLL.vcxproj]
cmsio0.obj : warning LNK4197: export 'cmsReadRawTag' specified multiple times; using first specification [C:\Users\Public\jpegview-arm64-build\extras\third_party\Little-CMS\Projects\VC2019\lcms2_DLL\lcms2_DLL.vcxproj]
cmsio0.obj : warning LNK4197: export 'cmsWriteTag' specified multiple times; using first specification [C:\Users\Public\jpegview-arm64-build\extras\third_party\Little-CMS\Projects\VC2019\lcms2_DLL\lcms2_DLL.vcxproj]
cmsio0.obj : warning LNK4197: export 'cmsReadTag' specified multiple times; using first specification [C:\Users\Public\jpegview-arm64-build\extras\third_party\Little-CMS\Projects\VC2019\lcms2_DLL\lcms2_DLL.vcxproj]
cmsio0.obj : warning LNK4197: export 'cmsCloseProfile' specified multiple times; using first specification [C:\Users\Public\jpegview-arm64-build\extras\third_party\Little-CMS\Projects\VC2019\lcms2_DLL\lcms2_DLL.vcxproj]
cmsio0.obj : warning LNK4197: export 'cmsSaveProfileToMem' specified multiple times; using first specification [C:\Users\Public\jpegview-arm64-build\extras\third_party\Little-CMS\Projects\VC2019\lcms2_DLL\lcms2_DLL.vcxproj]
cmsio0.obj : warning LNK4197: export 'cmsSaveProfileToStream' specified multiple times; using first specification [C:\Users\Public\jpegview-arm64-build\extras\third_party\Little-CMS\Projects\VC2019\lcms2_DLL\lcms2_DLL.vcxproj]
cmsio0.obj : warning LNK4197: export 'cmsSaveProfileToFile' specified multiple times; using first specification [C:\Users\Public\jpegview-arm64-build\extras\third_party\Little-CMS\Projects\VC2019\lcms2_DLL\lcms2_DLL.vcxproj]
cmsio0.obj : warning LNK4197: export 'cmsSaveProfileToIOhandler' specified multiple times; using first specification [C:\Users\Public\jpegview-arm64-build\extras\third_party\Little-CMS\Projects\VC2019\lcms2_DLL\lcms2_DLL.vcxproj]
cmsio0.obj : warning LNK4197: export 'cmsOpenProfileFromMem' specified multiple times; using first specification [C:\Users\Public\jpegview-arm64-build\extras\third_party\Little-CMS\Projects\VC2019\lcms2_DLL\lcms2_DLL.vcxproj]
cmsio0.obj : warning LNK4197: export 'cmsOpenProfileFromMemTHR' specified multiple times; using first specification [C:\Users\Public\jpegview-arm64-build\extras\third_party\Little-CMS\Projects\VC2019\lcms2_DLL\lcms2_DLL.vcxproj]
cmsio0.obj : warning LNK4197: export 'cmsOpenProfileFromStream' specified multiple times; using first specification [C:\Users\Public\jpegview-arm64-build\extras\third_party\Little-CMS\Projects\VC2019\lcms2_DLL\lcms2_DLL.vcxproj]
cmsio0.obj : warning LNK4197: export 'cmsOpenProfileFromStreamTHR' specified multiple times; using first specification [C:\Users\Public\jpegview-arm64-build\extras\third_party\Little-CMS\Projects\VC2019\lcms2_DLL\lcms2_DLL.vcxproj]
cmsio0.obj : warning LNK4197: export 'cmsOpenProfileFromFile' specified multiple times; using first specification [C:\Users\Public\jpegview-arm64-build\extras\third_party\Little-CMS\Projects\VC2019\lcms2_DLL\lcms2_DLL.vcxproj]
cmsio0.obj : warning LNK4197: export 'cmsOpenProfileFromFileTHR' specified multiple times; using first specification [C:\Users\Public\jpegview-arm64-build\extras\third_party\Little-CMS\Projects\VC2019\lcms2_DLL\lcms2_DLL.vcxproj]
cmsio0.obj : warning LNK4197: export 'cmsOpenProfileFromIOhandler2THR' specified multiple times; using first specification [C:\Users\Public\jpegview-arm64-build\extras\third_party\Little-CMS\Projects\VC2019\lcms2_DLL\lcms2_DLL.vcxproj]
cmsio0.obj : warning LNK4197: export 'cmsOpenProfileFromIOhandlerTHR' specified multiple times; using first specification [C:\Users\Public\jpegview-arm64-build\extras\third_party\Little-CMS\Projects\VC2019\lcms2_DLL\lcms2_DLL.vcxproj]
cmsio0.obj : warning LNK4197: export 'cmsGetProfileVersion' specified multiple times; using first specification [C:\Users\Public\jpegview-arm64-build\extras\third_party\Little-CMS\Projects\VC2019\lcms2_DLL\lcms2_DLL.vcxproj]
cmsio0.obj : warning LNK4197: export 'cmsSetProfileVersion' specified multiple times; using first specification [C:\Users\Public\jpegview-arm64-build\extras\third_party\Little-CMS\Projects\VC2019\lcms2_DLL\lcms2_DLL.vcxproj]
cmsio0.obj : warning LNK4197: export 'cmsSetEncodedICCversion' specified multiple times; using first specification [C:\Users\Public\jpegview-arm64-build\extras\third_party\Little-CMS\Projects\VC2019\lcms2_DLL\lcms2_DLL.vcxproj]
cmsio0.obj : warning LNK4197: export 'cmsGetEncodedICCversion' specified multiple times; using first specification [C:\Users\Public\jpegview-arm64-build\extras\third_party\Little-CMS\Projects\VC2019\lcms2_DLL\lcms2_DLL.vcxproj]
cmsio0.obj : warning LNK4197: export 'cmsSetDeviceClass' specified multiple times; using first specification [C:\Users\Public\jpegview-arm64-build\extras\third_party\Little-CMS\Projects\VC2019\lcms2_DLL\lcms2_DLL.vcxproj]
cmsio0.obj : warning LNK4197: export 'cmsGetDeviceClass' specified multiple times; using first specification [C:\Users\Public\jpegview-arm64-build\extras\third_party\Little-CMS\Projects\VC2019\lcms2_DLL\lcms2_DLL.vcxproj]
cmsio0.obj : warning LNK4197: export 'cmsSetColorSpace' specified multiple times; using first specification [C:\Users\Public\jpegview-arm64-build\extras\third_party\Little-CMS\Projects\VC2019\lcms2_DLL\lcms2_DLL.vcxproj]
cmsio0.obj : warning LNK4197: export 'cmsGetColorSpace' specified multiple times; using first specification [C:\Users\Public\jpegview-arm64-build\extras\third_party\Little-CMS\Projects\VC2019\lcms2_DLL\lcms2_DLL.vcxproj]
cmsio0.obj : warning LNK4197: export 'cmsSetPCS' specified multiple times; using first specification [C:\Users\Public\jpegview-arm64-build\extras\third_party\Little-CMS\Projects\VC2019\lcms2_DLL\lcms2_DLL.vcxproj]
cmsio0.obj : warning LNK4197: export 'cmsGetPCS' specified multiple times; using first specification [C:\Users\Public\jpegview-arm64-build\extras\third_party\Little-CMS\Projects\VC2019\lcms2_DLL\lcms2_DLL.vcxproj]
cmsio0.obj : warning LNK4197: export 'cmsGetHeaderCreationDateTime' specified multiple times; using first specification [C:\Users\Public\jpegview-arm64-build\extras\third_party\Little-CMS\Projects\VC2019\lcms2_DLL\lcms2_DLL.vcxproj]
cmsio0.obj : warning LNK4197: export 'cmsSetHeaderProfileID' specified multiple times; using first specification [C:\Users\Public\jpegview-arm64-build\extras\third_party\Little-CMS\Projects\VC2019\lcms2_DLL\lcms2_DLL.vcxproj]
cmsio0.obj : warning LNK4197: export 'cmsGetHeaderProfileID' specified multiple times; using first specification [C:\Users\Public\jpegview-arm64-build\extras\third_party\Little-CMS\Projects\VC2019\lcms2_DLL\lcms2_DLL.vcxproj]
cmsio0.obj : warning LNK4197: export 'cmsSetHeaderAttributes' specified multiple times; using first specification [C:\Users\Public\jpegview-arm64-build\extras\third_party\Little-CMS\Projects\VC2019\lcms2_DLL\lcms2_DLL.vcxproj]
cmsio0.obj : warning LNK4197: export 'cmsGetHeaderAttributes' specified multiple times; using first specification [C:\Users\Public\jpegview-arm64-build\extras\third_party\Little-CMS\Projects\VC2019\lcms2_DLL\lcms2_DLL.vcxproj]
cmsio0.obj : warning LNK4197: export 'cmsSetHeaderModel' specified multiple times; using first specification [C:\Users\Public\jpegview-arm64-build\extras\third_party\Little-CMS\Projects\VC2019\lcms2_DLL\lcms2_DLL.vcxproj]
cmsio0.obj : warning LNK4197: export 'cmsGetHeaderModel' specified multiple times; using first specification [C:\Users\Public\jpegview-arm64-build\extras\third_party\Little-CMS\Projects\VC2019\lcms2_DLL\lcms2_DLL.vcxproj]
cmsio0.obj : warning LNK4197: export 'cmsGetHeaderCreator' specified multiple times; using first specification [C:\Users\Public\jpegview-arm64-build\extras\third_party\Little-CMS\Projects\VC2019\lcms2_DLL\lcms2_DLL.vcxproj]
cmsio0.obj : warning LNK4197: export 'cmsSetHeaderManufacturer' specified multiple times; using first specification [C:\Users\Public\jpegview-arm64-build\extras\third_party\Little-CMS\Projects\VC2019\lcms2_DLL\lcms2_DLL.vcxproj]
cmsio0.obj : warning LNK4197: export 'cmsGetHeaderManufacturer' specified multiple times; using first specification [C:\Users\Public\jpegview-arm64-build\extras\third_party\Little-CMS\Projects\VC2019\lcms2_DLL\lcms2_DLL.vcxproj]
cmsio0.obj : warning LNK4197: export 'cmsSetHeaderFlags' specified multiple times; using first specification [C:\Users\Public\jpegview-arm64-build\extras\third_party\Little-CMS\Projects\VC2019\lcms2_DLL\lcms2_DLL.vcxproj]
cmsio0.obj : warning LNK4197: export 'cmsGetHeaderFlags' specified multiple times; using first specification [C:\Users\Public\jpegview-arm64-build\extras\third_party\Little-CMS\Projects\VC2019\lcms2_DLL\lcms2_DLL.vcxproj]
cmsio0.obj : warning LNK4197: export 'cmsSetHeaderRenderingIntent' specified multiple times; using first specification [C:\Users\Public\jpegview-arm64-build\extras\third_party\Little-CMS\Projects\VC2019\lcms2_DLL\lcms2_DLL.vcxproj]
cmsio0.obj : warning LNK4197: export 'cmsGetHeaderRenderingIntent' specified multiple times; using first specification [C:\Users\Public\jpegview-arm64-build\extras\third_party\Little-CMS\Projects\VC2019\lcms2_DLL\lcms2_DLL.vcxproj]
cmsio0.obj : warning LNK4197: export 'cmsIsTag' specified multiple times; using first specification [C:\Users\Public\jpegview-arm64-build\extras\third_party\Little-CMS\Projects\VC2019\lcms2_DLL\lcms2_DLL.vcxproj]
cmsio0.obj : warning LNK4197: export 'cmsGetTagSignature' specified multiple times; using first specification [C:\Users\Public\jpegview-arm64-build\extras\third_party\Little-CMS\Projects\VC2019\lcms2_DLL\lcms2_DLL.vcxproj]
cmsio0.obj : warning LNK4197: export 'cmsGetTagCount' specified multiple times; using first specification [C:\Users\Public\jpegview-arm64-build\extras\third_party\Little-CMS\Projects\VC2019\lcms2_DLL\lcms2_DLL.vcxproj]
cmsio0.obj : warning LNK4197: export 'cmsGetProfileContextID' specified multiple times; using first specification [C:\Users\Public\jpegview-arm64-build\extras\third_party\Little-CMS\Projects\VC2019\lcms2_DLL\lcms2_DLL.vcxproj]
cmsio0.obj : warning LNK4197: export 'cmsCreateProfilePlaceholder' specified multiple times; using first specification [C:\Users\Public\jpegview-arm64-build\extras\third_party\Little-CMS\Projects\VC2019\lcms2_DLL\lcms2_DLL.vcxproj]
cmsio0.obj : warning LNK4197: export 'cmsGetProfileIOhandler' specified multiple times; using first specification [C:\Users\Public\jpegview-arm64-build\extras\third_party\Little-CMS\Projects\VC2019\lcms2_DLL\lcms2_DLL.vcxproj]
cmsio0.obj : warning LNK4197: export 'cmsCloseIOhandler' specified multiple times; using first specification [C:\Users\Public\jpegview-arm64-build\extras\third_party\Little-CMS\Projects\VC2019\lcms2_DLL\lcms2_DLL.vcxproj]
cmsio0.obj : warning LNK4197: export 'cmsOpenIOhandlerFromStream' specified multiple times; using first specification [C:\Users\Public\jpegview-arm64-build\extras\third_party\Little-CMS\Projects\VC2019\lcms2_DLL\lcms2_DLL.vcxproj]
cmsio0.obj : warning LNK4197: export 'cmsOpenIOhandlerFromFile' specified multiple times; using first specification [C:\Users\Public\jpegview-arm64-build\extras\third_party\Little-CMS\Projects\VC2019\lcms2_DLL\lcms2_DLL.vcxproj]
cmsio0.obj : warning LNK4197: export 'cmsOpenIOhandlerFromMem' specified multiple times; using first specification [C:\Users\Public\jpegview-arm64-build\extras\third_party\Little-CMS\Projects\VC2019\lcms2_DLL\lcms2_DLL.vcxproj]
cmsio0.obj : warning LNK4197: export 'cmsOpenIOhandlerFromNULL' specified multiple times; using first specification [C:\Users\Public\jpegview-arm64-build\extras\third_party\Little-CMS\Projects\VC2019\lcms2_DLL\lcms2_DLL.vcxproj]
cmsio1.obj : warning LNK4197: export 'cmsGetProfileInfoASCII' specified multiple times; using first specification [C:\Users\Public\jpegview-arm64-build\extras\third_party\Little-CMS\Projects\VC2019\lcms2_DLL\lcms2_DLL.vcxproj]
cmsio1.obj : warning LNK4197: export 'cmsGetProfileInfo' specified multiple times; using first specification [C:\Users\Public\jpegview-arm64-build\extras\third_party\Little-CMS\Projects\VC2019\lcms2_DLL\lcms2_DLL.vcxproj]
cmsio1.obj : warning LNK4197: export 'cmsIsIntentSupported' specified multiple times; using first specification [C:\Users\Public\jpegview-arm64-build\extras\third_party\Little-CMS\Projects\VC2019\lcms2_DLL\lcms2_DLL.vcxproj]
cmsio1.obj : warning LNK4197: export 'cmsIsCLUT' specified multiple times; using first specification [C:\Users\Public\jpegview-arm64-build\extras\third_party\Little-CMS\Projects\VC2019\lcms2_DLL\lcms2_DLL.vcxproj]
cmsio1.obj : warning LNK4197: export 'cmsIsMatrixShaper' specified multiple times; using first specification [C:\Users\Public\jpegview-arm64-build\extras\third_party\Little-CMS\Projects\VC2019\lcms2_DLL\lcms2_DLL.vcxproj]
cmsio1.obj : warning LNK4197: export '_cmsReadDevicelinkLUT' specified multiple times; using first specification [C:\Users\Public\jpegview-arm64-build\extras\third_party\Little-CMS\Projects\VC2019\lcms2_DLL\lcms2_DLL.vcxproj]
cmsio1.obj : warning LNK4197: export '_cmsReadOutputLUT' specified multiple times; using first specification [C:\Users\Public\jpegview-arm64-build\extras\third_party\Little-CMS\Projects\VC2019\lcms2_DLL\lcms2_DLL.vcxproj]
cmsio1.obj : warning LNK4197: export '_cmsReadInputLUT' specified multiple times; using first specification [C:\Users\Public\jpegview-arm64-build\extras\third_party\Little-CMS\Projects\VC2019\lcms2_DLL\lcms2_DLL.vcxproj]
cmslut.obj : warning LNK4197: export 'cmsPipelineEvalReverseFloat' specified multiple times; using first specification [C:\Users\Public\jpegview-arm64-build\extras\third_party\Little-CMS\Projects\VC2019\lcms2_DLL\lcms2_DLL.vcxproj]
cmslut.obj : warning LNK4197: export '_cmsPipelineSetOptimizationParameters' specified multiple times; using first specification [C:\Users\Public\jpegview-arm64-build\extras\third_party\Little-CMS\Projects\VC2019\lcms2_DLL\lcms2_DLL.vcxproj]
cmslut.obj : warning LNK4197: export 'cmsPipelineStageCount' specified multiple times; using first specification [C:\Users\Public\jpegview-arm64-build\extras\third_party\Little-CMS\Projects\VC2019\lcms2_DLL\lcms2_DLL.vcxproj]
cmslut.obj : warning LNK4197: export 'cmsPipelineGetPtrToLastStage' specified multiple times; using first specification [C:\Users\Public\jpegview-arm64-build\extras\third_party\Little-CMS\Projects\VC2019\lcms2_DLL\lcms2_DLL.vcxproj]
cmslut.obj : warning LNK4197: export 'cmsPipelineGetPtrToFirstStage' specified multiple times; using first specification [C:\Users\Public\jpegview-arm64-build\extras\third_party\Little-CMS\Projects\VC2019\lcms2_DLL\lcms2_DLL.vcxproj]
cmslut.obj : warning LNK4197: export 'cmsPipelineSetSaveAs8bitsFlag' specified multiple times; using first specification [C:\Users\Public\jpegview-arm64-build\extras\third_party\Little-CMS\Projects\VC2019\lcms2_DLL\lcms2_DLL.vcxproj]
cmslut.obj : warning LNK4197: export 'cmsPipelineCat' specified multiple times; using first specification [C:\Users\Public\jpegview-arm64-build\extras\third_party\Little-CMS\Projects\VC2019\lcms2_DLL\lcms2_DLL.vcxproj]
cmslut.obj : warning LNK4197: export 'cmsPipelineUnlinkStage' specified multiple times; using first specification [C:\Users\Public\jpegview-arm64-build\extras\third_party\Little-CMS\Projects\VC2019\lcms2_DLL\lcms2_DLL.vcxproj]
cmslut.obj : warning LNK4197: export 'cmsPipelineInsertStage' specified multiple times; using first specification [C:\Users\Public\jpegview-arm64-build\extras\third_party\Little-CMS\Projects\VC2019\lcms2_DLL\lcms2_DLL.vcxproj]
cmslut.obj : warning LNK4197: export 'cmsPipelineDup' specified multiple times; using first specification [C:\Users\Public\jpegview-arm64-build\extras\third_party\Little-CMS\Projects\VC2019\lcms2_DLL\lcms2_DLL.vcxproj]
cmslut.obj : warning LNK4197: export 'cmsPipelineEvalFloat' specified multiple times; using first specification [C:\Users\Public\jpegview-arm64-build\extras\third_party\Little-CMS\Projects\VC2019\lcms2_DLL\lcms2_DLL.vcxproj]
cmslut.obj : warning LNK4197: export 'cmsPipelineEval16' specified multiple times; using first specification [C:\Users\Public\jpegview-arm64-build\extras\third_party\Little-CMS\Projects\VC2019\lcms2_DLL\lcms2_DLL.vcxproj]
cmslut.obj : warning LNK4197: export 'cmsPipelineFree' specified multiple times; using first specification [C:\Users\Public\jpegview-arm64-build\extras\third_party\Little-CMS\Projects\VC2019\lcms2_DLL\lcms2_DLL.vcxproj]
cmslut.obj : warning LNK4197: export 'cmsPipelineOutputChannels' specified multiple times; using first specification [C:\Users\Public\jpegview-arm64-build\extras\third_party\Little-CMS\Projects\VC2019\lcms2_DLL\lcms2_DLL.vcxproj]
cmslut.obj : warning LNK4197: export 'cmsPipelineInputChannels' specified multiple times; using first specification [C:\Users\Public\jpegview-arm64-build\extras\third_party\Little-CMS\Projects\VC2019\lcms2_DLL\lcms2_DLL.vcxproj]
cmslut.obj : warning LNK4197: export 'cmsGetPipelineContextID' specified multiple times; using first specification [C:\Users\Public\jpegview-arm64-build\extras\third_party\Little-CMS\Projects\VC2019\lcms2_DLL\lcms2_DLL.vcxproj]
cmslut.obj : warning LNK4197: export 'cmsPipelineAlloc' specified multiple times; using first specification [C:\Users\Public\jpegview-arm64-build\extras\third_party\Little-CMS\Projects\VC2019\lcms2_DLL\lcms2_DLL.vcxproj]
cmslut.obj : warning LNK4197: export 'cmsStageDup' specified multiple times; using first specification [C:\Users\Public\jpegview-arm64-build\extras\third_party\Little-CMS\Projects\VC2019\lcms2_DLL\lcms2_DLL.vcxproj]
cmslut.obj : warning LNK4197: export 'cmsStageNext' specified multiple times; using first specification [C:\Users\Public\jpegview-arm64-build\extras\third_party\Little-CMS\Projects\VC2019\lcms2_DLL\lcms2_DLL.vcxproj]
cmslut.obj : warning LNK4197: export 'cmsGetStageContextID' specified multiple times; using first specification [C:\Users\Public\jpegview-arm64-build\extras\third_party\Little-CMS\Projects\VC2019\lcms2_DLL\lcms2_DLL.vcxproj]
cmslut.obj : warning LNK4197: export 'cmsStageData' specified multiple times; using first specification [C:\Users\Public\jpegview-arm64-build\extras\third_party\Little-CMS\Projects\VC2019\lcms2_DLL\lcms2_DLL.vcxproj]
cmslut.obj : warning LNK4197: export 'cmsStageType' specified multiple times; using first specification [C:\Users\Public\jpegview-arm64-build\extras\third_party\Little-CMS\Projects\VC2019\lcms2_DLL\lcms2_DLL.vcxproj]
cmslut.obj : warning LNK4197: export 'cmsStageOutputChannels' specified multiple times; using first specification [C:\Users\Public\jpegview-arm64-build\extras\third_party\Little-CMS\Projects\VC2019\lcms2_DLL\lcms2_DLL.vcxproj]
cmslut.obj : warning LNK4197: export 'cmsStageInputChannels' specified multiple times; using first specification [C:\Users\Public\jpegview-arm64-build\extras\third_party\Little-CMS\Projects\VC2019\lcms2_DLL\lcms2_DLL.vcxproj]
cmslut.obj : warning LNK4197: export 'cmsStageFree' specified multiple times; using first specification [C:\Users\Public\jpegview-arm64-build\extras\third_party\Little-CMS\Projects\VC2019\lcms2_DLL\lcms2_DLL.vcxproj]
cmslut.obj : warning LNK4197: export '_cmsStageAllocXYZ2Lab' specified multiple times; using first specification [C:\Users\Public\jpegview-arm64-build\extras\third_party\Little-CMS\Projects\VC2019\lcms2_DLL\lcms2_DLL.vcxproj]
cmslut.obj : warning LNK4197: export '_cmsStageAllocLabV4ToV2' specified multiple times; using first specification [C:\Users\Public\jpegview-arm64-build\extras\third_party\Little-CMS\Projects\VC2019\lcms2_DLL\lcms2_DLL.vcxproj]
cmslut.obj : warning LNK4197: export '_cmsStageAllocLabV2ToV4' specified multiple times; using first specification [C:\Users\Public\jpegview-arm64-build\extras\third_party\Little-CMS\Projects\VC2019\lcms2_DLL\lcms2_DLL.vcxproj]
cmslut.obj : warning LNK4197: export '_cmsStageAllocLab2XYZ' specified multiple times; using first specification [C:\Users\Public\jpegview-arm64-build\extras\third_party\Little-CMS\Projects\VC2019\lcms2_DLL\lcms2_DLL.vcxproj]
cmslut.obj : warning LNK4197: export 'cmsSliceSpaceFloat' specified multiple times; using first specification [C:\Users\Public\jpegview-arm64-build\extras\third_party\Little-CMS\Projects\VC2019\lcms2_DLL\lcms2_DLL.vcxproj]
cmslut.obj : warning LNK4197: export 'cmsSliceSpace16' specified multiple times; using first specification [C:\Users\Public\jpegview-arm64-build\extras\third_party\Little-CMS\Projects\VC2019\lcms2_DLL\lcms2_DLL.vcxproj]
cmslut.obj : warning LNK4197: export 'cmsStageSampleCLutFloat' specified multiple times; using first specification [C:\Users\Public\jpegview-arm64-build\extras\third_party\Little-CMS\Projects\VC2019\lcms2_DLL\lcms2_DLL.vcxproj]
cmslut.obj : warning LNK4197: export 'cmsStageSampleCLut16bit' specified multiple times; using first specification [C:\Users\Public\jpegview-arm64-build\extras\third_party\Little-CMS\Projects\VC2019\lcms2_DLL\lcms2_DLL.vcxproj]
cmslut.obj : warning LNK4197: export '_cmsQuantizeVal' specified multiple times; using first specification [C:\Users\Public\jpegview-arm64-build\extras\third_party\Little-CMS\Projects\VC2019\lcms2_DLL\lcms2_DLL.vcxproj]
cmslut.obj : warning LNK4197: export '_cmsStageAllocIdentityCLut' specified multiple times; using first specification [C:\Users\Public\jpegview-arm64-build\extras\third_party\Little-CMS\Projects\VC2019\lcms2_DLL\lcms2_DLL.vcxproj]
cmslut.obj : warning LNK4197: export 'cmsStageAllocCLutFloatGranular' specified multiple times; using first specification [C:\Users\Public\jpegview-arm64-build\extras\third_party\Little-CMS\Projects\VC2019\lcms2_DLL\lcms2_DLL.vcxproj]
cmslut.obj : warning LNK4197: export 'cmsStageAllocCLutFloat' specified multiple times; using first specification [C:\Users\Public\jpegview-arm64-build\extras\third_party\Little-CMS\Projects\VC2019\lcms2_DLL\lcms2_DLL.vcxproj]
cmslut.obj : warning LNK4197: export 'cmsStageAllocCLut16bit' specified multiple times; using first specification [C:\Users\Public\jpegview-arm64-build\extras\third_party\Little-CMS\Projects\VC2019\lcms2_DLL\lcms2_DLL.vcxproj]
cmslut.obj : warning LNK4197: export 'cmsStageAllocCLut16bitGranular' specified multiple times; using first specification [C:\Users\Public\jpegview-arm64-build\extras\third_party\Little-CMS\Projects\VC2019\lcms2_DLL\lcms2_DLL.vcxproj]
cmslut.obj : warning LNK4197: export 'cmsStageAllocMatrix' specified multiple times; using first specification [C:\Users\Public\jpegview-arm64-build\extras\third_party\Little-CMS\Projects\VC2019\lcms2_DLL\lcms2_DLL.vcxproj]
cmslut.obj : warning LNK4197: export '_cmsStageAllocIdentityCurves' specified multiple times; using first specification [C:\Users\Public\jpegview-arm64-build\extras\third_party\Little-CMS\Projects\VC2019\lcms2_DLL\lcms2_DLL.vcxproj]
cmslut.obj : warning LNK4197: export 'cmsStageAllocToneCurves' specified multiple times; using first specification [C:\Users\Public\jpegview-arm64-build\extras\third_party\Little-CMS\Projects\VC2019\lcms2_DLL\lcms2_DLL.vcxproj]
cmslut.obj : warning LNK4197: export 'cmsPipelineCheckAndRetreiveStages' specified multiple times; using first specification [C:\Users\Public\jpegview-arm64-build\extras\third_party\Little-CMS\Projects\VC2019\lcms2_DLL\lcms2_DLL.vcxproj]
cmslut.obj : warning LNK4197: export 'cmsStageAllocIdentity' specified multiple times; using first specification [C:\Users\Public\jpegview-arm64-build\extras\third_party\Little-CMS\Projects\VC2019\lcms2_DLL\lcms2_DLL.vcxproj]
cmslut.obj : warning LNK4197: export '_cmsStageAllocPlaceholder' specified multiple times; using first specification [C:\Users\Public\jpegview-arm64-build\extras\third_party\Little-CMS\Projects\VC2019\lcms2_DLL\lcms2_DLL.vcxproj]
cmsmd5.obj : warning LNK4197: export 'cmsMD5computeID' specified multiple times; using first specification [C:\Users\Public\jpegview-arm64-build\extras\third_party\Little-CMS\Projects\VC2019\lcms2_DLL\lcms2_DLL.vcxproj]
cmsmd5.obj : warning LNK4197: export 'cmsMD5finish' specified multiple times; using first specification [C:\Users\Public\jpegview-arm64-build\extras\third_party\Little-CMS\Projects\VC2019\lcms2_DLL\lcms2_DLL.vcxproj]
cmsmd5.obj : warning LNK4197: export 'cmsMD5add' specified multiple times; using first specification [C:\Users\Public\jpegview-arm64-build\extras\third_party\Little-CMS\Projects\VC2019\lcms2_DLL\lcms2_DLL.vcxproj]
cmsmd5.obj : warning LNK4197: export 'cmsMD5alloc' specified multiple times; using first specification [C:\Users\Public\jpegview-arm64-build\extras\third_party\Little-CMS\Projects\VC2019\lcms2_DLL\lcms2_DLL.vcxproj]
cmsmtrx.obj : warning LNK4197: export '_cmsMAT3eval' specified multiple times; using first specification [C:\Users\Public\jpegview-arm64-build\extras\third_party\Little-CMS\Projects\VC2019\lcms2_DLL\lcms2_DLL.vcxproj]
cmsmtrx.obj : warning LNK4197: export '_cmsMAT3solve' specified multiple times; using first specification [C:\Users\Public\jpegview-arm64-build\extras\third_party\Little-CMS\Projects\VC2019\lcms2_DLL\lcms2_DLL.vcxproj]
cmsmtrx.obj : warning LNK4197: export '_cmsMAT3inverse' specified multiple times; using first specification [C:\Users\Public\jpegview-arm64-build\extras\third_party\Little-CMS\Projects\VC2019\lcms2_DLL\lcms2_DLL.vcxproj]
cmsmtrx.obj : warning LNK4197: export '_cmsMAT3per' specified multiple times; using first specification [C:\Users\Public\jpegview-arm64-build\extras\third_party\Little-CMS\Projects\VC2019\lcms2_DLL\lcms2_DLL.vcxproj]
cmsmtrx.obj : warning LNK4197: export '_cmsMAT3isIdentity' specified multiple times; using first specification [C:\Users\Public\jpegview-arm64-build\extras\third_party\Little-CMS\Projects\VC2019\lcms2_DLL\lcms2_DLL.vcxproj]
cmsmtrx.obj : warning LNK4197: export '_cmsMAT3identity' specified multiple times; using first specification [C:\Users\Public\jpegview-arm64-build\extras\third_party\Little-CMS\Projects\VC2019\lcms2_DLL\lcms2_DLL.vcxproj]
cmsmtrx.obj : warning LNK4197: export '_cmsVEC3distance' specified multiple times; using first specification [C:\Users\Public\jpegview-arm64-build\extras\third_party\Little-CMS\Projects\VC2019\lcms2_DLL\lcms2_DLL.vcxproj]
cmsmtrx.obj : warning LNK4197: export '_cmsVEC3length' specified multiple times; using first specification [C:\Users\Public\jpegview-arm64-build\extras\third_party\Little-CMS\Projects\VC2019\lcms2_DLL\lcms2_DLL.vcxproj]
cmsmtrx.obj : warning LNK4197: export '_cmsVEC3dot' specified multiple times; using first specification [C:\Users\Public\jpegview-arm64-build\extras\third_party\Little-CMS\Projects\VC2019\lcms2_DLL\lcms2_DLL.vcxproj]
cmsmtrx.obj : warning LNK4197: export '_cmsVEC3cross' specified multiple times; using first specification [C:\Users\Public\jpegview-arm64-build\extras\third_party\Little-CMS\Projects\VC2019\lcms2_DLL\lcms2_DLL.vcxproj]
cmsmtrx.obj : warning LNK4197: export '_cmsVEC3minus' specified multiple times; using first specification [C:\Users\Public\jpegview-arm64-build\extras\third_party\Little-CMS\Projects\VC2019\lcms2_DLL\lcms2_DLL.vcxproj]
cmsmtrx.obj : warning LNK4197: export '_cmsVEC3init' specified multiple times; using first specification [C:\Users\Public\jpegview-arm64-build\extras\third_party\Little-CMS\Projects\VC2019\lcms2_DLL\lcms2_DLL.vcxproj]
cmsnamed.obj : warning LNK4197: export 'cmsDictNextEntry' specified multiple times; using first specification [C:\Users\Public\jpegview-arm64-build\extras\third_party\Little-CMS\Projects\VC2019\lcms2_DLL\lcms2_DLL.vcxproj]
cmsnamed.obj : warning LNK4197: export 'cmsDictGetEntryList' specified multiple times; using first specification [C:\Users\Public\jpegview-arm64-build\extras\third_party\Little-CMS\Projects\VC2019\lcms2_DLL\lcms2_DLL.vcxproj]
cmsnamed.obj : warning LNK4197: export 'cmsDictDup' specified multiple times; using first specification [C:\Users\Public\jpegview-arm64-build\extras\third_party\Little-CMS\Projects\VC2019\lcms2_DLL\lcms2_DLL.vcxproj]
cmsnamed.obj : warning LNK4197: export 'cmsDictAddEntry' specified multiple times; using first specification [C:\Users\Public\jpegview-arm64-build\extras\third_party\Little-CMS\Projects\VC2019\lcms2_DLL\lcms2_DLL.vcxproj]
cmsnamed.obj : warning LNK4197: export 'cmsDictFree' specified multiple times; using first specification [C:\Users\Public\jpegview-arm64-build\extras\third_party\Little-CMS\Projects\VC2019\lcms2_DLL\lcms2_DLL.vcxproj]
cmsnamed.obj : warning LNK4197: export 'cmsDictAlloc' specified multiple times; using first specification [C:\Users\Public\jpegview-arm64-build\extras\third_party\Little-CMS\Projects\VC2019\lcms2_DLL\lcms2_DLL.vcxproj]
cmsnamed.obj : warning LNK4197: export 'cmsDupProfileSequenceDescription' specified multiple times; using first specification [C:\Users\Public\jpegview-arm64-build\extras\third_party\Little-CMS\Projects\VC2019\lcms2_DLL\lcms2_DLL.vcxproj]
cmsnamed.obj : warning LNK4197: export 'cmsFreeProfileSequenceDescription' specified multiple times; using first specification [C:\Users\Public\jpegview-arm64-build\extras\third_party\Little-CMS\Projects\VC2019\lcms2_DLL\lcms2_DLL.vcxproj]
cmsnamed.obj : warning LNK4197: export 'cmsAllocProfileSequenceDescription' specified multiple times; using first specification [C:\Users\Public\jpegview-arm64-build\extras\third_party\Little-CMS\Projects\VC2019\lcms2_DLL\lcms2_DLL.vcxproj]
cmsnamed.obj : warning LNK4197: export 'cmsGetNamedColorList' specified multiple times; using first specification [C:\Users\Public\jpegview-arm64-build\extras\third_party\Little-CMS\Projects\VC2019\lcms2_DLL\lcms2_DLL.vcxproj]
cmsnamed.obj : warning LNK4197: export '_cmsStageAllocNamedColor' specified multiple times; using first specification [C:\Users\Public\jpegview-arm64-build\extras\third_party\Little-CMS\Projects\VC2019\lcms2_DLL\lcms2_DLL.vcxproj]
cmsnamed.obj : warning LNK4197: export 'cmsNamedColorIndex' specified multiple times; using first specification [C:\Users\Public\jpegview-arm64-build\extras\third_party\Little-CMS\Projects\VC2019\lcms2_DLL\lcms2_DLL.vcxproj]
cmsnamed.obj : warning LNK4197: export 'cmsNamedColorInfo' specified multiple times; using first specification [C:\Users\Public\jpegview-arm64-build\extras\third_party\Little-CMS\Projects\VC2019\lcms2_DLL\lcms2_DLL.vcxproj]
cmsnamed.obj : warning LNK4197: export 'cmsNamedColorCount' specified multiple times; using first specification [C:\Users\Public\jpegview-arm64-build\extras\third_party\Little-CMS\Projects\VC2019\lcms2_DLL\lcms2_DLL.vcxproj]
cmsnamed.obj : warning LNK4197: export 'cmsAppendNamedColor' specified multiple times; using first specification [C:\Users\Public\jpegview-arm64-build\extras\third_party\Little-CMS\Projects\VC2019\lcms2_DLL\lcms2_DLL.vcxproj]
cmsnamed.obj : warning LNK4197: export 'cmsDupNamedColorList' specified multiple times; using first specification [C:\Users\Public\jpegview-arm64-build\extras\third_party\Little-CMS\Projects\VC2019\lcms2_DLL\lcms2_DLL.vcxproj]
cmsnamed.obj : warning LNK4197: export 'cmsFreeNamedColorList' specified multiple times; using first specification [C:\Users\Public\jpegview-arm64-build\extras\third_party\Little-CMS\Projects\VC2019\lcms2_DLL\lcms2_DLL.vcxproj]
cmsnamed.obj : warning LNK4197: export 'cmsAllocNamedColorList' specified multiple times; using first specification [C:\Users\Public\jpegview-arm64-build\extras\third_party\Little-CMS\Projects\VC2019\lcms2_DLL\lcms2_DLL.vcxproj]
cmsnamed.obj : warning LNK4197: export 'cmsMLUtranslationsCodes' specified multiple times; using first specification [C:\Users\Public\jpegview-arm64-build\extras\third_party\Little-CMS\Projects\VC2019\lcms2_DLL\lcms2_DLL.vcxproj]
cmsnamed.obj : warning LNK4197: export 'cmsMLUtranslationsCount' specified multiple times; using first specification [C:\Users\Public\jpegview-arm64-build\extras\third_party\Little-CMS\Projects\VC2019\lcms2_DLL\lcms2_DLL.vcxproj]
cmsnamed.obj : warning LNK4197: export 'cmsMLUgetTranslation' specified multiple times; using first specification [C:\Users\Public\jpegview-arm64-build\extras\third_party\Little-CMS\Projects\VC2019\lcms2_DLL\lcms2_DLL.vcxproj]
cmsnamed.obj : warning LNK4197: export 'cmsMLUgetWide' specified multiple times; using first specification [C:\Users\Public\jpegview-arm64-build\extras\third_party\Little-CMS\Projects\VC2019\lcms2_DLL\lcms2_DLL.vcxproj]
cmsnamed.obj : warning LNK4197: export 'cmsMLUgetASCII' specified multiple times; using first specification [C:\Users\Public\jpegview-arm64-build\extras\third_party\Little-CMS\Projects\VC2019\lcms2_DLL\lcms2_DLL.vcxproj]
cmsnamed.obj : warning LNK4197: export 'cmsMLUfree' specified multiple times; using first specification [C:\Users\Public\jpegview-arm64-build\extras\third_party\Little-CMS\Projects\VC2019\lcms2_DLL\lcms2_DLL.vcxproj]
cmsnamed.obj : warning LNK4197: export 'cmsMLUdup' specified multiple times; using first specification [C:\Users\Public\jpegview-arm64-build\extras\third_party\Little-CMS\Projects\VC2019\lcms2_DLL\lcms2_DLL.vcxproj]
cmsnamed.obj : warning LNK4197: export 'cmsMLUsetWide' specified multiple times; using first specification [C:\Users\Public\jpegview-arm64-build\extras\third_party\Little-CMS\Projects\VC2019\lcms2_DLL\lcms2_DLL.vcxproj]
cmsnamed.obj : warning LNK4197: export 'cmsMLUsetASCII' specified multiple times; using first specification [C:\Users\Public\jpegview-arm64-build\extras\third_party\Little-CMS\Projects\VC2019\lcms2_DLL\lcms2_DLL.vcxproj]
cmsnamed.obj : warning LNK4197: export 'cmsMLUalloc' specified multiple times; using first specification [C:\Users\Public\jpegview-arm64-build\extras\third_party\Little-CMS\Projects\VC2019\lcms2_DLL\lcms2_DLL.vcxproj]
cmspack.obj : warning LNK4197: export 'cmsFormatterForPCSOfProfile' specified multiple times; using first specification [C:\Users\Public\jpegview-arm64-build\extras\third_party\Little-CMS\Projects\VC2019\lcms2_DLL\lcms2_DLL.vcxproj]
cmspack.obj : warning LNK4197: export 'cmsFormatterForColorspaceOfProfile' specified multiple times; using first specification [C:\Users\Public\jpegview-arm64-build\extras\third_party\Little-CMS\Projects\VC2019\lcms2_DLL\lcms2_DLL.vcxproj]
cmspack.obj : warning LNK4197: export '_cmsGetFormatter' specified multiple times; using first specification [C:\Users\Public\jpegview-arm64-build\extras\third_party\Little-CMS\Projects\VC2019\lcms2_DLL\lcms2_DLL.vcxproj]
cmspcs.obj : warning LNK4197: export 'cmsChannelsOf' specified multiple times; using first specification [C:\Users\Public\jpegview-arm64-build\extras\third_party\Little-CMS\Projects\VC2019\lcms2_DLL\lcms2_DLL.vcxproj]
cmspcs.obj : warning LNK4197: export 'cmsChannelsOfColorSpace' specified multiple times; using first specification [C:\Users\Public\jpegview-arm64-build\extras\third_party\Little-CMS\Projects\VC2019\lcms2_DLL\lcms2_DLL.vcxproj]
cmspcs.obj : warning LNK4197: export '_cmsLCMScolorSpace' specified multiple times; using first specification [C:\Users\Public\jpegview-arm64-build\extras\third_party\Little-CMS\Projects\VC2019\lcms2_DLL\lcms2_DLL.vcxproj]
cmspcs.obj : warning LNK4197: export '_cmsICCcolorSpace' specified multiple times; using first specification [C:\Users\Public\jpegview-arm64-build\extras\third_party\Little-CMS\Projects\VC2019\lcms2_DLL\lcms2_DLL.vcxproj]
cmspcs.obj : warning LNK4197: export 'cmsCIE2000DeltaE' specified multiple times; using first specification [C:\Users\Public\jpegview-arm64-build\extras\third_party\Little-CMS\Projects\VC2019\lcms2_DLL\lcms2_DLL.vcxproj]
cmspcs.obj : warning LNK4197: export 'cmsCMCdeltaE' specified multiple times; using first specification [C:\Users\Public\jpegview-arm64-build\extras\third_party\Little-CMS\Projects\VC2019\lcms2_DLL\lcms2_DLL.vcxproj]
cmspcs.obj : warning LNK4197: export 'cmsBFDdeltaE' specified multiple times; using first specification [C:\Users\Public\jpegview-arm64-build\extras\third_party\Little-CMS\Projects\VC2019\lcms2_DLL\lcms2_DLL.vcxproj]
cmspcs.obj : warning LNK4197: export 'cmsCIE94DeltaE' specified multiple times; using first specification [C:\Users\Public\jpegview-arm64-build\extras\third_party\Little-CMS\Projects\VC2019\lcms2_DLL\lcms2_DLL.vcxproj]
cmspcs.obj : warning LNK4197: export 'cmsDeltaE' specified multiple times; using first specification [C:\Users\Public\jpegview-arm64-build\extras\third_party\Little-CMS\Projects\VC2019\lcms2_DLL\lcms2_DLL.vcxproj]
cmspcs.obj : warning LNK4197: export 'cmsXYZEncoded2Float' specified multiple times; using first specification [C:\Users\Public\jpegview-arm64-build\extras\third_party\Little-CMS\Projects\VC2019\lcms2_DLL\lcms2_DLL.vcxproj]
cmspcs.obj : warning LNK4197: export 'cmsFloat2XYZEncoded' specified multiple times; using first specification [C:\Users\Public\jpegview-arm64-build\extras\third_party\Little-CMS\Projects\VC2019\lcms2_DLL\lcms2_DLL.vcxproj]
cmspcs.obj : warning LNK4197: export 'cmsLCh2Lab' specified multiple times; using first specification [C:\Users\Public\jpegview-arm64-build\extras\third_party\Little-CMS\Projects\VC2019\lcms2_DLL\lcms2_DLL.vcxproj]
cmspcs.obj : warning LNK4197: export 'cmsLab2LCh' specified multiple times; using first specification [C:\Users\Public\jpegview-arm64-build\extras\third_party\Little-CMS\Projects\VC2019\lcms2_DLL\lcms2_DLL.vcxproj]
cmspcs.obj : warning LNK4197: export 'cmsFloat2LabEncoded' specified multiple times; using first specification [C:\Users\Public\jpegview-arm64-build\extras\third_party\Little-CMS\Projects\VC2019\lcms2_DLL\lcms2_DLL.vcxproj]
cmspcs.obj : warning LNK4197: export 'cmsFloat2LabEncodedV2' specified multiple times; using first specification [C:\Users\Public\jpegview-arm64-build\extras\third_party\Little-CMS\Projects\VC2019\lcms2_DLL\lcms2_DLL.vcxproj]
cmspcs.obj : warning LNK4197: export 'cmsLabEncoded2Float' specified multiple times; using first specification [C:\Users\Public\jpegview-arm64-build\extras\third_party\Little-CMS\Projects\VC2019\lcms2_DLL\lcms2_DLL.vcxproj]
cmspcs.obj : warning LNK4197: export 'cmsLabEncoded2FloatV2' specified multiple times; using first specification [C:\Users\Public\jpegview-arm64-build\extras\third_party\Little-CMS\Projects\VC2019\lcms2_DLL\lcms2_DLL.vcxproj]
cmspcs.obj : warning LNK4197: export 'cmsLab2XYZ' specified multiple times; using first specification [C:\Users\Public\jpegview-arm64-build\extras\third_party\Little-CMS\Projects\VC2019\lcms2_DLL\lcms2_DLL.vcxproj]
cmspcs.obj : warning LNK4197: export 'cmsXYZ2Lab' specified multiple times; using first specification [C:\Users\Public\jpegview-arm64-build\extras\third_party\Little-CMS\Projects\VC2019\lcms2_DLL\lcms2_DLL.vcxproj]
cmspcs.obj : warning LNK4197: export 'cmsxyY2XYZ' specified multiple times; using first specification [C:\Users\Public\jpegview-arm64-build\extras\third_party\Little-CMS\Projects\VC2019\lcms2_DLL\lcms2_DLL.vcxproj]
cmspcs.obj : warning LNK4197: export 'cmsXYZ2xyY' specified multiple times; using first specification [C:\Users\Public\jpegview-arm64-build\extras\third_party\Little-CMS\Projects\VC2019\lcms2_DLL\lcms2_DLL.vcxproj]
cmsplugin.obj : warning LNK4197: export 'cmsGetContextUserData' specified multiple times; using first specification [C:\Users\Public\jpegview-arm64-build\extras\third_party\Little-CMS\Projects\VC2019\lcms2_DLL\lcms2_DLL.vcxproj]
cmsplugin.obj : warning LNK4197: export 'cmsDeleteContext' specified multiple times; using first specification [C:\Users\Public\jpegview-arm64-build\extras\third_party\Little-CMS\Projects\VC2019\lcms2_DLL\lcms2_DLL.vcxproj]
cmsplugin.obj : warning LNK4197: export 'cmsDupContext' specified multiple times; using first specification [C:\Users\Public\jpegview-arm64-build\extras\third_party\Little-CMS\Projects\VC2019\lcms2_DLL\lcms2_DLL.vcxproj]
cmsplugin.obj : warning LNK4197: export 'cmsCreateContext' specified multiple times; using first specification [C:\Users\Public\jpegview-arm64-build\extras\third_party\Little-CMS\Projects\VC2019\lcms2_DLL\lcms2_DLL.vcxproj]
cmsplugin.obj : warning LNK4197: export 'cmsUnregisterPluginsTHR' specified multiple times; using first specification [C:\Users\Public\jpegview-arm64-build\extras\third_party\Little-CMS\Projects\VC2019\lcms2_DLL\lcms2_DLL.vcxproj]
cmsplugin.obj : warning LNK4197: export 'cmsUnregisterPlugins' specified multiple times; using first specification [C:\Users\Public\jpegview-arm64-build\extras\third_party\Little-CMS\Projects\VC2019\lcms2_DLL\lcms2_DLL.vcxproj]
cmsplugin.obj : warning LNK4197: export 'cmsPluginTHR' specified multiple times; using first specification [C:\Users\Public\jpegview-arm64-build\extras\third_party\Little-CMS\Projects\VC2019\lcms2_DLL\lcms2_DLL.vcxproj]
cmsplugin.obj : warning LNK4197: export 'cmsPlugin' specified multiple times; using first specification [C:\Users\Public\jpegview-arm64-build\extras\third_party\Little-CMS\Projects\VC2019\lcms2_DLL\lcms2_DLL.vcxproj]
cmsplugin.obj : warning LNK4197: export '_cmsIOPrintf' specified multiple times; using first specification [C:\Users\Public\jpegview-arm64-build\extras\third_party\Little-CMS\Projects\VC2019\lcms2_DLL\lcms2_DLL.vcxproj]
cmsplugin.obj : warning LNK4197: export '_cmsWriteAlignment' specified multiple times; using first specification [C:\Users\Public\jpegview-arm64-build\extras\third_party\Little-CMS\Projects\VC2019\lcms2_DLL\lcms2_DLL.vcxproj]
cmsplugin.obj : warning LNK4197: export '_cmsReadAlignment' specified multiple times; using first specification [C:\Users\Public\jpegview-arm64-build\extras\third_party\Little-CMS\Projects\VC2019\lcms2_DLL\lcms2_DLL.vcxproj]
cmsplugin.obj : warning LNK4197: export '_cmsWriteTypeBase' specified multiple times; using first specification [C:\Users\Public\jpegview-arm64-build\extras\third_party\Little-CMS\Projects\VC2019\lcms2_DLL\lcms2_DLL.vcxproj]
cmsplugin.obj : warning LNK4197: export '_cmsReadTypeBase' specified multiple times; using first specification [C:\Users\Public\jpegview-arm64-build\extras\third_party\Little-CMS\Projects\VC2019\lcms2_DLL\lcms2_DLL.vcxproj]
cmsplugin.obj : warning LNK4197: export '_cmsEncodeDateTimeNumber' specified multiple times; using first specification [C:\Users\Public\jpegview-arm64-build\extras\third_party\Little-CMS\Projects\VC2019\lcms2_DLL\lcms2_DLL.vcxproj]
cmsplugin.obj : warning LNK4197: export '_cmsDecodeDateTimeNumber' specified multiple times; using first specification [C:\Users\Public\jpegview-arm64-build\extras\third_party\Little-CMS\Projects\VC2019\lcms2_DLL\lcms2_DLL.vcxproj]
cmsplugin.obj : warning LNK4197: export '_cmsDoubleTo15Fixed16' specified multiple times; using first specification [C:\Users\Public\jpegview-arm64-build\extras\third_party\Little-CMS\Projects\VC2019\lcms2_DLL\lcms2_DLL.vcxproj]
cmsplugin.obj : warning LNK4197: export '_cms15Fixed16toDouble' specified multiple times; using first specification [C:\Users\Public\jpegview-arm64-build\extras\third_party\Little-CMS\Projects\VC2019\lcms2_DLL\lcms2_DLL.vcxproj]
cmsplugin.obj : warning LNK4197: export '_cmsDoubleTo8Fixed8' specified multiple times; using first specification [C:\Users\Public\jpegview-arm64-build\extras\third_party\Little-CMS\Projects\VC2019\lcms2_DLL\lcms2_DLL.vcxproj]
cmsplugin.obj : warning LNK4197: export '_cms8Fixed8toDouble' specified multiple times; using first specification [C:\Users\Public\jpegview-arm64-build\extras\third_party\Little-CMS\Projects\VC2019\lcms2_DLL\lcms2_DLL.vcxproj]
cmsplugin.obj : warning LNK4197: export '_cmsWriteXYZNumber' specified multiple times; using first specification [C:\Users\Public\jpegview-arm64-build\extras\third_party\Little-CMS\Projects\VC2019\lcms2_DLL\lcms2_DLL.vcxproj]
cmsplugin.obj : warning LNK4197: export '_cmsWrite15Fixed16Number' specified multiple times; using first specification [C:\Users\Public\jpegview-arm64-build\extras\third_party\Little-CMS\Projects\VC2019\lcms2_DLL\lcms2_DLL.vcxproj]
cmsplugin.obj : warning LNK4197: export '_cmsWriteUInt64Number' specified multiple times; using first specification [C:\Users\Public\jpegview-arm64-build\extras\third_party\Little-CMS\Projects\VC2019\lcms2_DLL\lcms2_DLL.vcxproj]
cmsplugin.obj : warning LNK4197: export '_cmsWriteFloat32Number' specified multiple times; using first specification [C:\Users\Public\jpegview-arm64-build\extras\third_party\Little-CMS\Projects\VC2019\lcms2_DLL\lcms2_DLL.vcxproj]
cmsplugin.obj : warning LNK4197: export '_cmsWriteUInt32Number' specified multiple times; using first specification [C:\Users\Public\jpegview-arm64-build\extras\third_party\Little-CMS\Projects\VC2019\lcms2_DLL\lcms2_DLL.vcxproj]
cmsplugin.obj : warning LNK4197: export '_cmsWriteUInt16Array' specified multiple times; using first specification [C:\Users\Public\jpegview-arm64-build\extras\third_party\Little-CMS\Projects\VC2019\lcms2_DLL\lcms2_DLL.vcxproj]
cmsplugin.obj : warning LNK4197: export '_cmsWriteUInt16Number' specified multiple times; using first specification [C:\Users\Public\jpegview-arm64-build\extras\third_party\Little-CMS\Projects\VC2019\lcms2_DLL\lcms2_DLL.vcxproj]
cmsplugin.obj : warning LNK4197: export '_cmsWriteUInt8Number' specified multiple times; using first specification [C:\Users\Public\jpegview-arm64-build\extras\third_party\Little-CMS\Projects\VC2019\lcms2_DLL\lcms2_DLL.vcxproj]
cmsplugin.obj : warning LNK4197: export '_cmsReadXYZNumber' specified multiple times; using first specification [C:\Users\Public\jpegview-arm64-build\extras\third_party\Little-CMS\Projects\VC2019\lcms2_DLL\lcms2_DLL.vcxproj]
cmsplugin.obj : warning LNK4197: export '_cmsRead15Fixed16Number' specified multiple times; using first specification [C:\Users\Public\jpegview-arm64-build\extras\third_party\Little-CMS\Projects\VC2019\lcms2_DLL\lcms2_DLL.vcxproj]
cmsplugin.obj : warning LNK4197: export '_cmsReadUInt64Number' specified multiple times; using first specification [C:\Users\Public\jpegview-arm64-build\extras\third_party\Little-CMS\Projects\VC2019\lcms2_DLL\lcms2_DLL.vcxproj]
cmsplugin.obj : warning LNK4197: export '_cmsReadFloat32Number' specified multiple times; using first specification [C:\Users\Public\jpegview-arm64-build\extras\third_party\Little-CMS\Projects\VC2019\lcms2_DLL\lcms2_DLL.vcxproj]
cmsplugin.obj : warning LNK4197: export '_cmsReadUInt32Number' specified multiple times; using first specification [C:\Users\Public\jpegview-arm64-build\extras\third_party\Little-CMS\Projects\VC2019\lcms2_DLL\lcms2_DLL.vcxproj]
cmsplugin.obj : warning LNK4197: export '_cmsReadUInt16Array' specified multiple times; using first specification [C:\Users\Public\jpegview-arm64-build\extras\third_party\Little-CMS\Projects\VC2019\lcms2_DLL\lcms2_DLL.vcxproj]
cmsplugin.obj : warning LNK4197: export '_cmsReadUInt16Number' specified multiple times; using first specification [C:\Users\Public\jpegview-arm64-build\extras\third_party\Little-CMS\Projects\VC2019\lcms2_DLL\lcms2_DLL.vcxproj]
cmsplugin.obj : warning LNK4197: export '_cmsReadUInt8Number' specified multiple times; using first specification [C:\Users\Public\jpegview-arm64-build\extras\third_party\Little-CMS\Projects\VC2019\lcms2_DLL\lcms2_DLL.vcxproj]
cmsplugin.obj : warning LNK4197: export '_cmsAdjustEndianess64' specified multiple times; using first specification [C:\Users\Public\jpegview-arm64-build\extras\third_party\Little-CMS\Projects\VC2019\lcms2_DLL\lcms2_DLL.vcxproj]
cmsplugin.obj : warning LNK4197: export '_cmsAdjustEndianess32' specified multiple times; using first specification [C:\Users\Public\jpegview-arm64-build\extras\third_party\Little-CMS\Projects\VC2019\lcms2_DLL\lcms2_DLL.vcxproj]
cmsplugin.obj : warning LNK4197: export '_cmsAdjustEndianess16' specified multiple times; using first specification [C:\Users\Public\jpegview-arm64-build\extras\third_party\Little-CMS\Projects\VC2019\lcms2_DLL\lcms2_DLL.vcxproj]
cmsps2.obj : warning LNK4197: export 'cmsGetPostScriptCSA' specified multiple times; using first specification [C:\Users\Public\jpegview-arm64-build\extras\third_party\Little-CMS\Projects\VC2019\lcms2_DLL\lcms2_DLL.vcxproj]
cmsps2.obj : warning LNK4197: export 'cmsGetPostScriptCRD' specified multiple times; using first specification [C:\Users\Public\jpegview-arm64-build\extras\third_party\Little-CMS\Projects\VC2019\lcms2_DLL\lcms2_DLL.vcxproj]
cmsps2.obj : warning LNK4197: export 'cmsGetPostScriptColorResource' specified multiple times; using first specification [C:\Users\Public\jpegview-arm64-build\extras\third_party\Little-CMS\Projects\VC2019\lcms2_DLL\lcms2_DLL.vcxproj]
cmssamp.obj : warning LNK4197: export 'cmsDetectDestinationBlackPoint' specified multiple times; using first specification [C:\Users\Public\jpegview-arm64-build\extras\third_party\Little-CMS\Projects\VC2019\lcms2_DLL\lcms2_DLL.vcxproj]
cmssamp.obj : warning LNK4197: export 'cmsDetectBlackPoint' specified multiple times; using first specification [C:\Users\Public\jpegview-arm64-build\extras\third_party\Little-CMS\Projects\VC2019\lcms2_DLL\lcms2_DLL.vcxproj]
cmssm.obj : warning LNK4197: export 'cmsGDBCompute' specified multiple times; using first specification [C:\Users\Public\jpegview-arm64-build\extras\third_party\Little-CMS\Projects\VC2019\lcms2_DLL\lcms2_DLL.vcxproj]
cmssm.obj : warning LNK4197: export 'cmsGDBCheckPoint' specified multiple times; using first specification [C:\Users\Public\jpegview-arm64-build\extras\third_party\Little-CMS\Projects\VC2019\lcms2_DLL\lcms2_DLL.vcxproj]
cmssm.obj : warning LNK4197: export 'cmsGDBAddPoint' specified multiple times; using first specification [C:\Users\Public\jpegview-arm64-build\extras\third_party\Little-CMS\Projects\VC2019\lcms2_DLL\lcms2_DLL.vcxproj]
cmssm.obj : warning LNK4197: export 'cmsGBDFree' specified multiple times; using first specification [C:\Users\Public\jpegview-arm64-build\extras\third_party\Little-CMS\Projects\VC2019\lcms2_DLL\lcms2_DLL.vcxproj]
cmssm.obj : warning LNK4197: export 'cmsGBDAlloc' specified multiple times; using first specification [C:\Users\Public\jpegview-arm64-build\extras\third_party\Little-CMS\Projects\VC2019\lcms2_DLL\lcms2_DLL.vcxproj]
cmsvirt.obj : warning LNK4197: export 'cmsTransform2DeviceLink' specified multiple times; using first specification [C:\Users\Public\jpegview-arm64-build\extras\third_party\Little-CMS\Projects\VC2019\lcms2_DLL\lcms2_DLL.vcxproj]
cmsvirt.obj : warning LNK4197: export 'cmsCreateNULLProfile' specified multiple times; using first specification [C:\Users\Public\jpegview-arm64-build\extras\third_party\Little-CMS\Projects\VC2019\lcms2_DLL\lcms2_DLL.vcxproj]
cmsvirt.obj : warning LNK4197: export 'cmsCreateNULLProfileTHR' specified multiple times; using first specification [C:\Users\Public\jpegview-arm64-build\extras\third_party\Little-CMS\Projects\VC2019\lcms2_DLL\lcms2_DLL.vcxproj]
cmsvirt.obj : warning LNK4197: export 'cmsCreateBCHSWabstractProfile' specified multiple times; using first specification [C:\Users\Public\jpegview-arm64-build\extras\third_party\Little-CMS\Projects\VC2019\lcms2_DLL\lcms2_DLL.vcxproj]
cmsvirt.obj : warning LNK4197: export 'cmsCreateBCHSWabstractProfileTHR' specified multiple times; using first specification [C:\Users\Public\jpegview-arm64-build\extras\third_party\Little-CMS\Projects\VC2019\lcms2_DLL\lcms2_DLL.vcxproj]
cmsvirt.obj : warning LNK4197: export 'cmsCreate_sRGBProfile' specified multiple times; using first specification [C:\Users\Public\jpegview-arm64-build\extras\third_party\Little-CMS\Projects\VC2019\lcms2_DLL\lcms2_DLL.vcxproj]
cmsvirt.obj : warning LNK4197: export 'cmsCreate_sRGBProfileTHR' specified multiple times; using first specification [C:\Users\Public\jpegview-arm64-build\extras\third_party\Little-CMS\Projects\VC2019\lcms2_DLL\lcms2_DLL.vcxproj]
cmsvirt.obj : warning LNK4197: export 'cmsCreateXYZProfile' specified multiple times; using first specification [C:\Users\Public\jpegview-arm64-build\extras\third_party\Little-CMS\Projects\VC2019\lcms2_DLL\lcms2_DLL.vcxproj]
cmsvirt.obj : warning LNK4197: export 'cmsCreateXYZProfileTHR' specified multiple times; using first specification [C:\Users\Public\jpegview-arm64-build\extras\third_party\Little-CMS\Projects\VC2019\lcms2_DLL\lcms2_DLL.vcxproj]
cmsvirt.obj : warning LNK4197: export 'cmsCreateLab4Profile' specified multiple times; using first specification [C:\Users\Public\jpegview-arm64-build\extras\third_party\Little-CMS\Projects\VC2019\lcms2_DLL\lcms2_DLL.vcxproj]
cmsvirt.obj : warning LNK4197: export 'cmsCreateLab4ProfileTHR' specified multiple times; using first specification [C:\Users\Public\jpegview-arm64-build\extras\third_party\Little-CMS\Projects\VC2019\lcms2_DLL\lcms2_DLL.vcxproj]
cmsvirt.obj : warning LNK4197: export 'cmsCreateLab2Profile' specified multiple times; using first specification [C:\Users\Public\jpegview-arm64-build\extras\third_party\Little-CMS\Projects\VC2019\lcms2_DLL\lcms2_DLL.vcxproj]
cmsvirt.obj : warning LNK4197: export 'cmsCreateLab2ProfileTHR' specified multiple times; using first specification [C:\Users\Public\jpegview-arm64-build\extras\third_party\Little-CMS\Projects\VC2019\lcms2_DLL\lcms2_DLL.vcxproj]
cmsvirt.obj : warning LNK4197: export 'cmsCreateInkLimitingDeviceLink' specified multiple times; using first specification [C:\Users\Public\jpegview-arm64-build\extras\third_party\Little-CMS\Projects\VC2019\lcms2_DLL\lcms2_DLL.vcxproj]
cmsvirt.obj : warning LNK4197: export 'cmsCreateInkLimitingDeviceLinkTHR' specified multiple times; using first specification [C:\Users\Public\jpegview-arm64-build\extras\third_party\Little-CMS\Projects\VC2019\lcms2_DLL\lcms2_DLL.vcxproj]
cmsvirt.obj : warning LNK4197: export 'cmsCreateLinearizationDeviceLink' specified multiple times; using first specification [C:\Users\Public\jpegview-arm64-build\extras\third_party\Little-CMS\Projects\VC2019\lcms2_DLL\lcms2_DLL.vcxproj]
cmsvirt.obj : warning LNK4197: export 'cmsCreateLinearizationDeviceLinkTHR' specified multiple times; using first specification [C:\Users\Public\jpegview-arm64-build\extras\third_party\Little-CMS\Projects\VC2019\lcms2_DLL\lcms2_DLL.vcxproj]
cmsvirt.obj : warning LNK4197: export 'cmsCreateGrayProfile' specified multiple times; using first specification [C:\Users\Public\jpegview-arm64-build\extras\third_party\Little-CMS\Projects\VC2019\lcms2_DLL\lcms2_DLL.vcxproj]
cmsvirt.obj : warning LNK4197: export 'cmsCreateGrayProfileTHR' specified multiple times; using first specification [C:\Users\Public\jpegview-arm64-build\extras\third_party\Little-CMS\Projects\VC2019\lcms2_DLL\lcms2_DLL.vcxproj]
cmsvirt.obj : warning LNK4197: export 'cmsCreateRGBProfile' specified multiple times; using first specification [C:\Users\Public\jpegview-arm64-build\extras\third_party\Little-CMS\Projects\VC2019\lcms2_DLL\lcms2_DLL.vcxproj]
cmsvirt.obj : warning LNK4197: export 'cmsCreateRGBProfileTHR' specified multiple times; using first specification [C:\Users\Public\jpegview-arm64-build\extras\third_party\Little-CMS\Projects\VC2019\lcms2_DLL\lcms2_DLL.vcxproj]
cmswtpnt.obj : warning LNK4197: export 'cmsAdaptToIlluminant' specified multiple times; using first specification [C:\Users\Public\jpegview-arm64-build\extras\third_party\Little-CMS\Projects\VC2019\lcms2_DLL\lcms2_DLL.vcxproj]
cmswtpnt.obj : warning LNK4197: export 'cmsTempFromWhitePoint' specified multiple times; using first specification [C:\Users\Public\jpegview-arm64-build\extras\third_party\Little-CMS\Projects\VC2019\lcms2_DLL\lcms2_DLL.vcxproj]
cmswtpnt.obj : warning LNK4197: export 'cmsWhitePointFromTemp' specified multiple times; using first specification [C:\Users\Public\jpegview-arm64-build\extras\third_party\Little-CMS\Projects\VC2019\lcms2_DLL\lcms2_DLL.vcxproj]
cmswtpnt.obj : warning LNK4197: export 'cmsD50_xyY' specified multiple times; using first specification [C:\Users\Public\jpegview-arm64-build\extras\third_party\Little-CMS\Projects\VC2019\lcms2_DLL\lcms2_DLL.vcxproj]
cmswtpnt.obj : warning LNK4197: export 'cmsD50_XYZ' specified multiple times; using first specification [C:\Users\Public\jpegview-arm64-build\extras\third_party\Little-CMS\Projects\VC2019\lcms2_DLL\lcms2_DLL.vcxproj]
cmsxform.obj : warning LNK4197: export 'cmsChangeBuffersFormat' specified multiple times; using first specification [C:\Users\Public\jpegview-arm64-build\extras\third_party\Little-CMS\Projects\VC2019\lcms2_DLL\lcms2_DLL.vcxproj]
cmsxform.obj : warning LNK4197: export 'cmsGetTransformOutputFormat' specified multiple times; using first specification [C:\Users\Public\jpegview-arm64-build\extras\third_party\Little-CMS\Projects\VC2019\lcms2_DLL\lcms2_DLL.vcxproj]
cmsxform.obj : warning LNK4197: export 'cmsGetTransformInputFormat' specified multiple times; using first specification [C:\Users\Public\jpegview-arm64-build\extras\third_party\Little-CMS\Projects\VC2019\lcms2_DLL\lcms2_DLL.vcxproj]
cmsxform.obj : warning LNK4197: export 'cmsGetTransformContextID' specified multiple times; using first specification [C:\Users\Public\jpegview-arm64-build\extras\third_party\Little-CMS\Projects\VC2019\lcms2_DLL\lcms2_DLL.vcxproj]
cmsxform.obj : warning LNK4197: export 'cmsCreateProofingTransform' specified multiple times; using first specification [C:\Users\Public\jpegview-arm64-build\extras\third_party\Little-CMS\Projects\VC2019\lcms2_DLL\lcms2_DLL.vcxproj]
cmsxform.obj : warning LNK4197: export 'cmsCreateProofingTransformTHR' specified multiple times; using first specification [C:\Users\Public\jpegview-arm64-build\extras\third_party\Little-CMS\Projects\VC2019\lcms2_DLL\lcms2_DLL.vcxproj]
cmsxform.obj : warning LNK4197: export 'cmsCreateTransform' specified multiple times; using first specification [C:\Users\Public\jpegview-arm64-build\extras\third_party\Little-CMS\Projects\VC2019\lcms2_DLL\lcms2_DLL.vcxproj]
cmsxform.obj : warning LNK4197: export 'cmsCreateTransformTHR' specified multiple times; using first specification [C:\Users\Public\jpegview-arm64-build\extras\third_party\Little-CMS\Projects\VC2019\lcms2_DLL\lcms2_DLL.vcxproj]
cmsxform.obj : warning LNK4197: export 'cmsCreateMultiprofileTransform' specified multiple times; using first specification [C:\Users\Public\jpegview-arm64-build\extras\third_party\Little-CMS\Projects\VC2019\lcms2_DLL\lcms2_DLL.vcxproj]
cmsxform.obj : warning LNK4197: export 'cmsCreateMultiprofileTransformTHR' specified multiple times; using first specification [C:\Users\Public\jpegview-arm64-build\extras\third_party\Little-CMS\Projects\VC2019\lcms2_DLL\lcms2_DLL.vcxproj]
cmsxform.obj : warning LNK4197: export 'cmsCreateExtendedTransform' specified multiple times; using first specification [C:\Users\Public\jpegview-arm64-build\extras\third_party\Little-CMS\Projects\VC2019\lcms2_DLL\lcms2_DLL.vcxproj]
cmsxform.obj : warning LNK4197: export '_cmsGetTransformFormattersFloat' specified multiple times; using first specification [C:\Users\Public\jpegview-arm64-build\extras\third_party\Little-CMS\Projects\VC2019\lcms2_DLL\lcms2_DLL.vcxproj]
cmsxform.obj : warning LNK4197: export '_cmsGetTransformFormatters16' specified multiple times; using first specification [C:\Users\Public\jpegview-arm64-build\extras\third_party\Little-CMS\Projects\VC2019\lcms2_DLL\lcms2_DLL.vcxproj]
cmsxform.obj : warning LNK4197: export '_cmsGetTransformUserData' specified multiple times; using first specification [C:\Users\Public\jpegview-arm64-build\extras\third_party\Little-CMS\Projects\VC2019\lcms2_DLL\lcms2_DLL.vcxproj]
cmsxform.obj : warning LNK4197: export '_cmsSetTransformUserData' specified multiple times; using first specification [C:\Users\Public\jpegview-arm64-build\extras\third_party\Little-CMS\Projects\VC2019\lcms2_DLL\lcms2_DLL.vcxproj]
cmsxform.obj : warning LNK4197: export 'cmsDoTransformLineStride' specified multiple times; using first specification [C:\Users\Public\jpegview-arm64-build\extras\third_party\Little-CMS\Projects\VC2019\lcms2_DLL\lcms2_DLL.vcxproj]
cmsxform.obj : warning LNK4197: export 'cmsDoTransformStride' specified multiple times; using first specification [C:\Users\Public\jpegview-arm64-build\extras\third_party\Little-CMS\Projects\VC2019\lcms2_DLL\lcms2_DLL.vcxproj]
cmsxform.obj : warning LNK4197: export 'cmsDoTransform' specified multiple times; using first specification [C:\Users\Public\jpegview-arm64-build\extras\third_party\Little-CMS\Projects\VC2019\lcms2_DLL\lcms2_DLL.vcxproj]
cmsxform.obj : warning LNK4197: export 'cmsDeleteTransform' specified multiple times; using first specification [C:\Users\Public\jpegview-arm64-build\extras\third_party\Little-CMS\Projects\VC2019\lcms2_DLL\lcms2_DLL.vcxproj]
cmsxform.obj : warning LNK4197: export 'cmsGetAlarmCodes' specified multiple times; using first specification [C:\Users\Public\jpegview-arm64-build\extras\third_party\Little-CMS\Projects\VC2019\lcms2_DLL\lcms2_DLL.vcxproj]
cmsxform.obj : warning LNK4197: export 'cmsSetAlarmCodes' specified multiple times; using first specification [C:\Users\Public\jpegview-arm64-build\extras\third_party\Little-CMS\Projects\VC2019\lcms2_DLL\lcms2_DLL.vcxproj]
cmsxform.obj : warning LNK4197: export 'cmsGetAlarmCodesTHR' specified multiple times; using first specification [C:\Users\Public\jpegview-arm64-build\extras\third_party\Little-CMS\Projects\VC2019\lcms2_DLL\lcms2_DLL.vcxproj]
cmsxform.obj : warning LNK4197: export 'cmsSetAlarmCodesTHR' specified multiple times; using first specification [C:\Users\Public\jpegview-arm64-build\extras\third_party\Little-CMS\Projects\VC2019\lcms2_DLL\lcms2_DLL.vcxproj]
cmsxform.obj : warning LNK4197: export 'cmsSetAdaptationState' specified multiple times; using first specification [C:\Users\Public\jpegview-arm64-build\extras\third_party\Little-CMS\Projects\VC2019\lcms2_DLL\lcms2_DLL.vcxproj]
cmsxform.obj : warning LNK4197: export 'cmsSetAdaptationStateTHR' specified multiple times; using first specification [C:\Users\Public\jpegview-arm64-build\extras\third_party\Little-CMS\Projects\VC2019\lcms2_DLL\lcms2_DLL.vcxproj]
     Creating library C:\Users\Public\jpegview-arm64-build\extras\scripts\lcms2-arm64\lcms2.lib and object C:\Users\Public\jpegview-arm64-build\extras\scripts\lcms2-arm64\lcms2.exp
  Generating code
  Finished generating code
  lcms2_DLL.vcxproj -> C:\Users\Public\jpegview-arm64-build\extras\scripts\lcms2-arm64\lcms2.dll
        1 file(s) copied.
        1 file(s) copied.
        1 file(s) copied.
        1 file(s) copied.
        1 file(s) copied.
-- Building for: Visual Studio 18 2026
CMake Deprecation Warning at CMakeLists.txt:1 (cmake_minimum_required):
  Compatibility with CMake < 3.10 will be removed from a future version of
  CMake.

  Update the VERSION argument <min> value.  Or, use the <min>...<max> syntax
  to tell CMake that the project requires at least <min> but has been updated
  to work with policies introduced by <max> or earlier.


-- The C compiler identification is MSVC 19.29.30159.0
-- The CXX compiler identification is MSVC 19.29.30159.0
-- Detecting C compiler ABI info
-- Detecting C compiler ABI info - done
-- Check for working C compiler: C:/Program Files/Microsoft Visual Studio/18/Enterprise/VC/Tools/MSVC/14.29.30133/bin/HostX64/arm64/cl.exe - skipped
-- Detecting C compile features
-- Detecting C compile features - done
-- Detecting CXX compiler ABI info
-- Detecting CXX compiler ABI info - done
-- Check for working CXX compiler: C:/Program Files/Microsoft Visual Studio/18/Enterprise/VC/Tools/MSVC/14.29.30133/bin/HostX64/arm64/cl.exe - skipped
-- Detecting CXX compile features
-- Detecting CXX compile features - done
-- Performing Test CMAKE_HAVE_LIBC_PTHREAD
-- Performing Test CMAKE_HAVE_LIBC_PTHREAD - Failed
-- Looking for pthread_create in pthreads
-- Looking for pthread_create in pthreads - not found
-- Looking for pthread_create in pthread
-- Looking for pthread_create in pthread - not found
-- Found Threads: TRUE
-- Looking for malloc.h
-- Looking for malloc.h - found
-- Looking for posix_memalign
-- Looking for posix_memalign - not found
-- Configuring done (10.4s)
-- Generating done (0.2s)
-- Build files have been written to: C:/Users/Public/jpegview-arm64-build/extras/scripts/libheif-libavif-arm64/libde265
MSBuild version 18.9.1+a81b43525 for .NET Framework

  1>Checking Build System
  Building Custom Rule C:/Users/Public/jpegview-arm64-build/extras/third_party/libheif/libde265/libde265/encoder/algo/CMakeLists.txt
  algo.cc
C:\Users\Public\jpegview-arm64-build\extras\third_party\libheif\libde265\libde265/cabac.h(172,46): warning C4244: 'return': conversion from 'uint64_t' to 'int', possible loss of data [C:\Users\Public\jpegview-arm64-build\extras\scripts\libheif-libavif-arm64\libde265\libde265\encoder\algo\algo.vcxproj]
C:\Users\Public\jpegview-arm64-build\extras\third_party\libheif\libde265\libde265/sps.h(156,43): warning C4267: 'return': conversion from 'size_t' to 'int', possible loss of data [C:\Users\Public\jpegview-arm64-build\extras\scripts\libheif-libavif-arm64\libde265\libde265\encoder\algo\algo.vcxproj]
C:\Users\Public\jpegview-arm64-build\extras\third_party\libheif\libde265\libde265/image.h(325,1): warning C4267: '=': conversion from 'size_t' to 'int', possible loss of data [C:\Users\Public\jpegview-arm64-build\extras\scripts\libheif-libavif-arm64\libde265\libde265\encoder\algo\algo.vcxproj]
C:\Users\Public\jpegview-arm64-build\extras\third_party\libheif\libde265\libde265/dpb.h(55,20): warning C4267: 'return': conversion from 'size_t' to 'int', possible loss of data [C:\Users\Public\jpegview-arm64-build\extras\scripts\libheif-libavif-arm64\libde265\libde265\encoder\algo\algo.vcxproj]
C:\Users\Public\jpegview-arm64-build\extras\third_party\libheif\libde265\libde265/dpb.h(81,46): warning C4267: 'return': conversion from 'size_t' to 'int', possible loss of data [C:\Users\Public\jpegview-arm64-build\extras\scripts\libheif-libavif-arm64\libde265\libde265\encoder\algo\algo.vcxproj]
C:\Users\Public\jpegview-arm64-build\extras\third_party\libheif\libde265\libde265/dpb.h(92,44): warning C4267: 'return': conversion from 'size_t' to 'int', possible loss of data [C:\Users\Public\jpegview-arm64-build\extras\scripts\libheif-libavif-arm64\libde265\libde265\encoder\algo\algo.vcxproj]
C:\Users\Public\jpegview-arm64-build\extras\third_party\libheif\libde265\libde265/nal-parser.h(64,34): warning C4267: 'return': conversion from 'size_t' to 'int', possible loss of data [C:\Users\Public\jpegview-arm64-build\extras\scripts\libheif-libavif-arm64\libde265\libde265\encoder\algo\algo.vcxproj]
C:\Users\Public\jpegview-arm64-build\extras\third_party\libheif\libde265\libde265/nal-parser.h(112,1): warning C4267: 'initializing': conversion from 'size_t' to 'int', possible loss of data [C:\Users\Public\jpegview-arm64-build\extras\scripts\libheif-libavif-arm64\libde265\libde265\encoder\algo\algo.vcxproj]
C:\Users\Public\jpegview-arm64-build\extras\third_party\libheif\libde265\libde265/nal-parser.h(118,1): warning C4267: 'return': conversion from 'size_t' to 'int', possible loss of data [C:\Users\Public\jpegview-arm64-build\extras\scripts\libheif-libavif-arm64\libde265\libde265\encoder\algo\algo.vcxproj]
C:\Users\Public\jpegview-arm64-build\extras\third_party\libheif\libde265\libde265/nal-parser.h(124,36): warning C4267: 'return': conversion from 'size_t' to 'int', possible loss of data [C:\Users\Public\jpegview-arm64-build\extras\scripts\libheif-libavif-arm64\libde265\libde265\encoder\algo\algo.vcxproj]
  coding-options.cc
C:\Users\Public\jpegview-arm64-build\extras\third_party\libheif\libde265\libde265/cabac.h(172,46): warning C4244: 'return': conversion from 'uint64_t' to 'int', possible loss of data [C:\Users\Public\jpegview-arm64-build\extras\scripts\libheif-libavif-arm64\libde265\libde265\encoder\algo\algo.vcxproj]
C:\Users\Public\jpegview-arm64-build\extras\third_party\libheif\libde265\libde265/sps.h(156,43): warning C4267: 'return': conversion from 'size_t' to 'int', possible loss of data [C:\Users\Public\jpegview-arm64-build\extras\scripts\libheif-libavif-arm64\libde265\libde265\encoder\algo\algo.vcxproj]
C:\Users\Public\jpegview-arm64-build\extras\third_party\libheif\libde265\libde265/image.h(325,1): warning C4267: '=': conversion from 'size_t' to 'int', possible loss of data [C:\Users\Public\jpegview-arm64-build\extras\scripts\libheif-libavif-arm64\libde265\libde265\encoder\algo\algo.vcxproj]
C:\Users\Public\jpegview-arm64-build\extras\third_party\libheif\libde265\libde265/dpb.h(55,20): warning C4267: 'return': conversion from 'size_t' to 'int', possible loss of data [C:\Users\Public\jpegview-arm64-build\extras\scripts\libheif-libavif-arm64\libde265\libde265\encoder\algo\algo.vcxproj]
C:\Users\Public\jpegview-arm64-build\extras\third_party\libheif\libde265\libde265/dpb.h(81,46): warning C4267: 'return': conversion from 'size_t' to 'int', possible loss of data [C:\Users\Public\jpegview-arm64-build\extras\scripts\libheif-libavif-arm64\libde265\libde265\encoder\algo\algo.vcxproj]
C:\Users\Public\jpegview-arm64-build\extras\third_party\libheif\libde265\libde265/dpb.h(92,44): warning C4267: 'return': conversion from 'size_t' to 'int', possible loss of data [C:\Users\Public\jpegview-arm64-build\extras\scripts\libheif-libavif-arm64\libde265\libde265\encoder\algo\algo.vcxproj]
C:\Users\Public\jpegview-arm64-build\extras\third_party\libheif\libde265\libde265/nal-parser.h(64,34): warning C4267: 'return': conversion from 'size_t' to 'int', possible loss of data [C:\Users\Public\jpegview-arm64-build\extras\scripts\libheif-libavif-arm64\libde265\libde265\encoder\algo\algo.vcxproj]
C:\Users\Public\jpegview-arm64-build\extras\third_party\libheif\libde265\libde265/nal-parser.h(112,1): warning C4267: 'initializing': conversion from 'size_t' to 'int', possible loss of data [C:\Users\Public\jpegview-arm64-build\extras\scripts\libheif-libavif-arm64\libde265\libde265\encoder\algo\algo.vcxproj]
C:\Users\Public\jpegview-arm64-build\extras\third_party\libheif\libde265\libde265/nal-parser.h(118,1): warning C4267: 'return': conversion from 'size_t' to 'int', possible loss of data [C:\Users\Public\jpegview-arm64-build\extras\scripts\libheif-libavif-arm64\libde265\libde265\encoder\algo\algo.vcxproj]
C:\Users\Public\jpegview-arm64-build\extras\third_party\libheif\libde265\libde265/nal-parser.h(124,36): warning C4267: 'return': conversion from 'size_t' to 'int', possible loss of data [C:\Users\Public\jpegview-arm64-build\extras\scripts\libheif-libavif-arm64\libde265\libde265\encoder\algo\algo.vcxproj]
C:\Users\Public\jpegview-arm64-build\extras\third_party\libheif\libde265\libde265\encoder\algo\coding-options.cc(65,1): warning C4267: 'argument': conversion from 'size_t' to 'int', possible loss of data [C:\Users\Public\jpegview-arm64-build\extras\scripts\libheif-libavif-arm64\libde265\libde265\encoder\algo\algo.vcxproj]
C:\Users\Public\jpegview-arm64-build\extras\third_party\libheif\libde265\libde265\encoder\algo\coding-options.cc(46): message : while compiling class template member function 'CodingOption<node> CodingOptions<node>::new_option(bool)' [C:\Users\Public\jpegview-arm64-build\extras\scripts\libheif-libavif-arm64\libde265\libde265\encoder\algo\algo.vcxproj]
          with
          [
              node=enc_tb
          ]
C:\Users\Public\jpegview-arm64-build\extras\third_party\libheif\libde265\libde265\encoder\algo\coding-options.cc(198): message : see reference to class template instantiation 'CodingOptions<enc_tb>' being compiled [C:\Users\Public\jpegview-arm64-build\extras\scripts\libheif-libavif-arm64\libde265\libde265\encoder\algo\algo.vcxproj]
  ctb-qscale.cc
C:\Users\Public\jpegview-arm64-build\extras\third_party\libheif\libde265\libde265/cabac.h(172,46): warning C4244: 'return': conversion from 'uint64_t' to 'int', possible loss of data [C:\Users\Public\jpegview-arm64-build\extras\scripts\libheif-libavif-arm64\libde265\libde265\encoder\algo\algo.vcxproj]
C:\Users\Public\jpegview-arm64-build\extras\third_party\libheif\libde265\libde265/sps.h(156,43): warning C4267: 'return': conversion from 'size_t' to 'int', possible loss of data [C:\Users\Public\jpegview-arm64-build\extras\scripts\libheif-libavif-arm64\libde265\libde265\encoder\algo\algo.vcxproj]
C:\Users\Public\jpegview-arm64-build\extras\third_party\libheif\libde265\libde265/nal-parser.h(64,34): warning C4267: 'return': conversion from 'size_t' to 'int', possible loss of data [C:\Users\Public\jpegview-arm64-build\extras\scripts\libheif-libavif-arm64\libde265\libde265\encoder\algo\algo.vcxproj]
C:\Users\Public\jpegview-arm64-build\extras\third_party\libheif\libde265\libde265/nal-parser.h(112,1): warning C4267: 'initializing': conversion from 'size_t' to 'int', possible loss of data [C:\Users\Public\jpegview-arm64-build\extras\scripts\libheif-libavif-arm64\libde265\libde265\encoder\algo\algo.vcxproj]
C:\Users\Public\jpegview-arm64-build\extras\third_party\libheif\libde265\libde265/nal-parser.h(118,1): warning C4267: 'return': conversion from 'size_t' to 'int', possible loss of data [C:\Users\Public\jpegview-arm64-build\extras\scripts\libheif-libavif-arm64\libde265\libde265\encoder\algo\algo.vcxproj]
C:\Users\Public\jpegview-arm64-build\extras\third_party\libheif\libde265\libde265/nal-parser.h(124,36): warning C4267: 'return': conversion from 'size_t' to 'int', possible loss of data [C:\Users\Public\jpegview-arm64-build\extras\scripts\libheif-libavif-arm64\libde265\libde265\encoder\algo\algo.vcxproj]
C:\Users\Public\jpegview-arm64-build\extras\third_party\libheif\libde265\libde265/image.h(325,1): warning C4267: '=': conversion from 'size_t' to 'int', possible loss of data [C:\Users\Public\jpegview-arm64-build\extras\scripts\libheif-libavif-arm64\libde265\libde265\encoder\algo\algo.vcxproj]
C:\Users\Public\jpegview-arm64-build\extras\third_party\libheif\libde265\libde265/dpb.h(55,20): warning C4267: 'return': conversion from 'size_t' to 'int', possible loss of data [C:\Users\Public\jpegview-arm64-build\extras\scripts\libheif-libavif-arm64\libde265\libde265\encoder\algo\algo.vcxproj]
C:\Users\Public\jpegview-arm64-build\extras\third_party\libheif\libde265\libde265/dpb.h(81,46): warning C4267: 'return': conversion from 'size_t' to 'int', possible loss of data [C:\Users\Public\jpegview-arm64-build\extras\scripts\libheif-libavif-arm64\libde265\libde265\encoder\algo\algo.vcxproj]
C:\Users\Public\jpegview-arm64-build\extras\third_party\libheif\libde265\libde265/dpb.h(92,44): warning C4267: 'return': conversion from 'size_t' to 'int', possible loss of data [C:\Users\Public\jpegview-arm64-build\extras\scripts\libheif-libavif-arm64\libde265\libde265\encoder\algo\algo.vcxproj]
  cb-split.cc
C:\Users\Public\jpegview-arm64-build\extras\third_party\libheif\libde265\libde265/cabac.h(172,46): warning C4244: 'return': conversion from 'uint64_t' to 'int', possible loss of data [C:\Users\Public\jpegview-arm64-build\extras\scripts\libheif-libavif-arm64\libde265\libde265\encoder\algo\algo.vcxproj]
C:\Users\Public\jpegview-arm64-build\extras\third_party\libheif\libde265\libde265/sps.h(156,43): warning C4267: 'return': conversion from 'size_t' to 'int', possible loss of data [C:\Users\Public\jpegview-arm64-build\extras\scripts\libheif-libavif-arm64\libde265\libde265\encoder\algo\algo.vcxproj]
C:\Users\Public\jpegview-arm64-build\extras\third_party\libheif\libde265\libde265/nal-parser.h(64,34): warning C4267: 'return': conversion from 'size_t' to 'int', possible loss of data [C:\Users\Public\jpegview-arm64-build\extras\scripts\libheif-libavif-arm64\libde265\libde265\encoder\algo\algo.vcxproj]
C:\Users\Public\jpegview-arm64-build\extras\third_party\libheif\libde265\libde265/nal-parser.h(112,1): warning C4267: 'initializing': conversion from 'size_t' to 'int', possible loss of data [C:\Users\Public\jpegview-arm64-build\extras\scripts\libheif-libavif-arm64\libde265\libde265\encoder\algo\algo.vcxproj]
C:\Users\Public\jpegview-arm64-build\extras\third_party\libheif\libde265\libde265/nal-parser.h(118,1): warning C4267: 'return': conversion from 'size_t' to 'int', possible loss of data [C:\Users\Public\jpegview-arm64-build\extras\scripts\libheif-libavif-arm64\libde265\libde265\encoder\algo\algo.vcxproj]
C:\Users\Public\jpegview-arm64-build\extras\third_party\libheif\libde265\libde265/nal-parser.h(124,36): warning C4267: 'return': conversion from 'size_t' to 'int', possible loss of data [C:\Users\Public\jpegview-arm64-build\extras\scripts\libheif-libavif-arm64\libde265\libde265\encoder\algo\algo.vcxproj]
C:\Users\Public\jpegview-arm64-build\extras\third_party\libheif\libde265\libde265/image.h(325,1): warning C4267: '=': conversion from 'size_t' to 'int', possible loss of data [C:\Users\Public\jpegview-arm64-build\extras\scripts\libheif-libavif-arm64\libde265\libde265\encoder\algo\algo.vcxproj]
C:\Users\Public\jpegview-arm64-build\extras\third_party\libheif\libde265\libde265/dpb.h(55,20): warning C4267: 'return': conversion from 'size_t' to 'int', possible loss of data [C:\Users\Public\jpegview-arm64-build\extras\scripts\libheif-libavif-arm64\libde265\libde265\encoder\algo\algo.vcxproj]
C:\Users\Public\jpegview-arm64-build\extras\third_party\libheif\libde265\libde265/dpb.h(81,46): warning C4267: 'return': conversion from 'size_t' to 'int', possible loss of data [C:\Users\Public\jpegview-arm64-build\extras\scripts\libheif-libavif-arm64\libde265\libde265\encoder\algo\algo.vcxproj]
C:\Users\Public\jpegview-arm64-build\extras\third_party\libheif\libde265\libde265/dpb.h(92,44): warning C4267: 'return': conversion from 'size_t' to 'int', possible loss of data [C:\Users\Public\jpegview-arm64-build\extras\scripts\libheif-libavif-arm64\libde265\libde265\encoder\algo\algo.vcxproj]
  cb-intrapartmode.cc
C:\Users\Public\jpegview-arm64-build\extras\third_party\libheif\libde265\libde265/cabac.h(172,46): warning C4244: 'return': conversion from 'uint64_t' to 'int', possible loss of data [C:\Users\Public\jpegview-arm64-build\extras\scripts\libheif-libavif-arm64\libde265\libde265\encoder\algo\algo.vcxproj]
C:\Users\Public\jpegview-arm64-build\extras\third_party\libheif\libde265\libde265/sps.h(156,43): warning C4267: 'return': conversion from 'size_t' to 'int', possible loss of data [C:\Users\Public\jpegview-arm64-build\extras\scripts\libheif-libavif-arm64\libde265\libde265\encoder\algo\algo.vcxproj]
C:\Users\Public\jpegview-arm64-build\extras\third_party\libheif\libde265\libde265/nal-parser.h(64,34): warning C4267: 'return': conversion from 'size_t' to 'int', possible loss of data [C:\Users\Public\jpegview-arm64-build\extras\scripts\libheif-libavif-arm64\libde265\libde265\encoder\algo\algo.vcxproj]
C:\Users\Public\jpegview-arm64-build\extras\third_party\libheif\libde265\libde265/nal-parser.h(112,1): warning C4267: 'initializing': conversion from 'size_t' to 'int', possible loss of data [C:\Users\Public\jpegview-arm64-build\extras\scripts\libheif-libavif-arm64\libde265\libde265\encoder\algo\algo.vcxproj]
C:\Users\Public\jpegview-arm64-build\extras\third_party\libheif\libde265\libde265/nal-parser.h(118,1): warning C4267: 'return': conversion from 'size_t' to 'int', possible loss of data [C:\Users\Public\jpegview-arm64-build\extras\scripts\libheif-libavif-arm64\libde265\libde265\encoder\algo\algo.vcxproj]
C:\Users\Public\jpegview-arm64-build\extras\third_party\libheif\libde265\libde265/nal-parser.h(124,36): warning C4267: 'return': conversion from 'size_t' to 'int', possible loss of data [C:\Users\Public\jpegview-arm64-build\extras\scripts\libheif-libavif-arm64\libde265\libde265\encoder\algo\algo.vcxproj]
C:\Users\Public\jpegview-arm64-build\extras\third_party\libheif\libde265\libde265/image.h(325,1): warning C4267: '=': conversion from 'size_t' to 'int', possible loss of data [C:\Users\Public\jpegview-arm64-build\extras\scripts\libheif-libavif-arm64\libde265\libde265\encoder\algo\algo.vcxproj]
C:\Users\Public\jpegview-arm64-build\extras\third_party\libheif\libde265\libde265/dpb.h(55,20): warning C4267: 'return': conversion from 'size_t' to 'int', possible loss of data [C:\Users\Public\jpegview-arm64-build\extras\scripts\libheif-libavif-arm64\libde265\libde265\encoder\algo\algo.vcxproj]
C:\Users\Public\jpegview-arm64-build\extras\third_party\libheif\libde265\libde265/dpb.h(81,46): warning C4267: 'return': conversion from 'size_t' to 'int', possible loss of data [C:\Users\Public\jpegview-arm64-build\extras\scripts\libheif-libavif-arm64\libde265\libde265\encoder\algo\algo.vcxproj]
C:\Users\Public\jpegview-arm64-build\extras\third_party\libheif\libde265\libde265/dpb.h(92,44): warning C4267: 'return': conversion from 'size_t' to 'int', possible loss of data [C:\Users\Public\jpegview-arm64-build\extras\scripts\libheif-libavif-arm64\libde265\libde265\encoder\algo\algo.vcxproj]
  cb-interpartmode.cc
C:\Users\Public\jpegview-arm64-build\extras\third_party\libheif\libde265\libde265/cabac.h(172,46): warning C4244: 'return': conversion from 'uint64_t' to 'int', possible loss of data [C:\Users\Public\jpegview-arm64-build\extras\scripts\libheif-libavif-arm64\libde265\libde265\encoder\algo\algo.vcxproj]
C:\Users\Public\jpegview-arm64-build\extras\third_party\libheif\libde265\libde265/sps.h(156,43): warning C4267: 'return': conversion from 'size_t' to 'int', possible loss of data [C:\Users\Public\jpegview-arm64-build\extras\scripts\libheif-libavif-arm64\libde265\libde265\encoder\algo\algo.vcxproj]
C:\Users\Public\jpegview-arm64-build\extras\third_party\libheif\libde265\libde265/nal-parser.h(64,34): warning C4267: 'return': conversion from 'size_t' to 'int', possible loss of data [C:\Users\Public\jpegview-arm64-build\extras\scripts\libheif-libavif-arm64\libde265\libde265\encoder\algo\algo.vcxproj]
C:\Users\Public\jpegview-arm64-build\extras\third_party\libheif\libde265\libde265/nal-parser.h(112,1): warning C4267: 'initializing': conversion from 'size_t' to 'int', possible loss of data [C:\Users\Public\jpegview-arm64-build\extras\scripts\libheif-libavif-arm64\libde265\libde265\encoder\algo\algo.vcxproj]
C:\Users\Public\jpegview-arm64-build\extras\third_party\libheif\libde265\libde265/nal-parser.h(118,1): warning C4267: 'return': conversion from 'size_t' to 'int', possible loss of data [C:\Users\Public\jpegview-arm64-build\extras\scripts\libheif-libavif-arm64\libde265\libde265\encoder\algo\algo.vcxproj]
C:\Users\Public\jpegview-arm64-build\extras\third_party\libheif\libde265\libde265/nal-parser.h(124,36): warning C4267: 'return': conversion from 'size_t' to 'int', possible loss of data [C:\Users\Public\jpegview-arm64-build\extras\scripts\libheif-libavif-arm64\libde265\libde265\encoder\algo\algo.vcxproj]
C:\Users\Public\jpegview-arm64-build\extras\third_party\libheif\libde265\libde265/image.h(325,1): warning C4267: '=': conversion from 'size_t' to 'int', possible loss of data [C:\Users\Public\jpegview-arm64-build\extras\scripts\libheif-libavif-arm64\libde265\libde265\encoder\algo\algo.vcxproj]
C:\Users\Public\jpegview-arm64-build\extras\third_party\libheif\libde265\libde265/dpb.h(55,20): warning C4267: 'return': conversion from 'size_t' to 'int', possible loss of data [C:\Users\Public\jpegview-arm64-build\extras\scripts\libheif-libavif-arm64\libde265\libde265\encoder\algo\algo.vcxproj]
C:\Users\Public\jpegview-arm64-build\extras\third_party\libheif\libde265\libde265/dpb.h(81,46): warning C4267: 'return': conversion from 'size_t' to 'int', possible loss of data [C:\Users\Public\jpegview-arm64-build\extras\scripts\libheif-libavif-arm64\libde265\libde265\encoder\algo\algo.vcxproj]
C:\Users\Public\jpegview-arm64-build\extras\third_party\libheif\libde265\libde265/dpb.h(92,44): warning C4267: 'return': conversion from 'size_t' to 'int', possible loss of data [C:\Users\Public\jpegview-arm64-build\extras\scripts\libheif-libavif-arm64\libde265\libde265\encoder\algo\algo.vcxproj]
C:\Users\Public\jpegview-arm64-build\extras\third_party\libheif\libde265\libde265\encoder\algo\cb-interpartmode.cc(43,7): warning C4101: 'nPB': unreferenced local variable [C:\Users\Public\jpegview-arm64-build\extras\scripts\libheif-libavif-arm64\libde265\libde265\encoder\algo\algo.vcxproj]
  cb-skip.cc
C:\Users\Public\jpegview-arm64-build\extras\third_party\libheif\libde265\libde265/cabac.h(172,46): warning C4244: 'return': conversion from 'uint64_t' to 'int', possible loss of data [C:\Users\Public\jpegview-arm64-build\extras\scripts\libheif-libavif-arm64\libde265\libde265\encoder\algo\algo.vcxproj]
C:\Users\Public\jpegview-arm64-build\extras\third_party\libheif\libde265\libde265/sps.h(156,43): warning C4267: 'return': conversion from 'size_t' to 'int', possible loss of data [C:\Users\Public\jpegview-arm64-build\extras\scripts\libheif-libavif-arm64\libde265\libde265\encoder\algo\algo.vcxproj]
C:\Users\Public\jpegview-arm64-build\extras\third_party\libheif\libde265\libde265/nal-parser.h(64,34): warning C4267: 'return': conversion from 'size_t' to 'int', possible loss of data [C:\Users\Public\jpegview-arm64-build\extras\scripts\libheif-libavif-arm64\libde265\libde265\encoder\algo\algo.vcxproj]
C:\Users\Public\jpegview-arm64-build\extras\third_party\libheif\libde265\libde265/nal-parser.h(112,1): warning C4267: 'initializing': conversion from 'size_t' to 'int', possible loss of data [C:\Users\Public\jpegview-arm64-build\extras\scripts\libheif-libavif-arm64\libde265\libde265\encoder\algo\algo.vcxproj]
C:\Users\Public\jpegview-arm64-build\extras\third_party\libheif\libde265\libde265/nal-parser.h(118,1): warning C4267: 'return': conversion from 'size_t' to 'int', possible loss of data [C:\Users\Public\jpegview-arm64-build\extras\scripts\libheif-libavif-arm64\libde265\libde265\encoder\algo\algo.vcxproj]
C:\Users\Public\jpegview-arm64-build\extras\third_party\libheif\libde265\libde265/nal-parser.h(124,36): warning C4267: 'return': conversion from 'size_t' to 'int', possible loss of data [C:\Users\Public\jpegview-arm64-build\extras\scripts\libheif-libavif-arm64\libde265\libde265\encoder\algo\algo.vcxproj]
C:\Users\Public\jpegview-arm64-build\extras\third_party\libheif\libde265\libde265/image.h(325,1): warning C4267: '=': conversion from 'size_t' to 'int', possible loss of data [C:\Users\Public\jpegview-arm64-build\extras\scripts\libheif-libavif-arm64\libde265\libde265\encoder\algo\algo.vcxproj]
C:\Users\Public\jpegview-arm64-build\extras\third_party\libheif\libde265\libde265/dpb.h(55,20): warning C4267: 'return': conversion from 'size_t' to 'int', possible loss of data [C:\Users\Public\jpegview-arm64-build\extras\scripts\libheif-libavif-arm64\libde265\libde265\encoder\algo\algo.vcxproj]
C:\Users\Public\jpegview-arm64-build\extras\third_party\libheif\libde265\libde265/dpb.h(81,46): warning C4267: 'return': conversion from 'size_t' to 'int', possible loss of data [C:\Users\Public\jpegview-arm64-build\extras\scripts\libheif-libavif-arm64\libde265\libde265\encoder\algo\algo.vcxproj]
C:\Users\Public\jpegview-arm64-build\extras\third_party\libheif\libde265\libde265/dpb.h(92,44): warning C4267: 'return': conversion from 'size_t' to 'int', possible loss of data [C:\Users\Public\jpegview-arm64-build\extras\scripts\libheif-libavif-arm64\libde265\libde265\encoder\algo\algo.vcxproj]
  cb-intra-inter.cc
C:\Users\Public\jpegview-arm64-build\extras\third_party\libheif\libde265\libde265/cabac.h(172,46): warning C4244: 'return': conversion from 'uint64_t' to 'int', possible loss of data [C:\Users\Public\jpegview-arm64-build\extras\scripts\libheif-libavif-arm64\libde265\libde265\encoder\algo\algo.vcxproj]
C:\Users\Public\jpegview-arm64-build\extras\third_party\libheif\libde265\libde265/sps.h(156,43): warning C4267: 'return': conversion from 'size_t' to 'int', possible loss of data [C:\Users\Public\jpegview-arm64-build\extras\scripts\libheif-libavif-arm64\libde265\libde265\encoder\algo\algo.vcxproj]
C:\Users\Public\jpegview-arm64-build\extras\third_party\libheif\libde265\libde265/nal-parser.h(64,34): warning C4267: 'return': conversion from 'size_t' to 'int', possible loss of data [C:\Users\Public\jpegview-arm64-build\extras\scripts\libheif-libavif-arm64\libde265\libde265\encoder\algo\algo.vcxproj]
C:\Users\Public\jpegview-arm64-build\extras\third_party\libheif\libde265\libde265/nal-parser.h(112,1): warning C4267: 'initializing': conversion from 'size_t' to 'int', possible loss of data [C:\Users\Public\jpegview-arm64-build\extras\scripts\libheif-libavif-arm64\libde265\libde265\encoder\algo\algo.vcxproj]
C:\Users\Public\jpegview-arm64-build\extras\third_party\libheif\libde265\libde265/nal-parser.h(118,1): warning C4267: 'return': conversion from 'size_t' to 'int', possible loss of data [C:\Users\Public\jpegview-arm64-build\extras\scripts\libheif-libavif-arm64\libde265\libde265\encoder\algo\algo.vcxproj]
C:\Users\Public\jpegview-arm64-build\extras\third_party\libheif\libde265\libde265/nal-parser.h(124,36): warning C4267: 'return': conversion from 'size_t' to 'int', possible loss of data [C:\Users\Public\jpegview-arm64-build\extras\scripts\libheif-libavif-arm64\libde265\libde265\encoder\algo\algo.vcxproj]
C:\Users\Public\jpegview-arm64-build\extras\third_party\libheif\libde265\libde265/image.h(325,1): warning C4267: '=': conversion from 'size_t' to 'int', possible loss of data [C:\Users\Public\jpegview-arm64-build\extras\scripts\libheif-libavif-arm64\libde265\libde265\encoder\algo\algo.vcxproj]
C:\Users\Public\jpegview-arm64-build\extras\third_party\libheif\libde265\libde265/dpb.h(55,20): warning C4267: 'return': conversion from 'size_t' to 'int', possible loss of data [C:\Users\Public\jpegview-arm64-build\extras\scripts\libheif-libavif-arm64\libde265\libde265\encoder\algo\algo.vcxproj]
C:\Users\Public\jpegview-arm64-build\extras\third_party\libheif\libde265\libde265/dpb.h(81,46): warning C4267: 'return': conversion from 'size_t' to 'int', possible loss of data [C:\Users\Public\jpegview-arm64-build\extras\scripts\libheif-libavif-arm64\libde265\libde265\encoder\algo\algo.vcxproj]
C:\Users\Public\jpegview-arm64-build\extras\third_party\libheif\libde265\libde265/dpb.h(92,44): warning C4267: 'return': conversion from 'size_t' to 'int', possible loss of data [C:\Users\Public\jpegview-arm64-build\extras\scripts\libheif-libavif-arm64\libde265\libde265\encoder\algo\algo.vcxproj]
  cb-mergeindex.cc
C:\Users\Public\jpegview-arm64-build\extras\third_party\libheif\libde265\libde265/cabac.h(172,46): warning C4244: 'return': conversion from 'uint64_t' to 'int', possible loss of data [C:\Users\Public\jpegview-arm64-build\extras\scripts\libheif-libavif-arm64\libde265\libde265\encoder\algo\algo.vcxproj]
C:\Users\Public\jpegview-arm64-build\extras\third_party\libheif\libde265\libde265/sps.h(156,43): warning C4267: 'return': conversion from 'size_t' to 'int', possible loss of data [C:\Users\Public\jpegview-arm64-build\extras\scripts\libheif-libavif-arm64\libde265\libde265\encoder\algo\algo.vcxproj]
C:\Users\Public\jpegview-arm64-build\extras\third_party\libheif\libde265\libde265/nal-parser.h(64,34): warning C4267: 'return': conversion from 'size_t' to 'int', possible loss of data [C:\Users\Public\jpegview-arm64-build\extras\scripts\libheif-libavif-arm64\libde265\libde265\encoder\algo\algo.vcxproj]
C:\Users\Public\jpegview-arm64-build\extras\third_party\libheif\libde265\libde265/nal-parser.h(112,1): warning C4267: 'initializing': conversion from 'size_t' to 'int', possible loss of data [C:\Users\Public\jpegview-arm64-build\extras\scripts\libheif-libavif-arm64\libde265\libde265\encoder\algo\algo.vcxproj]
C:\Users\Public\jpegview-arm64-build\extras\third_party\libheif\libde265\libde265/nal-parser.h(118,1): warning C4267: 'return': conversion from 'size_t' to 'int', possible loss of data [C:\Users\Public\jpegview-arm64-build\extras\scripts\libheif-libavif-arm64\libde265\libde265\encoder\algo\algo.vcxproj]
C:\Users\Public\jpegview-arm64-build\extras\third_party\libheif\libde265\libde265/nal-parser.h(124,36): warning C4267: 'return': conversion from 'size_t' to 'int', possible loss of data [C:\Users\Public\jpegview-arm64-build\extras\scripts\libheif-libavif-arm64\libde265\libde265\encoder\algo\algo.vcxproj]
C:\Users\Public\jpegview-arm64-build\extras\third_party\libheif\libde265\libde265/image.h(325,1): warning C4267: '=': conversion from 'size_t' to 'int', possible loss of data [C:\Users\Public\jpegview-arm64-build\extras\scripts\libheif-libavif-arm64\libde265\libde265\encoder\algo\algo.vcxproj]
C:\Users\Public\jpegview-arm64-build\extras\third_party\libheif\libde265\libde265/dpb.h(55,20): warning C4267: 'return': conversion from 'size_t' to 'int', possible loss of data [C:\Users\Public\jpegview-arm64-build\extras\scripts\libheif-libavif-arm64\libde265\libde265\encoder\algo\algo.vcxproj]
C:\Users\Public\jpegview-arm64-build\extras\third_party\libheif\libde265\libde265/dpb.h(81,46): warning C4267: 'return': conversion from 'size_t' to 'int', possible loss of data [C:\Users\Public\jpegview-arm64-build\extras\scripts\libheif-libavif-arm64\libde265\libde265\encoder\algo\algo.vcxproj]
C:\Users\Public\jpegview-arm64-build\extras\third_party\libheif\libde265\libde265/dpb.h(92,44): warning C4267: 'return': conversion from 'size_t' to 'int', possible loss of data [C:\Users\Public\jpegview-arm64-build\extras\scripts\libheif-libavif-arm64\libde265\libde265\encoder\algo\algo.vcxproj]
C:\Users\Public\jpegview-arm64-build\extras\third_party\libheif\libde265\libde265\encoder\algo\cb-mergeindex.cc(170,44): warning C4244: '=': conversion from 'uint32_t' to 'float', possible loss of data [C:\Users\Public\jpegview-arm64-build\extras\scripts\libheif-libavif-arm64\libde265\libde265\encoder\algo\algo.vcxproj]
  tb-split.cc
C:\Users\Public\jpegview-arm64-build\extras\third_party\libheif\libde265\libde265/cabac.h(172,46): warning C4244: 'return': conversion from 'uint64_t' to 'int', possible loss of data [C:\Users\Public\jpegview-arm64-build\extras\scripts\libheif-libavif-arm64\libde265\libde265\encoder\algo\algo.vcxproj]
C:\Users\Public\jpegview-arm64-build\extras\third_party\libheif\libde265\libde265/sps.h(156,43): warning C4267: 'return': conversion from 'size_t' to 'int', possible loss of data [C:\Users\Public\jpegview-arm64-build\extras\scripts\libheif-libavif-arm64\libde265\libde265\encoder\algo\algo.vcxproj]
C:\Users\Public\jpegview-arm64-build\extras\third_party\libheif\libde265\libde265/nal-parser.h(64,34): warning C4267: 'return': conversion from 'size_t' to 'int', possible loss of data [C:\Users\Public\jpegview-arm64-build\extras\scripts\libheif-libavif-arm64\libde265\libde265\encoder\algo\algo.vcxproj]
C:\Users\Public\jpegview-arm64-build\extras\third_party\libheif\libde265\libde265/nal-parser.h(112,1): warning C4267: 'initializing': conversion from 'size_t' to 'int', possible loss of data [C:\Users\Public\jpegview-arm64-build\extras\scripts\libheif-libavif-arm64\libde265\libde265\encoder\algo\algo.vcxproj]
C:\Users\Public\jpegview-arm64-build\extras\third_party\libheif\libde265\libde265/nal-parser.h(118,1): warning C4267: 'return': conversion from 'size_t' to 'int', possible loss of data [C:\Users\Public\jpegview-arm64-build\extras\scripts\libheif-libavif-arm64\libde265\libde265\encoder\algo\algo.vcxproj]
C:\Users\Public\jpegview-arm64-build\extras\third_party\libheif\libde265\libde265/nal-parser.h(124,36): warning C4267: 'return': conversion from 'size_t' to 'int', possible loss of data [C:\Users\Public\jpegview-arm64-build\extras\scripts\libheif-libavif-arm64\libde265\libde265\encoder\algo\algo.vcxproj]
C:\Users\Public\jpegview-arm64-build\extras\third_party\libheif\libde265\libde265/image.h(325,1): warning C4267: '=': conversion from 'size_t' to 'int', possible loss of data [C:\Users\Public\jpegview-arm64-build\extras\scripts\libheif-libavif-arm64\libde265\libde265\encoder\algo\algo.vcxproj]
C:\Users\Public\jpegview-arm64-build\extras\third_party\libheif\libde265\libde265/dpb.h(55,20): warning C4267: 'return': conversion from 'size_t' to 'int', possible loss of data [C:\Users\Public\jpegview-arm64-build\extras\scripts\libheif-libavif-arm64\libde265\libde265\encoder\algo\algo.vcxproj]
C:\Users\Public\jpegview-arm64-build\extras\third_party\libheif\libde265\libde265/dpb.h(81,46): warning C4267: 'return': conversion from 'size_t' to 'int', possible loss of data [C:\Users\Public\jpegview-arm64-build\extras\scripts\libheif-libavif-arm64\libde265\libde265\encoder\algo\algo.vcxproj]
C:\Users\Public\jpegview-arm64-build\extras\third_party\libheif\libde265\libde265/dpb.h(92,44): warning C4267: 'return': conversion from 'size_t' to 'int', possible loss of data [C:\Users\Public\jpegview-arm64-build\extras\scripts\libheif-libavif-arm64\libde265\libde265\encoder\algo\algo.vcxproj]
C:\Program Files\Microsoft Visual Studio\18\Enterprise\VC\Tools\MSVC\14.29.30133\include\xutility(149,1): warning C4267: 'argument': conversion from 'size_t' to 'int', possible loss of data [C:\Users\Public\jpegview-arm64-build\extras\scripts\libheif-libavif-arm64\libde265\libde265\encoder\algo\algo.vcxproj]
C:\Program Files\Microsoft Visual Studio\18\Enterprise\VC\Tools\MSVC\14.29.30133\include\memory(2014): message : see reference to function template instantiation 'void std::_Construct_in_place<_Ty,int&,unsigned __int64>(_Ty &,int &,unsigned __int64 &&) noexcept(false)' being compiled [C:\Users\Public\jpegview-arm64-build\extras\scripts\libheif-libavif-arm64\libde265\libde265\encoder\algo\algo.vcxproj]
          with
          [
              _Ty=small_image_buffer
          ]
C:\Program Files\Microsoft Visual Studio\18\Enterprise\VC\Tools\MSVC\14.29.30133\include\memory(2726): message : see reference to function template instantiation 'std::_Ref_count_obj2<_Ty>::_Ref_count_obj2<int&,unsigned __int64>(int &,unsigned __int64 &&)' being compiled [C:\Users\Public\jpegview-arm64-build\extras\scripts\libheif-libavif-arm64\libde265\libde265\encoder\algo\algo.vcxproj]
          with
          [
              _Ty=small_image_buffer
          ]
C:\Program Files\Microsoft Visual Studio\18\Enterprise\VC\Tools\MSVC\14.29.30133\include\memory(2726): message : see reference to function template instantiation 'std::_Ref_count_obj2<_Ty>::_Ref_count_obj2<int&,unsigned __int64>(int &,unsigned __int64 &&)' being compiled [C:\Users\Public\jpegview-arm64-build\extras\scripts\libheif-libavif-arm64\libde265\libde265\encoder\algo\algo.vcxproj]
          with
          [
              _Ty=small_image_buffer
          ]
C:\Users\Public\jpegview-arm64-build\extras\third_party\libheif\libde265\libde265\encoder\algo\tb-split.cc(111): message : see reference to function template instantiation 'std::shared_ptr<small_image_buffer> std::make_shared<small_image_buffer,int&,size_t>(int &,size_t &&)' being compiled [C:\Users\Public\jpegview-arm64-build\extras\scripts\libheif-libavif-arm64\libde265\libde265\encoder\algo\algo.vcxproj]
C:\Users\Public\jpegview-arm64-build\extras\third_party\libheif\libde265\libde265\encoder\algo\tb-split.cc(138): message : see reference to function template instantiation 'void compute_residual_channel<pixel_t>(encoder_context *,enc_tb *,const de265_image *,int,int,int,int)' being compiled [C:\Users\Public\jpegview-arm64-build\extras\scripts\libheif-libavif-arm64\libde265\libde265\encoder\algo\algo.vcxproj]
          with
          [
              pixel_t=uint8_t
          ]
C:\Users\Public\jpegview-arm64-build\extras\third_party\libheif\libde265\libde265\encoder\algo\tb-split.cc(208): message : see reference to function template instantiation 'void compute_residual<uint8_t>(encoder_context *,enc_tb *,const de265_image *,int)' being compiled [C:\Users\Public\jpegview-arm64-build\extras\scripts\libheif-libavif-arm64\libde265\libde265\encoder\algo\algo.vcxproj]
  tb-transform.cc
C:\Users\Public\jpegview-arm64-build\extras\third_party\libheif\libde265\libde265/cabac.h(172,46): warning C4244: 'return': conversion from 'uint64_t' to 'int', possible loss of data [C:\Users\Public\jpegview-arm64-build\extras\scripts\libheif-libavif-arm64\libde265\libde265\encoder\algo\algo.vcxproj]
C:\Users\Public\jpegview-arm64-build\extras\third_party\libheif\libde265\libde265/sps.h(156,43): warning C4267: 'return': conversion from 'size_t' to 'int', possible loss of data [C:\Users\Public\jpegview-arm64-build\extras\scripts\libheif-libavif-arm64\libde265\libde265\encoder\algo\algo.vcxproj]
C:\Users\Public\jpegview-arm64-build\extras\third_party\libheif\libde265\libde265/nal-parser.h(64,34): warning C4267: 'return': conversion from 'size_t' to 'int', possible loss of data [C:\Users\Public\jpegview-arm64-build\extras\scripts\libheif-libavif-arm64\libde265\libde265\encoder\algo\algo.vcxproj]
C:\Users\Public\jpegview-arm64-build\extras\third_party\libheif\libde265\libde265/nal-parser.h(112,1): warning C4267: 'initializing': conversion from 'size_t' to 'int', possible loss of data [C:\Users\Public\jpegview-arm64-build\extras\scripts\libheif-libavif-arm64\libde265\libde265\encoder\algo\algo.vcxproj]
C:\Users\Public\jpegview-arm64-build\extras\third_party\libheif\libde265\libde265/nal-parser.h(118,1): warning C4267: 'return': conversion from 'size_t' to 'int', possible loss of data [C:\Users\Public\jpegview-arm64-build\extras\scripts\libheif-libavif-arm64\libde265\libde265\encoder\algo\algo.vcxproj]
C:\Users\Public\jpegview-arm64-build\extras\third_party\libheif\libde265\libde265/nal-parser.h(124,36): warning C4267: 'return': conversion from 'size_t' to 'int', possible loss of data [C:\Users\Public\jpegview-arm64-build\extras\scripts\libheif-libavif-arm64\libde265\libde265\encoder\algo\algo.vcxproj]
C:\Users\Public\jpegview-arm64-build\extras\third_party\libheif\libde265\libde265/image.h(325,1): warning C4267: '=': conversion from 'size_t' to 'int', possible loss of data [C:\Users\Public\jpegview-arm64-build\extras\scripts\libheif-libavif-arm64\libde265\libde265\encoder\algo\algo.vcxproj]
C:\Users\Public\jpegview-arm64-build\extras\third_party\libheif\libde265\libde265/dpb.h(55,20): warning C4267: 'return': conversion from 'size_t' to 'int', possible loss of data [C:\Users\Public\jpegview-arm64-build\extras\scripts\libheif-libavif-arm64\libde265\libde265\encoder\algo\algo.vcxproj]
C:\Users\Public\jpegview-arm64-build\extras\third_party\libheif\libde265\libde265/dpb.h(81,46): warning C4267: 'return': conversion from 'size_t' to 'int', possible loss of data [C:\Users\Public\jpegview-arm64-build\extras\scripts\libheif-libavif-arm64\libde265\libde265\encoder\algo\algo.vcxproj]
C:\Users\Public\jpegview-arm64-build\extras\third_party\libheif\libde265\libde265/dpb.h(92,44): warning C4267: 'return': conversion from 'size_t' to 'int', possible loss of data [C:\Users\Public\jpegview-arm64-build\extras\scripts\libheif-libavif-arm64\libde265\libde265\encoder\algo\algo.vcxproj]
C:\Users\Public\jpegview-arm64-build\extras\third_party\libheif\libde265\libde265\encoder\algo\tb-transform.cc(73,11): warning C4101: 'blk': unreferenced local variable [C:\Users\Public\jpegview-arm64-build\extras\scripts\libheif-libavif-arm64\libde265\libde265\encoder\algo\algo.vcxproj]
C:\Users\Public\jpegview-arm64-build\extras\third_party\libheif\libde265\libde265\encoder\algo\tb-transform.cc(248,23): warning C4244: '=': conversion from 'uint32_t' to 'float', possible loss of data [C:\Users\Public\jpegview-arm64-build\extras\scripts\libheif-libavif-arm64\libde265\libde265\encoder\algo\algo.vcxproj]
  tb-intrapredmode.cc
C:\Users\Public\jpegview-arm64-build\extras\third_party\libheif\libde265\libde265/cabac.h(172,46): warning C4244: 'return': conversion from 'uint64_t' to 'int', possible loss of data [C:\Users\Public\jpegview-arm64-build\extras\scripts\libheif-libavif-arm64\libde265\libde265\encoder\algo\algo.vcxproj]
C:\Users\Public\jpegview-arm64-build\extras\third_party\libheif\libde265\libde265/sps.h(156,43): warning C4267: 'return': conversion from 'size_t' to 'int', possible loss of data [C:\Users\Public\jpegview-arm64-build\extras\scripts\libheif-libavif-arm64\libde265\libde265\encoder\algo\algo.vcxproj]
C:\Users\Public\jpegview-arm64-build\extras\third_party\libheif\libde265\libde265/image.h(325,1): warning C4267: '=': conversion from 'size_t' to 'int', possible loss of data [C:\Users\Public\jpegview-arm64-build\extras\scripts\libheif-libavif-arm64\libde265\libde265\encoder\algo\algo.vcxproj]
C:\Users\Public\jpegview-arm64-build\extras\third_party\libheif\libde265\libde265/dpb.h(55,20): warning C4267: 'return': conversion from 'size_t' to 'int', possible loss of data [C:\Users\Public\jpegview-arm64-build\extras\scripts\libheif-libavif-arm64\libde265\libde265\encoder\algo\algo.vcxproj]
C:\Users\Public\jpegview-arm64-build\extras\third_party\libheif\libde265\libde265/dpb.h(81,46): warning C4267: 'return': conversion from 'size_t' to 'int', possible loss of data [C:\Users\Public\jpegview-arm64-build\extras\scripts\libheif-libavif-arm64\libde265\libde265\encoder\algo\algo.vcxproj]
C:\Users\Public\jpegview-arm64-build\extras\third_party\libheif\libde265\libde265/dpb.h(92,44): warning C4267: 'return': conversion from 'size_t' to 'int', possible loss of data [C:\Users\Public\jpegview-arm64-build\extras\scripts\libheif-libavif-arm64\libde265\libde265\encoder\algo\algo.vcxproj]
C:\Users\Public\jpegview-arm64-build\extras\third_party\libheif\libde265\libde265/nal-parser.h(64,34): warning C4267: 'return': conversion from 'size_t' to 'int', possible loss of data [C:\Users\Public\jpegview-arm64-build\extras\scripts\libheif-libavif-arm64\libde265\libde265\encoder\algo\algo.vcxproj]
C:\Users\Public\jpegview-arm64-build\extras\third_party\libheif\libde265\libde265/nal-parser.h(112,1): warning C4267: 'initializing': conversion from 'size_t' to 'int', possible loss of data [C:\Users\Public\jpegview-arm64-build\extras\scripts\libheif-libavif-arm64\libde265\libde265\encoder\algo\algo.vcxproj]
C:\Users\Public\jpegview-arm64-build\extras\third_party\libheif\libde265\libde265/nal-parser.h(118,1): warning C4267: 'return': conversion from 'size_t' to 'int', possible loss of data [C:\Users\Public\jpegview-arm64-build\extras\scripts\libheif-libavif-arm64\libde265\libde265\encoder\algo\algo.vcxproj]
C:\Users\Public\jpegview-arm64-build\extras\third_party\libheif\libde265\libde265/nal-parser.h(124,36): warning C4267: 'return': conversion from 'size_t' to 'int', possible loss of data [C:\Users\Public\jpegview-arm64-build\extras\scripts\libheif-libavif-arm64\libde265\libde265\encoder\algo\algo.vcxproj]
C:\Users\Public\jpegview-arm64-build\extras\third_party\libheif\libde265\libde265\encoder\algo\tb-intrapredmode.cc(86,17): warning C4244: 'return': conversion from 'uint32_t' to 'float', possible loss of data [C:\Users\Public\jpegview-arm64-build\extras\scripts\libheif-libavif-arm64\libde265\libde265\encoder\algo\algo.vcxproj]
C:\Users\Public\jpegview-arm64-build\extras\third_party\libheif\libde265\libde265\encoder\algo\tb-intrapredmode.cc(94,17): warning C4244: 'return': conversion from 'uint32_t' to 'float', possible loss of data [C:\Users\Public\jpegview-arm64-build\extras\scripts\libheif-libavif-arm64\libde265\libde265\encoder\algo\algo.vcxproj]
C:\Users\Public\jpegview-arm64-build\extras\third_party\libheif\libde265\libde265\encoder\algo\tb-intrapredmode.cc(81,9): warning C4101: 'distortion': unreferenced local variable [C:\Users\Public\jpegview-arm64-build\extras\scripts\libheif-libavif-arm64\libde265\libde265\encoder\algo\algo.vcxproj]
C:\Users\Public\jpegview-arm64-build\extras\third_party\libheif\libde265\libde265\encoder\algo\tb-intrapredmode.cc(419,11): warning C4101: 'minCandCost': unreferenced local variable [C:\Users\Public\jpegview-arm64-build\extras\scripts\libheif-libavif-arm64\libde265\libde265\encoder\algo\algo.vcxproj]
C:\Program Files\Microsoft Visual Studio\18\Enterprise\VC\Tools\MSVC\14.29.30133\include\utility(242,61): warning C4244: 'initializing': conversion from '_Ty' to '_Ty2', possible loss of data [C:\Users\Public\jpegview-arm64-build\extras\scripts\libheif-libavif-arm64\libde265\libde265\encoder\algo\algo.vcxproj]
          with
          [
              _Ty=int
          ]
          and
          [
              _Ty2=float
          ]
C:\Users\Public\jpegview-arm64-build\extras\third_party\libheif\libde265\libde265\encoder\algo\tb-intrapredmode.cc(459): message : see reference to function template instantiation 'std::pair<IntraPredMode,float>::pair<IntraPredMode,int,0>(std::pair<IntraPredMode,int> &&) noexcept' being compiled [C:\Users\Public\jpegview-arm64-build\extras\scripts\libheif-libavif-arm64\libde265\libde265\encoder\algo\algo.vcxproj]
C:\Users\Public\jpegview-arm64-build\extras\third_party\libheif\libde265\libde265\encoder\algo\tb-intrapredmode.cc(459): message : see reference to function template instantiation 'std::pair<IntraPredMode,float>::pair<IntraPredMode,int,0>(std::pair<IntraPredMode,int> &&) noexcept' being compiled [C:\Users\Public\jpegview-arm64-build\extras\scripts\libheif-libavif-arm64\libde265\libde265\encoder\algo\algo.vcxproj]
C:\Program Files\Microsoft Visual Studio\18\Enterprise\VC\Tools\MSVC\14.29.30133\include\xutility(149,1): warning C4267: 'argument': conversion from 'size_t' to 'int', possible loss of data [C:\Users\Public\jpegview-arm64-build\extras\scripts\libheif-libavif-arm64\libde265\libde265\encoder\algo\algo.vcxproj]
C:\Program Files\Microsoft Visual Studio\18\Enterprise\VC\Tools\MSVC\14.29.30133\include\memory(2014): message : see reference to function template instantiation 'void std::_Construct_in_place<_Ty,int&,unsigned __int64>(_Ty &,int &,unsigned __int64 &&) noexcept(false)' being compiled [C:\Users\Public\jpegview-arm64-build\extras\scripts\libheif-libavif-arm64\libde265\libde265\encoder\algo\algo.vcxproj]
          with
          [
              _Ty=small_image_buffer
          ]
C:\Program Files\Microsoft Visual Studio\18\Enterprise\VC\Tools\MSVC\14.29.30133\include\memory(2726): message : see reference to function template instantiation 'std::_Ref_count_obj2<_Ty>::_Ref_count_obj2<int&,unsigned __int64>(int &,unsigned __int64 &&)' being compiled [C:\Users\Public\jpegview-arm64-build\extras\scripts\libheif-libavif-arm64\libde265\libde265\encoder\algo\algo.vcxproj]
          with
          [
              _Ty=small_image_buffer
          ]
C:\Program Files\Microsoft Visual Studio\18\Enterprise\VC\Tools\MSVC\14.29.30133\include\memory(2726): message : see reference to function template instantiation 'std::_Ref_count_obj2<_Ty>::_Ref_count_obj2<int&,unsigned __int64>(int &,unsigned __int64 &&)' being compiled [C:\Users\Public\jpegview-arm64-build\extras\scripts\libheif-libavif-arm64\libde265\libde265\encoder\algo\algo.vcxproj]
          with
          [
              _Ty=small_image_buffer
          ]
C:\Users\Public\jpegview-arm64-build\extras\third_party\libheif\libde265\libde265\encoder\algo\tb-intrapredmode.cc(315): message : see reference to function template instantiation 'std::shared_ptr<small_image_buffer> std::make_shared<small_image_buffer,int&,size_t>(int &,size_t &&)' being compiled [C:\Users\Public\jpegview-arm64-build\extras\scripts\libheif-libavif-arm64\libde265\libde265\encoder\algo\algo.vcxproj]
  tb-rateestim.cc
C:\Users\Public\jpegview-arm64-build\extras\third_party\libheif\libde265\libde265/cabac.h(172,46): warning C4244: 'return': conversion from 'uint64_t' to 'int', possible loss of data [C:\Users\Public\jpegview-arm64-build\extras\scripts\libheif-libavif-arm64\libde265\libde265\encoder\algo\algo.vcxproj]
C:\Users\Public\jpegview-arm64-build\extras\third_party\libheif\libde265\libde265/sps.h(156,43): warning C4267: 'return': conversion from 'size_t' to 'int', possible loss of data [C:\Users\Public\jpegview-arm64-build\extras\scripts\libheif-libavif-arm64\libde265\libde265\encoder\algo\algo.vcxproj]
C:\Users\Public\jpegview-arm64-build\extras\third_party\libheif\libde265\libde265/nal-parser.h(64,34): warning C4267: 'return': conversion from 'size_t' to 'int', possible loss of data [C:\Users\Public\jpegview-arm64-build\extras\scripts\libheif-libavif-arm64\libde265\libde265\encoder\algo\algo.vcxproj]
C:\Users\Public\jpegview-arm64-build\extras\third_party\libheif\libde265\libde265/nal-parser.h(112,1): warning C4267: 'initializing': conversion from 'size_t' to 'int', possible loss of data [C:\Users\Public\jpegview-arm64-build\extras\scripts\libheif-libavif-arm64\libde265\libde265\encoder\algo\algo.vcxproj]
C:\Users\Public\jpegview-arm64-build\extras\third_party\libheif\libde265\libde265/nal-parser.h(118,1): warning C4267: 'return': conversion from 'size_t' to 'int', possible loss of data [C:\Users\Public\jpegview-arm64-build\extras\scripts\libheif-libavif-arm64\libde265\libde265\encoder\algo\algo.vcxproj]
C:\Users\Public\jpegview-arm64-build\extras\third_party\libheif\libde265\libde265/nal-parser.h(124,36): warning C4267: 'return': conversion from 'size_t' to 'int', possible loss of data [C:\Users\Public\jpegview-arm64-build\extras\scripts\libheif-libavif-arm64\libde265\libde265\encoder\algo\algo.vcxproj]
C:\Users\Public\jpegview-arm64-build\extras\third_party\libheif\libde265\libde265/image.h(325,1): warning C4267: '=': conversion from 'size_t' to 'int', possible loss of data [C:\Users\Public\jpegview-arm64-build\extras\scripts\libheif-libavif-arm64\libde265\libde265\encoder\algo\algo.vcxproj]
C:\Users\Public\jpegview-arm64-build\extras\third_party\libheif\libde265\libde265/dpb.h(55,20): warning C4267: 'return': conversion from 'size_t' to 'int', possible loss of data [C:\Users\Public\jpegview-arm64-build\extras\scripts\libheif-libavif-arm64\libde265\libde265\encoder\algo\algo.vcxproj]
C:\Users\Public\jpegview-arm64-build\extras\third_party\libheif\libde265\libde265/dpb.h(81,46): warning C4267: 'return': conversion from 'size_t' to 'int', possible loss of data [C:\Users\Public\jpegview-arm64-build\extras\scripts\libheif-libavif-arm64\libde265\libde265\encoder\algo\algo.vcxproj]
C:\Users\Public\jpegview-arm64-build\extras\third_party\libheif\libde265\libde265/dpb.h(92,44): warning C4267: 'return': conversion from 'size_t' to 'int', possible loss of data [C:\Users\Public\jpegview-arm64-build\extras\scripts\libheif-libavif-arm64\libde265\libde265\encoder\algo\algo.vcxproj]
  pb-mv.cc
C:\Users\Public\jpegview-arm64-build\extras\third_party\libheif\libde265\libde265/cabac.h(172,46): warning C4244: 'return': conversion from 'uint64_t' to 'int', possible loss of data [C:\Users\Public\jpegview-arm64-build\extras\scripts\libheif-libavif-arm64\libde265\libde265\encoder\algo\algo.vcxproj]
C:\Users\Public\jpegview-arm64-build\extras\third_party\libheif\libde265\libde265/sps.h(156,43): warning C4267: 'return': conversion from 'size_t' to 'int', possible loss of data [C:\Users\Public\jpegview-arm64-build\extras\scripts\libheif-libavif-arm64\libde265\libde265\encoder\algo\algo.vcxproj]
C:\Users\Public\jpegview-arm64-build\extras\third_party\libheif\libde265\libde265/nal-parser.h(64,34): warning C4267: 'return': conversion from 'size_t' to 'int', possible loss of data [C:\Users\Public\jpegview-arm64-build\extras\scripts\libheif-libavif-arm64\libde265\libde265\encoder\algo\algo.vcxproj]
C:\Users\Public\jpegview-arm64-build\extras\third_party\libheif\libde265\libde265/nal-parser.h(112,1): warning C4267: 'initializing': conversion from 'size_t' to 'int', possible loss of data [C:\Users\Public\jpegview-arm64-build\extras\scripts\libheif-libavif-arm64\libde265\libde265\encoder\algo\algo.vcxproj]
C:\Users\Public\jpegview-arm64-build\extras\third_party\libheif\libde265\libde265/nal-parser.h(118,1): warning C4267: 'return': conversion from 'size_t' to 'int', possible loss of data [C:\Users\Public\jpegview-arm64-build\extras\scripts\libheif-libavif-arm64\libde265\libde265\encoder\algo\algo.vcxproj]
C:\Users\Public\jpegview-arm64-build\extras\third_party\libheif\libde265\libde265/nal-parser.h(124,36): warning C4267: 'return': conversion from 'size_t' to 'int', possible loss of data [C:\Users\Public\jpegview-arm64-build\extras\scripts\libheif-libavif-arm64\libde265\libde265\encoder\algo\algo.vcxproj]
C:\Users\Public\jpegview-arm64-build\extras\third_party\libheif\libde265\libde265/image.h(325,1): warning C4267: '=': conversion from 'size_t' to 'int', possible loss of data [C:\Users\Public\jpegview-arm64-build\extras\scripts\libheif-libavif-arm64\libde265\libde265\encoder\algo\algo.vcxproj]
C:\Users\Public\jpegview-arm64-build\extras\third_party\libheif\libde265\libde265/dpb.h(55,20): warning C4267: 'return': conversion from 'size_t' to 'int', possible loss of data [C:\Users\Public\jpegview-arm64-build\extras\scripts\libheif-libavif-arm64\libde265\libde265\encoder\algo\algo.vcxproj]
C:\Users\Public\jpegview-arm64-build\extras\third_party\libheif\libde265\libde265/dpb.h(81,46): warning C4267: 'return': conversion from 'size_t' to 'int', possible loss of data [C:\Users\Public\jpegview-arm64-build\extras\scripts\libheif-libavif-arm64\libde265\libde265\encoder\algo\algo.vcxproj]
C:\Users\Public\jpegview-arm64-build\extras\third_party\libheif\libde265\libde265/dpb.h(92,44): warning C4267: 'return': conversion from 'size_t' to 'int', possible loss of data [C:\Users\Public\jpegview-arm64-build\extras\scripts\libheif-libavif-arm64\libde265\libde265\encoder\algo\algo.vcxproj]
C:\Users\Public\jpegview-arm64-build\extras\third_party\libheif\libde265\libde265\encoder\algo\pb-mv.cc(244,18): warning C4244: 'initializing': conversion from 'double' to 'int', possible loss of data [C:\Users\Public\jpegview-arm64-build\extras\scripts\libheif-libavif-arm64\libde265\libde265\encoder\algo\algo.vcxproj]
C:\Users\Public\jpegview-arm64-build\extras\third_party\libheif\libde265\libde265\encoder\algo\pb-mv.cc(246,30): warning C4244: '+=': conversion from 'double' to 'int', possible loss of data [C:\Users\Public\jpegview-arm64-build\extras\scripts\libheif-libavif-arm64\libde265\libde265\encoder\algo\algo.vcxproj]
C:\Users\Public\jpegview-arm64-build\extras\third_party\libheif\libde265\libde265\encoder\algo\pb-mv.cc(308,44): warning C4244: '=': conversion from 'uint32_t' to 'float', possible loss of data [C:\Users\Public\jpegview-arm64-build\extras\scripts\libheif-libavif-arm64\libde265\libde265\encoder\algo\algo.vcxproj]
  Generating Code...
  algo.vcxproj -> C:\Users\Public\jpegview-arm64-build\extras\scripts\libheif-libavif-arm64\libde265\libde265\encoder\algo\algo.dir\Release\algo.lib
  Building Custom Rule C:/Users/Public/jpegview-arm64-build/extras/third_party/libheif/libde265/libde265/encoder/CMakeLists.txt
  encoder-core.cc
C:\Users\Public\jpegview-arm64-build\extras\third_party\libheif\libde265\libde265/cabac.h(172,46): warning C4244: 'return': conversion from 'uint64_t' to 'int', possible loss of data [C:\Users\Public\jpegview-arm64-build\extras\scripts\libheif-libavif-arm64\libde265\libde265\encoder\encoder.vcxproj]
C:\Users\Public\jpegview-arm64-build\extras\third_party\libheif\libde265\libde265/sps.h(156,43): warning C4267: 'return': conversion from 'size_t' to 'int', possible loss of data [C:\Users\Public\jpegview-arm64-build\extras\scripts\libheif-libavif-arm64\libde265\libde265\encoder\encoder.vcxproj]
C:\Users\Public\jpegview-arm64-build\extras\third_party\libheif\libde265\libde265/nal-parser.h(64,34): warning C4267: 'return': conversion from 'size_t' to 'int', possible loss of data [C:\Users\Public\jpegview-arm64-build\extras\scripts\libheif-libavif-arm64\libde265\libde265\encoder\encoder.vcxproj]
C:\Users\Public\jpegview-arm64-build\extras\third_party\libheif\libde265\libde265/nal-parser.h(112,1): warning C4267: 'initializing': conversion from 'size_t' to 'int', possible loss of data [C:\Users\Public\jpegview-arm64-build\extras\scripts\libheif-libavif-arm64\libde265\libde265\encoder\encoder.vcxproj]
C:\Users\Public\jpegview-arm64-build\extras\third_party\libheif\libde265\libde265/nal-parser.h(118,1): warning C4267: 'return': conversion from 'size_t' to 'int', possible loss of data [C:\Users\Public\jpegview-arm64-build\extras\scripts\libheif-libavif-arm64\libde265\libde265\encoder\encoder.vcxproj]
C:\Users\Public\jpegview-arm64-build\extras\third_party\libheif\libde265\libde265/nal-parser.h(124,36): warning C4267: 'return': conversion from 'size_t' to 'int', possible loss of data [C:\Users\Public\jpegview-arm64-build\extras\scripts\libheif-libavif-arm64\libde265\libde265\encoder\encoder.vcxproj]
C:\Users\Public\jpegview-arm64-build\extras\third_party\libheif\libde265\libde265/image.h(325,1): warning C4267: '=': conversion from 'size_t' to 'int', possible loss of data [C:\Users\Public\jpegview-arm64-build\extras\scripts\libheif-libavif-arm64\libde265\libde265\encoder\encoder.vcxproj]
C:\Users\Public\jpegview-arm64-build\extras\third_party\libheif\libde265\libde265/dpb.h(55,20): warning C4267: 'return': conversion from 'size_t' to 'int', possible loss of data [C:\Users\Public\jpegview-arm64-build\extras\scripts\libheif-libavif-arm64\libde265\libde265\encoder\encoder.vcxproj]
C:\Users\Public\jpegview-arm64-build\extras\third_party\libheif\libde265\libde265/dpb.h(81,46): warning C4267: 'return': conversion from 'size_t' to 'int', possible loss of data [C:\Users\Public\jpegview-arm64-build\extras\scripts\libheif-libavif-arm64\libde265\libde265\encoder\encoder.vcxproj]
C:\Users\Public\jpegview-arm64-build\extras\third_party\libheif\libde265\libde265/dpb.h(92,44): warning C4267: 'return': conversion from 'size_t' to 'int', possible loss of data [C:\Users\Public\jpegview-arm64-build\extras\scripts\libheif-libavif-arm64\libde265\libde265\encoder\encoder.vcxproj]
  encoder-types.cc
C:\Users\Public\jpegview-arm64-build\extras\third_party\libheif\libde265\libde265/cabac.h(172,46): warning C4244: 'return': conversion from 'uint64_t' to 'int', possible loss of data [C:\Users\Public\jpegview-arm64-build\extras\scripts\libheif-libavif-arm64\libde265\libde265\encoder\encoder.vcxproj]
C:\Users\Public\jpegview-arm64-build\extras\third_party\libheif\libde265\libde265/sps.h(156,43): warning C4267: 'return': conversion from 'size_t' to 'int', possible loss of data [C:\Users\Public\jpegview-arm64-build\extras\scripts\libheif-libavif-arm64\libde265\libde265\encoder\encoder.vcxproj]
C:\Users\Public\jpegview-arm64-build\extras\third_party\libheif\libde265\libde265/image.h(325,1): warning C4267: '=': conversion from 'size_t' to 'int', possible loss of data [C:\Users\Public\jpegview-arm64-build\extras\scripts\libheif-libavif-arm64\libde265\libde265\encoder\encoder.vcxproj]
C:\Users\Public\jpegview-arm64-build\extras\third_party\libheif\libde265\libde265/dpb.h(55,20): warning C4267: 'return': conversion from 'size_t' to 'int', possible loss of data [C:\Users\Public\jpegview-arm64-build\extras\scripts\libheif-libavif-arm64\libde265\libde265\encoder\encoder.vcxproj]
C:\Users\Public\jpegview-arm64-build\extras\third_party\libheif\libde265\libde265/dpb.h(81,46): warning C4267: 'return': conversion from 'size_t' to 'int', possible loss of data [C:\Users\Public\jpegview-arm64-build\extras\scripts\libheif-libavif-arm64\libde265\libde265\encoder\encoder.vcxproj]
C:\Users\Public\jpegview-arm64-build\extras\third_party\libheif\libde265\libde265/dpb.h(92,44): warning C4267: 'return': conversion from 'size_t' to 'int', possible loss of data [C:\Users\Public\jpegview-arm64-build\extras\scripts\libheif-libavif-arm64\libde265\libde265\encoder\encoder.vcxproj]
C:\Users\Public\jpegview-arm64-build\extras\third_party\libheif\libde265\libde265/nal-parser.h(64,34): warning C4267: 'return': conversion from 'size_t' to 'int', possible loss of data [C:\Users\Public\jpegview-arm64-build\extras\scripts\libheif-libavif-arm64\libde265\libde265\encoder\encoder.vcxproj]
C:\Users\Public\jpegview-arm64-build\extras\third_party\libheif\libde265\libde265/nal-parser.h(112,1): warning C4267: 'initializing': conversion from 'size_t' to 'int', possible loss of data [C:\Users\Public\jpegview-arm64-build\extras\scripts\libheif-libavif-arm64\libde265\libde265\encoder\encoder.vcxproj]
C:\Users\Public\jpegview-arm64-build\extras\third_party\libheif\libde265\libde265/nal-parser.h(118,1): warning C4267: 'return': conversion from 'size_t' to 'int', possible loss of data [C:\Users\Public\jpegview-arm64-build\extras\scripts\libheif-libavif-arm64\libde265\libde265\encoder\encoder.vcxproj]
C:\Users\Public\jpegview-arm64-build\extras\third_party\libheif\libde265\libde265/nal-parser.h(124,36): warning C4267: 'return': conversion from 'size_t' to 'int', possible loss of data [C:\Users\Public\jpegview-arm64-build\extras\scripts\libheif-libavif-arm64\libde265\libde265\encoder\encoder.vcxproj]
C:\Program Files\Microsoft Visual Studio\18\Enterprise\VC\Tools\MSVC\14.29.30133\include\xutility(149,1): warning C4267: 'argument': conversion from 'size_t' to 'int', possible loss of data [C:\Users\Public\jpegview-arm64-build\extras\scripts\libheif-libavif-arm64\libde265\libde265\encoder\encoder.vcxproj]
C:\Program Files\Microsoft Visual Studio\18\Enterprise\VC\Tools\MSVC\14.29.30133\include\memory(2014): message : see reference to function template instantiation 'void std::_Construct_in_place<_Ty,int&,unsigned __int64>(_Ty &,int &,unsigned __int64 &&) noexcept(false)' being compiled [C:\Users\Public\jpegview-arm64-build\extras\scripts\libheif-libavif-arm64\libde265\libde265\encoder\encoder.vcxproj]
          with
          [
              _Ty=small_image_buffer
          ]
C:\Program Files\Microsoft Visual Studio\18\Enterprise\VC\Tools\MSVC\14.29.30133\include\memory(2726): message : see reference to function template instantiation 'std::_Ref_count_obj2<_Ty>::_Ref_count_obj2<int&,unsigned __int64>(int &,unsigned __int64 &&)' being compiled [C:\Users\Public\jpegview-arm64-build\extras\scripts\libheif-libavif-arm64\libde265\libde265\encoder\encoder.vcxproj]
          with
          [
              _Ty=small_image_buffer
          ]
C:\Program Files\Microsoft Visual Studio\18\Enterprise\VC\Tools\MSVC\14.29.30133\include\memory(2726): message : see reference to function template instantiation 'std::_Ref_count_obj2<_Ty>::_Ref_count_obj2<int&,unsigned __int64>(int &,unsigned __int64 &&)' being compiled [C:\Users\Public\jpegview-arm64-build\extras\scripts\libheif-libavif-arm64\libde265\libde265\encoder\encoder.vcxproj]
          with
          [
              _Ty=small_image_buffer
          ]
C:\Users\Public\jpegview-arm64-build\extras\third_party\libheif\libde265\libde265\encoder\encoder-types.cc(137): message : see reference to function template instantiation 'std::shared_ptr<small_image_buffer> std::make_shared<small_image_buffer,int&,size_t>(int &,size_t &&)' being compiled [C:\Users\Public\jpegview-arm64-build\extras\scripts\libheif-libavif-arm64\libde265\libde265\encoder\encoder.vcxproj]
  encoder-params.cc
C:\Users\Public\jpegview-arm64-build\extras\third_party\libheif\libde265\libde265/cabac.h(172,46): warning C4244: 'return': conversion from 'uint64_t' to 'int', possible loss of data [C:\Users\Public\jpegview-arm64-build\extras\scripts\libheif-libavif-arm64\libde265\libde265\encoder\encoder.vcxproj]
C:\Users\Public\jpegview-arm64-build\extras\third_party\libheif\libde265\libde265/sps.h(156,43): warning C4267: 'return': conversion from 'size_t' to 'int', possible loss of data [C:\Users\Public\jpegview-arm64-build\extras\scripts\libheif-libavif-arm64\libde265\libde265\encoder\encoder.vcxproj]
C:\Users\Public\jpegview-arm64-build\extras\third_party\libheif\libde265\libde265/image.h(325,1): warning C4267: '=': conversion from 'size_t' to 'int', possible loss of data [C:\Users\Public\jpegview-arm64-build\extras\scripts\libheif-libavif-arm64\libde265\libde265\encoder\encoder.vcxproj]
C:\Users\Public\jpegview-arm64-build\extras\third_party\libheif\libde265\libde265/dpb.h(55,20): warning C4267: 'return': conversion from 'size_t' to 'int', possible loss of data [C:\Users\Public\jpegview-arm64-build\extras\scripts\libheif-libavif-arm64\libde265\libde265\encoder\encoder.vcxproj]
C:\Users\Public\jpegview-arm64-build\extras\third_party\libheif\libde265\libde265/dpb.h(81,46): warning C4267: 'return': conversion from 'size_t' to 'int', possible loss of data [C:\Users\Public\jpegview-arm64-build\extras\scripts\libheif-libavif-arm64\libde265\libde265\encoder\encoder.vcxproj]
C:\Users\Public\jpegview-arm64-build\extras\third_party\libheif\libde265\libde265/dpb.h(92,44): warning C4267: 'return': conversion from 'size_t' to 'int', possible loss of data [C:\Users\Public\jpegview-arm64-build\extras\scripts\libheif-libavif-arm64\libde265\libde265\encoder\encoder.vcxproj]
C:\Users\Public\jpegview-arm64-build\extras\third_party\libheif\libde265\libde265/nal-parser.h(64,34): warning C4267: 'return': conversion from 'size_t' to 'int', possible loss of data [C:\Users\Public\jpegview-arm64-build\extras\scripts\libheif-libavif-arm64\libde265\libde265\encoder\encoder.vcxproj]
C:\Users\Public\jpegview-arm64-build\extras\third_party\libheif\libde265\libde265/nal-parser.h(112,1): warning C4267: 'initializing': conversion from 'size_t' to 'int', possible loss of data [C:\Users\Public\jpegview-arm64-build\extras\scripts\libheif-libavif-arm64\libde265\libde265\encoder\encoder.vcxproj]
C:\Users\Public\jpegview-arm64-build\extras\third_party\libheif\libde265\libde265/nal-parser.h(118,1): warning C4267: 'return': conversion from 'size_t' to 'int', possible loss of data [C:\Users\Public\jpegview-arm64-build\extras\scripts\libheif-libavif-arm64\libde265\libde265\encoder\encoder.vcxproj]
C:\Users\Public\jpegview-arm64-build\extras\third_party\libheif\libde265\libde265/nal-parser.h(124,36): warning C4267: 'return': conversion from 'size_t' to 'int', possible loss of data [C:\Users\Public\jpegview-arm64-build\extras\scripts\libheif-libavif-arm64\libde265\libde265\encoder\encoder.vcxproj]
  encoder-context.cc
C:\Users\Public\jpegview-arm64-build\extras\third_party\libheif\libde265\libde265/cabac.h(172,46): warning C4244: 'return': conversion from 'uint64_t' to 'int', possible loss of data [C:\Users\Public\jpegview-arm64-build\extras\scripts\libheif-libavif-arm64\libde265\libde265\encoder\encoder.vcxproj]
C:\Users\Public\jpegview-arm64-build\extras\third_party\libheif\libde265\libde265/sps.h(156,43): warning C4267: 'return': conversion from 'size_t' to 'int', possible loss of data [C:\Users\Public\jpegview-arm64-build\extras\scripts\libheif-libavif-arm64\libde265\libde265\encoder\encoder.vcxproj]
C:\Users\Public\jpegview-arm64-build\extras\third_party\libheif\libde265\libde265/image.h(325,1): warning C4267: '=': conversion from 'size_t' to 'int', possible loss of data [C:\Users\Public\jpegview-arm64-build\extras\scripts\libheif-libavif-arm64\libde265\libde265\encoder\encoder.vcxproj]
C:\Users\Public\jpegview-arm64-build\extras\third_party\libheif\libde265\libde265/dpb.h(55,20): warning C4267: 'return': conversion from 'size_t' to 'int', possible loss of data [C:\Users\Public\jpegview-arm64-build\extras\scripts\libheif-libavif-arm64\libde265\libde265\encoder\encoder.vcxproj]
C:\Users\Public\jpegview-arm64-build\extras\third_party\libheif\libde265\libde265/dpb.h(81,46): warning C4267: 'return': conversion from 'size_t' to 'int', possible loss of data [C:\Users\Public\jpegview-arm64-build\extras\scripts\libheif-libavif-arm64\libde265\libde265\encoder\encoder.vcxproj]
C:\Users\Public\jpegview-arm64-build\extras\third_party\libheif\libde265\libde265/dpb.h(92,44): warning C4267: 'return': conversion from 'size_t' to 'int', possible loss of data [C:\Users\Public\jpegview-arm64-build\extras\scripts\libheif-libavif-arm64\libde265\libde265\encoder\encoder.vcxproj]
C:\Users\Public\jpegview-arm64-build\extras\third_party\libheif\libde265\libde265/nal-parser.h(64,34): warning C4267: 'return': conversion from 'size_t' to 'int', possible loss of data [C:\Users\Public\jpegview-arm64-build\extras\scripts\libheif-libavif-arm64\libde265\libde265\encoder\encoder.vcxproj]
C:\Users\Public\jpegview-arm64-build\extras\third_party\libheif\libde265\libde265/nal-parser.h(112,1): warning C4267: 'initializing': conversion from 'size_t' to 'int', possible loss of data [C:\Users\Public\jpegview-arm64-build\extras\scripts\libheif-libavif-arm64\libde265\libde265\encoder\encoder.vcxproj]
C:\Users\Public\jpegview-arm64-build\extras\third_party\libheif\libde265\libde265/nal-parser.h(118,1): warning C4267: 'return': conversion from 'size_t' to 'int', possible loss of data [C:\Users\Public\jpegview-arm64-build\extras\scripts\libheif-libavif-arm64\libde265\libde265\encoder\encoder.vcxproj]
C:\Users\Public\jpegview-arm64-build\extras\third_party\libheif\libde265\libde265/nal-parser.h(124,36): warning C4267: 'return': conversion from 'size_t' to 'int', possible loss of data [C:\Users\Public\jpegview-arm64-build\extras\scripts\libheif-libavif-arm64\libde265\libde265\encoder\encoder.vcxproj]
C:\Users\Public\jpegview-arm64-build\extras\third_party\libheif\libde265\libde265\encoder\encoder-context.cc(236,21): warning C4244: '=': conversion from 'double' to 'float', possible loss of data [C:\Users\Public\jpegview-arm64-build\extras\scripts\libheif-libavif-arm64\libde265\libde265\encoder\encoder.vcxproj]
  encoder-syntax.cc
C:\Users\Public\jpegview-arm64-build\extras\third_party\libheif\libde265\libde265/cabac.h(172,46): warning C4244: 'return': conversion from 'uint64_t' to 'int', possible loss of data [C:\Users\Public\jpegview-arm64-build\extras\scripts\libheif-libavif-arm64\libde265\libde265\encoder\encoder.vcxproj]
C:\Users\Public\jpegview-arm64-build\extras\third_party\libheif\libde265\libde265/sps.h(156,43): warning C4267: 'return': conversion from 'size_t' to 'int', possible loss of data [C:\Users\Public\jpegview-arm64-build\extras\scripts\libheif-libavif-arm64\libde265\libde265\encoder\encoder.vcxproj]
C:\Users\Public\jpegview-arm64-build\extras\third_party\libheif\libde265\libde265/image.h(325,1): warning C4267: '=': conversion from 'size_t' to 'int', possible loss of data [C:\Users\Public\jpegview-arm64-build\extras\scripts\libheif-libavif-arm64\libde265\libde265\encoder\encoder.vcxproj]
C:\Users\Public\jpegview-arm64-build\extras\third_party\libheif\libde265\libde265/dpb.h(55,20): warning C4267: 'return': conversion from 'size_t' to 'int', possible loss of data [C:\Users\Public\jpegview-arm64-build\extras\scripts\libheif-libavif-arm64\libde265\libde265\encoder\encoder.vcxproj]
C:\Users\Public\jpegview-arm64-build\extras\third_party\libheif\libde265\libde265/dpb.h(81,46): warning C4267: 'return': conversion from 'size_t' to 'int', possible loss of data [C:\Users\Public\jpegview-arm64-build\extras\scripts\libheif-libavif-arm64\libde265\libde265\encoder\encoder.vcxproj]
C:\Users\Public\jpegview-arm64-build\extras\third_party\libheif\libde265\libde265/dpb.h(92,44): warning C4267: 'return': conversion from 'size_t' to 'int', possible loss of data [C:\Users\Public\jpegview-arm64-build\extras\scripts\libheif-libavif-arm64\libde265\libde265\encoder\encoder.vcxproj]
C:\Users\Public\jpegview-arm64-build\extras\third_party\libheif\libde265\libde265/nal-parser.h(64,34): warning C4267: 'return': conversion from 'size_t' to 'int', possible loss of data [C:\Users\Public\jpegview-arm64-build\extras\scripts\libheif-libavif-arm64\libde265\libde265\encoder\encoder.vcxproj]
C:\Users\Public\jpegview-arm64-build\extras\third_party\libheif\libde265\libde265/nal-parser.h(112,1): warning C4267: 'initializing': conversion from 'size_t' to 'int', possible loss of data [C:\Users\Public\jpegview-arm64-build\extras\scripts\libheif-libavif-arm64\libde265\libde265\encoder\encoder.vcxproj]
C:\Users\Public\jpegview-arm64-build\extras\third_party\libheif\libde265\libde265/nal-parser.h(118,1): warning C4267: 'return': conversion from 'size_t' to 'int', possible loss of data [C:\Users\Public\jpegview-arm64-build\extras\scripts\libheif-libavif-arm64\libde265\libde265\encoder\encoder.vcxproj]
C:\Users\Public\jpegview-arm64-build\extras\third_party\libheif\libde265\libde265/nal-parser.h(124,36): warning C4267: 'return': conversion from 'size_t' to 'int', possible loss of data [C:\Users\Public\jpegview-arm64-build\extras\scripts\libheif-libavif-arm64\libde265\libde265\encoder\encoder.vcxproj]
  encoder-intrapred.cc
C:\Users\Public\jpegview-arm64-build\extras\third_party\libheif\libde265\libde265/cabac.h(172,46): warning C4244: 'return': conversion from 'uint64_t' to 'int', possible loss of data [C:\Users\Public\jpegview-arm64-build\extras\scripts\libheif-libavif-arm64\libde265\libde265\encoder\encoder.vcxproj]
C:\Users\Public\jpegview-arm64-build\extras\third_party\libheif\libde265\libde265/sps.h(156,43): warning C4267: 'return': conversion from 'size_t' to 'int', possible loss of data [C:\Users\Public\jpegview-arm64-build\extras\scripts\libheif-libavif-arm64\libde265\libde265\encoder\encoder.vcxproj]
C:\Users\Public\jpegview-arm64-build\extras\third_party\libheif\libde265\libde265/image.h(325,1): warning C4267: '=': conversion from 'size_t' to 'int', possible loss of data [C:\Users\Public\jpegview-arm64-build\extras\scripts\libheif-libavif-arm64\libde265\libde265\encoder\encoder.vcxproj]
C:\Users\Public\jpegview-arm64-build\extras\third_party\libheif\libde265\libde265/dpb.h(55,20): warning C4267: 'return': conversion from 'size_t' to 'int', possible loss of data [C:\Users\Public\jpegview-arm64-build\extras\scripts\libheif-libavif-arm64\libde265\libde265\encoder\encoder.vcxproj]
C:\Users\Public\jpegview-arm64-build\extras\third_party\libheif\libde265\libde265/dpb.h(81,46): warning C4267: 'return': conversion from 'size_t' to 'int', possible loss of data [C:\Users\Public\jpegview-arm64-build\extras\scripts\libheif-libavif-arm64\libde265\libde265\encoder\encoder.vcxproj]
C:\Users\Public\jpegview-arm64-build\extras\third_party\libheif\libde265\libde265/dpb.h(92,44): warning C4267: 'return': conversion from 'size_t' to 'int', possible loss of data [C:\Users\Public\jpegview-arm64-build\extras\scripts\libheif-libavif-arm64\libde265\libde265\encoder\encoder.vcxproj]
C:\Users\Public\jpegview-arm64-build\extras\third_party\libheif\libde265\libde265/nal-parser.h(64,34): warning C4267: 'return': conversion from 'size_t' to 'int', possible loss of data [C:\Users\Public\jpegview-arm64-build\extras\scripts\libheif-libavif-arm64\libde265\libde265\encoder\encoder.vcxproj]
C:\Users\Public\jpegview-arm64-build\extras\third_party\libheif\libde265\libde265/nal-parser.h(112,1): warning C4267: 'initializing': conversion from 'size_t' to 'int', possible loss of data [C:\Users\Public\jpegview-arm64-build\extras\scripts\libheif-libavif-arm64\libde265\libde265\encoder\encoder.vcxproj]
C:\Users\Public\jpegview-arm64-build\extras\third_party\libheif\libde265\libde265/nal-parser.h(118,1): warning C4267: 'return': conversion from 'size_t' to 'int', possible loss of data [C:\Users\Public\jpegview-arm64-build\extras\scripts\libheif-libavif-arm64\libde265\libde265\encoder\encoder.vcxproj]
C:\Users\Public\jpegview-arm64-build\extras\third_party\libheif\libde265\libde265/nal-parser.h(124,36): warning C4267: 'return': conversion from 'size_t' to 'int', possible loss of data [C:\Users\Public\jpegview-arm64-build\extras\scripts\libheif-libavif-arm64\libde265\libde265\encoder\encoder.vcxproj]
  encoder-motion.cc
C:\Users\Public\jpegview-arm64-build\extras\third_party\libheif\libde265\libde265/cabac.h(172,46): warning C4244: 'return': conversion from 'uint64_t' to 'int', possible loss of data [C:\Users\Public\jpegview-arm64-build\extras\scripts\libheif-libavif-arm64\libde265\libde265\encoder\encoder.vcxproj]
C:\Users\Public\jpegview-arm64-build\extras\third_party\libheif\libde265\libde265/sps.h(156,43): warning C4267: 'return': conversion from 'size_t' to 'int', possible loss of data [C:\Users\Public\jpegview-arm64-build\extras\scripts\libheif-libavif-arm64\libde265\libde265\encoder\encoder.vcxproj]
C:\Users\Public\jpegview-arm64-build\extras\third_party\libheif\libde265\libde265/image.h(325,1): warning C4267: '=': conversion from 'size_t' to 'int', possible loss of data [C:\Users\Public\jpegview-arm64-build\extras\scripts\libheif-libavif-arm64\libde265\libde265\encoder\encoder.vcxproj]
C:\Users\Public\jpegview-arm64-build\extras\third_party\libheif\libde265\libde265/dpb.h(55,20): warning C4267: 'return': conversion from 'size_t' to 'int', possible loss of data [C:\Users\Public\jpegview-arm64-build\extras\scripts\libheif-libavif-arm64\libde265\libde265\encoder\encoder.vcxproj]
C:\Users\Public\jpegview-arm64-build\extras\third_party\libheif\libde265\libde265/dpb.h(81,46): warning C4267: 'return': conversion from 'size_t' to 'int', possible loss of data [C:\Users\Public\jpegview-arm64-build\extras\scripts\libheif-libavif-arm64\libde265\libde265\encoder\encoder.vcxproj]
C:\Users\Public\jpegview-arm64-build\extras\third_party\libheif\libde265\libde265/dpb.h(92,44): warning C4267: 'return': conversion from 'size_t' to 'int', possible loss of data [C:\Users\Public\jpegview-arm64-build\extras\scripts\libheif-libavif-arm64\libde265\libde265\encoder\encoder.vcxproj]
C:\Users\Public\jpegview-arm64-build\extras\third_party\libheif\libde265\libde265/nal-parser.h(64,34): warning C4267: 'return': conversion from 'size_t' to 'int', possible loss of data [C:\Users\Public\jpegview-arm64-build\extras\scripts\libheif-libavif-arm64\libde265\libde265\encoder\encoder.vcxproj]
C:\Users\Public\jpegview-arm64-build\extras\third_party\libheif\libde265\libde265/nal-parser.h(112,1): warning C4267: 'initializing': conversion from 'size_t' to 'int', possible loss of data [C:\Users\Public\jpegview-arm64-build\extras\scripts\libheif-libavif-arm64\libde265\libde265\encoder\encoder.vcxproj]
C:\Users\Public\jpegview-arm64-build\extras\third_party\libheif\libde265\libde265/nal-parser.h(118,1): warning C4267: 'return': conversion from 'size_t' to 'int', possible loss of data [C:\Users\Public\jpegview-arm64-build\extras\scripts\libheif-libavif-arm64\libde265\libde265\encoder\encoder.vcxproj]
C:\Users\Public\jpegview-arm64-build\extras\third_party\libheif\libde265\libde265/nal-parser.h(124,36): warning C4267: 'return': conversion from 'size_t' to 'int', possible loss of data [C:\Users\Public\jpegview-arm64-build\extras\scripts\libheif-libavif-arm64\libde265\libde265\encoder\encoder.vcxproj]
  encpicbuf.cc
C:\Users\Public\jpegview-arm64-build\extras\third_party\libheif\libde265\libde265/cabac.h(172,46): warning C4244: 'return': conversion from 'uint64_t' to 'int', possible loss of data [C:\Users\Public\jpegview-arm64-build\extras\scripts\libheif-libavif-arm64\libde265\libde265\encoder\encoder.vcxproj]
C:\Users\Public\jpegview-arm64-build\extras\third_party\libheif\libde265\libde265/sps.h(156,43): warning C4267: 'return': conversion from 'size_t' to 'int', possible loss of data [C:\Users\Public\jpegview-arm64-build\extras\scripts\libheif-libavif-arm64\libde265\libde265\encoder\encoder.vcxproj]
C:\Users\Public\jpegview-arm64-build\extras\third_party\libheif\libde265\libde265/image.h(325,1): warning C4267: '=': conversion from 'size_t' to 'int', possible loss of data [C:\Users\Public\jpegview-arm64-build\extras\scripts\libheif-libavif-arm64\libde265\libde265\encoder\encoder.vcxproj]
C:\Users\Public\jpegview-arm64-build\extras\third_party\libheif\libde265\libde265\encoder\encpicbuf.cc(133,41): warning C4267: '=': conversion from 'size_t' to 'int', possible loss of data [C:\Users\Public\jpegview-arm64-build\extras\scripts\libheif-libavif-arm64\libde265\libde265\encoder\encoder.vcxproj]
  sop.cc
C:\Users\Public\jpegview-arm64-build\extras\third_party\libheif\libde265\libde265/cabac.h(172,46): warning C4244: 'return': conversion from 'uint64_t' to 'int', possible loss of data [C:\Users\Public\jpegview-arm64-build\extras\scripts\libheif-libavif-arm64\libde265\libde265\encoder\encoder.vcxproj]
C:\Users\Public\jpegview-arm64-build\extras\third_party\libheif\libde265\libde265/sps.h(156,43): warning C4267: 'return': conversion from 'size_t' to 'int', possible loss of data [C:\Users\Public\jpegview-arm64-build\extras\scripts\libheif-libavif-arm64\libde265\libde265\encoder\encoder.vcxproj]
C:\Users\Public\jpegview-arm64-build\extras\third_party\libheif\libde265\libde265/image.h(325,1): warning C4267: '=': conversion from 'size_t' to 'int', possible loss of data [C:\Users\Public\jpegview-arm64-build\extras\scripts\libheif-libavif-arm64\libde265\libde265\encoder\encoder.vcxproj]
C:\Users\Public\jpegview-arm64-build\extras\third_party\libheif\libde265\libde265/dpb.h(55,20): warning C4267: 'return': conversion from 'size_t' to 'int', possible loss of data [C:\Users\Public\jpegview-arm64-build\extras\scripts\libheif-libavif-arm64\libde265\libde265\encoder\encoder.vcxproj]
C:\Users\Public\jpegview-arm64-build\extras\third_party\libheif\libde265\libde265/dpb.h(81,46): warning C4267: 'return': conversion from 'size_t' to 'int', possible loss of data [C:\Users\Public\jpegview-arm64-build\extras\scripts\libheif-libavif-arm64\libde265\libde265\encoder\encoder.vcxproj]
C:\Users\Public\jpegview-arm64-build\extras\third_party\libheif\libde265\libde265/dpb.h(92,44): warning C4267: 'return': conversion from 'size_t' to 'int', possible loss of data [C:\Users\Public\jpegview-arm64-build\extras\scripts\libheif-libavif-arm64\libde265\libde265\encoder\encoder.vcxproj]
C:\Users\Public\jpegview-arm64-build\extras\third_party\libheif\libde265\libde265/nal-parser.h(64,34): warning C4267: 'return': conversion from 'size_t' to 'int', possible loss of data [C:\Users\Public\jpegview-arm64-build\extras\scripts\libheif-libavif-arm64\libde265\libde265\encoder\encoder.vcxproj]
C:\Users\Public\jpegview-arm64-build\extras\third_party\libheif\libde265\libde265/nal-parser.h(112,1): warning C4267: 'initializing': conversion from 'size_t' to 'int', possible loss of data [C:\Users\Public\jpegview-arm64-build\extras\scripts\libheif-libavif-arm64\libde265\libde265\encoder\encoder.vcxproj]
C:\Users\Public\jpegview-arm64-build\extras\third_party\libheif\libde265\libde265/nal-parser.h(118,1): warning C4267: 'return': conversion from 'size_t' to 'int', possible loss of data [C:\Users\Public\jpegview-arm64-build\extras\scripts\libheif-libavif-arm64\libde265\libde265\encoder\encoder.vcxproj]
C:\Users\Public\jpegview-arm64-build\extras\third_party\libheif\libde265\libde265/nal-parser.h(124,36): warning C4267: 'return': conversion from 'size_t' to 'int', possible loss of data [C:\Users\Public\jpegview-arm64-build\extras\scripts\libheif-libavif-arm64\libde265\libde265\encoder\encoder.vcxproj]
  Generating Code...
  encoder.vcxproj -> C:\Users\Public\jpegview-arm64-build\extras\scripts\libheif-libavif-arm64\libde265\libde265\encoder\encoder.dir\Release\encoder.lib
  Building Custom Rule C:/Users/Public/jpegview-arm64-build/extras/third_party/libheif/libde265/libde265/CMakeLists.txt
  alloc_pool.cc
C:\Users\Public\jpegview-arm64-build\extras\third_party\libheif\libde265\libde265\alloc_pool.cc(89,42): warning C4267: 'initializing': conversion from 'size_t' to 'int', possible loss of data [C:\Users\Public\jpegview-arm64-build\extras\scripts\libheif-libavif-arm64\libde265\libde265\de265.vcxproj]
  bitstream.cc
C:\Users\Public\jpegview-arm64-build\extras\third_party\libheif\libde265\libde265\bitstream.cc(69,10): warning C4244: 'return': conversion from 'uint64_t' to 'int', possible loss of data [C:\Users\Public\jpegview-arm64-build\extras\scripts\libheif-libavif-arm64\libde265\libde265\de265.vcxproj]
C:\Users\Public\jpegview-arm64-build\extras\third_party\libheif\libde265\libde265\bitstream.cc(82,10): warning C4244: 'return': conversion from 'uint64_t' to 'int', possible loss of data [C:\Users\Public\jpegview-arm64-build\extras\scripts\libheif-libavif-arm64\libde265\libde265\de265.vcxproj]
C:\Users\Public\jpegview-arm64-build\extras\third_party\libheif\libde265\libde265\bitstream.cc(94,10): warning C4244: 'return': conversion from 'uint64_t' to 'int', possible loss of data [C:\Users\Public\jpegview-arm64-build\extras\scripts\libheif-libavif-arm64\libde265\libde265\de265.vcxproj]
  cabac.cc
C:\Users\Public\jpegview-arm64-build\extras\third_party\libheif\libde265\libde265/cabac.h(172,46): warning C4244: 'return': conversion from 'uint64_t' to 'int', possible loss of data [C:\Users\Public\jpegview-arm64-build\extras\scripts\libheif-libavif-arm64\libde265\libde265\de265.vcxproj]
C:\Users\Public\jpegview-arm64-build\extras\third_party\libheif\libde265\libde265\cabac.cc(147,14): warning C4244: 'initializing': conversion from '__int64' to 'int', possible loss of data [C:\Users\Public\jpegview-arm64-build\extras\scripts\libheif-libavif-arm64\libde265\libde265\de265.vcxproj]
  configparam.cc
C:\Users\Public\jpegview-arm64-build\extras\third_party\libheif\libde265\libde265\configparam.cc(180,1): warning C4267: '+=': conversion from 'size_t' to 'int', possible loss of data [C:\Users\Public\jpegview-arm64-build\extras\scripts\libheif-libavif-arm64\libde265\libde265\de265.vcxproj]
C:\Users\Public\jpegview-arm64-build\extras\third_party\libheif\libde265\libde265\configparam.cc(183,39): warning C4267: 'initializing': conversion from 'size_t' to 'int', possible loss of data [C:\Users\Public\jpegview-arm64-build\extras\scripts\libheif-libavif-arm64\libde265\libde265\de265.vcxproj]
C:\Users\Public\jpegview-arm64-build\extras\third_party\libheif\libde265\libde265\configparam.cc(202,5): warning C4996: 'strcpy': This function or variable may be unsafe. Consider using strcpy_s instead. To disable deprecation, use _CRT_SECURE_NO_WARNINGS. See online help for details. [C:\Users\Public\jpegview-arm64-build\extras\scripts\libheif-libavif-arm64\libde265\libde265\de265.vcxproj]
  contextmodel.cc
C:\Users\Public\jpegview-arm64-build\extras\third_party\libheif\libde265\libde265/cabac.h(172,46): warning C4244: 'return': conversion from 'uint64_t' to 'int', possible loss of data [C:\Users\Public\jpegview-arm64-build\extras\scripts\libheif-libavif-arm64\libde265\libde265\de265.vcxproj]
  de265.cc
C:\Users\Public\jpegview-arm64-build\extras\third_party\libheif\libde265\libde265/cabac.h(172,46): warning C4244: 'return': conversion from 'uint64_t' to 'int', possible loss of data [C:\Users\Public\jpegview-arm64-build\extras\scripts\libheif-libavif-arm64\libde265\libde265\de265.vcxproj]
C:\Users\Public\jpegview-arm64-build\extras\third_party\libheif\libde265\libde265/sps.h(156,43): warning C4267: 'return': conversion from 'size_t' to 'int', possible loss of data [C:\Users\Public\jpegview-arm64-build\extras\scripts\libheif-libavif-arm64\libde265\libde265\de265.vcxproj]
C:\Users\Public\jpegview-arm64-build\extras\third_party\libheif\libde265\libde265/image.h(325,1): warning C4267: '=': conversion from 'size_t' to 'int', possible loss of data [C:\Users\Public\jpegview-arm64-build\extras\scripts\libheif-libavif-arm64\libde265\libde265\de265.vcxproj]
C:\Users\Public\jpegview-arm64-build\extras\third_party\libheif\libde265\libde265/dpb.h(55,20): warning C4267: 'return': conversion from 'size_t' to 'int', possible loss of data [C:\Users\Public\jpegview-arm64-build\extras\scripts\libheif-libavif-arm64\libde265\libde265\de265.vcxproj]
C:\Users\Public\jpegview-arm64-build\extras\third_party\libheif\libde265\libde265/dpb.h(81,46): warning C4267: 'return': conversion from 'size_t' to 'int', possible loss of data [C:\Users\Public\jpegview-arm64-build\extras\scripts\libheif-libavif-arm64\libde265\libde265\de265.vcxproj]
C:\Users\Public\jpegview-arm64-build\extras\third_party\libheif\libde265\libde265/dpb.h(92,44): warning C4267: 'return': conversion from 'size_t' to 'int', possible loss of data [C:\Users\Public\jpegview-arm64-build\extras\scripts\libheif-libavif-arm64\libde265\libde265\de265.vcxproj]
C:\Users\Public\jpegview-arm64-build\extras\third_party\libheif\libde265\libde265/nal-parser.h(64,34): warning C4267: 'return': conversion from 'size_t' to 'int', possible loss of data [C:\Users\Public\jpegview-arm64-build\extras\scripts\libheif-libavif-arm64\libde265\libde265\de265.vcxproj]
C:\Users\Public\jpegview-arm64-build\extras\third_party\libheif\libde265\libde265/nal-parser.h(112,1): warning C4267: 'initializing': conversion from 'size_t' to 'int', possible loss of data [C:\Users\Public\jpegview-arm64-build\extras\scripts\libheif-libavif-arm64\libde265\libde265\de265.vcxproj]
C:\Users\Public\jpegview-arm64-build\extras\third_party\libheif\libde265\libde265/nal-parser.h(118,1): warning C4267: 'return': conversion from 'size_t' to 'int', possible loss of data [C:\Users\Public\jpegview-arm64-build\extras\scripts\libheif-libavif-arm64\libde265\libde265\de265.vcxproj]
C:\Users\Public\jpegview-arm64-build\extras\third_party\libheif\libde265\libde265/nal-parser.h(124,36): warning C4267: 'return': conversion from 'size_t' to 'int', possible loss of data [C:\Users\Public\jpegview-arm64-build\extras\scripts\libheif-libavif-arm64\libde265\libde265\de265.vcxproj]
  deblock.cc
C:\Users\Public\jpegview-arm64-build\extras\third_party\libheif\libde265\libde265/cabac.h(172,46): warning C4244: 'return': conversion from 'uint64_t' to 'int', possible loss of data [C:\Users\Public\jpegview-arm64-build\extras\scripts\libheif-libavif-arm64\libde265\libde265\de265.vcxproj]
C:\Users\Public\jpegview-arm64-build\extras\third_party\libheif\libde265\libde265/sps.h(156,43): warning C4267: 'return': conversion from 'size_t' to 'int', possible loss of data [C:\Users\Public\jpegview-arm64-build\extras\scripts\libheif-libavif-arm64\libde265\libde265\de265.vcxproj]
C:\Users\Public\jpegview-arm64-build\extras\third_party\libheif\libde265\libde265/image.h(325,1): warning C4267: '=': conversion from 'size_t' to 'int', possible loss of data [C:\Users\Public\jpegview-arm64-build\extras\scripts\libheif-libavif-arm64\libde265\libde265\de265.vcxproj]
C:\Users\Public\jpegview-arm64-build\extras\third_party\libheif\libde265\libde265/dpb.h(55,20): warning C4267: 'return': conversion from 'size_t' to 'int', possible loss of data [C:\Users\Public\jpegview-arm64-build\extras\scripts\libheif-libavif-arm64\libde265\libde265\de265.vcxproj]
C:\Users\Public\jpegview-arm64-build\extras\third_party\libheif\libde265\libde265/dpb.h(81,46): warning C4267: 'return': conversion from 'size_t' to 'int', possible loss of data [C:\Users\Public\jpegview-arm64-build\extras\scripts\libheif-libavif-arm64\libde265\libde265\de265.vcxproj]
C:\Users\Public\jpegview-arm64-build\extras\third_party\libheif\libde265\libde265/dpb.h(92,44): warning C4267: 'return': conversion from 'size_t' to 'int', possible loss of data [C:\Users\Public\jpegview-arm64-build\extras\scripts\libheif-libavif-arm64\libde265\libde265\de265.vcxproj]
C:\Users\Public\jpegview-arm64-build\extras\third_party\libheif\libde265\libde265/nal-parser.h(64,34): warning C4267: 'return': conversion from 'size_t' to 'int', possible loss of data [C:\Users\Public\jpegview-arm64-build\extras\scripts\libheif-libavif-arm64\libde265\libde265\de265.vcxproj]
C:\Users\Public\jpegview-arm64-build\extras\third_party\libheif\libde265\libde265/nal-parser.h(112,1): warning C4267: 'initializing': conversion from 'size_t' to 'int', possible loss of data [C:\Users\Public\jpegview-arm64-build\extras\scripts\libheif-libavif-arm64\libde265\libde265\de265.vcxproj]
C:\Users\Public\jpegview-arm64-build\extras\third_party\libheif\libde265\libde265/nal-parser.h(118,1): warning C4267: 'return': conversion from 'size_t' to 'int', possible loss of data [C:\Users\Public\jpegview-arm64-build\extras\scripts\libheif-libavif-arm64\libde265\libde265\de265.vcxproj]
C:\Users\Public\jpegview-arm64-build\extras\third_party\libheif\libde265\libde265/nal-parser.h(124,36): warning C4267: 'return': conversion from 'size_t' to 'int', possible loss of data [C:\Users\Public\jpegview-arm64-build\extras\scripts\libheif-libavif-arm64\libde265\libde265\de265.vcxproj]
C:\Users\Public\jpegview-arm64-build\extras\third_party\libheif\libde265\libde265\deblock.cc(923,5): warning C4996: 'sprintf': This function or variable may be unsafe. Consider using sprintf_s instead. To disable deprecation, use _CRT_SECURE_NO_WARNINGS. See online help for details. [C:\Users\Public\jpegview-arm64-build\extras\scripts\libheif-libavif-arm64\libde265\libde265\de265.vcxproj]
  decctx.cc
C:\Users\Public\jpegview-arm64-build\extras\third_party\libheif\libde265\libde265/cabac.h(172,46): warning C4244: 'return': conversion from 'uint64_t' to 'int', possible loss of data [C:\Users\Public\jpegview-arm64-build\extras\scripts\libheif-libavif-arm64\libde265\libde265\de265.vcxproj]
C:\Users\Public\jpegview-arm64-build\extras\third_party\libheif\libde265\libde265/sps.h(156,43): warning C4267: 'return': conversion from 'size_t' to 'int', possible loss of data [C:\Users\Public\jpegview-arm64-build\extras\scripts\libheif-libavif-arm64\libde265\libde265\de265.vcxproj]
C:\Users\Public\jpegview-arm64-build\extras\third_party\libheif\libde265\libde265/image.h(325,1): warning C4267: '=': conversion from 'size_t' to 'int', possible loss of data [C:\Users\Public\jpegview-arm64-build\extras\scripts\libheif-libavif-arm64\libde265\libde265\de265.vcxproj]
C:\Users\Public\jpegview-arm64-build\extras\third_party\libheif\libde265\libde265/dpb.h(55,20): warning C4267: 'return': conversion from 'size_t' to 'int', possible loss of data [C:\Users\Public\jpegview-arm64-build\extras\scripts\libheif-libavif-arm64\libde265\libde265\de265.vcxproj]
C:\Users\Public\jpegview-arm64-build\extras\third_party\libheif\libde265\libde265/dpb.h(81,46): warning C4267: 'return': conversion from 'size_t' to 'int', possible loss of data [C:\Users\Public\jpegview-arm64-build\extras\scripts\libheif-libavif-arm64\libde265\libde265\de265.vcxproj]
C:\Users\Public\jpegview-arm64-build\extras\third_party\libheif\libde265\libde265/dpb.h(92,44): warning C4267: 'return': conversion from 'size_t' to 'int', possible loss of data [C:\Users\Public\jpegview-arm64-build\extras\scripts\libheif-libavif-arm64\libde265\libde265\de265.vcxproj]
C:\Users\Public\jpegview-arm64-build\extras\third_party\libheif\libde265\libde265/nal-parser.h(64,34): warning C4267: 'return': conversion from 'size_t' to 'int', possible loss of data [C:\Users\Public\jpegview-arm64-build\extras\scripts\libheif-libavif-arm64\libde265\libde265\de265.vcxproj]
C:\Users\Public\jpegview-arm64-build\extras\third_party\libheif\libde265\libde265/nal-parser.h(112,1): warning C4267: 'initializing': conversion from 'size_t' to 'int', possible loss of data [C:\Users\Public\jpegview-arm64-build\extras\scripts\libheif-libavif-arm64\libde265\libde265\de265.vcxproj]
C:\Users\Public\jpegview-arm64-build\extras\third_party\libheif\libde265\libde265/nal-parser.h(118,1): warning C4267: 'return': conversion from 'size_t' to 'int', possible loss of data [C:\Users\Public\jpegview-arm64-build\extras\scripts\libheif-libavif-arm64\libde265\libde265\de265.vcxproj]
C:\Users\Public\jpegview-arm64-build\extras\third_party\libheif\libde265\libde265/nal-parser.h(124,36): warning C4267: 'return': conversion from 'size_t' to 'int', possible loss of data [C:\Users\Public\jpegview-arm64-build\extras\scripts\libheif-libavif-arm64\libde265\libde265\de265.vcxproj]
C:\Users\Public\jpegview-arm64-build\extras\third_party\libheif\libde265\libde265\decctx.cc(665,20): warning C4244: 'initializing': conversion from '__int64' to 'int', possible loss of data [C:\Users\Public\jpegview-arm64-build\extras\scripts\libheif-libavif-arm64\libde265\libde265\de265.vcxproj]
C:\Users\Public\jpegview-arm64-build\extras\third_party\libheif\libde265\libde265\decctx.cc(824,29): warning C4099: 'thread_context': type name first seen using 'class' now seen using 'struct' [C:\Users\Public\jpegview-arm64-build\extras\scripts\libheif-libavif-arm64\libde265\libde265\de265.vcxproj]
C:\Users\Public\jpegview-arm64-build\extras\third_party\libheif\libde265\libde265\decctx.h(53): message : see declaration of 'thread_context' [C:\Users\Public\jpegview-arm64-build\extras\scripts\libheif-libavif-arm64\libde265\libde265\de265.vcxproj]
C:\Users\Public\jpegview-arm64-build\extras\third_party\libheif\libde265\libde265\decctx.cc(1482,38): warning C4018: '>': signed/unsigned mismatch [C:\Users\Public\jpegview-arm64-build\extras\scripts\libheif-libavif-arm64\libde265\libde265\de265.vcxproj]
C:\Users\Public\jpegview-arm64-build\extras\third_party\libheif\libde265\libde265\decctx.cc(1724,43): warning C4018: '>': signed/unsigned mismatch [C:\Users\Public\jpegview-arm64-build\extras\scripts\libheif-libavif-arm64\libde265\libde265\de265.vcxproj]
  dpb.cc
C:\Users\Public\jpegview-arm64-build\extras\third_party\libheif\libde265\libde265/cabac.h(172,46): warning C4244: 'return': conversion from 'uint64_t' to 'int', possible loss of data [C:\Users\Public\jpegview-arm64-build\extras\scripts\libheif-libavif-arm64\libde265\libde265\de265.vcxproj]
C:\Users\Public\jpegview-arm64-build\extras\third_party\libheif\libde265\libde265/sps.h(156,43): warning C4267: 'return': conversion from 'size_t' to 'int', possible loss of data [C:\Users\Public\jpegview-arm64-build\extras\scripts\libheif-libavif-arm64\libde265\libde265\de265.vcxproj]
C:\Users\Public\jpegview-arm64-build\extras\third_party\libheif\libde265\libde265/image.h(325,1): warning C4267: '=': conversion from 'size_t' to 'int', possible loss of data [C:\Users\Public\jpegview-arm64-build\extras\scripts\libheif-libavif-arm64\libde265\libde265\de265.vcxproj]
C:\Users\Public\jpegview-arm64-build\extras\third_party\libheif\libde265\libde265\dpb.h(55,20): warning C4267: 'return': conversion from 'size_t' to 'int', possible loss of data [C:\Users\Public\jpegview-arm64-build\extras\scripts\libheif-libavif-arm64\libde265\libde265\de265.vcxproj]
C:\Users\Public\jpegview-arm64-build\extras\third_party\libheif\libde265\libde265\dpb.h(81,46): warning C4267: 'return': conversion from 'size_t' to 'int', possible loss of data [C:\Users\Public\jpegview-arm64-build\extras\scripts\libheif-libavif-arm64\libde265\libde265\de265.vcxproj]
C:\Users\Public\jpegview-arm64-build\extras\third_party\libheif\libde265\libde265\dpb.h(92,44): warning C4267: 'return': conversion from 'size_t' to 'int', possible loss of data [C:\Users\Public\jpegview-arm64-build\extras\scripts\libheif-libavif-arm64\libde265\libde265\de265.vcxproj]
C:\Users\Public\jpegview-arm64-build\extras\third_party\libheif\libde265\libde265/nal-parser.h(64,34): warning C4267: 'return': conversion from 'size_t' to 'int', possible loss of data [C:\Users\Public\jpegview-arm64-build\extras\scripts\libheif-libavif-arm64\libde265\libde265\de265.vcxproj]
C:\Users\Public\jpegview-arm64-build\extras\third_party\libheif\libde265\libde265/nal-parser.h(112,1): warning C4267: 'initializing': conversion from 'size_t' to 'int', possible loss of data [C:\Users\Public\jpegview-arm64-build\extras\scripts\libheif-libavif-arm64\libde265\libde265\de265.vcxproj]
C:\Users\Public\jpegview-arm64-build\extras\third_party\libheif\libde265\libde265/nal-parser.h(118,1): warning C4267: 'return': conversion from 'size_t' to 'int', possible loss of data [C:\Users\Public\jpegview-arm64-build\extras\scripts\libheif-libavif-arm64\libde265\libde265\de265.vcxproj]
C:\Users\Public\jpegview-arm64-build\extras\third_party\libheif\libde265\libde265/nal-parser.h(124,36): warning C4267: 'return': conversion from 'size_t' to 'int', possible loss of data [C:\Users\Public\jpegview-arm64-build\extras\scripts\libheif-libavif-arm64\libde265\libde265\de265.vcxproj]
C:\Users\Public\jpegview-arm64-build\extras\third_party\libheif\libde265\libde265\dpb.cc(241,39): warning C4267: '=': conversion from 'size_t' to 'int', possible loss of data [C:\Users\Public\jpegview-arm64-build\extras\scripts\libheif-libavif-arm64\libde265\libde265\de265.vcxproj]
  en265.cc
C:\Users\Public\jpegview-arm64-build\extras\third_party\libheif\libde265\libde265/cabac.h(172,46): warning C4244: 'return': conversion from 'uint64_t' to 'int', possible loss of data [C:\Users\Public\jpegview-arm64-build\extras\scripts\libheif-libavif-arm64\libde265\libde265\de265.vcxproj]
C:\Users\Public\jpegview-arm64-build\extras\third_party\libheif\libde265\libde265/sps.h(156,43): warning C4267: 'return': conversion from 'size_t' to 'int', possible loss of data [C:\Users\Public\jpegview-arm64-build\extras\scripts\libheif-libavif-arm64\libde265\libde265\de265.vcxproj]
C:\Users\Public\jpegview-arm64-build\extras\third_party\libheif\libde265\libde265/image.h(325,1): warning C4267: '=': conversion from 'size_t' to 'int', possible loss of data [C:\Users\Public\jpegview-arm64-build\extras\scripts\libheif-libavif-arm64\libde265\libde265\de265.vcxproj]
C:\Users\Public\jpegview-arm64-build\extras\third_party\libheif\libde265\libde265/dpb.h(55,20): warning C4267: 'return': conversion from 'size_t' to 'int', possible loss of data [C:\Users\Public\jpegview-arm64-build\extras\scripts\libheif-libavif-arm64\libde265\libde265\de265.vcxproj]
C:\Users\Public\jpegview-arm64-build\extras\third_party\libheif\libde265\libde265/dpb.h(81,46): warning C4267: 'return': conversion from 'size_t' to 'int', possible loss of data [C:\Users\Public\jpegview-arm64-build\extras\scripts\libheif-libavif-arm64\libde265\libde265\de265.vcxproj]
C:\Users\Public\jpegview-arm64-build\extras\third_party\libheif\libde265\libde265/dpb.h(92,44): warning C4267: 'return': conversion from 'size_t' to 'int', possible loss of data [C:\Users\Public\jpegview-arm64-build\extras\scripts\libheif-libavif-arm64\libde265\libde265\de265.vcxproj]
C:\Users\Public\jpegview-arm64-build\extras\third_party\libheif\libde265\libde265/nal-parser.h(64,34): warning C4267: 'return': conversion from 'size_t' to 'int', possible loss of data [C:\Users\Public\jpegview-arm64-build\extras\scripts\libheif-libavif-arm64\libde265\libde265\de265.vcxproj]
C:\Users\Public\jpegview-arm64-build\extras\third_party\libheif\libde265\libde265/nal-parser.h(112,1): warning C4267: 'initializing': conversion from 'size_t' to 'int', possible loss of data [C:\Users\Public\jpegview-arm64-build\extras\scripts\libheif-libavif-arm64\libde265\libde265\de265.vcxproj]
C:\Users\Public\jpegview-arm64-build\extras\third_party\libheif\libde265\libde265/nal-parser.h(118,1): warning C4267: 'return': conversion from 'size_t' to 'int', possible loss of data [C:\Users\Public\jpegview-arm64-build\extras\scripts\libheif-libavif-arm64\libde265\libde265\de265.vcxproj]
C:\Users\Public\jpegview-arm64-build\extras\third_party\libheif\libde265\libde265/nal-parser.h(124,36): warning C4267: 'return': conversion from 'size_t' to 'int', possible loss of data [C:\Users\Public\jpegview-arm64-build\extras\scripts\libheif-libavif-arm64\libde265\libde265\de265.vcxproj]
C:\Users\Public\jpegview-arm64-build\extras\third_party\libheif\libde265\libde265\en265.cc(320,37): warning C4267: 'return': conversion from 'size_t' to 'int', possible loss of data [C:\Users\Public\jpegview-arm64-build\extras\scripts\libheif-libavif-arm64\libde265\libde265\de265.vcxproj]
  fallback-dct.cc
C:\Users\Public\jpegview-arm64-build\extras\third_party\libheif\libde265\libde265\fallback-dct.cc(1018,12): warning C4244: 'initializing': conversion from 'ptrdiff_t' to 'int', possible loss of data [C:\Users\Public\jpegview-arm64-build\extras\scripts\libheif-libavif-arm64\libde265\libde265\de265.vcxproj]
C:\Users\Public\jpegview-arm64-build\extras\third_party\libheif\libde265\libde265\fallback-dct.cc(1094,12): warning C4244: 'initializing': conversion from 'ptrdiff_t' to 'int', possible loss of data [C:\Users\Public\jpegview-arm64-build\extras\scripts\libheif-libavif-arm64\libde265\libde265\de265.vcxproj]
C:\Users\Public\jpegview-arm64-build\extras\third_party\libheif\libde265\libde265\fallback-dct.cc(1136,12): warning C4244: 'initializing': conversion from 'ptrdiff_t' to 'int', possible loss of data [C:\Users\Public\jpegview-arm64-build\extras\scripts\libheif-libavif-arm64\libde265\libde265\de265.vcxproj]
  fallback-motion.cc
  fallback.cc
  image-io.cc
C:\Users\Public\jpegview-arm64-build\extras\third_party\libheif\libde265\libde265/cabac.h(172,46): warning C4244: 'return': conversion from 'uint64_t' to 'int', possible loss of data [C:\Users\Public\jpegview-arm64-build\extras\scripts\libheif-libavif-arm64\libde265\libde265\de265.vcxproj]
C:\Users\Public\jpegview-arm64-build\extras\third_party\libheif\libde265\libde265/sps.h(156,43): warning C4267: 'return': conversion from 'size_t' to 'int', possible loss of data [C:\Users\Public\jpegview-arm64-build\extras\scripts\libheif-libavif-arm64\libde265\libde265\de265.vcxproj]
C:\Users\Public\jpegview-arm64-build\extras\third_party\libheif\libde265\libde265/image.h(325,1): warning C4267: '=': conversion from 'size_t' to 'int', possible loss of data [C:\Users\Public\jpegview-arm64-build\extras\scripts\libheif-libavif-arm64\libde265\libde265\de265.vcxproj]
C:\Users\Public\jpegview-arm64-build\extras\third_party\libheif\libde265\libde265\image-io.cc(51,9): warning C4996: 'fopen': This function or variable may be unsafe. Consider using fopen_s instead. To disable deprecation, use _CRT_SECURE_NO_WARNINGS. See online help for details. [C:\Users\Public\jpegview-arm64-build\extras\scripts\libheif-libavif-arm64\libde265\libde265\de265.vcxproj]
C:\Users\Public\jpegview-arm64-build\extras\third_party\libheif\libde265\libde265\image-io.cc(147,9): warning C4996: 'fopen': This function or variable may be unsafe. Consider using fopen_s instead. To disable deprecation, use _CRT_SECURE_NO_WARNINGS. See online help for details. [C:\Users\Public\jpegview-arm64-build\extras\scripts\libheif-libavif-arm64\libde265\libde265\de265.vcxproj]
C:\Users\Public\jpegview-arm64-build\extras\third_party\libheif\libde265\libde265\image-io.cc(201,9): warning C4996: 'fopen': This function or variable may be unsafe. Consider using fopen_s instead. To disable deprecation, use _CRT_SECURE_NO_WARNINGS. See online help for details. [C:\Users\Public\jpegview-arm64-build\extras\scripts\libheif-libavif-arm64\libde265\libde265\de265.vcxproj]
  image.cc
C:\Users\Public\jpegview-arm64-build\extras\third_party\libheif\libde265\libde265/cabac.h(172,46): warning C4244: 'return': conversion from 'uint64_t' to 'int', possible loss of data [C:\Users\Public\jpegview-arm64-build\extras\scripts\libheif-libavif-arm64\libde265\libde265\de265.vcxproj]
C:\Users\Public\jpegview-arm64-build\extras\third_party\libheif\libde265\libde265/sps.h(156,43): warning C4267: 'return': conversion from 'size_t' to 'int', possible loss of data [C:\Users\Public\jpegview-arm64-build\extras\scripts\libheif-libavif-arm64\libde265\libde265\de265.vcxproj]
C:\Users\Public\jpegview-arm64-build\extras\third_party\libheif\libde265\libde265\image.h(325,1): warning C4267: '=': conversion from 'size_t' to 'int', possible loss of data [C:\Users\Public\jpegview-arm64-build\extras\scripts\libheif-libavif-arm64\libde265\libde265\de265.vcxproj]
C:\Users\Public\jpegview-arm64-build\extras\third_party\libheif\libde265\libde265/dpb.h(55,20): warning C4267: 'return': conversion from 'size_t' to 'int', possible loss of data [C:\Users\Public\jpegview-arm64-build\extras\scripts\libheif-libavif-arm64\libde265\libde265\de265.vcxproj]
C:\Users\Public\jpegview-arm64-build\extras\third_party\libheif\libde265\libde265/dpb.h(81,46): warning C4267: 'return': conversion from 'size_t' to 'int', possible loss of data [C:\Users\Public\jpegview-arm64-build\extras\scripts\libheif-libavif-arm64\libde265\libde265\de265.vcxproj]
C:\Users\Public\jpegview-arm64-build\extras\third_party\libheif\libde265\libde265/dpb.h(92,44): warning C4267: 'return': conversion from 'size_t' to 'int', possible loss of data [C:\Users\Public\jpegview-arm64-build\extras\scripts\libheif-libavif-arm64\libde265\libde265\de265.vcxproj]
C:\Users\Public\jpegview-arm64-build\extras\third_party\libheif\libde265\libde265/nal-parser.h(64,34): warning C4267: 'return': conversion from 'size_t' to 'int', possible loss of data [C:\Users\Public\jpegview-arm64-build\extras\scripts\libheif-libavif-arm64\libde265\libde265\de265.vcxproj]
C:\Users\Public\jpegview-arm64-build\extras\third_party\libheif\libde265\libde265/nal-parser.h(112,1): warning C4267: 'initializing': conversion from 'size_t' to 'int', possible loss of data [C:\Users\Public\jpegview-arm64-build\extras\scripts\libheif-libavif-arm64\libde265\libde265\de265.vcxproj]
C:\Users\Public\jpegview-arm64-build\extras\third_party\libheif\libde265\libde265/nal-parser.h(118,1): warning C4267: 'return': conversion from 'size_t' to 'int', possible loss of data [C:\Users\Public\jpegview-arm64-build\extras\scripts\libheif-libavif-arm64\libde265\libde265\de265.vcxproj]
C:\Users\Public\jpegview-arm64-build\extras\third_party\libheif\libde265\libde265/nal-parser.h(124,36): warning C4267: 'return': conversion from 'size_t' to 'int', possible loss of data [C:\Users\Public\jpegview-arm64-build\extras\scripts\libheif-libavif-arm64\libde265\libde265\de265.vcxproj]
  intrapred.cc
C:\Users\Public\jpegview-arm64-build\extras\third_party\libheif\libde265\libde265/cabac.h(172,46): warning C4244: 'return': conversion from 'uint64_t' to 'int', possible loss of data [C:\Users\Public\jpegview-arm64-build\extras\scripts\libheif-libavif-arm64\libde265\libde265\de265.vcxproj]
C:\Users\Public\jpegview-arm64-build\extras\third_party\libheif\libde265\libde265/sps.h(156,43): warning C4267: 'return': conversion from 'size_t' to 'int', possible loss of data [C:\Users\Public\jpegview-arm64-build\extras\scripts\libheif-libavif-arm64\libde265\libde265\de265.vcxproj]
C:\Users\Public\jpegview-arm64-build\extras\third_party\libheif\libde265\libde265/image.h(325,1): warning C4267: '=': conversion from 'size_t' to 'int', possible loss of data [C:\Users\Public\jpegview-arm64-build\extras\scripts\libheif-libavif-arm64\libde265\libde265\de265.vcxproj]
C:\Users\Public\jpegview-arm64-build\extras\third_party\libheif\libde265\libde265/dpb.h(55,20): warning C4267: 'return': conversion from 'size_t' to 'int', possible loss of data [C:\Users\Public\jpegview-arm64-build\extras\scripts\libheif-libavif-arm64\libde265\libde265\de265.vcxproj]
C:\Users\Public\jpegview-arm64-build\extras\third_party\libheif\libde265\libde265/dpb.h(81,46): warning C4267: 'return': conversion from 'size_t' to 'int', possible loss of data [C:\Users\Public\jpegview-arm64-build\extras\scripts\libheif-libavif-arm64\libde265\libde265\de265.vcxproj]
C:\Users\Public\jpegview-arm64-build\extras\third_party\libheif\libde265\libde265/dpb.h(92,44): warning C4267: 'return': conversion from 'size_t' to 'int', possible loss of data [C:\Users\Public\jpegview-arm64-build\extras\scripts\libheif-libavif-arm64\libde265\libde265\de265.vcxproj]
C:\Users\Public\jpegview-arm64-build\extras\third_party\libheif\libde265\libde265/nal-parser.h(64,34): warning C4267: 'return': conversion from 'size_t' to 'int', possible loss of data [C:\Users\Public\jpegview-arm64-build\extras\scripts\libheif-libavif-arm64\libde265\libde265\de265.vcxproj]
C:\Users\Public\jpegview-arm64-build\extras\third_party\libheif\libde265\libde265/nal-parser.h(112,1): warning C4267: 'initializing': conversion from 'size_t' to 'int', possible loss of data [C:\Users\Public\jpegview-arm64-build\extras\scripts\libheif-libavif-arm64\libde265\libde265\de265.vcxproj]
C:\Users\Public\jpegview-arm64-build\extras\third_party\libheif\libde265\libde265/nal-parser.h(118,1): warning C4267: 'return': conversion from 'size_t' to 'int', possible loss of data [C:\Users\Public\jpegview-arm64-build\extras\scripts\libheif-libavif-arm64\libde265\libde265\de265.vcxproj]
C:\Users\Public\jpegview-arm64-build\extras\third_party\libheif\libde265\libde265/nal-parser.h(124,36): warning C4267: 'return': conversion from 'size_t' to 'int', possible loss of data [C:\Users\Public\jpegview-arm64-build\extras\scripts\libheif-libavif-arm64\libde265\libde265\de265.vcxproj]
  md5.cc
  motion.cc
C:\Users\Public\jpegview-arm64-build\extras\third_party\libheif\libde265\libde265/cabac.h(172,46): warning C4244: 'return': conversion from 'uint64_t' to 'int', possible loss of data [C:\Users\Public\jpegview-arm64-build\extras\scripts\libheif-libavif-arm64\libde265\libde265\de265.vcxproj]
C:\Users\Public\jpegview-arm64-build\extras\third_party\libheif\libde265\libde265/sps.h(156,43): warning C4267: 'return': conversion from 'size_t' to 'int', possible loss of data [C:\Users\Public\jpegview-arm64-build\extras\scripts\libheif-libavif-arm64\libde265\libde265\de265.vcxproj]
C:\Users\Public\jpegview-arm64-build\extras\third_party\libheif\libde265\libde265/image.h(325,1): warning C4267: '=': conversion from 'size_t' to 'int', possible loss of data [C:\Users\Public\jpegview-arm64-build\extras\scripts\libheif-libavif-arm64\libde265\libde265\de265.vcxproj]
C:\Users\Public\jpegview-arm64-build\extras\third_party\libheif\libde265\libde265/dpb.h(55,20): warning C4267: 'return': conversion from 'size_t' to 'int', possible loss of data [C:\Users\Public\jpegview-arm64-build\extras\scripts\libheif-libavif-arm64\libde265\libde265\de265.vcxproj]
C:\Users\Public\jpegview-arm64-build\extras\third_party\libheif\libde265\libde265/dpb.h(81,46): warning C4267: 'return': conversion from 'size_t' to 'int', possible loss of data [C:\Users\Public\jpegview-arm64-build\extras\scripts\libheif-libavif-arm64\libde265\libde265\de265.vcxproj]
C:\Users\Public\jpegview-arm64-build\extras\third_party\libheif\libde265\libde265/dpb.h(92,44): warning C4267: 'return': conversion from 'size_t' to 'int', possible loss of data [C:\Users\Public\jpegview-arm64-build\extras\scripts\libheif-libavif-arm64\libde265\libde265\de265.vcxproj]
C:\Users\Public\jpegview-arm64-build\extras\third_party\libheif\libde265\libde265/nal-parser.h(64,34): warning C4267: 'return': conversion from 'size_t' to 'int', possible loss of data [C:\Users\Public\jpegview-arm64-build\extras\scripts\libheif-libavif-arm64\libde265\libde265\de265.vcxproj]
C:\Users\Public\jpegview-arm64-build\extras\third_party\libheif\libde265\libde265/nal-parser.h(112,1): warning C4267: 'initializing': conversion from 'size_t' to 'int', possible loss of data [C:\Users\Public\jpegview-arm64-build\extras\scripts\libheif-libavif-arm64\libde265\libde265\de265.vcxproj]
C:\Users\Public\jpegview-arm64-build\extras\third_party\libheif\libde265\libde265/nal-parser.h(118,1): warning C4267: 'return': conversion from 'size_t' to 'int', possible loss of data [C:\Users\Public\jpegview-arm64-build\extras\scripts\libheif-libavif-arm64\libde265\libde265\de265.vcxproj]
C:\Users\Public\jpegview-arm64-build\extras\third_party\libheif\libde265\libde265/nal-parser.h(124,36): warning C4267: 'return': conversion from 'size_t' to 'int', possible loss of data [C:\Users\Public\jpegview-arm64-build\extras\scripts\libheif-libavif-arm64\libde265\libde265\de265.vcxproj]
  nal-parser.cc
C:\Users\Public\jpegview-arm64-build\extras\third_party\libheif\libde265\libde265/cabac.h(172,46): warning C4244: 'return': conversion from 'uint64_t' to 'int', possible loss of data [C:\Users\Public\jpegview-arm64-build\extras\scripts\libheif-libavif-arm64\libde265\libde265\de265.vcxproj]
C:\Users\Public\jpegview-arm64-build\extras\third_party\libheif\libde265\libde265/sps.h(156,43): warning C4267: 'return': conversion from 'size_t' to 'int', possible loss of data [C:\Users\Public\jpegview-arm64-build\extras\scripts\libheif-libavif-arm64\libde265\libde265\de265.vcxproj]
C:\Users\Public\jpegview-arm64-build\extras\third_party\libheif\libde265\libde265\nal-parser.h(64,34): warning C4267: 'return': conversion from 'size_t' to 'int', possible loss of data [C:\Users\Public\jpegview-arm64-build\extras\scripts\libheif-libavif-arm64\libde265\libde265\de265.vcxproj]
C:\Users\Public\jpegview-arm64-build\extras\third_party\libheif\libde265\libde265\nal-parser.h(112,1): warning C4267: 'initializing': conversion from 'size_t' to 'int', possible loss of data [C:\Users\Public\jpegview-arm64-build\extras\scripts\libheif-libavif-arm64\libde265\libde265\de265.vcxproj]
C:\Users\Public\jpegview-arm64-build\extras\third_party\libheif\libde265\libde265\nal-parser.h(118,1): warning C4267: 'return': conversion from 'size_t' to 'int', possible loss of data [C:\Users\Public\jpegview-arm64-build\extras\scripts\libheif-libavif-arm64\libde265\libde265\de265.vcxproj]
C:\Users\Public\jpegview-arm64-build\extras\third_party\libheif\libde265\libde265\nal-parser.h(124,36): warning C4267: 'return': conversion from 'size_t' to 'int', possible loss of data [C:\Users\Public\jpegview-arm64-build\extras\scripts\libheif-libavif-arm64\libde265\libde265\de265.vcxproj]
C:\Users\Public\jpegview-arm64-build\extras\third_party\libheif\libde265\libde265\nal-parser.cc(107,3): warning C4267: 'initializing': conversion from 'size_t' to 'int', possible loss of data [C:\Users\Public\jpegview-arm64-build\extras\scripts\libheif-libavif-arm64\libde265\libde265\de265.vcxproj]
C:\Users\Public\jpegview-arm64-build\extras\third_party\libheif\libde265\libde265\nal-parser.cc(318,54): warning C4244: 'argument': conversion from '__int64' to 'int', possible loss of data [C:\Users\Public\jpegview-arm64-build\extras\scripts\libheif-libavif-arm64\libde265\libde265\de265.vcxproj]
C:\Users\Public\jpegview-arm64-build\extras\third_party\libheif\libde265\libde265\nal-parser.cc(332,27): warning C4244: 'argument': conversion from '__int64' to 'int', possible loss of data [C:\Users\Public\jpegview-arm64-build\extras\scripts\libheif-libavif-arm64\libde265\libde265\de265.vcxproj]
C:\Users\Public\jpegview-arm64-build\extras\third_party\libheif\libde265\libde265\nal-parser.cc(365,21): warning C4244: 'argument': conversion from '__int64' to 'int', possible loss of data [C:\Users\Public\jpegview-arm64-build\extras\scripts\libheif-libavif-arm64\libde265\libde265\de265.vcxproj]
  nal.cc
C:\Users\Public\jpegview-arm64-build\extras\third_party\libheif\libde265\libde265/cabac.h(172,46): warning C4244: 'return': conversion from 'uint64_t' to 'int', possible loss of data [C:\Users\Public\jpegview-arm64-build\extras\scripts\libheif-libavif-arm64\libde265\libde265\de265.vcxproj]
  Generating Code...
  Compiling...
  pps.cc
C:\Users\Public\jpegview-arm64-build\extras\third_party\libheif\libde265\libde265/cabac.h(172,46): warning C4244: 'return': conversion from 'uint64_t' to 'int', possible loss of data [C:\Users\Public\jpegview-arm64-build\extras\scripts\libheif-libavif-arm64\libde265\libde265\de265.vcxproj]
C:\Users\Public\jpegview-arm64-build\extras\third_party\libheif\libde265\libde265/sps.h(156,43): warning C4267: 'return': conversion from 'size_t' to 'int', possible loss of data [C:\Users\Public\jpegview-arm64-build\extras\scripts\libheif-libavif-arm64\libde265\libde265\de265.vcxproj]
C:\Users\Public\jpegview-arm64-build\extras\third_party\libheif\libde265\libde265/image.h(325,1): warning C4267: '=': conversion from 'size_t' to 'int', possible loss of data [C:\Users\Public\jpegview-arm64-build\extras\scripts\libheif-libavif-arm64\libde265\libde265\de265.vcxproj]
C:\Users\Public\jpegview-arm64-build\extras\third_party\libheif\libde265\libde265/dpb.h(55,20): warning C4267: 'return': conversion from 'size_t' to 'int', possible loss of data [C:\Users\Public\jpegview-arm64-build\extras\scripts\libheif-libavif-arm64\libde265\libde265\de265.vcxproj]
C:\Users\Public\jpegview-arm64-build\extras\third_party\libheif\libde265\libde265/dpb.h(81,46): warning C4267: 'return': conversion from 'size_t' to 'int', possible loss of data [C:\Users\Public\jpegview-arm64-build\extras\scripts\libheif-libavif-arm64\libde265\libde265\de265.vcxproj]
C:\Users\Public\jpegview-arm64-build\extras\third_party\libheif\libde265\libde265/dpb.h(92,44): warning C4267: 'return': conversion from 'size_t' to 'int', possible loss of data [C:\Users\Public\jpegview-arm64-build\extras\scripts\libheif-libavif-arm64\libde265\libde265\de265.vcxproj]
C:\Users\Public\jpegview-arm64-build\extras\third_party\libheif\libde265\libde265/nal-parser.h(64,34): warning C4267: 'return': conversion from 'size_t' to 'int', possible loss of data [C:\Users\Public\jpegview-arm64-build\extras\scripts\libheif-libavif-arm64\libde265\libde265\de265.vcxproj]
C:\Users\Public\jpegview-arm64-build\extras\third_party\libheif\libde265\libde265/nal-parser.h(112,1): warning C4267: 'initializing': conversion from 'size_t' to 'int', possible loss of data [C:\Users\Public\jpegview-arm64-build\extras\scripts\libheif-libavif-arm64\libde265\libde265\de265.vcxproj]
C:\Users\Public\jpegview-arm64-build\extras\third_party\libheif\libde265\libde265/nal-parser.h(118,1): warning C4267: 'return': conversion from 'size_t' to 'int', possible loss of data [C:\Users\Public\jpegview-arm64-build\extras\scripts\libheif-libavif-arm64\libde265\libde265\de265.vcxproj]
C:\Users\Public\jpegview-arm64-build\extras\third_party\libheif\libde265\libde265/nal-parser.h(124,36): warning C4267: 'return': conversion from 'size_t' to 'int', possible loss of data [C:\Users\Public\jpegview-arm64-build\extras\scripts\libheif-libavif-arm64\libde265\libde265\de265.vcxproj]
  quality.cc
C:\Users\Public\jpegview-arm64-build\extras\third_party\libheif\libde265\libde265/cabac.h(172,46): warning C4244: 'return': conversion from 'uint64_t' to 'int', possible loss of data [C:\Users\Public\jpegview-arm64-build\extras\scripts\libheif-libavif-arm64\libde265\libde265\de265.vcxproj]
C:\Users\Public\jpegview-arm64-build\extras\third_party\libheif\libde265\libde265/sps.h(156,43): warning C4267: 'return': conversion from 'size_t' to 'int', possible loss of data [C:\Users\Public\jpegview-arm64-build\extras\scripts\libheif-libavif-arm64\libde265\libde265\de265.vcxproj]
C:\Users\Public\jpegview-arm64-build\extras\third_party\libheif\libde265\libde265/image.h(325,1): warning C4267: '=': conversion from 'size_t' to 'int', possible loss of data [C:\Users\Public\jpegview-arm64-build\extras\scripts\libheif-libavif-arm64\libde265\libde265\de265.vcxproj]
  refpic.cc
C:\Users\Public\jpegview-arm64-build\extras\third_party\libheif\libde265\libde265/cabac.h(172,46): warning C4244: 'return': conversion from 'uint64_t' to 'int', possible loss of data [C:\Users\Public\jpegview-arm64-build\extras\scripts\libheif-libavif-arm64\libde265\libde265\de265.vcxproj]
C:\Users\Public\jpegview-arm64-build\extras\third_party\libheif\libde265\libde265/sps.h(156,43): warning C4267: 'return': conversion from 'size_t' to 'int', possible loss of data [C:\Users\Public\jpegview-arm64-build\extras\scripts\libheif-libavif-arm64\libde265\libde265\de265.vcxproj]
C:\Users\Public\jpegview-arm64-build\extras\third_party\libheif\libde265\libde265/image.h(325,1): warning C4267: '=': conversion from 'size_t' to 'int', possible loss of data [C:\Users\Public\jpegview-arm64-build\extras\scripts\libheif-libavif-arm64\libde265\libde265\de265.vcxproj]
C:\Users\Public\jpegview-arm64-build\extras\third_party\libheif\libde265\libde265/dpb.h(55,20): warning C4267: 'return': conversion from 'size_t' to 'int', possible loss of data [C:\Users\Public\jpegview-arm64-build\extras\scripts\libheif-libavif-arm64\libde265\libde265\de265.vcxproj]
C:\Users\Public\jpegview-arm64-build\extras\third_party\libheif\libde265\libde265/dpb.h(81,46): warning C4267: 'return': conversion from 'size_t' to 'int', possible loss of data [C:\Users\Public\jpegview-arm64-build\extras\scripts\libheif-libavif-arm64\libde265\libde265\de265.vcxproj]
C:\Users\Public\jpegview-arm64-build\extras\third_party\libheif\libde265\libde265/dpb.h(92,44): warning C4267: 'return': conversion from 'size_t' to 'int', possible loss of data [C:\Users\Public\jpegview-arm64-build\extras\scripts\libheif-libavif-arm64\libde265\libde265\de265.vcxproj]
C:\Users\Public\jpegview-arm64-build\extras\third_party\libheif\libde265\libde265/nal-parser.h(64,34): warning C4267: 'return': conversion from 'size_t' to 'int', possible loss of data [C:\Users\Public\jpegview-arm64-build\extras\scripts\libheif-libavif-arm64\libde265\libde265\de265.vcxproj]
C:\Users\Public\jpegview-arm64-build\extras\third_party\libheif\libde265\libde265/nal-parser.h(112,1): warning C4267: 'initializing': conversion from 'size_t' to 'int', possible loss of data [C:\Users\Public\jpegview-arm64-build\extras\scripts\libheif-libavif-arm64\libde265\libde265\de265.vcxproj]
C:\Users\Public\jpegview-arm64-build\extras\third_party\libheif\libde265\libde265/nal-parser.h(118,1): warning C4267: 'return': conversion from 'size_t' to 'int', possible loss of data [C:\Users\Public\jpegview-arm64-build\extras\scripts\libheif-libavif-arm64\libde265\libde265\de265.vcxproj]
C:\Users\Public\jpegview-arm64-build\extras\third_party\libheif\libde265\libde265/nal-parser.h(124,36): warning C4267: 'return': conversion from 'size_t' to 'int', possible loss of data [C:\Users\Public\jpegview-arm64-build\extras\scripts\libheif-libavif-arm64\libde265\libde265\de265.vcxproj]
  sao.cc
C:\Users\Public\jpegview-arm64-build\extras\third_party\libheif\libde265\libde265/cabac.h(172,46): warning C4244: 'return': conversion from 'uint64_t' to 'int', possible loss of data [C:\Users\Public\jpegview-arm64-build\extras\scripts\libheif-libavif-arm64\libde265\libde265\de265.vcxproj]
C:\Users\Public\jpegview-arm64-build\extras\third_party\libheif\libde265\libde265/sps.h(156,43): warning C4267: 'return': conversion from 'size_t' to 'int', possible loss of data [C:\Users\Public\jpegview-arm64-build\extras\scripts\libheif-libavif-arm64\libde265\libde265\de265.vcxproj]
C:\Users\Public\jpegview-arm64-build\extras\third_party\libheif\libde265\libde265/image.h(325,1): warning C4267: '=': conversion from 'size_t' to 'int', possible loss of data [C:\Users\Public\jpegview-arm64-build\extras\scripts\libheif-libavif-arm64\libde265\libde265\de265.vcxproj]
C:\Users\Public\jpegview-arm64-build\extras\third_party\libheif\libde265\libde265/dpb.h(55,20): warning C4267: 'return': conversion from 'size_t' to 'int', possible loss of data [C:\Users\Public\jpegview-arm64-build\extras\scripts\libheif-libavif-arm64\libde265\libde265\de265.vcxproj]
C:\Users\Public\jpegview-arm64-build\extras\third_party\libheif\libde265\libde265/dpb.h(81,46): warning C4267: 'return': conversion from 'size_t' to 'int', possible loss of data [C:\Users\Public\jpegview-arm64-build\extras\scripts\libheif-libavif-arm64\libde265\libde265\de265.vcxproj]
C:\Users\Public\jpegview-arm64-build\extras\third_party\libheif\libde265\libde265/dpb.h(92,44): warning C4267: 'return': conversion from 'size_t' to 'int', possible loss of data [C:\Users\Public\jpegview-arm64-build\extras\scripts\libheif-libavif-arm64\libde265\libde265\de265.vcxproj]
C:\Users\Public\jpegview-arm64-build\extras\third_party\libheif\libde265\libde265/nal-parser.h(64,34): warning C4267: 'return': conversion from 'size_t' to 'int', possible loss of data [C:\Users\Public\jpegview-arm64-build\extras\scripts\libheif-libavif-arm64\libde265\libde265\de265.vcxproj]
C:\Users\Public\jpegview-arm64-build\extras\third_party\libheif\libde265\libde265/nal-parser.h(112,1): warning C4267: 'initializing': conversion from 'size_t' to 'int', possible loss of data [C:\Users\Public\jpegview-arm64-build\extras\scripts\libheif-libavif-arm64\libde265\libde265\de265.vcxproj]
C:\Users\Public\jpegview-arm64-build\extras\third_party\libheif\libde265\libde265/nal-parser.h(118,1): warning C4267: 'return': conversion from 'size_t' to 'int', possible loss of data [C:\Users\Public\jpegview-arm64-build\extras\scripts\libheif-libavif-arm64\libde265\libde265\de265.vcxproj]
C:\Users\Public\jpegview-arm64-build\extras\third_party\libheif\libde265\libde265/nal-parser.h(124,36): warning C4267: 'return': conversion from 'size_t' to 'int', possible loss of data [C:\Users\Public\jpegview-arm64-build\extras\scripts\libheif-libavif-arm64\libde265\libde265\de265.vcxproj]
C:\Users\Public\jpegview-arm64-build\extras\third_party\libheif\libde265\libde265\sao.cc(413,5): warning C4996: 'sprintf': This function or variable may be unsafe. Consider using sprintf_s instead. To disable deprecation, use _CRT_SECURE_NO_WARNINGS. See online help for details. [C:\Users\Public\jpegview-arm64-build\extras\scripts\libheif-libavif-arm64\libde265\libde265\de265.vcxproj]
  scan.cc
  sei.cc
C:\Users\Public\jpegview-arm64-build\extras\third_party\libheif\libde265\libde265/cabac.h(172,46): warning C4244: 'return': conversion from 'uint64_t' to 'int', possible loss of data [C:\Users\Public\jpegview-arm64-build\extras\scripts\libheif-libavif-arm64\libde265\libde265\de265.vcxproj]
C:\Users\Public\jpegview-arm64-build\extras\third_party\libheif\libde265\libde265/sps.h(156,43): warning C4267: 'return': conversion from 'size_t' to 'int', possible loss of data [C:\Users\Public\jpegview-arm64-build\extras\scripts\libheif-libavif-arm64\libde265\libde265\de265.vcxproj]
C:\Users\Public\jpegview-arm64-build\extras\third_party\libheif\libde265\libde265/image.h(325,1): warning C4267: '=': conversion from 'size_t' to 'int', possible loss of data [C:\Users\Public\jpegview-arm64-build\extras\scripts\libheif-libavif-arm64\libde265\libde265\de265.vcxproj]
C:\Users\Public\jpegview-arm64-build\extras\third_party\libheif\libde265\libde265/dpb.h(55,20): warning C4267: 'return': conversion from 'size_t' to 'int', possible loss of data [C:\Users\Public\jpegview-arm64-build\extras\scripts\libheif-libavif-arm64\libde265\libde265\de265.vcxproj]
C:\Users\Public\jpegview-arm64-build\extras\third_party\libheif\libde265\libde265/dpb.h(81,46): warning C4267: 'return': conversion from 'size_t' to 'int', possible loss of data [C:\Users\Public\jpegview-arm64-build\extras\scripts\libheif-libavif-arm64\libde265\libde265\de265.vcxproj]
C:\Users\Public\jpegview-arm64-build\extras\third_party\libheif\libde265\libde265/dpb.h(92,44): warning C4267: 'return': conversion from 'size_t' to 'int', possible loss of data [C:\Users\Public\jpegview-arm64-build\extras\scripts\libheif-libavif-arm64\libde265\libde265\de265.vcxproj]
C:\Users\Public\jpegview-arm64-build\extras\third_party\libheif\libde265\libde265/nal-parser.h(64,34): warning C4267: 'return': conversion from 'size_t' to 'int', possible loss of data [C:\Users\Public\jpegview-arm64-build\extras\scripts\libheif-libavif-arm64\libde265\libde265\de265.vcxproj]
C:\Users\Public\jpegview-arm64-build\extras\third_party\libheif\libde265\libde265/nal-parser.h(112,1): warning C4267: 'initializing': conversion from 'size_t' to 'int', possible loss of data [C:\Users\Public\jpegview-arm64-build\extras\scripts\libheif-libavif-arm64\libde265\libde265\de265.vcxproj]
C:\Users\Public\jpegview-arm64-build\extras\third_party\libheif\libde265\libde265/nal-parser.h(118,1): warning C4267: 'return': conversion from 'size_t' to 'int', possible loss of data [C:\Users\Public\jpegview-arm64-build\extras\scripts\libheif-libavif-arm64\libde265\libde265\de265.vcxproj]
C:\Users\Public\jpegview-arm64-build\extras\third_party\libheif\libde265\libde265/nal-parser.h(124,36): warning C4267: 'return': conversion from 'size_t' to 'int', possible loss of data [C:\Users\Public\jpegview-arm64-build\extras\scripts\libheif-libavif-arm64\libde265\libde265\de265.vcxproj]
C:\Users\Public\jpegview-arm64-build\extras\third_party\libheif\libde265\libde265\sei.cc(176,40): warning C4333: '>>': right shift by too large amount, data loss [C:\Users\Public\jpegview-arm64-build\extras\scripts\libheif-libavif-arm64\libde265\libde265\de265.vcxproj]
  slice.cc
C:\Users\Public\jpegview-arm64-build\extras\third_party\libheif\libde265\libde265/cabac.h(172,46): warning C4244: 'return': conversion from 'uint64_t' to 'int', possible loss of data [C:\Users\Public\jpegview-arm64-build\extras\scripts\libheif-libavif-arm64\libde265\libde265\de265.vcxproj]
C:\Users\Public\jpegview-arm64-build\extras\third_party\libheif\libde265\libde265/sps.h(156,43): warning C4267: 'return': conversion from 'size_t' to 'int', possible loss of data [C:\Users\Public\jpegview-arm64-build\extras\scripts\libheif-libavif-arm64\libde265\libde265\de265.vcxproj]
C:\Users\Public\jpegview-arm64-build\extras\third_party\libheif\libde265\libde265/image.h(325,1): warning C4267: '=': conversion from 'size_t' to 'int', possible loss of data [C:\Users\Public\jpegview-arm64-build\extras\scripts\libheif-libavif-arm64\libde265\libde265\de265.vcxproj]
C:\Users\Public\jpegview-arm64-build\extras\third_party\libheif\libde265\libde265/dpb.h(55,20): warning C4267: 'return': conversion from 'size_t' to 'int', possible loss of data [C:\Users\Public\jpegview-arm64-build\extras\scripts\libheif-libavif-arm64\libde265\libde265\de265.vcxproj]
C:\Users\Public\jpegview-arm64-build\extras\third_party\libheif\libde265\libde265/dpb.h(81,46): warning C4267: 'return': conversion from 'size_t' to 'int', possible loss of data [C:\Users\Public\jpegview-arm64-build\extras\scripts\libheif-libavif-arm64\libde265\libde265\de265.vcxproj]
C:\Users\Public\jpegview-arm64-build\extras\third_party\libheif\libde265\libde265/dpb.h(92,44): warning C4267: 'return': conversion from 'size_t' to 'int', possible loss of data [C:\Users\Public\jpegview-arm64-build\extras\scripts\libheif-libavif-arm64\libde265\libde265\de265.vcxproj]
C:\Users\Public\jpegview-arm64-build\extras\third_party\libheif\libde265\libde265/nal-parser.h(64,34): warning C4267: 'return': conversion from 'size_t' to 'int', possible loss of data [C:\Users\Public\jpegview-arm64-build\extras\scripts\libheif-libavif-arm64\libde265\libde265\de265.vcxproj]
C:\Users\Public\jpegview-arm64-build\extras\third_party\libheif\libde265\libde265/nal-parser.h(112,1): warning C4267: 'initializing': conversion from 'size_t' to 'int', possible loss of data [C:\Users\Public\jpegview-arm64-build\extras\scripts\libheif-libavif-arm64\libde265\libde265\de265.vcxproj]
C:\Users\Public\jpegview-arm64-build\extras\third_party\libheif\libde265\libde265/nal-parser.h(118,1): warning C4267: 'return': conversion from 'size_t' to 'int', possible loss of data [C:\Users\Public\jpegview-arm64-build\extras\scripts\libheif-libavif-arm64\libde265\libde265\de265.vcxproj]
C:\Users\Public\jpegview-arm64-build\extras\third_party\libheif\libde265\libde265/nal-parser.h(124,36): warning C4267: 'return': conversion from 'size_t' to 'int', possible loss of data [C:\Users\Public\jpegview-arm64-build\extras\scripts\libheif-libavif-arm64\libde265\libde265\de265.vcxproj]
C:\Users\Public\jpegview-arm64-build\extras\third_party\libheif\libde265\libde265\slice.cc(4194,58): warning C4244: '=': conversion from '__int64' to 'int', possible loss of data [C:\Users\Public\jpegview-arm64-build\extras\scripts\libheif-libavif-arm64\libde265\libde265\de265.vcxproj]
C:\Users\Public\jpegview-arm64-build\extras\third_party\libheif\libde265\libde265\slice.cc(4900,3): warning C4996: 'sprintf': This function or variable may be unsafe. Consider using sprintf_s instead. To disable deprecation, use _CRT_SECURE_NO_WARNINGS. See online help for details. [C:\Users\Public\jpegview-arm64-build\extras\scripts\libheif-libavif-arm64\libde265\libde265\de265.vcxproj]
C:\Users\Public\jpegview-arm64-build\extras\third_party\libheif\libde265\libde265\slice.cc(4907,3): warning C4996: 'sprintf': This function or variable may be unsafe. Consider using sprintf_s instead. To disable deprecation, use _CRT_SECURE_NO_WARNINGS. See online help for details. [C:\Users\Public\jpegview-arm64-build\extras\scripts\libheif-libavif-arm64\libde265\libde265\de265.vcxproj]
  sps.cc
C:\Users\Public\jpegview-arm64-build\extras\third_party\libheif\libde265\libde265/cabac.h(172,46): warning C4244: 'return': conversion from 'uint64_t' to 'int', possible loss of data [C:\Users\Public\jpegview-arm64-build\extras\scripts\libheif-libavif-arm64\libde265\libde265\de265.vcxproj]
C:\Users\Public\jpegview-arm64-build\extras\third_party\libheif\libde265\libde265\sps.h(156,43): warning C4267: 'return': conversion from 'size_t' to 'int', possible loss of data [C:\Users\Public\jpegview-arm64-build\extras\scripts\libheif-libavif-arm64\libde265\libde265\de265.vcxproj]
C:\Users\Public\jpegview-arm64-build\extras\third_party\libheif\libde265\libde265/image.h(325,1): warning C4267: '=': conversion from 'size_t' to 'int', possible loss of data [C:\Users\Public\jpegview-arm64-build\extras\scripts\libheif-libavif-arm64\libde265\libde265\de265.vcxproj]
C:\Users\Public\jpegview-arm64-build\extras\third_party\libheif\libde265\libde265/dpb.h(55,20): warning C4267: 'return': conversion from 'size_t' to 'int', possible loss of data [C:\Users\Public\jpegview-arm64-build\extras\scripts\libheif-libavif-arm64\libde265\libde265\de265.vcxproj]
C:\Users\Public\jpegview-arm64-build\extras\third_party\libheif\libde265\libde265/dpb.h(81,46): warning C4267: 'return': conversion from 'size_t' to 'int', possible loss of data [C:\Users\Public\jpegview-arm64-build\extras\scripts\libheif-libavif-arm64\libde265\libde265\de265.vcxproj]
C:\Users\Public\jpegview-arm64-build\extras\third_party\libheif\libde265\libde265/dpb.h(92,44): warning C4267: 'return': conversion from 'size_t' to 'int', possible loss of data [C:\Users\Public\jpegview-arm64-build\extras\scripts\libheif-libavif-arm64\libde265\libde265\de265.vcxproj]
C:\Users\Public\jpegview-arm64-build\extras\third_party\libheif\libde265\libde265/nal-parser.h(64,34): warning C4267: 'return': conversion from 'size_t' to 'int', possible loss of data [C:\Users\Public\jpegview-arm64-build\extras\scripts\libheif-libavif-arm64\libde265\libde265\de265.vcxproj]
C:\Users\Public\jpegview-arm64-build\extras\third_party\libheif\libde265\libde265/nal-parser.h(112,1): warning C4267: 'initializing': conversion from 'size_t' to 'int', possible loss of data [C:\Users\Public\jpegview-arm64-build\extras\scripts\libheif-libavif-arm64\libde265\libde265\de265.vcxproj]
C:\Users\Public\jpegview-arm64-build\extras\third_party\libheif\libde265\libde265/nal-parser.h(118,1): warning C4267: 'return': conversion from 'size_t' to 'int', possible loss of data [C:\Users\Public\jpegview-arm64-build\extras\scripts\libheif-libavif-arm64\libde265\libde265\de265.vcxproj]
C:\Users\Public\jpegview-arm64-build\extras\third_party\libheif\libde265\libde265/nal-parser.h(124,36): warning C4267: 'return': conversion from 'size_t' to 'int', possible loss of data [C:\Users\Public\jpegview-arm64-build\extras\scripts\libheif-libavif-arm64\libde265\libde265\de265.vcxproj]
C:\Users\Public\jpegview-arm64-build\extras\third_party\libheif\libde265\libde265\sps.cc(1186,56): warning C4267: 'initializing': conversion from 'size_t' to 'int', possible loss of data [C:\Users\Public\jpegview-arm64-build\extras\scripts\libheif-libavif-arm64\libde265\libde265\de265.vcxproj]
  threads.cc
C:\Users\Public\jpegview-arm64-build\extras\third_party\libheif\libde265\libde265/cabac.h(172,46): warning C4244: 'return': conversion from 'uint64_t' to 'int', possible loss of data [C:\Users\Public\jpegview-arm64-build\extras\scripts\libheif-libavif-arm64\libde265\libde265\de265.vcxproj]
C:\Users\Public\jpegview-arm64-build\extras\third_party\libheif\libde265\libde265/sps.h(156,43): warning C4267: 'return': conversion from 'size_t' to 'int', possible loss of data [C:\Users\Public\jpegview-arm64-build\extras\scripts\libheif-libavif-arm64\libde265\libde265\de265.vcxproj]
C:\Users\Public\jpegview-arm64-build\extras\third_party\libheif\libde265\libde265/image.h(325,1): warning C4267: '=': conversion from 'size_t' to 'int', possible loss of data [C:\Users\Public\jpegview-arm64-build\extras\scripts\libheif-libavif-arm64\libde265\libde265\de265.vcxproj]
C:\Users\Public\jpegview-arm64-build\extras\third_party\libheif\libde265\libde265/dpb.h(55,20): warning C4267: 'return': conversion from 'size_t' to 'int', possible loss of data [C:\Users\Public\jpegview-arm64-build\extras\scripts\libheif-libavif-arm64\libde265\libde265\de265.vcxproj]
C:\Users\Public\jpegview-arm64-build\extras\third_party\libheif\libde265\libde265/dpb.h(81,46): warning C4267: 'return': conversion from 'size_t' to 'int', possible loss of data [C:\Users\Public\jpegview-arm64-build\extras\scripts\libheif-libavif-arm64\libde265\libde265\de265.vcxproj]
C:\Users\Public\jpegview-arm64-build\extras\third_party\libheif\libde265\libde265/dpb.h(92,44): warning C4267: 'return': conversion from 'size_t' to 'int', possible loss of data [C:\Users\Public\jpegview-arm64-build\extras\scripts\libheif-libavif-arm64\libde265\libde265\de265.vcxproj]
C:\Users\Public\jpegview-arm64-build\extras\third_party\libheif\libde265\libde265/nal-parser.h(64,34): warning C4267: 'return': conversion from 'size_t' to 'int', possible loss of data [C:\Users\Public\jpegview-arm64-build\extras\scripts\libheif-libavif-arm64\libde265\libde265\de265.vcxproj]
C:\Users\Public\jpegview-arm64-build\extras\third_party\libheif\libde265\libde265/nal-parser.h(112,1): warning C4267: 'initializing': conversion from 'size_t' to 'int', possible loss of data [C:\Users\Public\jpegview-arm64-build\extras\scripts\libheif-libavif-arm64\libde265\libde265\de265.vcxproj]
C:\Users\Public\jpegview-arm64-build\extras\third_party\libheif\libde265\libde265/nal-parser.h(118,1): warning C4267: 'return': conversion from 'size_t' to 'int', possible loss of data [C:\Users\Public\jpegview-arm64-build\extras\scripts\libheif-libavif-arm64\libde265\libde265\de265.vcxproj]
C:\Users\Public\jpegview-arm64-build\extras\third_party\libheif\libde265\libde265/nal-parser.h(124,36): warning C4267: 'return': conversion from 'size_t' to 'int', possible loss of data [C:\Users\Public\jpegview-arm64-build\extras\scripts\libheif-libavif-arm64\libde265\libde265\de265.vcxproj]
  transform.cc
C:\Users\Public\jpegview-arm64-build\extras\third_party\libheif\libde265\libde265/cabac.h(172,46): warning C4244: 'return': conversion from 'uint64_t' to 'int', possible loss of data [C:\Users\Public\jpegview-arm64-build\extras\scripts\libheif-libavif-arm64\libde265\libde265\de265.vcxproj]
C:\Users\Public\jpegview-arm64-build\extras\third_party\libheif\libde265\libde265/sps.h(156,43): warning C4267: 'return': conversion from 'size_t' to 'int', possible loss of data [C:\Users\Public\jpegview-arm64-build\extras\scripts\libheif-libavif-arm64\libde265\libde265\de265.vcxproj]
C:\Users\Public\jpegview-arm64-build\extras\third_party\libheif\libde265\libde265/image.h(325,1): warning C4267: '=': conversion from 'size_t' to 'int', possible loss of data [C:\Users\Public\jpegview-arm64-build\extras\scripts\libheif-libavif-arm64\libde265\libde265\de265.vcxproj]
C:\Users\Public\jpegview-arm64-build\extras\third_party\libheif\libde265\libde265/dpb.h(55,20): warning C4267: 'return': conversion from 'size_t' to 'int', possible loss of data [C:\Users\Public\jpegview-arm64-build\extras\scripts\libheif-libavif-arm64\libde265\libde265\de265.vcxproj]
C:\Users\Public\jpegview-arm64-build\extras\third_party\libheif\libde265\libde265/dpb.h(81,46): warning C4267: 'return': conversion from 'size_t' to 'int', possible loss of data [C:\Users\Public\jpegview-arm64-build\extras\scripts\libheif-libavif-arm64\libde265\libde265\de265.vcxproj]
C:\Users\Public\jpegview-arm64-build\extras\third_party\libheif\libde265\libde265/dpb.h(92,44): warning C4267: 'return': conversion from 'size_t' to 'int', possible loss of data [C:\Users\Public\jpegview-arm64-build\extras\scripts\libheif-libavif-arm64\libde265\libde265\de265.vcxproj]
C:\Users\Public\jpegview-arm64-build\extras\third_party\libheif\libde265\libde265/nal-parser.h(64,34): warning C4267: 'return': conversion from 'size_t' to 'int', possible loss of data [C:\Users\Public\jpegview-arm64-build\extras\scripts\libheif-libavif-arm64\libde265\libde265\de265.vcxproj]
C:\Users\Public\jpegview-arm64-build\extras\third_party\libheif\libde265\libde265/nal-parser.h(112,1): warning C4267: 'initializing': conversion from 'size_t' to 'int', possible loss of data [C:\Users\Public\jpegview-arm64-build\extras\scripts\libheif-libavif-arm64\libde265\libde265\de265.vcxproj]
C:\Users\Public\jpegview-arm64-build\extras\third_party\libheif\libde265\libde265/nal-parser.h(118,1): warning C4267: 'return': conversion from 'size_t' to 'int', possible loss of data [C:\Users\Public\jpegview-arm64-build\extras\scripts\libheif-libavif-arm64\libde265\libde265\de265.vcxproj]
C:\Users\Public\jpegview-arm64-build\extras\third_party\libheif\libde265\libde265/nal-parser.h(124,36): warning C4267: 'return': conversion from 'size_t' to 'int', possible loss of data [C:\Users\Public\jpegview-arm64-build\extras\scripts\libheif-libavif-arm64\libde265\libde265\de265.vcxproj]
C:\Users\Public\jpegview-arm64-build\extras\third_party\libheif\libde265\libde265\transform.cc(516,53): warning C4244: '=': conversion from 'int64_t' to 'int16_t', possible loss of data [C:\Users\Public\jpegview-arm64-build\extras\scripts\libheif-libavif-arm64\libde265\libde265\de265.vcxproj]
C:\Users\Public\jpegview-arm64-build\extras\third_party\libheif\libde265\libde265\transform.cc(646): message : see reference to function template instantiation 'void scale_coefficients_internal<uint16_t>(thread_context *,int,int,int,int,int,int,bool,bool,int)' being compiled [C:\Users\Public\jpegview-arm64-build\extras\scripts\libheif-libavif-arm64\libde265\libde265\de265.vcxproj]
  util.cc
  visualize.cc
C:\Users\Public\jpegview-arm64-build\extras\third_party\libheif\libde265\libde265/cabac.h(172,46): warning C4244: 'return': conversion from 'uint64_t' to 'int', possible loss of data [C:\Users\Public\jpegview-arm64-build\extras\scripts\libheif-libavif-arm64\libde265\libde265\de265.vcxproj]
C:\Users\Public\jpegview-arm64-build\extras\third_party\libheif\libde265\libde265/sps.h(156,43): warning C4267: 'return': conversion from 'size_t' to 'int', possible loss of data [C:\Users\Public\jpegview-arm64-build\extras\scripts\libheif-libavif-arm64\libde265\libde265\de265.vcxproj]
C:\Users\Public\jpegview-arm64-build\extras\third_party\libheif\libde265\libde265/image.h(325,1): warning C4267: '=': conversion from 'size_t' to 'int', possible loss of data [C:\Users\Public\jpegview-arm64-build\extras\scripts\libheif-libavif-arm64\libde265\libde265\de265.vcxproj]
C:\Users\Public\jpegview-arm64-build\extras\third_party\libheif\libde265\libde265/dpb.h(55,20): warning C4267: 'return': conversion from 'size_t' to 'int', possible loss of data [C:\Users\Public\jpegview-arm64-build\extras\scripts\libheif-libavif-arm64\libde265\libde265\de265.vcxproj]
C:\Users\Public\jpegview-arm64-build\extras\third_party\libheif\libde265\libde265/dpb.h(81,46): warning C4267: 'return': conversion from 'size_t' to 'int', possible loss of data [C:\Users\Public\jpegview-arm64-build\extras\scripts\libheif-libavif-arm64\libde265\libde265\de265.vcxproj]
C:\Users\Public\jpegview-arm64-build\extras\third_party\libheif\libde265\libde265/dpb.h(92,44): warning C4267: 'return': conversion from 'size_t' to 'int', possible loss of data [C:\Users\Public\jpegview-arm64-build\extras\scripts\libheif-libavif-arm64\libde265\libde265\de265.vcxproj]
C:\Users\Public\jpegview-arm64-build\extras\third_party\libheif\libde265\libde265/nal-parser.h(64,34): warning C4267: 'return': conversion from 'size_t' to 'int', possible loss of data [C:\Users\Public\jpegview-arm64-build\extras\scripts\libheif-libavif-arm64\libde265\libde265\de265.vcxproj]
C:\Users\Public\jpegview-arm64-build\extras\third_party\libheif\libde265\libde265/nal-parser.h(112,1): warning C4267: 'initializing': conversion from 'size_t' to 'int', possible loss of data [C:\Users\Public\jpegview-arm64-build\extras\scripts\libheif-libavif-arm64\libde265\libde265\de265.vcxproj]
C:\Users\Public\jpegview-arm64-build\extras\third_party\libheif\libde265\libde265/nal-parser.h(118,1): warning C4267: 'return': conversion from 'size_t' to 'int', possible loss of data [C:\Users\Public\jpegview-arm64-build\extras\scripts\libheif-libavif-arm64\libde265\libde265\de265.vcxproj]
C:\Users\Public\jpegview-arm64-build\extras\third_party\libheif\libde265\libde265/nal-parser.h(124,36): warning C4267: 'return': conversion from 'size_t' to 'int', possible loss of data [C:\Users\Public\jpegview-arm64-build\extras\scripts\libheif-libavif-arm64\libde265\libde265\de265.vcxproj]
C:\Users\Public\jpegview-arm64-build\extras\third_party\libheif\libde265\libde265\visualize.cc(67,14): warning C4996: 'fopen': This function or variable may be unsafe. Consider using fopen_s instead. To disable deprecation, use _CRT_SECURE_NO_WARNINGS. See online help for details. [C:\Users\Public\jpegview-arm64-build\extras\scripts\libheif-libavif-arm64\libde265\libde265\de265.vcxproj]
C:\Users\Public\jpegview-arm64-build\extras\third_party\libheif\libde265\libde265\visualize.cc(136,15): warning C4244: 'initializing': conversion from 'double' to 'int', possible loss of data [C:\Users\Public\jpegview-arm64-build\extras\scripts\libheif-libavif-arm64\libde265\libde265\de265.vcxproj]
C:\Users\Public\jpegview-arm64-build\extras\third_party\libheif\libde265\libde265\visualize.cc(246,16): warning C4244: 'initializing': conversion from 'float' to 'uint32_t', possible loss of data [C:\Users\Public\jpegview-arm64-build\extras\scripts\libheif-libavif-arm64\libde265\libde265\de265.vcxproj]
  vps.cc
C:\Users\Public\jpegview-arm64-build\extras\third_party\libheif\libde265\libde265/cabac.h(172,46): warning C4244: 'return': conversion from 'uint64_t' to 'int', possible loss of data [C:\Users\Public\jpegview-arm64-build\extras\scripts\libheif-libavif-arm64\libde265\libde265\de265.vcxproj]
C:\Users\Public\jpegview-arm64-build\extras\third_party\libheif\libde265\libde265/sps.h(156,43): warning C4267: 'return': conversion from 'size_t' to 'int', possible loss of data [C:\Users\Public\jpegview-arm64-build\extras\scripts\libheif-libavif-arm64\libde265\libde265\de265.vcxproj]
C:\Users\Public\jpegview-arm64-build\extras\third_party\libheif\libde265\libde265/image.h(325,1): warning C4267: '=': conversion from 'size_t' to 'int', possible loss of data [C:\Users\Public\jpegview-arm64-build\extras\scripts\libheif-libavif-arm64\libde265\libde265\de265.vcxproj]
C:\Users\Public\jpegview-arm64-build\extras\third_party\libheif\libde265\libde265/dpb.h(55,20): warning C4267: 'return': conversion from 'size_t' to 'int', possible loss of data [C:\Users\Public\jpegview-arm64-build\extras\scripts\libheif-libavif-arm64\libde265\libde265\de265.vcxproj]
C:\Users\Public\jpegview-arm64-build\extras\third_party\libheif\libde265\libde265/dpb.h(81,46): warning C4267: 'return': conversion from 'size_t' to 'int', possible loss of data [C:\Users\Public\jpegview-arm64-build\extras\scripts\libheif-libavif-arm64\libde265\libde265\de265.vcxproj]
C:\Users\Public\jpegview-arm64-build\extras\third_party\libheif\libde265\libde265/dpb.h(92,44): warning C4267: 'return': conversion from 'size_t' to 'int', possible loss of data [C:\Users\Public\jpegview-arm64-build\extras\scripts\libheif-libavif-arm64\libde265\libde265\de265.vcxproj]
C:\Users\Public\jpegview-arm64-build\extras\third_party\libheif\libde265\libde265/nal-parser.h(64,34): warning C4267: 'return': conversion from 'size_t' to 'int', possible loss of data [C:\Users\Public\jpegview-arm64-build\extras\scripts\libheif-libavif-arm64\libde265\libde265\de265.vcxproj]
C:\Users\Public\jpegview-arm64-build\extras\third_party\libheif\libde265\libde265/nal-parser.h(112,1): warning C4267: 'initializing': conversion from 'size_t' to 'int', possible loss of data [C:\Users\Public\jpegview-arm64-build\extras\scripts\libheif-libavif-arm64\libde265\libde265\de265.vcxproj]
C:\Users\Public\jpegview-arm64-build\extras\third_party\libheif\libde265\libde265/nal-parser.h(118,1): warning C4267: 'return': conversion from 'size_t' to 'int', possible loss of data [C:\Users\Public\jpegview-arm64-build\extras\scripts\libheif-libavif-arm64\libde265\libde265\de265.vcxproj]
C:\Users\Public\jpegview-arm64-build\extras\third_party\libheif\libde265\libde265/nal-parser.h(124,36): warning C4267: 'return': conversion from 'size_t' to 'int', possible loss of data [C:\Users\Public\jpegview-arm64-build\extras\scripts\libheif-libavif-arm64\libde265\libde265\de265.vcxproj]
  vui.cc
C:\Users\Public\jpegview-arm64-build\extras\third_party\libheif\libde265\libde265/cabac.h(172,46): warning C4244: 'return': conversion from 'uint64_t' to 'int', possible loss of data [C:\Users\Public\jpegview-arm64-build\extras\scripts\libheif-libavif-arm64\libde265\libde265\de265.vcxproj]
C:\Users\Public\jpegview-arm64-build\extras\third_party\libheif\libde265\libde265/sps.h(156,43): warning C4267: 'return': conversion from 'size_t' to 'int', possible loss of data [C:\Users\Public\jpegview-arm64-build\extras\scripts\libheif-libavif-arm64\libde265\libde265\de265.vcxproj]
C:\Users\Public\jpegview-arm64-build\extras\third_party\libheif\libde265\libde265/image.h(325,1): warning C4267: '=': conversion from 'size_t' to 'int', possible loss of data [C:\Users\Public\jpegview-arm64-build\extras\scripts\libheif-libavif-arm64\libde265\libde265\de265.vcxproj]
C:\Users\Public\jpegview-arm64-build\extras\third_party\libheif\libde265\libde265/dpb.h(55,20): warning C4267: 'return': conversion from 'size_t' to 'int', possible loss of data [C:\Users\Public\jpegview-arm64-build\extras\scripts\libheif-libavif-arm64\libde265\libde265\de265.vcxproj]
C:\Users\Public\jpegview-arm64-build\extras\third_party\libheif\libde265\libde265/dpb.h(81,46): warning C4267: 'return': conversion from 'size_t' to 'int', possible loss of data [C:\Users\Public\jpegview-arm64-build\extras\scripts\libheif-libavif-arm64\libde265\libde265\de265.vcxproj]
C:\Users\Public\jpegview-arm64-build\extras\third_party\libheif\libde265\libde265/dpb.h(92,44): warning C4267: 'return': conversion from 'size_t' to 'int', possible loss of data [C:\Users\Public\jpegview-arm64-build\extras\scripts\libheif-libavif-arm64\libde265\libde265\de265.vcxproj]
C:\Users\Public\jpegview-arm64-build\extras\third_party\libheif\libde265\libde265/nal-parser.h(64,34): warning C4267: 'return': conversion from 'size_t' to 'int', possible loss of data [C:\Users\Public\jpegview-arm64-build\extras\scripts\libheif-libavif-arm64\libde265\libde265\de265.vcxproj]
C:\Users\Public\jpegview-arm64-build\extras\third_party\libheif\libde265\libde265/nal-parser.h(112,1): warning C4267: 'initializing': conversion from 'size_t' to 'int', possible loss of data [C:\Users\Public\jpegview-arm64-build\extras\scripts\libheif-libavif-arm64\libde265\libde265\de265.vcxproj]
C:\Users\Public\jpegview-arm64-build\extras\third_party\libheif\libde265\libde265/nal-parser.h(118,1): warning C4267: 'return': conversion from 'size_t' to 'int', possible loss of data [C:\Users\Public\jpegview-arm64-build\extras\scripts\libheif-libavif-arm64\libde265\libde265\de265.vcxproj]
C:\Users\Public\jpegview-arm64-build\extras\third_party\libheif\libde265\libde265/nal-parser.h(124,36): warning C4267: 'return': conversion from 'size_t' to 'int', possible loss of data [C:\Users\Public\jpegview-arm64-build\extras\scripts\libheif-libavif-arm64\libde265\libde265\de265.vcxproj]
C:\Users\Public\jpegview-arm64-build\extras\third_party\libheif\libde265\libde265\vui.cc(214,23): warning C4018: '<=': signed/unsigned mismatch [C:\Users\Public\jpegview-arm64-build\extras\scripts\libheif-libavif-arm64\libde265\libde265\de265.vcxproj]
  Generating Code...
  win32cond.c
     Creating library C:/Users/Public/jpegview-arm64-build/extras/scripts/libheif-libavif-arm64/libde265/libde265/Release/de265.lib and object C:/Users/Public/jpegview-arm64-build/extras/scripts/libheif-libavif-arm64/libde265/libde265/Release/de265.exp
  de265.vcxproj -> C:\Users\Public\jpegview-arm64-build\extras\scripts\libheif-libavif-arm64\libde265\libde265\Release\libde265.dll
        1 file(s) copied.
        1 file(s) copied.
-- Building for: Visual Studio 18 2026
CMake Deprecation Warning at CMakeLists.txt:1 (cmake_minimum_required):
  Compatibility with CMake < 3.10 will be removed from a future version of
  CMake.

  Update the VERSION argument <min> value.  Or, use the <min>...<max> syntax
  to tell CMake that the project requires at least <min> but has been updated
  to work with policies introduced by <max> or earlier.


-- The C compiler identification is MSVC 19.29.30159.0
-- The CXX compiler identification is MSVC 19.29.30159.0
-- Detecting C compiler ABI info
-- Detecting C compiler ABI info - done
-- Check for working C compiler: C:/Program Files/Microsoft Visual Studio/18/Enterprise/VC/Tools/MSVC/14.29.30133/bin/HostX64/arm64/cl.exe - skipped
-- Detecting C compile features
-- Detecting C compile features - done
-- Detecting CXX compiler ABI info
-- Detecting CXX compiler ABI info - done
-- Check for working CXX compiler: C:/Program Files/Microsoft Visual Studio/18/Enterprise/VC/Tools/MSVC/14.29.30133/bin/HostX64/arm64/cl.exe - skipped
-- Detecting CXX compile features
-- Detecting CXX compile features - done
-- Looking for unistd.h
-- Looking for unistd.h - not found
-- Performing Test has_potentially_evaluated_expression
-- Performing Test has_potentially_evaluated_expression - Failed
-- Found LIBDE265 
-- Found LIBDE265: C:/Users/Public/jpegview-arm64-build/extras/third_party/libheif/libde265 (found version "1.0.12")
libde265 (HEIC decoder): found (built-in)
CMake Warning at cmake/modules/LibFindMacros.cmake:267 (message):
  WARNING: MISSING PACKAGE

  We could not find development headers for X265.  Do you have the necessary
  dev package installed? This package is NOT REQUIRED and you may ignore this
  warning but by doing so you may miss some functionality of libheif.

  Relevant CMake configuration variables:

    X265_INCLUDE_DIR=<not found>
    X265_LIBRARY=<not found>

  You may use CMake GUI, cmake -D or ccmake to modify the values.  Delete
  CMakeCache.txt to discard all values and force full re-detection if
  necessary.

Call Stack (most recent call first):
  cmake/modules/FindX265.cmake:17 (libfind_process)
  CMakeLists.txt:74 (find_package)
  CMakeLists.txt:92 (plugin_option)


-- Could NOT find X265 (missing: X265_INCLUDE_DIR X265_LIBRARIES) 
x265 (HEIC encoder): not found
-- Found DAV1D 
-- Found DAV1D: C:/Users/Public/jpegview-arm64-build/extras/scripts/libheif-libavif-arm64/dav1d/dist/include
Dav1d (AVIF decoder): found (built-in)
-- Looking for AOM_USAGE_GOOD_QUALITY
-- Looking for AOM_USAGE_GOOD_QUALITY - not found
CMake Warning at cmake/modules/LibFindMacros.cmake:267 (message):
  WARNING: MISSING PACKAGE

  We could not find development headers for AOM.  Do you have the necessary
  dev package installed? This package is NOT REQUIRED and you may ignore this
  warning but by doing so you may miss some functionality of libheif.

  Relevant CMake configuration variables:

    AOM_INCLUDE_DIR=<not found>
    AOM_LIBRARY=<not found>

  You may use CMake GUI, cmake -D or ccmake to modify the values.  Delete
  CMakeCache.txt to discard all values and force full re-detection if
  necessary.

Call Stack (most recent call first):
  cmake/modules/FindAOM.cmake:33 (libfind_process)
  CMakeLists.txt:74 (find_package)
  CMakeLists.txt:94 (plugin_option)


-- Could NOT find AOM (missing: AOM_INCLUDE_DIR AOM_LIBRARIES) 
aom (AVIF encoder): not found
CMake Warning at cmake/modules/LibFindMacros.cmake:267 (message):
  WARNING: MISSING PACKAGE

  We could not find development headers for AOM.  Do you have the necessary
  dev package installed? This package is NOT REQUIRED and you may ignore this
  warning but by doing so you may miss some functionality of libheif.

  Relevant CMake configuration variables:

    AOM_INCLUDE_DIR=<not found>
    AOM_LIBRARY=<not found>

  You may use CMake GUI, cmake -D or ccmake to modify the values.  Delete
  CMakeCache.txt to discard all values and force full re-detection if
  necessary.

Call Stack (most recent call first):
  cmake/modules/FindAOM.cmake:33 (libfind_process)
  CMakeLists.txt:74 (find_package)
  CMakeLists.txt:95 (plugin_option)


-- Could NOT find AOM (missing: AOM_INCLUDE_DIR AOM_LIBRARIES) 
aom (AVIF decoder): not found
CMake Warning at cmake/modules/LibFindMacros.cmake:267 (message):
  WARNING: MISSING PACKAGE

  We could not find development headers for SvtEnc.  Do you have the
  necessary dev package installed? This package is NOT REQUIRED and you may
  ignore this warning but by doing so you may miss some functionality of
  libheif.

  Relevant CMake configuration variables:

    SvtEnc_INCLUDE_DIR=<not found>
    SvtEnc_LIBRARY=<not found>

  You may use CMake GUI, cmake -D or ccmake to modify the values.  Delete
  CMakeCache.txt to discard all values and force full re-detection if
  necessary.

Call Stack (most recent call first):
  cmake/modules/FindSvtEnc.cmake:17 (libfind_process)
  CMakeLists.txt:74 (find_package)
  CMakeLists.txt:96 (plugin_option)


-- Could NOT find SvtEnc (missing: SvtEnc_INCLUDE_DIR SvtEnc_LIBRARIES) 
Svt-av1 (AVIF encoder): not found
CMake Warning at cmake/modules/LibFindMacros.cmake:267 (message):
  WARNING: MISSING PACKAGE

  We could not find development headers for RAV1E.  Do you have the necessary
  dev package installed? This package is NOT REQUIRED and you may ignore this
  warning but by doing so you may miss some functionality of libheif.

  Relevant CMake configuration variables:

    RAV1E_INCLUDE_DIR=<not found>
    RAV1E_LIBRARY=<not found>

  You may use CMake GUI, cmake -D or ccmake to modify the values.  Delete
  CMakeCache.txt to discard all values and force full re-detection if
  necessary.

Call Stack (most recent call first):
  cmake/modules/FindRAV1E.cmake:17 (libfind_process)
  CMakeLists.txt:74 (find_package)
  CMakeLists.txt:97 (plugin_option)


-- Could NOT find RAV1E (missing: RAV1E_INCLUDE_DIR RAV1E_LIBRARIES) 
Rav1e (AVIF encoder): not found
CMake Warning at cmake/modules/LibFindMacros.cmake:267 (message):
  WARNING: MISSING PACKAGE

  We could not find development headers for LIBSHARPYUV.  Do you have the
  necessary dev package installed? This package is NOT REQUIRED and you may
  ignore this warning but by doing so you may miss some functionality of
  libheif.

  Relevant CMake configuration variables:

    LIBSHARPYUV_INCLUDE_DIR=<not found>
    LIBSHARPYUV_LIBRARY=<not found>

  You may use CMake GUI, cmake -D or ccmake to modify the values.  Delete
  CMakeCache.txt to discard all values and force full re-detection if
  necessary.

Call Stack (most recent call first):
  cmake/modules/Findlibsharpyuv.cmake:18 (libfind_process)
  CMakeLists.txt:104 (find_package)


-- Could NOT find libsharpyuv (missing: LIBSHARPYUV_INCLUDE_DIR LIBSHARPYUV_LIBRARIES) 
libsharpyuv: disabled
-- Could NOT find JPEG (missing: JPEG_LIBRARY JPEG_INCLUDE_DIR) 
-- Could NOT find ZLIB (missing: ZLIB_LIBRARY ZLIB_INCLUDE_DIR) 
-- Could NOT find PNG (missing: PNG_LIBRARY PNG_PNG_INCLUDE_DIR) 
Not compiling 'x265' backend
Compiling 'libde265' as built-in backend
Compiling 'dav1d' as built-in backend
Not compiling 'aomdec' backend
Not compiling 'aomenc' backend
Not compiling 'svtenc' backend
Not compiling 'rav1e' backend
Not compiling 'libsharpyuv'
-- Performing Test CMAKE_HAVE_LIBC_PTHREAD
-- Performing Test CMAKE_HAVE_LIBC_PTHREAD - Failed
-- Looking for pthread_create in pthreads
-- Looking for pthread_create in pthreads - not found
-- Looking for pthread_create in pthread
-- Looking for pthread_create in pthread - not found
-- Found Threads: TRUE
-- Configuring done (11.4s)
-- Generating done (0.4s)
-- Build files have been written to: C:/Users/Public/jpegview-arm64-build/extras/scripts/libheif-libavif-arm64/libheif
MSBuild version 18.9.1+a81b43525 for .NET Framework

  1>Checking Build System
  Building Custom Rule C:/Users/Public/jpegview-arm64-build/extras/third_party/libheif/libheif/libheif/CMakeLists.txt
  bitstream.cc
  box.cc
  error.cc
  heif.cc
C:\Users\Public\jpegview-arm64-build\extras\third_party\libheif\libheif\libheif\heif.cc(711,3): warning C4996: 'strcpy': This function or variable may be unsafe. Consider using strcpy_s instead. To disable deprecation, use _CRT_SECURE_NO_WARNINGS. See online help for details. [C:\Users\Public\jpegview-arm64-build\extras\scripts\libheif-libavif-arm64\libheif\libheif\heif.vcxproj]
C:\Users\Public\jpegview-arm64-build\extras\third_party\libheif\libheif\libheif\heif.cc(1932,3): warning C4996: 'strcpy': This function or variable may be unsafe. Consider using strcpy_s instead. To disable deprecation, use _CRT_SECURE_NO_WARNINGS. See online help for details. [C:\Users\Public\jpegview-arm64-build\extras\scripts\libheif-libavif-arm64\libheif\libheif\heif.vcxproj]
  context.cc
C:\Users\Public\jpegview-arm64-build\extras\third_party\libheif\libheif\libheif\context.cc(103,12): warning C4146: unary minus operator applied to unsigned type, result still unsigned [C:\Users\Public\jpegview-arm64-build\extras\scripts\libheif-libavif-arm64\libheif\libheif\heif.vcxproj]
  file.cc
C:\Users\Public\jpegview-arm64-build\extras\third_party\libheif\libheif\libheif\file.cc(77,39): warning C4996: 'strerror': This function or variable may be unsafe. Consider using strerror_s instead. To disable deprecation, use _CRT_SECURE_NO_WARNINGS. See online help for details. [C:\Users\Public\jpegview-arm64-build\extras\scripts\libheif-libavif-arm64\libheif\libheif\heif.vcxproj]
  pixelimage.cc
C:\Users\Public\jpegview-arm64-build\extras\third_party\libheif\libheif\libheif\pixelimage.cc(207,32): warning C4101: 'excpt': unreferenced local variable [C:\Users\Public\jpegview-arm64-build\extras\scripts\libheif-libavif-arm64\libheif\libheif\heif.vcxproj]
  hevc.cc
  avif.cc
  plugin_registry.cc
  heif_plugin.cc
  nclx.cc
  init.cc
  metadata_compression.cc
  common_utils.cc
  region.cc
  colorconversion.cc
  rgb2yuv.cc
  rgb2yuv_sharp.cc
  yuv2rgb.cc
  Generating Code...
  Compiling...
  rgb2rgb.cc
  monochrome.cc
  hdr_sdr.cc
  alpha.cc
  chroma_sampling.cc
  plugins_windows.cc
C:\Users\Public\jpegview-arm64-build\extras\third_party\libheif\libheif\libheif\plugins_windows.cc(29,25): warning C4996: 'getenv': This function or variable may be unsafe. Consider using _dupenv_s instead. To disable deprecation, use _CRT_SECURE_NO_WARNINGS. See online help for details. [C:\Users\Public\jpegview-arm64-build\extras\scripts\libheif-libavif-arm64\libheif\libheif\heif.vcxproj]
  decoder_libde265.cc
C:\Users\Public\jpegview-arm64-build\extras\third_party\libheif\libheif\libheif\plugins\decoder_libde265.cc(57,3): warning C4996: 'strcpy': This function or variable may be unsafe. Consider using strcpy_s instead. To disable deprecation, use _CRT_SECURE_NO_WARNINGS. See online help for details. [C:\Users\Public\jpegview-arm64-build\extras\scripts\libheif-libavif-arm64\libheif\libheif\heif.vcxproj]
C:\Users\Public\jpegview-arm64-build\extras\third_party\libheif\libheif\libheif\plugins\decoder_libde265.cc(62,5): warning C4996: 'strcat': This function or variable may be unsafe. Consider using strcat_s instead. To disable deprecation, use _CRT_SECURE_NO_WARNINGS. See online help for details. [C:\Users\Public\jpegview-arm64-build\extras\scripts\libheif-libavif-arm64\libheif\libheif\heif.vcxproj]
C:\Users\Public\jpegview-arm64-build\extras\third_party\libheif\libheif\libheif\plugins\decoder_libde265.cc(63,5): warning C4996: 'strcat': This function or variable may be unsafe. Consider using strcat_s instead. To disable deprecation, use _CRT_SECURE_NO_WARNINGS. See online help for details. [C:\Users\Public\jpegview-arm64-build\extras\scripts\libheif-libavif-arm64\libheif\libheif\heif.vcxproj]
  decoder_dav1d.cc
  Generating Code...
     Creating library C:/Users/Public/jpegview-arm64-build/extras/scripts/libheif-libavif-arm64/libheif/libheif/Release/heif.lib and object C:/Users/Public/jpegview-arm64-build/extras/scripts/libheif-libavif-arm64/libheif/libheif/Release/heif.exp
  heif.vcxproj -> C:\Users\Public\jpegview-arm64-build\extras\scripts\libheif-libavif-arm64\libheif\libheif\Release\heif.dll
        1 file(s) copied.
        1 file(s) copied.
