2026-08-20T10:13:29.5661680Z Current runner version: '2.336.0'
2026-08-20T10:13:29.5695729Z ##[group]Runner Image Provisioner
2026-08-20T10:13:29.5696786Z Hosted Compute Agent
2026-08-20T10:13:29.5697455Z Version: 20260729.566
2026-08-20T10:13:29.5698102Z Commit: cf7153fe6e25b664e8693c24944bf2b00355d109
2026-08-20T10:13:29.5698782Z Build Date: 2026-07-29T19:17:02Z
2026-08-20T10:13:29.5699498Z Worker ID: {4f024269-b56f-4879-a4a4-82b856e1f904}
2026-08-20T10:13:29.5700174Z Azure Region: northcentralus
2026-08-20T10:13:29.5700736Z ##[endgroup]
2026-08-20T10:13:29.5702567Z ##[group]Operating System
2026-08-20T10:13:29.5703210Z Microsoft Windows 11
2026-08-20T10:13:29.5703770Z 10.0.26200
2026-08-20T10:13:29.5704284Z Enterprise
2026-08-20T10:13:29.5704767Z ##[endgroup]
2026-08-20T10:13:29.5705343Z ##[group]Runner Image
2026-08-20T10:13:29.5705904Z Image: windows-11-arm64
2026-08-20T10:13:29.5706513Z Version: 20260809.134.1
2026-08-20T10:13:29.5708073Z Included Software: https://github.com/actions/runner-images/blob/win11-arm64/20260809.134/images/windows/Windows11-Arm64-Readme.md
2026-08-20T10:13:29.5709655Z Image Release: https://github.com/actions/runner-images/releases/tag/win11-arm64%2F20260809.134
2026-08-20T10:13:29.5710581Z ##[endgroup]
2026-08-20T10:13:29.5711785Z ##[group]GITHUB_TOKEN Permissions
2026-08-20T10:13:29.5714316Z Contents: read
2026-08-20T10:13:29.5715022Z Metadata: read
2026-08-20T10:13:29.5715769Z Packages: read
2026-08-20T10:13:29.5716349Z ##[endgroup]
2026-08-20T10:13:29.5719241Z Secret source: Actions
2026-08-20T10:13:29.5720413Z Prepare workflow directory
2026-08-20T10:13:29.6133163Z Prepare all required actions
2026-08-20T10:13:29.6185856Z Getting action download info
2026-08-20T10:13:29.8408167Z Download action repository 'actions/checkout@v4' (SHA:11d5960a326750d5838078e36cf38b85af677262)
2026-08-20T10:13:30.1511927Z Download action repository 'microsoft/setup-msbuild@v2' (SHA:6fb02220983dee41ce7ae257b6f4d8f9bf5ed4ce)
2026-08-20T10:13:30.4451699Z Download action repository 'actions/cache@v4' (SHA:0057852bfaa89a56745cba8c7296529d2fc39830)
2026-08-20T10:13:30.8560983Z Download action repository 'actions/upload-artifact@v4' (SHA:ea165f8d65b6e75b540449e92b4886f43607fa02)
2026-08-20T10:13:32.3010231Z Complete job name: Native Windows ARM64
2026-08-20T10:13:32.4513336Z Node 20 is being deprecated. This workflow is running with Node 24 by default. If you need to temporarily use Node 20, you can set the ACTIONS_ALLOW_USE_UNSECURE_NODE_VERSION=true environment variable. For more information see: https://github.blog/changelog/2025-09-19-deprecation-of-node-20-on-github-actions-runners/
2026-08-20T10:13:32.4523609Z ##[group]Run actions/checkout@v4
2026-08-20T10:13:32.4524406Z with:
2026-08-20T10:13:32.4524781Z   repository: LynnSingoei/OpenCppCoverage-ARM64
2026-08-20T10:13:32.4527934Z   token: ***
2026-08-20T10:13:32.4528310Z   ssh-strict: true
2026-08-20T10:13:32.4528606Z   ssh-user: git
2026-08-20T10:13:32.4528921Z   persist-credentials: true
2026-08-20T10:13:32.4529501Z   clean: true
2026-08-20T10:13:32.4529873Z   sparse-checkout-cone-mode: true
2026-08-20T10:13:32.4530250Z   fetch-depth: 1
2026-08-20T10:13:32.4530570Z   fetch-tags: false
2026-08-20T10:13:32.4530919Z   show-progress: true
2026-08-20T10:13:32.4531244Z   lfs: false
2026-08-20T10:13:32.4531703Z   submodules: false
2026-08-20T10:13:32.4532065Z   set-safe-directory: true
2026-08-20T10:13:32.4532388Z   allow-unsafe-pr-checkout: false
2026-08-20T10:13:32.4533311Z ##[endgroup]
2026-08-20T10:13:32.6949972Z Syncing repository: LynnSingoei/OpenCppCoverage-ARM64
2026-08-20T10:13:32.6951881Z ##[group]Getting Git version info
2026-08-20T10:13:32.6952537Z Working directory is 'C:\a\OpenCppCoverage-ARM64\OpenCppCoverage-ARM64'
2026-08-20T10:13:32.7945801Z [command]"C:\Program Files\Git\bin\git.exe" version
2026-08-20T10:13:33.2181801Z git version 2.55.0.windows.3
2026-08-20T10:13:33.2239963Z ##[endgroup]
2026-08-20T10:13:33.2287644Z Temporarily overriding HOME='C:\a\_temp\d76eb3c7-ed08-4a44-a023-5ad88b8ae77e' before making global git config changes
2026-08-20T10:13:33.2290689Z Adding repository directory to the temporary git global config as a safe directory
2026-08-20T10:13:33.2297446Z [command]"C:\Program Files\Git\bin\git.exe" config --global --add safe.directory C:\a\OpenCppCoverage-ARM64\OpenCppCoverage-ARM64
2026-08-20T10:13:33.3036836Z Deleting the contents of 'C:\a\OpenCppCoverage-ARM64\OpenCppCoverage-ARM64'
2026-08-20T10:13:33.3045627Z ##[group]Initializing the repository
2026-08-20T10:13:33.3055478Z [command]"C:\Program Files\Git\bin\git.exe" init C:\a\OpenCppCoverage-ARM64\OpenCppCoverage-ARM64
2026-08-20T10:13:33.4443956Z Initialized empty Git repository in C:/a/OpenCppCoverage-ARM64/OpenCppCoverage-ARM64/.git/
2026-08-20T10:13:33.4504032Z [command]"C:\Program Files\Git\bin\git.exe" remote add origin https://github.com/LynnSingoei/OpenCppCoverage-ARM64
2026-08-20T10:13:33.5175188Z ##[endgroup]
2026-08-20T10:13:33.5175790Z ##[group]Disabling automatic garbage collection
2026-08-20T10:13:33.5185486Z [command]"C:\Program Files\Git\bin\git.exe" config --local gc.auto 0
2026-08-20T10:13:33.5697518Z ##[endgroup]
2026-08-20T10:13:33.5698072Z ##[group]Setting up auth
2026-08-20T10:13:33.5711124Z [command]"C:\Program Files\Git\bin\git.exe" config --local --name-only --get-regexp core\.sshCommand
2026-08-20T10:13:33.6293096Z [command]"C:\Program Files\Git\bin\git.exe" submodule foreach --recursive "sh -c \"git config --local --name-only --get-regexp 'core\.sshCommand' && git config --local --unset-all 'core.sshCommand' || :\""
2026-08-20T10:13:35.8389305Z [command]"C:\Program Files\Git\bin\git.exe" config --local --name-only --get-regexp http\.https\:\/\/github\.com\/\.extraheader
2026-08-20T10:13:35.8898075Z [command]"C:\Program Files\Git\bin\git.exe" submodule foreach --recursive "sh -c \"git config --local --name-only --get-regexp 'http\.https\:\/\/github\.com\/\.extraheader' && git config --local --unset-all 'http.https://github.com/.extraheader' || :\""
2026-08-20T10:13:37.0767554Z [command]"C:\Program Files\Git\bin\git.exe" config --local --name-only --get-regexp ^includeIf\.gitdir:
2026-08-20T10:13:37.1283619Z [command]"C:\Program Files\Git\bin\git.exe" submodule foreach --recursive "git config --local --show-origin --name-only --get-regexp remote.origin.url"
2026-08-20T10:13:38.4233440Z [command]"C:\Program Files\Git\bin\git.exe" config --local http.https://github.com/.extraheader "AUTHORIZATION: basic ***"
2026-08-20T10:13:38.4758090Z ##[endgroup]
2026-08-20T10:13:38.4759528Z ##[group]Fetching the repository
2026-08-20T10:13:38.4771740Z [command]"C:\Program Files\Git\bin\git.exe" -c protocol.version=2 fetch --no-tags --prune --no-recurse-submodules --depth=1 origin +7c49ad404a9ef37c9fbe2c943fdd3a2065ca1640:refs/remotes/pull/1/merge
2026-08-20T10:13:39.6118104Z From https://github.com/LynnSingoei/OpenCppCoverage-ARM64
2026-08-20T10:13:39.6118826Z  * [new ref]         7c49ad404a9ef37c9fbe2c943fdd3a2065ca1640 -> pull/1/merge
2026-08-20T10:13:39.6168222Z ##[endgroup]
2026-08-20T10:13:39.6168997Z ##[group]Determining the checkout info
2026-08-20T10:13:39.6170201Z ##[endgroup]
2026-08-20T10:13:39.6179966Z [command]"C:\Program Files\Git\bin\git.exe" sparse-checkout disable
2026-08-20T10:13:39.6813871Z [command]"C:\Program Files\Git\bin\git.exe" config --local --unset-all extensions.worktreeConfig
2026-08-20T10:13:39.7308050Z ##[group]Checking out the ref
2026-08-20T10:13:39.7317361Z [command]"C:\Program Files\Git\bin\git.exe" checkout --progress --force refs/remotes/pull/1/merge
2026-08-20T10:13:40.1407469Z Note: switching to 'refs/remotes/pull/1/merge'.
2026-08-20T10:13:40.1407984Z 
2026-08-20T10:13:40.1408562Z You are in 'detached HEAD' state. You can look around, make experimental
2026-08-20T10:13:40.1409267Z changes and commit them, and you can discard any commits you make in this
2026-08-20T10:13:40.1409824Z state without impacting any branches by switching back to a branch.
2026-08-20T10:13:40.1410152Z 
2026-08-20T10:13:40.1410466Z If you want to create a new branch to retain commits you create, you may
2026-08-20T10:13:40.1412130Z do so (now or later) by using -c with the switch command. Example:
2026-08-20T10:13:40.1412453Z 
2026-08-20T10:13:40.1412680Z   git switch -c <new-branch-name>
2026-08-20T10:13:40.1412991Z 
2026-08-20T10:13:40.1413136Z Or undo this operation with:
2026-08-20T10:13:40.1413356Z 
2026-08-20T10:13:40.1413486Z   git switch -
2026-08-20T10:13:40.1413647Z 
2026-08-20T10:13:40.1413993Z Turn off this advice by setting config variable advice.detachedHead to false
2026-08-20T10:13:40.1414306Z 
2026-08-20T10:13:40.1414770Z HEAD is now at 7c49ad4 Merge 81376baeda1b5453c1fcfe6fc0a09ccec3f892c8 into 3e518697ea761935574af486bacd5fcc1aeab363
2026-08-20T10:13:40.1543936Z ##[endgroup]
2026-08-20T10:13:40.2131087Z [command]"C:\Program Files\Git\bin\git.exe" log -1 --format=%H
2026-08-20T10:13:40.2588331Z 7c49ad404a9ef37c9fbe2c943fdd3a2065ca1640
2026-08-20T10:13:40.3105125Z Node 20 is being deprecated. This workflow is running with Node 24 by default. If you need to temporarily use Node 20, you can set the ACTIONS_ALLOW_USE_UNSECURE_NODE_VERSION=true environment variable. For more information see: https://github.blog/changelog/2025-09-19-deprecation-of-node-20-on-github-actions-runners/
2026-08-20T10:13:40.3107466Z ##[group]Run microsoft/setup-msbuild@v2
2026-08-20T10:13:40.3107799Z with:
2026-08-20T10:13:40.3108027Z   msbuild-architecture: x86
2026-08-20T10:13:40.3108319Z ##[endgroup]
2026-08-20T10:13:40.5370447Z [command]C:\ProgramData\Chocolatey\bin\vswhere.exe -products * -requires Microsoft.Component.MSBuild -property installationPath -latest
2026-08-20T10:13:43.5398948Z C:\Program Files\Microsoft Visual Studio\2022\Enterprise
2026-08-20T10:13:43.7392463Z ##[group]Run & .\Build\Scripts\ResolveMSBuild.ps1 `
2026-08-20T10:13:43.7393219Z [36;1m& .\Build\Scripts\ResolveMSBuild.ps1 `[0m
2026-08-20T10:13:43.7393601Z [36;1m  -HostArchitecture arm64 `[0m
2026-08-20T10:13:43.7393925Z [36;1m  -Project Tools\Tools.vcxproj `[0m
2026-08-20T10:13:43.7394267Z [36;1m  -Configuration Debug `[0m
2026-08-20T10:13:43.7394601Z [36;1m  -Platform ARM64 `[0m
2026-08-20T10:13:43.7395008Z [36;1m  -SummaryPath artifacts\logs\msbuild-host-ARM64.json[0m
2026-08-20T10:13:43.7395444Z [36;1mif ($LASTEXITCODE -ne 0) { exit $LASTEXITCODE }[0m
2026-08-20T10:13:43.7726517Z shell: C:\Program Files\PowerShell\7\pwsh.EXE -command ". '{0}'"
2026-08-20T10:13:43.7727050Z ##[endgroup]
2026-08-20T10:13:44.9944793Z MSBuild (arm64): C:\Program Files\Microsoft Visual Studio\2022\Enterprise\MSBuild\Current\Bin\arm64\MSBuild.exe
2026-08-20T10:13:45.0017688Z MSBuild version: 17.14.51.32402
2026-08-20T10:13:48.4623824Z   PreferredToolArchitecture    arm64
2026-08-20T10:13:48.4638815Z   VCToolArchitecture           NativeARM64
2026-08-20T10:13:48.4654475Z   VCToolsInstallDir            C:\Program Files\Microsoft Visual Studio\2022\Enterprise\VC\Tools\MSVC\14.44.35207\
2026-08-20T10:13:48.4669486Z   VCToolsVersion               14.44.35207
2026-08-20T10:13:48.4685695Z   WindowsTargetPlatformVersion 10.0
2026-08-20T10:13:48.4713444Z   ExecutablePath               C:\Program Files\Microsoft Visual Studio\2022\Enterprise\VC\Tools\MSVC\14.44.35207\bin\HostArm64\arm64;C:\Program Files (x86)\Windows Kits\10\bin\10.0.26100.0\arm64;;C:\Program Files (x86)\Windows Kits\10\bin\10.0.26100.0\x86;;C:\Program Files (x86)\Microsoft SDKs\Windows\v10.0A\bin\NETFX 4.8.1 Tools;C:\Program Files\Microsoft Visual Studio\2022\Enterprise\Common7\tools;C:\Program Files\Microsoft Visual Studio\2022\Enterprise\Common7\ide;C:\Program Files (x86)\HTML Help Workshop;;C:\Program Files\Microsoft Visual Studio\2022\Enterprise\MSBuild\Current\Bin;C:\Windows\Microsoft.NET\Framework\v4.0.30319\;;C:\Program Files\PowerShell\7;C:\Program Files\Microsoft Visual Studio\2022\Enterprise\MSBuild\Current\Bin;C:\aliyun-cli;C:\vcpkg;C:\tools\zstd;C:\Program Files (x86)\NSIS\;C:\Program Files\Mercurial\;C:\hostedtoolcache\windows\stack\3.11.1\x64;C:\mingw64\bin;C:\Program Files\dotnet;C:\Program Files\MySQL\MySQL Server 8.0\bin;C:\Program Files (x86)\R\R-4.6.1\bin\x64;C:\SeleniumWebDrivers\GeckoDriver;C:\SeleniumWebDrivers\EdgeDriver\;C:\SeleniumWebDrivers\ChromeDriver;C:\Program Files (x86)\sbt\bin;C:\Program Files (x86)\GitHub CLI;C:\Program Files\Git\bin;C:\Program Files (x86)\pipx_bin;C:\npm\prefix;C:\hostedtoolcache\windows\go\1.24.13\arm64\bin;C:\hostedtoolcache\windows\Python\3.13.15\arm64\Scripts;C:\hostedtoolcache\windows\Python\3.13.15\arm64;C:\hostedtoolcache\windows\Ruby\3.4.10\aarch64\bin;C:\Program Files\LLVM\bin;C:\Program Files\OpenSSL\bin;C:\tools\kotlinc\bin;C:\hostedtoolcache\windows\Java_Temurin-Hotspot_jdk\21.0.12-8.0\aarch64\bin;C:\Tools\Ninja;C:\Program Files (x86)\ImageMagick-7.1.2-Q16-HDRI;C:\Program Files\Microsoft SDKs\Azure\CLI2\wbin;C:\ProgramData\kind;C:\ProgramData\Chocolatey\bin;C:\Windows\system32;C:\Windows;C:\Windows\System32\Wbem;C:\Windows\System32\WindowsPowerShell\v1.0\;C:\Windows\System32\OpenSSH\;C:\Program Files\PowerShell\7\;C:\Program Files\Microsoft\Web Platform Installer\;C:\Program Files\Microsoft SQL Server\Client SDK\ODBC\170\Tools\Binn\;C:\Program Files\Microsoft SQL Server\150\Tools\Binn\;C:\Program Files\dotnet\;C:\Program Files (x86)\Windows Kits\10\Windows Performance Toolkit\;C:\Program Files\Microsoft SQL Server\130\DTS\Binn\;C:\Program Files\Microsoft SQL Server\140\DTS\Binn\;C:\Program Files\Microsoft SQL Server\150\DTS\Binn\;C:\Program Files\Microsoft SQL Server\160\DTS\Binn\;C:\Program Files\Microsoft SQL Server\170\DTS\Binn\;C:\Strawberry\c\bin;C:\Strawberry\perl\site\bin;C:\Strawberry\perl\bin;C:\ProgramData\chocolatey\lib\pulumi\tools\Pulumi\bin;C:\Program Files\CMake\bin;C:\ProgramData\chocolatey\lib\maven\apache-maven-3.9.16\bin;C:\Program Files\nodejs\;C:\Program Files\Git\cmd;C:\Program Files\Git\clangarm64\bin;C:\Program Files\Git\usr\bin;C:\Program Files\GitHub CLI\;c:\tools\php;C:\Program Files (x86)\sbt\bin;C:\Program Files\Amazon\AWSCLIV2\;C:\Program Files\Amazon\SessionManagerPlugin\bin\;C:\Program Files\Amazon\AWSSAMCLI\bin\;C:\Program Files\Microsoft SQL Server\130\Tools\Binn\;C:\Users\runneradmin\.dotnet\tools;C:\Users\runneradmin\.cargo\bin;C:\Users\runneradmin\AppData\Local\Microsoft\WindowsApps;
2026-08-20T10:13:48.5018420Z Resolved NativeARM64 MSBuild host.
2026-08-20T10:13:48.5936845Z ##[group]Run New-Item -ItemType Directory -Force artifacts\logs | Out-Null
2026-08-20T10:13:48.5937706Z [36;1mNew-Item -ItemType Directory -Force artifacts\logs | Out-Null[0m
2026-08-20T10:13:48.5938196Z [36;1m@([0m
2026-08-20T10:13:48.5938581Z [36;1m  "OS=$([System.Runtime.InteropServices.RuntimeInformation]::OSDescription)"[0m
2026-08-20T10:13:48.5939246Z [36;1m  "OSArchitecture=$([System.Runtime.InteropServices.RuntimeInformation]::OSArchitecture)"[0m
2026-08-20T10:13:48.5940024Z [36;1m  "ProcessArchitecture=$([System.Runtime.InteropServices.RuntimeInformation]::ProcessArchitecture)"[0m
2026-08-20T10:13:48.5940669Z [36;1m  "PROCESSOR_ARCHITECTURE=$env:PROCESSOR_ARCHITECTURE"[0m
2026-08-20T10:13:48.5941109Z [36;1m) | Tee-Object artifacts\logs\environment-ARM64.txt[0m
2026-08-20T10:13:48.5941507Z [36;1mif ("ARM64" -eq "ARM64" -and[0m
2026-08-20T10:13:48.5942077Z [36;1m    [System.Runtime.InteropServices.RuntimeInformation]::OSArchitecture -ne "Arm64") {[0m
2026-08-20T10:13:48.5942700Z [36;1m  throw "The ARM64 job is not running on a native ARM64 operating system."[0m
2026-08-20T10:13:48.5943103Z [36;1m}[0m
2026-08-20T10:13:48.5996453Z shell: C:\Program Files\PowerShell\7\pwsh.EXE -command ". '{0}'"
2026-08-20T10:13:48.5996891Z env:
2026-08-20T10:13:48.5997345Z   MSBUILD_EXE: C:\Program Files\Microsoft Visual Studio\2022\Enterprise\MSBuild\Current\Bin\arm64\MSBuild.exe
2026-08-20T10:13:48.5997887Z ##[endgroup]
2026-08-20T10:13:48.9292171Z OS=Microsoft Windows 10.0.26200
2026-08-20T10:13:48.9295047Z OSArchitecture=Arm64
2026-08-20T10:13:48.9297232Z ProcessArchitecture=Arm64
2026-08-20T10:13:48.9299760Z PROCESSOR_ARCHITECTURE=ARM64
2026-08-20T10:13:49.0170408Z ##[group]Run & .\Build\Scripts\Test-ProjectToolsets.ps1
2026-08-20T10:13:49.0171178Z [36;1m& .\Build\Scripts\Test-ProjectToolsets.ps1[0m
2026-08-20T10:13:49.0171941Z [36;1mif ($LASTEXITCODE -ne 0) { exit $LASTEXITCODE }[0m
2026-08-20T10:13:49.0226150Z shell: C:\Program Files\PowerShell\7\pwsh.EXE -command ". '{0}'"
2026-08-20T10:13:49.0226601Z env:
2026-08-20T10:13:49.0227269Z   MSBUILD_EXE: C:\Program Files\Microsoft Visual Studio\2022\Enterprise\MSBuild\Current\Bin\arm64\MSBuild.exe
2026-08-20T10:13:49.0227795Z ##[endgroup]
2026-08-20T10:13:49.4788550Z Checked 17 project file(s) for hardcoded platform toolsets.
2026-08-20T10:13:49.4808131Z No project pins a legacy platform toolset.
2026-08-20T10:13:49.5588892Z ##[group]Run & .\Build\Scripts\Test-FailClosed.ps1
2026-08-20T10:13:49.5589563Z [36;1m& .\Build\Scripts\Test-FailClosed.ps1[0m
2026-08-20T10:13:49.5590021Z [36;1mif ($LASTEXITCODE -ne 0) { exit $LASTEXITCODE }[0m
2026-08-20T10:13:49.5645742Z shell: C:\Program Files\PowerShell\7\pwsh.EXE -command ". '{0}'"
2026-08-20T10:13:49.5646224Z env:
2026-08-20T10:13:49.5646687Z   MSBUILD_EXE: C:\Program Files\Microsoft Visual Studio\2022\Enterprise\MSBuild\Current\Bin\arm64\MSBuild.exe
2026-08-20T10:13:49.5647277Z ##[endgroup]
2026-08-20T10:13:49.9576911Z Fail-closed regression passed: failing, crashed, empty and partially passing suites are all rejected.
2026-08-20T10:13:50.0294811Z ##[group]Run & .\Build\Scripts\Test-SourceEncoding.ps1
2026-08-20T10:13:50.0295556Z [36;1m& .\Build\Scripts\Test-SourceEncoding.ps1[0m
2026-08-20T10:13:50.0295974Z [36;1mif ($LASTEXITCODE -ne 0) { exit $LASTEXITCODE }[0m
2026-08-20T10:13:50.0348729Z shell: C:\Program Files\PowerShell\7\pwsh.EXE -command ". '{0}'"
2026-08-20T10:13:50.0349126Z env:
2026-08-20T10:13:50.0349646Z   MSBUILD_EXE: C:\Program Files\Microsoft Visual Studio\2022\Enterprise\MSBuild\Current\Bin\arm64\MSBuild.exe
2026-08-20T10:13:50.0350168Z ##[endgroup]
2026-08-20T10:13:50.5387094Z Source encoding gate passed for 3 files.
2026-08-20T10:13:54.8728753Z Source encoding gate passed for 286 files.
2026-08-20T10:13:57.0131066Z Non-ASCII source inventory matches 6 reviewed files.
2026-08-20T10:13:57.0226409Z All source encoding gate regression cases passed.
2026-08-20T10:13:57.3133788Z Node 20 is being deprecated. This workflow is running with Node 24 by default. If you need to temporarily use Node 20, you can set the ACTIONS_ALLOW_USE_UNSECURE_NODE_VERSION=true environment variable. For more information see: https://github.blog/changelog/2025-09-19-deprecation-of-node-20-on-github-actions-runners/
2026-08-20T10:13:57.3135439Z ##[group]Run actions/cache@v4
2026-08-20T10:13:57.3135776Z with:
2026-08-20T10:13:57.3136010Z   path: vcpkg_installed
2026-08-20T10:13:57.3136578Z   key: vcpkg-Windows-ARM64-arm64-windows-e9073cbba490b47646cd34a400c0f939662f8d5e71d819b4641152c3a200eb94
2026-08-20T10:13:57.3137154Z   enableCrossOsArchive: false
2026-08-20T10:13:57.3137435Z   fail-on-cache-miss: false
2026-08-20T10:13:57.3137713Z   lookup-only: false
2026-08-20T10:13:57.3137960Z   save-always: false
2026-08-20T10:13:57.3138204Z env:
2026-08-20T10:13:57.3138774Z   MSBUILD_EXE: C:\Program Files\Microsoft Visual Studio\2022\Enterprise\MSBuild\Current\Bin\arm64\MSBuild.exe
2026-08-20T10:13:57.3139301Z ##[endgroup]
2026-08-20T10:13:57.5179867Z (node:2952) [DEP0040] DeprecationWarning: The `punycode` module is deprecated. Please use a userland alternative instead.
2026-08-20T10:13:57.5180702Z (Use `node --trace-deprecation ...` to show where the warning was created)
2026-08-20T10:13:57.8078579Z Cache hit for: vcpkg-Windows-ARM64-arm64-windows-e9073cbba490b47646cd34a400c0f939662f8d5e71d819b4641152c3a200eb94
2026-08-20T10:13:57.8191360Z (node:2952) [DEP0169] DeprecationWarning: `url.parse()` behavior is not standardized and prone to errors that have security implications. Use the WHATWG URL API instead. CVEs are not issued for `url.parse()` vulnerabilities.
2026-08-20T10:13:59.0006399Z Received 67108864 of 200938178 (33.4%), 58.7 MBs/sec
2026-08-20T10:14:01.3788210Z Received 134217728 of 200938178 (66.8%), 36.9 MBs/sec
2026-08-20T10:14:02.9274762Z Received 200938178 of 200938178 (100.0%), 38.2 MBs/sec
2026-08-20T10:14:02.9280632Z Cache Size: ~192 MB (200938178 B)
2026-08-20T10:14:02.9338453Z [command]"C:\Program Files\Git\usr\bin\tar.exe" -xf C:/a/_temp/d655b170-37ee-48c1-b71e-3f20e738c835/cache.tzst -P -C C:/a/OpenCppCoverage-ARM64/OpenCppCoverage-ARM64 --force-local --use-compress-program "zstd -d"
2026-08-20T10:14:25.5923214Z Cache restored successfully
2026-08-20T10:14:25.6229468Z Cache restored from key: vcpkg-Windows-ARM64-arm64-windows-e9073cbba490b47646cd34a400c0f939662f8d5e71d819b4641152c3a200eb94
2026-08-20T10:14:25.6580672Z ##[group]Run & .\InstallThirdPartyLibraries.ps1 -Triplet arm64-windows 2>&1 |
2026-08-20T10:14:25.6581681Z [36;1m& .\InstallThirdPartyLibraries.ps1 -Triplet arm64-windows 2>&1 |[0m
2026-08-20T10:14:25.6582184Z [36;1m  Tee-Object artifacts\logs\restore-ARM64.log[0m
2026-08-20T10:14:25.6582605Z [36;1mif ($LASTEXITCODE -ne 0) { exit $LASTEXITCODE }[0m
2026-08-20T10:14:25.6636584Z shell: C:\Program Files\PowerShell\7\pwsh.EXE -command ". '{0}'"
2026-08-20T10:14:25.6637100Z env:
2026-08-20T10:14:25.6637552Z   MSBUILD_EXE: C:\Program Files\Microsoft Visual Studio\2022\Enterprise\MSBuild\Current\Bin\arm64\MSBuild.exe
2026-08-20T10:14:25.6638294Z ##[endgroup]
2026-08-20T10:14:26.1554109Z [31;1mCloning into 'C:\Users\runneradmin\AppData\Local\OpenCppCoverage\vcpkg'...[0m
2026-08-20T10:14:35.3182131Z [31;1mUpdating files:   0% (1/14271)[0m
2026-08-20T10:14:36.2741343Z [31;1mUpdating files:   0% (125/14271)[0m
2026-08-20T10:14:36.2892753Z [31;1mUpdating files:   1% (143/14271)[0m
2026-08-20T10:14:36.4162530Z [31;1mUpdating files:   2% (286/14271)[0m
2026-08-20T10:14:36.5265264Z [31;1mUpdating files:   3% (429/14271)[0m
2026-08-20T10:14:36.6460650Z [31;1mUpdating files:   4% (571/14271)[0m
2026-08-20T10:14:36.7641072Z [31;1mUpdating files:   5% (714/14271)[0m
2026-08-20T10:14:37.0690678Z [31;1mUpdating files:   5% (740/14271)[0m
2026-08-20T10:14:37.1497600Z [31;1mUpdating files:   6% (857/14271)[0m
2026-08-20T10:14:37.2484138Z [31;1mUpdating files:   7% (999/14271)[0m
2026-08-20T10:14:37.3428760Z [31;1mUpdating files:   8% (1142/14271)[0m
2026-08-20T10:14:37.4702259Z [31;1mUpdating files:   9% (1285/14271)[0m
2026-08-20T10:14:37.5849739Z [31;1mUpdating files:  10% (1428/14271)[0m
2026-08-20T10:14:37.7100123Z [31;1mUpdating files:  11% (1570/14271)[0m
2026-08-20T10:14:37.8324481Z [31;1mUpdating files:  12% (1713/14271)[0m
2026-08-20T10:14:37.9712537Z [31;1mUpdating files:  13% (1856/14271)[0m
2026-08-20T10:14:37.9861004Z [31;1mUpdating files:  13% (1874/14271)[0m
2026-08-20T10:14:38.0787699Z [31;1mUpdating files:  14% (1998/14271)[0m
2026-08-20T10:14:39.0817000Z [31;1mUpdating files:  14% (2086/14271)[0m
2026-08-20T10:14:39.1261775Z [31;1mUpdating files:  15% (2141/14271)[0m
2026-08-20T10:14:39.2430426Z [31;1mUpdating files:  16% (2284/14271)[0m
2026-08-20T10:14:39.3719631Z [31;1mUpdating files:  17% (2427/14271)[0m
2026-08-20T10:14:39.4947599Z [31;1mUpdating files:  18% (2569/14271)[0m
2026-08-20T10:14:40.0154040Z [31;1mUpdating files:  18% (2585/14271)[0m
2026-08-20T10:14:40.2386160Z [31;1mUpdating files:  19% (2712/14271)[0m
2026-08-20T10:14:40.3575116Z [31;1mUpdating files:  20% (2855/14271)[0m
2026-08-20T10:14:40.4802617Z [31;1mUpdating files:  21% (2997/14271)[0m
2026-08-20T10:14:40.5923265Z [31;1mUpdating files:  22% (3140/14271)[0m
2026-08-20T10:14:40.7050666Z [31;1mUpdating files:  23% (3283/14271)[0m
2026-08-20T10:14:40.8336237Z [31;1mUpdating files:  24% (3426/14271)[0m
2026-08-20T10:14:41.2528033Z [31;1mUpdating files:  24% (3476/14271)[0m
2026-08-20T10:14:42.2833350Z [31;1mUpdating files:  24% (3499/14271)[0m
2026-08-20T10:14:42.5772149Z [31;1mUpdating files:  25% (3568/14271)[0m
2026-08-20T10:14:42.6895912Z [31;1mUpdating files:  26% (3711/14271)[0m
2026-08-20T10:14:43.7182861Z [31;1mUpdating files:  26% (3757/14271)[0m
2026-08-20T10:14:44.2323381Z [31;1mUpdating files:  26% (3767/14271)[0m
2026-08-20T10:14:44.3921593Z [31;1mUpdating files:  27% (3854/14271)[0m
2026-08-20T10:14:44.5121935Z [31;1mUpdating files:  28% (3996/14271)[0m
2026-08-20T10:14:44.6807942Z [31;1mUpdating files:  29% (4139/14271)[0m
2026-08-20T10:14:44.8127797Z [31;1mUpdating files:  30% (4282/14271)[0m
2026-08-20T10:14:44.9393081Z [31;1mUpdating files:  31% (4425/14271)[0m
2026-08-20T10:14:45.4679152Z [31;1mUpdating files:  31% (4453/14271)[0m
2026-08-20T10:14:45.8147110Z [31;1mUpdating files:  32% (4567/14271)[0m
2026-08-20T10:14:45.9471185Z [31;1mUpdating files:  33% (4710/14271)[0m
2026-08-20T10:14:46.0755889Z [31;1mUpdating files:  34% (4853/14271)[0m
2026-08-20T10:14:46.0853947Z [31;1mUpdating files:  34% (4864/14271)[0m
2026-08-20T10:14:46.2038681Z [31;1mUpdating files:  35% (4995/14271)[0m
2026-08-20T10:14:46.3197143Z [31;1mUpdating files:  36% (5138/14271)[0m
2026-08-20T10:14:46.9405607Z [31;1mUpdating files:  37% (5281/14271)[0m
2026-08-20T10:14:47.0626077Z [31;1mUpdating files:  38% (5423/14271)[0m
2026-08-20T10:14:47.0985208Z [31;1mUpdating files:  38% (5457/14271)[0m
2026-08-20T10:14:47.1920652Z [31;1mUpdating files:  39% (5566/14271)[0m
2026-08-20T10:14:47.2985322Z [31;1mUpdating files:  40% (5709/14271)[0m
2026-08-20T10:14:47.4050045Z [31;1mUpdating files:  41% (5852/14271)[0m
2026-08-20T10:14:47.5256471Z [31;1mUpdating files:  42% (5994/14271)[0m
2026-08-20T10:14:47.6282238Z [31;1mUpdating files:  43% (6137/14271)[0m
2026-08-20T10:14:47.7786768Z [31;1mUpdating files:  44% (6280/14271)[0m
2026-08-20T10:14:47.9013777Z [31;1mUpdating files:  45% (6422/14271)[0m
2026-08-20T10:14:48.0228202Z [31;1mUpdating files:  46% (6565/14271)[0m
2026-08-20T10:14:48.1005104Z [31;1mUpdating files:  46% (6663/14271)[0m
2026-08-20T10:14:48.1392361Z [31;1mUpdating files:  47% (6708/14271)[0m
2026-08-20T10:14:48.3042108Z [31;1mUpdating files:  48% (6851/14271)[0m
2026-08-20T10:14:48.4221021Z [31;1mUpdating files:  49% (6993/14271)[0m
2026-08-20T10:14:48.5201926Z [31;1mUpdating files:  50% (7136/14271)[0m
2026-08-20T10:14:48.6297274Z [31;1mUpdating files:  51% (7279/14271)[0m
2026-08-20T10:14:48.7325090Z [31;1mUpdating files:  52% (7421/14271)[0m
2026-08-20T10:14:48.8329680Z [31;1mUpdating files:  53% (7564/14271)[0m
2026-08-20T10:14:48.9646127Z [31;1mUpdating files:  54% (7707/14271)[0m
2026-08-20T10:14:49.1147901Z [31;1mUpdating files:  54% (7837/14271)[0m
2026-08-20T10:14:49.1210030Z [31;1mUpdating files:  55% (7850/14271)[0m
2026-08-20T10:14:49.2433924Z [31;1mUpdating files:  56% (7992/14271)[0m
2026-08-20T10:14:49.3571630Z [31;1mUpdating files:  57% (8135/14271)[0m
2026-08-20T10:14:49.4840413Z [31;1mUpdating files:  58% (8278/14271)[0m
2026-08-20T10:14:49.5978480Z [31;1mUpdating files:  59% (8420/14271)[0m
2026-08-20T10:14:49.7259906Z [31;1mUpdating files:  60% (8563/14271)[0m
2026-08-20T10:14:49.8448976Z [31;1mUpdating files:  61% (8706/14271)[0m
2026-08-20T10:14:49.9721443Z [31;1mUpdating files:  62% (8849/14271)[0m
2026-08-20T10:14:50.0975488Z [31;1mUpdating files:  63% (8991/14271)[0m
2026-08-20T10:14:50.1295577Z [31;1mUpdating files:  63% (9036/14271)[0m
2026-08-20T10:14:50.2113659Z [31;1mUpdating files:  64% (9134/14271)[0m
2026-08-20T10:14:50.3401769Z [31;1mUpdating files:  65% (9277/14271)[0m
2026-08-20T10:14:52.1912928Z [31;1mUpdating files:  65% (9299/14271)[0m
2026-08-20T10:14:52.3579353Z [31;1mUpdating files:  66% (9419/14271)[0m
2026-08-20T10:14:52.4793648Z [31;1mUpdating files:  67% (9562/14271)[0m
2026-08-20T10:14:52.5909785Z [31;1mUpdating files:  68% (9705/14271)[0m
2026-08-20T10:14:52.7103862Z [31;1mUpdating files:  69% (9847/14271)[0m
2026-08-20T10:14:52.8175345Z [31;1mUpdating files:  70% (9990/14271)[0m
2026-08-20T10:14:52.9308633Z [31;1mUpdating files:  71% (10133/14271)[0m
2026-08-20T10:14:53.0549928Z [31;1mUpdating files:  72% (10276/14271)[0m
2026-08-20T10:14:53.1310269Z [31;1mUpdating files:  72% (10361/14271)[0m
2026-08-20T10:14:53.2195285Z [31;1mUpdating files:  73% (10418/14271)[0m
2026-08-20T10:14:53.3156232Z [31;1mUpdating files:  74% (10561/14271)[0m
2026-08-20T10:14:53.4176475Z [31;1mUpdating files:  75% (10704/14271)[0m
2026-08-20T10:14:53.5110923Z [31;1mUpdating files:  76% (10846/14271)[0m
2026-08-20T10:14:53.5971770Z [31;1mUpdating files:  77% (10989/14271)[0m
2026-08-20T10:14:53.6971371Z [31;1mUpdating files:  78% (11132/14271)[0m
2026-08-20T10:14:53.7921816Z [31;1mUpdating files:  79% (11275/14271)[0m
2026-08-20T10:14:53.8795623Z [31;1mUpdating files:  80% (11417/14271)[0m
2026-08-20T10:14:53.9605478Z [31;1mUpdating files:  81% (11560/14271)[0m
2026-08-20T10:14:54.0484452Z [31;1mUpdating files:  82% (11703/14271)[0m
2026-08-20T10:14:54.1268796Z [31;1mUpdating files:  83% (11845/14271)[0m
2026-08-20T10:14:54.1466159Z [31;1mUpdating files:  83% (11858/14271)[0m
2026-08-20T10:14:54.2599424Z [31;1mUpdating files:  84% (11988/14271)[0m
2026-08-20T10:14:54.3557673Z [31;1mUpdating files:  85% (12131/14271)[0m
2026-08-20T10:14:54.4432471Z [31;1mUpdating files:  86% (12274/14271)[0m
2026-08-20T10:14:54.5881493Z [31;1mUpdating files:  87% (12416/14271)[0m
2026-08-20T10:14:54.6822109Z [31;1mUpdating files:  88% (12559/14271)[0m
2026-08-20T10:14:54.7592532Z [31;1mUpdating files:  89% (12702/14271)[0m
2026-08-20T10:14:54.8219354Z [31;1mUpdating files:  90% (12844/14271)[0m
2026-08-20T10:14:54.9075265Z [31;1mUpdating files:  91% (12987/14271)[0m
2026-08-20T10:14:54.9942470Z [31;1mUpdating files:  92% (13130/14271)[0m
2026-08-20T10:14:55.0933073Z [31;1mUpdating files:  93% (13273/14271)[0m
2026-08-20T10:14:55.1480669Z [31;1mUpdating files:  93% (13355/14271)[0m
2026-08-20T10:14:55.1835287Z [31;1mUpdating files:  94% (13415/14271)[0m
2026-08-20T10:14:55.2808274Z [31;1mUpdating files:  95% (13558/14271)[0m
2026-08-20T10:14:55.4110942Z [31;1mUpdating files:  96% (13701/14271)[0m
2026-08-20T10:14:55.4829939Z [31;1mUpdating files:  97% (13843/14271)[0m
2026-08-20T10:14:55.5935140Z [31;1mUpdating files:  98% (13986/14271)[0m
2026-08-20T10:14:55.6980700Z [31;1mUpdating files:  99% (14129/14271)[0m
2026-08-20T10:14:55.7943815Z [31;1mUpdating files: 100% (14271/14271)[0m
2026-08-20T10:14:55.7946579Z [31;1mUpdating files: 100% (14271/14271), done.[0m
2026-08-20T10:14:56.5497260Z [31;1mFrom https://github.com/microsoft/vcpkg[0m
2026-08-20T10:14:56.5499597Z [31;1m * branch                06d00ffa491e4668627728f14b891d22c6fea146 -> FETCH_HEAD[0m
2026-08-20T10:14:58.7505857Z [31;1mHEAD is now at 06d00ffa4 [stdgpu] add new port (#53264)[0m
2026-08-20T10:15:03.6006166Z Downloading https://github.com/microsoft/vcpkg-tool/releases/download/2026-07-27/vcpkg-arm64.exe -> C:\Users\runneradmin\AppData\Local\OpenCppCoverage\vcpkg\vcpkg.exe... done.
2026-08-20T10:15:03.7043484Z Validating signature... done.
2026-08-20T10:15:03.7198520Z 
2026-08-20T10:15:03.8074203Z vcpkg package management program version 2026-07-27-98d7cb0cf1f4686a3e43aa5672b6230c1d56bce8
2026-08-20T10:15:03.8074972Z 
2026-08-20T10:15:03.8075270Z See LICENSE.txt for license information.
2026-08-20T10:15:16.6655084Z Detecting compiler hash for triplet arm64-windows...
2026-08-20T10:15:29.8929080Z Compiler found: C:/Program Files/Microsoft Visual Studio/2022/Enterprise/VC/Tools/MSVC/14.44.35207/bin/Hostarm64/arm64/cl.exe
2026-08-20T10:15:30.2241291Z The following packages are already installed:
2026-08-20T10:15:30.2242219Z   * abseil:arm64-windows@20260107.1#3
2026-08-20T10:15:30.2244490Z     boost-algorithm:arm64-windows@1.91.0
2026-08-20T10:15:30.2245610Z   * boost-align:arm64-windows@1.91.0
2026-08-20T10:15:30.2246777Z   * boost-any:arm64-windows@1.91.0
2026-08-20T10:15:30.2247472Z   * boost-array:arm64-windows@1.91.0
2026-08-20T10:15:30.2248651Z   * boost-asio[core,spawn,deadline-timer]:arm64-windows@1.91.0
2026-08-20T10:15:30.2249392Z   * boost-assert:arm64-windows@1.91.0
2026-08-20T10:15:30.2250209Z   * boost-atomic:arm64-windows@1.91.0
2026-08-20T10:15:30.2250938Z   * boost-bind:arm64-windows@1.91.0
2026-08-20T10:15:30.2251760Z   * boost-charconv:arm64-windows@1.91.0
2026-08-20T10:15:30.2252939Z   * boost-chrono:arm64-windows@1.91.0
2026-08-20T10:15:30.2254741Z   * boost-cmake:arm64-windows@1.91.0
2026-08-20T10:15:30.2256037Z   * boost-compat:arm64-windows@1.91.0
2026-08-20T10:15:30.2256965Z   * boost-concept-check:arm64-windows@1.91.0
2026-08-20T10:15:30.2258881Z   * boost-config:arm64-windows@1.91.0
2026-08-20T10:15:30.2259411Z     boost-container:arm64-windows@1.91.0
2026-08-20T10:15:30.2260304Z   * boost-container-hash:arm64-windows@1.91.0
2026-08-20T10:15:30.2261536Z   * boost-context:arm64-windows@1.91.0
2026-08-20T10:15:30.2261975Z   * boost-conversion:arm64-windows@1.91.0
2026-08-20T10:15:30.2262737Z   * boost-core:arm64-windows@1.91.0
2026-08-20T10:15:30.2263579Z   * boost-date-time:arm64-windows@1.91.0
2026-08-20T10:15:30.2264416Z   * boost-describe:arm64-windows@1.91.0
2026-08-20T10:15:30.2265175Z   * boost-detail:arm64-windows@1.91.0
2026-08-20T10:15:30.2266644Z   * boost-dynamic-bitset:arm64-windows@1.91.0
2026-08-20T10:15:30.2268268Z   * boost-endian:arm64-windows@1.91.0
2026-08-20T10:15:30.2269011Z   * boost-exception:arm64-windows@1.91.0
2026-08-20T10:15:30.2269443Z     boost-filesystem:arm64-windows@1.91.0
2026-08-20T10:15:30.2270143Z   * boost-function:arm64-windows@1.91.0
2026-08-20T10:15:30.2270981Z   * boost-function-types:arm64-windows@1.91.0
2026-08-20T10:15:30.2271799Z   * boost-functional:arm64-windows@1.91.0
2026-08-20T10:15:30.2272598Z   * boost-fusion:arm64-windows@1.91.0
2026-08-20T10:15:30.2273664Z   * boost-headers:arm64-windows@1.91.0
2026-08-20T10:15:30.2275222Z   * boost-integer:arm64-windows@1.91.0
2026-08-20T10:15:30.2275971Z   * boost-interprocess:arm64-windows@1.91.0
2026-08-20T10:15:30.2277111Z   * boost-intrusive:arm64-windows@1.91.0
2026-08-20T10:15:30.2277847Z   * boost-io:arm64-windows@1.91.0
2026-08-20T10:15:30.2278758Z     boost-iostreams[core,zstd,zlib,lzma,bzip2]:arm64-windows@1.91.0
2026-08-20T10:15:30.2279520Z   * boost-iterator:arm64-windows@1.91.0
2026-08-20T10:15:30.2280467Z   * boost-lexical-cast:arm64-windows@1.91.0
2026-08-20T10:15:30.2281274Z     boost-locale:arm64-windows@1.91.0
2026-08-20T10:15:30.2282111Z     boost-log:arm64-windows@1.91.0
2026-08-20T10:15:30.2282903Z   * boost-move:arm64-windows@1.91.0
2026-08-20T10:15:30.2283771Z   * boost-mp11:arm64-windows@1.91.0
2026-08-20T10:15:30.2284640Z   * boost-mpl:arm64-windows@1.91.0
2026-08-20T10:15:30.2286541Z   * boost-multi-index:arm64-windows@1.91.0
2026-08-20T10:15:30.2287055Z   * boost-numeric-conversion:arm64-windows@1.91.0
2026-08-20T10:15:30.2288412Z     boost-optional:arm64-windows@1.91.0
2026-08-20T10:15:30.2289101Z   * boost-parameter:arm64-windows@1.91.0
2026-08-20T10:15:30.2290089Z   * boost-phoenix:arm64-windows@1.91.0
2026-08-20T10:15:30.2290969Z   * boost-pool:arm64-windows@1.91.0
2026-08-20T10:15:30.2291689Z   * boost-predef:arm64-windows@1.91.0
2026-08-20T10:15:30.2292548Z   * boost-preprocessor:arm64-windows@1.91.0
2026-08-20T10:15:30.2293790Z     boost-program-options:arm64-windows@1.91.0
2026-08-20T10:15:30.2295298Z     boost-property-tree:arm64-windows@1.91.0
2026-08-20T10:15:30.2296232Z   * boost-proto:arm64-windows@1.91.0
2026-08-20T10:15:30.2297078Z   * boost-random:arm64-windows@1.91.0
2026-08-20T10:15:30.2298091Z     boost-range:arm64-windows@1.91.0
2026-08-20T10:15:30.2298847Z   * boost-ratio:arm64-windows@1.91.0
2026-08-20T10:15:30.2299987Z     boost-regex:arm64-windows@1.91.0
2026-08-20T10:15:30.2301203Z   * boost-scope:arm64-windows@1.91.0
2026-08-20T10:15:30.2301844Z   * boost-serialization:arm64-windows@1.91.0
2026-08-20T10:15:30.2302796Z   * boost-smart-ptr:arm64-windows@1.91.0
2026-08-20T10:15:30.2304346Z     boost-spirit:arm64-windows@1.91.0
2026-08-20T10:15:30.2305327Z   * boost-static-assert:arm64-windows@1.91.0
2026-08-20T10:15:30.2306548Z   * boost-system:arm64-windows@1.91.0
2026-08-20T10:15:30.2307358Z   * boost-thread:arm64-windows@1.91.0
2026-08-20T10:15:30.2309021Z   * boost-throw-exception:arm64-windows@1.91.0
2026-08-20T10:15:30.2310545Z   * boost-tokenizer:arm64-windows@1.91.0
2026-08-20T10:15:30.2310815Z   * boost-tuple:arm64-windows@1.91.0
2026-08-20T10:15:30.2311137Z   * boost-type-index:arm64-windows@1.91.0
2026-08-20T10:15:30.2312152Z   * boost-type-traits:arm64-windows@1.91.0
2026-08-20T10:15:30.2312844Z   * boost-typeof:arm64-windows@1.91.0
2026-08-20T10:15:30.2313749Z   * boost-uninstall:arm64-windows@1.91.0
2026-08-20T10:15:30.2314536Z   * boost-unordered:arm64-windows@1.91.0
2026-08-20T10:15:30.2316401Z   * boost-utility:arm64-windows@1.91.0
2026-08-20T10:15:30.2318327Z     boost-uuid:arm64-windows@1.91.0
2026-08-20T10:15:30.2318761Z   * boost-variant:arm64-windows@1.91.0
2026-08-20T10:15:30.2319727Z   * boost-variant2:arm64-windows@1.91.0
2026-08-20T10:15:30.2320547Z   * boost-winapi:arm64-windows@1.91.0
2026-08-20T10:15:30.2321396Z   * boost-xpressive:arm64-windows@1.91.0
2026-08-20T10:15:30.2322311Z   * bzip2[core,tool]:arm64-windows@1.0.8#6
2026-08-20T10:15:30.2323138Z     ctemplate:arm64-windows@2020-09-14#6
2026-08-20T10:15:30.2323998Z     gtest:arm64-windows@1.18.0
2026-08-20T10:15:30.2325397Z   * liblzma:arm64-windows@5.8.3
2026-08-20T10:15:30.2325763Z   * pcre2[core,platform-default-features,jit]:arm64-windows@10.47#1
2026-08-20T10:15:30.2326846Z     poco:arm64-windows@1.14.1#2
2026-08-20T10:15:30.2328324Z     protobuf:arm64-windows@6.33.4#2
2026-08-20T10:15:30.2329103Z   * utf8-range:arm64-windows@6.33.4
2026-08-20T10:15:30.2330206Z   * utf8proc:arm64-windows@2.11.3
2026-08-20T10:15:30.2331019Z   * vcpkg-boost:arm64-windows@2025-03-29
2026-08-20T10:15:30.2332410Z   * vcpkg-cmake:arm64-windows@2025-08-07
2026-08-20T10:15:30.2333126Z   * vcpkg-cmake-config:arm64-windows@2026-07-21
2026-08-20T10:15:30.2333876Z   * zlib:arm64-windows@1.3.2#2
2026-08-20T10:15:30.2334620Z   * zstd:arm64-windows@1.5.7
2026-08-20T10:15:30.5240876Z The package boost-regex is compatible with built-in CMake targets of FindBoost.cmake:
2026-08-20T10:15:30.5241719Z 
2026-08-20T10:15:30.5243489Z     find_package(Boost REQUIRED COMPONENTS regex)
2026-08-20T10:15:30.5250686Z     target_link_libraries(main PRIVATE Boost::regex)
2026-08-20T10:15:30.5251381Z 
2026-08-20T10:15:30.5256330Z or the generated cmake configs via:
2026-08-20T10:15:30.5256917Z 
2026-08-20T10:15:30.5257601Z     find_package( REQUIRED CONFIG)
2026-08-20T10:15:30.5258176Z     target_link_libraries(main PRIVATE Boost::regex)
2026-08-20T10:15:30.5258449Z 
2026-08-20T10:15:30.5258706Z The package boost-optional is compatible with built-in CMake targets of FindBoost.cmake:
2026-08-20T10:15:30.5259047Z 
2026-08-20T10:15:30.5259200Z     find_package(Boost REQUIRED COMPONENTS optional)
2026-08-20T10:15:30.5259611Z     target_link_libraries(main PRIVATE Boost::optional)
2026-08-20T10:15:30.5259822Z 
2026-08-20T10:15:30.5259923Z or the generated cmake configs via:
2026-08-20T10:15:30.5260129Z 
2026-08-20T10:15:30.5260235Z     find_package( REQUIRED CONFIG)
2026-08-20T10:15:30.5260572Z     target_link_libraries(main PRIVATE Boost::optional)
2026-08-20T10:15:30.5260845Z 
2026-08-20T10:15:30.5263410Z The package boost-range is compatible with built-in CMake targets of FindBoost.cmake:
2026-08-20T10:15:30.5263790Z 
2026-08-20T10:15:30.5264323Z     find_package(Boost REQUIRED COMPONENTS range)
2026-08-20T10:15:30.5266110Z     target_link_libraries(main PRIVATE Boost::range)
2026-08-20T10:15:30.5268156Z 
2026-08-20T10:15:30.5269575Z or the generated cmake configs via:
2026-08-20T10:15:30.5270758Z 
2026-08-20T10:15:30.5272129Z     find_package( REQUIRED CONFIG)
2026-08-20T10:15:30.5273371Z     target_link_libraries(main PRIVATE Boost::range)
2026-08-20T10:15:30.5274348Z 
2026-08-20T10:15:30.5275566Z The package boost-algorithm is compatible with built-in CMake targets of FindBoost.cmake:
2026-08-20T10:15:30.5276070Z 
2026-08-20T10:15:30.5277340Z     find_package(Boost REQUIRED COMPONENTS algorithm)
2026-08-20T10:15:30.5278416Z     target_link_libraries(main PRIVATE Boost::algorithm)
2026-08-20T10:15:30.5279157Z 
2026-08-20T10:15:30.5280359Z or the generated cmake configs via:
2026-08-20T10:15:30.5281013Z 
2026-08-20T10:15:30.5282040Z     find_package( REQUIRED CONFIG)
2026-08-20T10:15:30.5282904Z     target_link_libraries(main PRIVATE Boost::algorithm)
2026-08-20T10:15:30.5283672Z 
2026-08-20T10:15:30.5284658Z The package boost-container is compatible with built-in CMake targets of FindBoost.cmake:
2026-08-20T10:15:30.5285335Z 
2026-08-20T10:15:30.5286205Z     find_package(Boost REQUIRED COMPONENTS container)
2026-08-20T10:15:30.5287385Z     target_link_libraries(main PRIVATE Boost::container)
2026-08-20T10:15:30.5288933Z 
2026-08-20T10:15:30.5289116Z or the generated cmake configs via:
2026-08-20T10:15:30.5289750Z 
2026-08-20T10:15:30.5291561Z     find_package( REQUIRED CONFIG)
2026-08-20T10:15:30.5292703Z     target_link_libraries(main PRIVATE Boost::container)
2026-08-20T10:15:30.5293518Z 
2026-08-20T10:15:30.5294789Z The package boost-filesystem is compatible with built-in CMake targets of FindBoost.cmake:
2026-08-20T10:15:30.5295385Z 
2026-08-20T10:15:30.5297082Z     find_package(Boost REQUIRED COMPONENTS filesystem)
2026-08-20T10:15:30.5298287Z     target_link_libraries(main PRIVATE Boost::filesystem)
2026-08-20T10:15:30.5299104Z 
2026-08-20T10:15:30.5300524Z or the generated cmake configs via:
2026-08-20T10:15:30.5301784Z 
2026-08-20T10:15:30.5303111Z     find_package( REQUIRED CONFIG)
2026-08-20T10:15:30.5304512Z     target_link_libraries(main PRIVATE Boost::filesystem)
2026-08-20T10:15:30.5305535Z 
2026-08-20T10:15:30.5307237Z The package boost-iostreams is compatible with built-in CMake targets of FindBoost.cmake:
2026-08-20T10:15:30.5307843Z 
2026-08-20T10:15:30.5309222Z     find_package(Boost REQUIRED COMPONENTS iostreams)
2026-08-20T10:15:30.5310379Z     target_link_libraries(main PRIVATE Boost::iostreams)
2026-08-20T10:15:30.5311284Z 
2026-08-20T10:15:30.5312441Z or the generated cmake configs via:
2026-08-20T10:15:30.5313062Z 
2026-08-20T10:15:30.5313995Z     find_package( REQUIRED CONFIG)
2026-08-20T10:15:30.5314728Z     target_link_libraries(main PRIVATE Boost::iostreams)
2026-08-20T10:15:30.5315505Z 
2026-08-20T10:15:30.5316932Z The package boost-locale is compatible with built-in CMake targets of FindBoost.cmake:
2026-08-20T10:15:30.5317782Z 
2026-08-20T10:15:30.5319553Z     find_package(Boost REQUIRED COMPONENTS locale)
2026-08-20T10:15:30.5320478Z     target_link_libraries(main PRIVATE Boost::locale)
2026-08-20T10:15:30.5321201Z 
2026-08-20T10:15:30.5322794Z or the generated cmake configs via:
2026-08-20T10:15:30.5323869Z 
2026-08-20T10:15:30.5325319Z     find_package( REQUIRED CONFIG)
2026-08-20T10:15:30.5326647Z     target_link_libraries(main PRIVATE Boost::locale)
2026-08-20T10:15:30.5327302Z 
2026-08-20T10:15:30.5328778Z The package boost-spirit is compatible with built-in CMake targets of FindBoost.cmake:
2026-08-20T10:15:30.5329545Z 
2026-08-20T10:15:30.5331102Z     find_package(Boost REQUIRED COMPONENTS spirit)
2026-08-20T10:15:30.5332231Z     target_link_libraries(main PRIVATE Boost::spirit)
2026-08-20T10:15:30.5333179Z 
2026-08-20T10:15:30.5334632Z or the generated cmake configs via:
2026-08-20T10:15:30.5335683Z 
2026-08-20T10:15:30.5337164Z     find_package( REQUIRED CONFIG)
2026-08-20T10:15:30.5338384Z     target_link_libraries(main PRIVATE Boost::spirit)
2026-08-20T10:15:30.5339394Z 
2026-08-20T10:15:30.5341084Z The package boost-property-tree is compatible with built-in CMake targets of FindBoost.cmake:
2026-08-20T10:15:30.5342014Z 
2026-08-20T10:15:30.5343134Z     find_package(Boost REQUIRED COMPONENTS property_tree)
2026-08-20T10:15:30.5344280Z     target_link_libraries(main PRIVATE Boost::property_tree)
2026-08-20T10:15:30.5345138Z 
2026-08-20T10:15:30.5346915Z or the generated cmake configs via:
2026-08-20T10:15:30.5347496Z 
2026-08-20T10:15:30.5349109Z     find_package( REQUIRED CONFIG)
2026-08-20T10:15:30.5350733Z     target_link_libraries(main PRIVATE Boost::property_tree)
2026-08-20T10:15:30.5351771Z 
2026-08-20T10:15:30.5353601Z The package boost-log is compatible with built-in CMake targets of FindBoost.cmake:
2026-08-20T10:15:30.5354379Z 
2026-08-20T10:15:30.5355535Z     find_package(Boost REQUIRED COMPONENTS log)
2026-08-20T10:15:30.5356623Z     target_link_libraries(main PRIVATE Boost::log)
2026-08-20T10:15:30.5357516Z 
2026-08-20T10:15:30.5358950Z or the generated cmake configs via:
2026-08-20T10:15:30.5359932Z 
2026-08-20T10:15:30.5361254Z     find_package( REQUIRED CONFIG)
2026-08-20T10:15:30.5362715Z     target_link_libraries(main PRIVATE Boost::log)
2026-08-20T10:15:30.5362951Z 
2026-08-20T10:15:30.5364823Z The package boost-program-options is compatible with built-in CMake targets of FindBoost.cmake:
2026-08-20T10:15:30.5365556Z 
2026-08-20T10:15:30.5366880Z     find_package(Boost REQUIRED COMPONENTS program_options)
2026-08-20T10:15:30.5367802Z     target_link_libraries(main PRIVATE Boost::program_options)
2026-08-20T10:15:30.5368185Z 
2026-08-20T10:15:30.5370162Z or the generated cmake configs via:
2026-08-20T10:15:30.5370876Z 
2026-08-20T10:15:30.5372302Z     find_package( REQUIRED CONFIG)
2026-08-20T10:15:30.5373802Z     target_link_libraries(main PRIVATE Boost::program_options)
2026-08-20T10:15:30.5374520Z 
2026-08-20T10:15:30.5376469Z The package boost-uuid is compatible with built-in CMake targets of FindBoost.cmake:
2026-08-20T10:15:30.5377281Z 
2026-08-20T10:15:30.5379168Z     find_package(Boost REQUIRED COMPONENTS uuid)
2026-08-20T10:15:30.5380030Z     target_link_libraries(main PRIVATE Boost::uuid)
2026-08-20T10:15:30.5381862Z 
2026-08-20T10:15:30.5383273Z or the generated cmake configs via:
2026-08-20T10:15:30.5383504Z 
2026-08-20T10:15:30.5384711Z     find_package( REQUIRED CONFIG)
2026-08-20T10:15:30.5386252Z     target_link_libraries(main PRIVATE Boost::uuid)
2026-08-20T10:15:30.5387029Z 
2026-08-20T10:15:30.5388929Z The package gtest is compatible with built-in CMake targets:
2026-08-20T10:15:30.5389513Z 
2026-08-20T10:15:30.5391827Z     enable_testing()
2026-08-20T10:15:30.5393109Z     
2026-08-20T10:15:30.5394240Z     find_package(GTest CONFIG REQUIRED)
2026-08-20T10:15:30.5396587Z     target_link_libraries(main PRIVATE GTest::gtest GTest::gtest_main GTest::gmock GTest::gmock_main)
2026-08-20T10:15:30.5397956Z     
2026-08-20T10:15:30.5399523Z     add_test(AllTestsInMain main)
2026-08-20T10:15:30.5401041Z 
2026-08-20T10:15:30.5402355Z The package poco is compatible with built-in CMake targets:
2026-08-20T10:15:30.5402759Z 
2026-08-20T10:15:30.5404276Z     find_package(Poco REQUIRED [COMPONENTS <libs>...])
2026-08-20T10:15:30.5404879Z     target_link_libraries(main PRIVATE Poco::<libs>)
2026-08-20T10:15:30.5405612Z 
2026-08-20T10:15:30.5406968Z protobuf provides CMake targets:
2026-08-20T10:15:30.5407544Z 
2026-08-20T10:15:30.5409652Z   # this is heuristically generated, and may not be correct
2026-08-20T10:15:30.5410532Z   find_package(protobuf CONFIG REQUIRED)
2026-08-20T10:15:30.5411851Z   target_link_libraries(main PRIVATE protobuf::libupb protobuf::libprotoc protobuf::libprotobuf protobuf::libprotobuf-lite)
2026-08-20T10:15:30.5412585Z 
2026-08-20T10:15:30.5414612Z protobuf provides pkg-config modules:
2026-08-20T10:15:30.5415473Z 
2026-08-20T10:15:30.5416858Z   # Google's Data Interchange Format
2026-08-20T10:15:30.5417686Z   protobuf-lite
2026-08-20T10:15:30.5418875Z 
2026-08-20T10:15:30.5419997Z   # Google's Data Interchange Format
2026-08-20T10:15:30.5421090Z   protobuf
2026-08-20T10:15:30.5421705Z 
2026-08-20T10:15:30.5423173Z   # Google's Data Interchange Format
2026-08-20T10:15:30.5424914Z   upb
2026-08-20T10:15:30.5426319Z 
2026-08-20T10:15:30.5427381Z All requested installations completed successfully in: 1.46 ms
2026-08-20T10:15:30.5487517Z VCPKG_ROOT=C:\Users\runneradmin\AppData\Local\OpenCppCoverage\vcpkg
2026-08-20T10:15:30.5989345Z ##[group]Run & .\Build\Scripts\ToolchainPreflight.ps1 -Platform ARM64 `
2026-08-20T10:15:30.5990009Z [36;1m& .\Build\Scripts\ToolchainPreflight.ps1 -Platform ARM64 `[0m
2026-08-20T10:15:30.5990523Z [36;1m  -Configuration Debug -LogDirectory artifacts\logs -RequireVcpkgComparison 2>&1 |[0m
2026-08-20T10:15:30.5991351Z [36;1m  Tee-Object artifacts\logs\preflight-ARM64.log[0m
2026-08-20T10:15:30.5991700Z [36;1mif ($LASTEXITCODE -ne 0) { exit $LASTEXITCODE }[0m
2026-08-20T10:15:30.6047671Z shell: C:\Program Files\PowerShell\7\pwsh.EXE -command ". '{0}'"
2026-08-20T10:15:30.6048005Z env:
2026-08-20T10:15:30.6048401Z   MSBUILD_EXE: C:\Program Files\Microsoft Visual Studio\2022\Enterprise\MSBuild\Current\Bin\arm64\MSBuild.exe
2026-08-20T10:15:30.6048962Z   VCPKG_ROOT: C:\Users\runneradmin\AppData\Local\OpenCppCoverage\vcpkg
2026-08-20T10:15:30.6049292Z ##[endgroup]
2026-08-20T10:15:39.7594292Z Platform                : ARM64
2026-08-20T10:15:39.7600097Z Configuration           : Debug
2026-08-20T10:15:39.7605620Z Project                 : C:\a\OpenCppCoverage-ARM64\OpenCppCoverage-ARM64\Tools\Tools.vcxproj
2026-08-20T10:15:39.7610978Z HostArchitecture        : arm64
2026-08-20T10:15:39.7616331Z TargetArchitecture      : arm64
2026-08-20T10:15:39.7621550Z OSArchitecture          : Arm64
2026-08-20T10:15:39.7626620Z ProcessArchitecture     : Arm64
2026-08-20T10:15:39.7631572Z MSBuildPath             : C:\Program Files\Microsoft Visual Studio\2022\Enterprise\MSBuild\Current\Bin\MSBuild.exe
2026-08-20T10:15:39.7636441Z PlatformToolset         : v143
2026-08-20T10:15:39.7641603Z DefaultPlatformToolset  : v143
2026-08-20T10:15:39.7647006Z VCToolsVersion          : 14.44.35207
2026-08-20T10:15:39.7652814Z VCToolsInstallDir       : C:\Program Files\Microsoft Visual Studio\2022\Enterprise\VC\Tools\MSVC\14.44.35207\
2026-08-20T10:15:39.7658260Z WindowsSdkVersion       : 10.0
2026-08-20T10:15:39.7663962Z ClPath                  : C:\Program Files\Microsoft Visual Studio\2022\Enterprise\VC\Tools\MSVC\14.44.35207\bin\Hostarm64\arm64\cl.exe
2026-08-20T10:15:39.7668850Z ClVersion               : 19.44.35228
2026-08-20T10:15:39.7673941Z ClTarget                : ARM64
2026-08-20T10:15:39.7680853Z ClBanner                : Microsoft (R) C/C++ Optimizing Compiler Version 19.44.35228 for ARM64
2026-08-20T10:15:39.7687008Z LinkPath                : C:\Program Files\Microsoft Visual Studio\2022\Enterprise\VC\Tools\MSVC\14.44.35207\bin\Hostarm64\arm64\link.exe
2026-08-20T10:15:39.7692668Z CrtImportLibrary        : C:\Program Files\Microsoft Visual Studio\2022\Enterprise\VC\Tools\MSVC\14.44.35207\lib\arm64\libcpmt.lib
2026-08-20T10:15:39.7697459Z VcpkgCompilerVersion    : 14.44.35207
2026-08-20T10:15:39.7703120Z VcpkgCompilerPath       : C:/Program Files/Microsoft Visual Studio/2022/Enterprise/VC/Tools/MSVC/14.44.35207/bin/Hostarm64/arm64/cl.exe
2026-08-20T10:15:39.7707689Z VcpkgCompilerBannerVersion: 19.44.35228.0
2026-08-20T10:15:39.7713376Z VcpkgCompilerSource     : C:\Users\runneradmin\AppData\Local\OpenCppCoverage\vcpkg\buildtrees\detect_compiler\stdout-arm64-windows.log
2026-08-20T10:15:39.7718062Z ForeignLibraryPaths     : System.Object[]
2026-08-20T10:15:39.7723470Z Succeeded               : True
2026-08-20T10:15:39.7740977Z Toolchain preflight succeeded. Report: artifacts\logs\toolchain-preflight-ARM64-Debug.json
2026-08-20T10:15:39.8518281Z ##[group]Run & "$env:MSBUILD_EXE" /m CppCoverage.sln /p:Configuration=Debug /p:Platform=ARM64 `
2026-08-20T10:15:39.8519068Z [36;1m& "$env:MSBUILD_EXE" /m CppCoverage.sln /p:Configuration=Debug /p:Platform=ARM64 `[0m
2026-08-20T10:15:39.8519506Z [36;1m  /p:PreferredToolArchitecture=arm64 `[0m
2026-08-20T10:15:39.8519837Z [36;1m  /bl:artifacts\logs\build-Debug-ARM64.binlog `[0m
2026-08-20T10:15:39.8520248Z [36;1m  /fl "/flp:logfile=artifacts\logs\build-Debug-ARM64.log;verbosity=normal"[0m
2026-08-20T10:15:39.8576618Z shell: C:\Program Files\PowerShell\7\pwsh.EXE -command ". '{0}'"
2026-08-20T10:15:39.8576963Z env:
2026-08-20T10:15:39.8577377Z   MSBUILD_EXE: C:\Program Files\Microsoft Visual Studio\2022\Enterprise\MSBuild\Current\Bin\arm64\MSBuild.exe
2026-08-20T10:15:39.8577948Z   VCPKG_ROOT: C:\Users\runneradmin\AppData\Local\OpenCppCoverage\vcpkg
2026-08-20T10:15:39.8578618Z ##[endgroup]
2026-08-20T10:15:40.2358273Z MSBuild version 17.14.51+25f168cee for .NET Framework
2026-08-20T10:15:40.6061528Z Build started 8/20/2026 10:15:40 AM.
2026-08-20T10:15:40.6192795Z 
2026-08-20T10:15:41.5674329Z      1>Project "C:\a\OpenCppCoverage-ARM64\OpenCppCoverage-ARM64\CppCoverage.sln" on node 1 (default targets).
2026-08-20T10:15:41.5683445Z      1>ValidateSolutionConfiguration:
2026-08-20T10:15:41.5683758Z          Building solution configuration "Debug|ARM64".
2026-08-20T10:15:41.5735008Z        ValidateProjects:
2026-08-20T10:15:41.5735430Z          The project "TestCppCli" is not selected for building in solution configuration "Debug|ARM64".
2026-08-20T10:15:42.5570022Z      1>Project "C:\a\OpenCppCoverage-ARM64\OpenCppCoverage-ARM64\CppCoverage.sln" (1) is building "C:\a\OpenCppCoverage-ARM64\OpenCppCoverage-ARM64\ExporterTest\ExporterTest.vcxproj.metaproj" (3) on node 1 (default targets).
2026-08-20T10:15:42.5572568Z      3>Project "C:\a\OpenCppCoverage-ARM64\OpenCppCoverage-ARM64\ExporterTest\ExporterTest.vcxproj.metaproj" (3) is building "C:\a\OpenCppCoverage-ARM64\OpenCppCoverage-ARM64\Exporter\Exporter.vcxproj" (5) on node 1 (default targets).
2026-08-20T10:15:42.5574380Z      5>Project "C:\a\OpenCppCoverage-ARM64\OpenCppCoverage-ARM64\Exporter\Exporter.vcxproj" (5) is building "C:\a\OpenCppCoverage-ARM64\OpenCppCoverage-ARM64\Plugin\Plugin.vcxproj" (6) on node 1 (default targets).
2026-08-20T10:15:42.5577389Z      6>PrepareForBuild:
2026-08-20T10:15:42.5578427Z          Creating directory "ARM64\Debug\".
2026-08-20T10:15:42.5925356Z          Structured output is enabled. The formatting of compiler diagnostics will reflect the error hierarchy. See https://aka.ms/cpp/structured-output for more details.
2026-08-20T10:15:42.5929037Z          Creating directory "C:\a\OpenCppCoverage-ARM64\OpenCppCoverage-ARM64\ARM64\Debug\".
2026-08-20T10:15:42.5959041Z          Creating directory "ARM64\Debug\Plugin.tlog\".
2026-08-20T10:15:42.5978094Z        InitializeBuildStatus:
2026-08-20T10:15:42.5984793Z          Creating "ARM64\Debug\Plugin.tlog\unsuccessfulbuild" because "AlwaysCreate" was specified.
2026-08-20T10:15:42.5997412Z          Touching "ARM64\Debug\Plugin.tlog\unsuccessfulbuild".
2026-08-20T10:15:42.6642730Z        VcpkgTripletSelection:
2026-08-20T10:15:42.6888034Z          Using triplet "arm64-windows" from "C:\a\OpenCppCoverage-ARM64\OpenCppCoverage-ARM64\vcpkg_installed\arm64-windows\"
2026-08-20T10:15:42.6957183Z          Using normalized configuration "Debug"
2026-08-20T10:15:42.6964025Z        VcpkgBootstrap:
2026-08-20T10:15:42.6964693Z        Skipping target "VcpkgBootstrap" because all output files are up-to-date with respect to the input files.
2026-08-20T10:15:43.7303388Z      1>Project "C:\a\OpenCppCoverage-ARM64\OpenCppCoverage-ARM64\CppCoverage.sln" (1) is building "C:\a\OpenCppCoverage-ARM64\OpenCppCoverage-ARM64\OpenCppCoverage\OpenCppCoverage.vcxproj" (8) on node 3 (default targets).
2026-08-20T10:15:43.7384496Z      8>Project "C:\a\OpenCppCoverage-ARM64\OpenCppCoverage-ARM64\OpenCppCoverage\OpenCppCoverage.vcxproj" (8) is building "C:\a\OpenCppCoverage-ARM64\OpenCppCoverage-ARM64\Tools\Tools.vcxproj" (12) on node 3 (default targets).
2026-08-20T10:15:43.7389871Z     12>PrepareForBuild:
2026-08-20T10:15:43.7422507Z          Creating directory "ARM64\Debug\".
2026-08-20T10:15:43.7465385Z          Structured output is enabled. The formatting of compiler diagnostics will reflect the error hierarchy. See https://aka.ms/cpp/structured-output for more details.
2026-08-20T10:15:43.7728865Z          Creating directory "ARM64\Debug\Tools.tlog\".
2026-08-20T10:15:43.7792648Z      1>Project "C:\a\OpenCppCoverage-ARM64\OpenCppCoverage-ARM64\CppCoverage.sln" (1) is building "C:\a\OpenCppCoverage-ARM64\OpenCppCoverage-ARM64\TestCoverageConsole\TestCoverageConsole.vcxproj" (7) on node 2 (default targets).
2026-08-20T10:15:43.7866709Z      7>Project "C:\a\OpenCppCoverage-ARM64\OpenCppCoverage-ARM64\TestCoverageConsole\TestCoverageConsole.vcxproj" (7) is building "C:\a\OpenCppCoverage-ARM64\OpenCppCoverage-ARM64\TestCoverageOptimizedBuild\TestCoverageOptimizedBuild.vcxproj" (11) on node 2 (default targets).
2026-08-20T10:15:43.7873845Z     11>PrepareForBuild:
2026-08-20T10:15:43.7895502Z          Creating directory "ARM64\Debug\".
2026-08-20T10:15:43.7912072Z          Structured output is enabled. The formatting of compiler diagnostics will reflect the error hierarchy. See https://aka.ms/cpp/structured-output for more details.
2026-08-20T10:15:43.7917860Z          Creating directory "ARM64\Debug\TestCove.2FD17BA1.tlog\".
2026-08-20T10:15:43.7921658Z        InitializeBuildStatus:
2026-08-20T10:15:43.7926265Z          Creating "ARM64\Debug\TestCove.2FD17BA1.tlog\unsuccessfulbuild" because "AlwaysCreate" was specified.
2026-08-20T10:15:43.7927550Z          Touching "ARM64\Debug\TestCove.2FD17BA1.tlog\unsuccessfulbuild".
2026-08-20T10:15:43.7986631Z     12>InitializeBuildStatus:
2026-08-20T10:15:43.8245922Z          Creating "ARM64\Debug\Tools.tlog\unsuccessfulbuild" because "AlwaysCreate" was specified.
2026-08-20T10:15:43.8269161Z          Touching "ARM64\Debug\Tools.tlog\unsuccessfulbuild".
2026-08-20T10:15:43.8304645Z     11>VcpkgTripletSelection:
2026-08-20T10:15:43.8314929Z          Using triplet "arm64-windows" from "C:\a\OpenCppCoverage-ARM64\OpenCppCoverage-ARM64\vcpkg_installed\arm64-windows\"
2026-08-20T10:15:43.8341572Z          Using normalized configuration "Debug"
2026-08-20T10:15:43.8362890Z        VcpkgBootstrap:
2026-08-20T10:15:43.8583652Z        Skipping target "VcpkgBootstrap" because all output files are up-to-date with respect to the input files.
2026-08-20T10:15:43.8600151Z     12>VcpkgTripletSelection:
2026-08-20T10:15:43.8602225Z          Using triplet "arm64-windows" from "C:\a\OpenCppCoverage-ARM64\OpenCppCoverage-ARM64\vcpkg_installed\arm64-windows\"
2026-08-20T10:15:43.8604129Z          Using normalized configuration "Debug"
2026-08-20T10:15:43.8608373Z        VcpkgBootstrap:
2026-08-20T10:15:43.8611325Z        Skipping target "VcpkgBootstrap" because all output files are up-to-date with respect to the input files.
2026-08-20T10:15:53.5360731Z      6>Project "C:\a\OpenCppCoverage-ARM64\OpenCppCoverage-ARM64\Plugin\Plugin.vcxproj" (6) is building "C:\Users\runneradmin\AppData\Local\OpenCppCoverage\vcpkg\scripts\buildsystems\msbuild\support\InstallImplementation.targets" (18) on node 1 (VcpkgInstallImplementation target(s)).
2026-08-20T10:15:53.5363074Z     18>VcpkgInstallImplementation:
2026-08-20T10:15:53.5363785Z          Installing vcpkg dependencies to C:\a\OpenCppCoverage-ARM64\OpenCppCoverage-ARM64\vcpkg_installed\
2026-08-20T10:15:56.8599183Z          "C:\Users\runneradmin\AppData\Local\OpenCppCoverage\vcpkg\vcpkg.exe" install  --x-wait-for-lock --triplet "arm64-windows" --vcpkg-root "C:\Users\runneradmin\AppData\Local\OpenCppCoverage\vcpkg\\" "--x-manifest-root=C:\a\OpenCppCoverage-ARM64\OpenCppCoverage-ARM64\\" "--x-install-root=C:\a\OpenCppCoverage-ARM64\OpenCppCoverage-ARM64\vcpkg_installed\\" 
2026-08-20T10:15:56.8671995Z          "C:\Users\runneradmin\AppData\Local\OpenCppCoverage\vcpkg\vcpkg.exe" install  --x-wait-for-lock --triplet "arm64-windows" --vcpkg-root "C:\Users\runneradmin\AppData\Local\OpenCppCoverage\vcpkg\\" "--x-manifest-root=C:\a\OpenCppCoverage-ARM64\OpenCppCoverage-ARM64\\" "--x-install-root=C:\a\OpenCppCoverage-ARM64\OpenCppCoverage-ARM64\vcpkg_installed\\" 
2026-08-20T10:15:57.5829667Z          Detecting compiler hash for triplet arm64-windows...
2026-08-20T10:16:00.5515532Z          Compiler found: C:/Program Files/Microsoft Visual Studio/2022/Enterprise/VC/Tools/MSVC/14.44.35207/bin/Hostarm64/arm64/cl.exe
2026-08-20T10:16:00.6233125Z          The following packages are already installed:
2026-08-20T10:16:00.6235082Z            * abseil:arm64-windows@20260107.1#3
2026-08-20T10:16:00.6236061Z              boost-algorithm:arm64-windows@1.91.0
2026-08-20T10:16:00.6236504Z            * boost-align:arm64-windows@1.91.0
2026-08-20T10:16:00.6236867Z            * boost-any:arm64-windows@1.91.0
2026-08-20T10:16:00.6240824Z            * boost-array:arm64-windows@1.91.0
2026-08-20T10:16:00.6241193Z            * boost-asio[core,spawn,deadline-timer]:arm64-windows@1.91.0
2026-08-20T10:16:00.6241559Z            * boost-assert:arm64-windows@1.91.0
2026-08-20T10:16:00.6241836Z            * boost-atomic:arm64-windows@1.91.0
2026-08-20T10:16:00.6242103Z            * boost-bind:arm64-windows@1.91.0
2026-08-20T10:16:00.6242383Z            * boost-charconv:arm64-windows@1.91.0
2026-08-20T10:16:00.6242664Z            * boost-chrono:arm64-windows@1.91.0
2026-08-20T10:16:00.6242934Z            * boost-cmake:arm64-windows@1.91.0
2026-08-20T10:16:00.6243201Z            * boost-compat:arm64-windows@1.91.0
2026-08-20T10:16:00.6243489Z            * boost-concept-check:arm64-windows@1.91.0
2026-08-20T10:16:00.6243777Z            * boost-config:arm64-windows@1.91.0
2026-08-20T10:16:00.6244058Z              boost-container:arm64-windows@1.91.0
2026-08-20T10:16:00.6244353Z            * boost-container-hash:arm64-windows@1.91.0
2026-08-20T10:16:00.6244661Z            * boost-context:arm64-windows@1.91.0
2026-08-20T10:16:00.6244942Z            * boost-conversion:arm64-windows@1.91.0
2026-08-20T10:16:00.6245259Z            * boost-core:arm64-windows@1.91.0
2026-08-20T10:16:00.6245529Z            * boost-date-time:arm64-windows@1.91.0
2026-08-20T10:16:00.6245808Z            * boost-describe:arm64-windows@1.91.0
2026-08-20T10:16:00.6246087Z            * boost-detail:arm64-windows@1.91.0
2026-08-20T10:16:00.6246430Z            * boost-dynamic-bitset:arm64-windows@1.91.0
2026-08-20T10:16:00.6246723Z            * boost-endian:arm64-windows@1.91.0
2026-08-20T10:16:00.6247211Z            * boost-exception:arm64-windows@1.91.0
2026-08-20T10:16:00.6247504Z              boost-filesystem:arm64-windows@1.91.0
2026-08-20T10:16:00.6247786Z            * boost-function:arm64-windows@1.91.0
2026-08-20T10:16:00.6248073Z            * boost-function-types:arm64-windows@1.91.0
2026-08-20T10:16:00.6248365Z            * boost-functional:arm64-windows@1.91.0
2026-08-20T10:16:00.6248668Z            * boost-fusion:arm64-windows@1.91.0
2026-08-20T10:16:00.6248940Z            * boost-headers:arm64-windows@1.91.0
2026-08-20T10:16:00.6249297Z            * boost-integer:arm64-windows@1.91.0
2026-08-20T10:16:00.6249585Z            * boost-interprocess:arm64-windows@1.91.0
2026-08-20T10:16:00.6249877Z            * boost-intrusive:arm64-windows@1.91.0
2026-08-20T10:16:00.6250147Z            * boost-io:arm64-windows@1.91.0
2026-08-20T10:16:00.6250486Z              boost-iostreams[core,zstd,zlib,lzma,bzip2]:arm64-windows@1.91.0
2026-08-20T10:16:00.6250850Z            * boost-iterator:arm64-windows@1.91.0
2026-08-20T10:16:00.6251139Z            * boost-lexical-cast:arm64-windows@1.91.0
2026-08-20T10:16:00.6251453Z              boost-locale:arm64-windows@1.91.0
2026-08-20T10:16:00.6251719Z              boost-log:arm64-windows@1.91.0
2026-08-20T10:16:00.6251981Z            * boost-move:arm64-windows@1.91.0
2026-08-20T10:16:00.6252257Z            * boost-mp11:arm64-windows@1.91.0
2026-08-20T10:16:00.6252835Z            * boost-mpl:arm64-windows@1.91.0
2026-08-20T10:16:00.6253149Z            * boost-multi-index:arm64-windows@1.91.0
2026-08-20T10:16:00.6253462Z            * boost-numeric-conversion:arm64-windows@1.91.0
2026-08-20T10:16:00.6253767Z              boost-optional:arm64-windows@1.91.0
2026-08-20T10:16:00.6254047Z            * boost-parameter:arm64-windows@1.91.0
2026-08-20T10:16:00.6254326Z            * boost-phoenix:arm64-windows@1.91.0
2026-08-20T10:16:00.6254596Z            * boost-pool:arm64-windows@1.91.0
2026-08-20T10:16:00.6254861Z            * boost-predef:arm64-windows@1.91.0
2026-08-20T10:16:00.6255145Z            * boost-preprocessor:arm64-windows@1.91.0
2026-08-20T10:16:00.6255451Z              boost-program-options:arm64-windows@1.91.0
2026-08-20T10:16:00.6255768Z              boost-property-tree:arm64-windows@1.91.0
2026-08-20T10:16:00.6256055Z            * boost-proto:arm64-windows@1.91.0
2026-08-20T10:16:00.6256580Z            * boost-random:arm64-windows@1.91.0
2026-08-20T10:16:00.6256855Z              boost-range:arm64-windows@1.91.0
2026-08-20T10:16:00.6257118Z            * boost-ratio:arm64-windows@1.91.0
2026-08-20T10:16:00.6257381Z              boost-regex:arm64-windows@1.91.0
2026-08-20T10:16:00.6257648Z            * boost-scope:arm64-windows@1.91.0
2026-08-20T10:16:00.6257928Z            * boost-serialization:arm64-windows@1.91.0
2026-08-20T10:16:00.6258219Z            * boost-smart-ptr:arm64-windows@1.91.0
2026-08-20T10:16:00.6258493Z              boost-spirit:arm64-windows@1.91.0
2026-08-20T10:16:00.6258779Z            * boost-static-assert:arm64-windows@1.91.0
2026-08-20T10:16:00.6259061Z            * boost-system:arm64-windows@1.91.0
2026-08-20T10:16:00.6259327Z            * boost-thread:arm64-windows@1.91.0
2026-08-20T10:16:00.6259614Z            * boost-throw-exception:arm64-windows@1.91.0
2026-08-20T10:16:00.6259913Z            * boost-tokenizer:arm64-windows@1.91.0
2026-08-20T10:16:00.6260191Z            * boost-tuple:arm64-windows@1.91.0
2026-08-20T10:16:00.6260475Z            * boost-type-index:arm64-windows@1.91.0
2026-08-20T10:16:00.6260766Z            * boost-type-traits:arm64-windows@1.91.0
2026-08-20T10:16:00.6261050Z            * boost-typeof:arm64-windows@1.91.0
2026-08-20T10:16:00.6261325Z            * boost-uninstall:arm64-windows@1.91.0
2026-08-20T10:16:00.6261604Z            * boost-unordered:arm64-windows@1.91.0
2026-08-20T10:16:00.6261883Z            * boost-utility:arm64-windows@1.91.0
2026-08-20T10:16:00.6262204Z              boost-uuid:arm64-windows@1.91.0
2026-08-20T10:16:00.6262470Z            * boost-variant:arm64-windows@1.91.0
2026-08-20T10:16:00.6262741Z            * boost-variant2:arm64-windows@1.91.0
2026-08-20T10:16:00.6263011Z            * boost-winapi:arm64-windows@1.91.0
2026-08-20T10:16:00.6263288Z            * boost-xpressive:arm64-windows@1.91.0
2026-08-20T10:16:00.6263576Z            * bzip2[core,tool]:arm64-windows@1.0.8#6
2026-08-20T10:16:00.6263866Z              ctemplate:arm64-windows@2020-09-14#6
2026-08-20T10:16:00.6264134Z              gtest:arm64-windows@1.18.0
2026-08-20T10:16:00.6264385Z            * liblzma:arm64-windows@5.8.3
2026-08-20T10:16:00.6264748Z            * pcre2[core,platform-default-features,jit]:arm64-windows@10.47#1
2026-08-20T10:16:00.6265103Z              poco:arm64-windows@1.14.1#2
2026-08-20T10:16:00.6265357Z              protobuf:arm64-windows@6.33.4#2
2026-08-20T10:16:00.6265623Z            * utf8-range:arm64-windows@6.33.4
2026-08-20T10:16:00.6265881Z            * utf8proc:arm64-windows@2.11.3
2026-08-20T10:16:00.6266142Z            * vcpkg-boost:arm64-windows@2025-03-29
2026-08-20T10:16:00.6266416Z            * vcpkg-cmake:arm64-windows@2025-08-07
2026-08-20T10:16:00.6266715Z            * vcpkg-cmake-config:arm64-windows@2026-07-21
2026-08-20T10:16:00.6267212Z            * zlib:arm64-windows@1.3.2#2
2026-08-20T10:16:00.6267466Z            * zstd:arm64-windows@1.5.7
2026-08-20T10:16:00.8745030Z          The package boost-regex is compatible with built-in CMake targets of FindBoost.cmake:
2026-08-20T10:16:00.8746517Z          
2026-08-20T10:16:00.8746751Z              find_package(Boost REQUIRED COMPONENTS regex)
2026-08-20T10:16:00.8747155Z              target_link_libraries(main PRIVATE Boost::regex)
2026-08-20T10:16:00.8747551Z          
2026-08-20T10:16:00.8748093Z          or the generated cmake configs via:
2026-08-20T10:16:00.8748725Z          
2026-08-20T10:16:00.8749053Z              find_package( REQUIRED CONFIG)
2026-08-20T10:16:00.8749395Z              target_link_libraries(main PRIVATE Boost::regex)
2026-08-20T10:16:00.8749777Z          
2026-08-20T10:16:00.8750204Z          The package boost-optional is compatible with built-in CMake targets of FindBoost.cmake:
2026-08-20T10:16:00.8751427Z          
2026-08-20T10:16:00.8751904Z              find_package(Boost REQUIRED COMPONENTS optional)
2026-08-20T10:16:00.8752553Z              target_link_libraries(main PRIVATE Boost::optional)
2026-08-20T10:16:00.8756105Z          
2026-08-20T10:16:00.8756690Z          or the generated cmake configs via:
2026-08-20T10:16:00.8756972Z          
2026-08-20T10:16:00.8757152Z              find_package( REQUIRED CONFIG)
2026-08-20T10:16:00.8757527Z              target_link_libraries(main PRIVATE Boost::optional)
2026-08-20T10:16:00.8757878Z          
2026-08-20T10:16:00.8758270Z          The package boost-range is compatible with built-in CMake targets of FindBoost.cmake:
2026-08-20T10:16:00.8758730Z          
2026-08-20T10:16:00.8758991Z              find_package(Boost REQUIRED COMPONENTS range)
2026-08-20T10:16:00.8759409Z              target_link_libraries(main PRIVATE Boost::range)
2026-08-20T10:16:00.8759745Z          
2026-08-20T10:16:00.8760890Z          or the generated cmake configs via:
2026-08-20T10:16:00.8761306Z          
2026-08-20T10:16:00.8762273Z              find_package( REQUIRED CONFIG)
2026-08-20T10:16:00.8763647Z              target_link_libraries(main PRIVATE Boost::range)
2026-08-20T10:16:00.8764111Z          
2026-08-20T10:16:00.8764574Z          The package boost-algorithm is compatible with built-in CMake targets of FindBoost.cmake:
2026-08-20T10:16:00.8765078Z          
2026-08-20T10:16:00.8765314Z              find_package(Boost REQUIRED COMPONENTS algorithm)
2026-08-20T10:16:00.8766268Z              target_link_libraries(main PRIVATE Boost::algorithm)
2026-08-20T10:16:00.8766686Z          
2026-08-20T10:16:00.8766935Z          or the generated cmake configs via:
2026-08-20T10:16:00.8767950Z          
2026-08-20T10:16:00.8768247Z              find_package( REQUIRED CONFIG)
2026-08-20T10:16:00.8768660Z              target_link_libraries(main PRIVATE Boost::algorithm)
2026-08-20T10:16:00.8768991Z          
2026-08-20T10:16:00.8769398Z          The package boost-container is compatible with built-in CMake targets of FindBoost.cmake:
2026-08-20T10:16:00.8769882Z          
2026-08-20T10:16:00.8770164Z              find_package(Boost REQUIRED COMPONENTS container)
2026-08-20T10:16:00.8770624Z              target_link_libraries(main PRIVATE Boost::container)
2026-08-20T10:16:00.8770982Z          
2026-08-20T10:16:00.8771229Z          or the generated cmake configs via:
2026-08-20T10:16:00.8771567Z          
2026-08-20T10:16:00.8771801Z              find_package( REQUIRED CONFIG)
2026-08-20T10:16:00.8772175Z              target_link_libraries(main PRIVATE Boost::container)
2026-08-20T10:16:00.8772533Z          
2026-08-20T10:16:00.8772965Z          The package boost-filesystem is compatible with built-in CMake targets of FindBoost.cmake:
2026-08-20T10:16:00.8773442Z          
2026-08-20T10:16:00.8773715Z              find_package(Boost REQUIRED COMPONENTS filesystem)
2026-08-20T10:16:00.8774170Z              target_link_libraries(main PRIVATE Boost::filesystem)
2026-08-20T10:16:00.8774546Z          
2026-08-20T10:16:00.8774793Z          or the generated cmake configs via:
2026-08-20T10:16:00.8775284Z          
2026-08-20T10:16:00.8775567Z              find_package( REQUIRED CONFIG)
2026-08-20T10:16:00.8776747Z              target_link_libraries(main PRIVATE Boost::filesystem)
2026-08-20T10:16:00.8777216Z          
2026-08-20T10:16:00.8777626Z          The package boost-iostreams is compatible with built-in CMake targets of FindBoost.cmake:
2026-08-20T10:16:00.8778097Z          
2026-08-20T10:16:00.8778372Z              find_package(Boost REQUIRED COMPONENTS iostreams)
2026-08-20T10:16:00.8778823Z              target_link_libraries(main PRIVATE Boost::iostreams)
2026-08-20T10:16:00.8779167Z          
2026-08-20T10:16:00.8779401Z          or the generated cmake configs via:
2026-08-20T10:16:00.8779731Z          
2026-08-20T10:16:00.8779945Z              find_package( REQUIRED CONFIG)
2026-08-20T10:16:00.8780306Z              target_link_libraries(main PRIVATE Boost::iostreams)
2026-08-20T10:16:00.8780639Z          
2026-08-20T10:16:00.8781017Z          The package boost-locale is compatible with built-in CMake targets of FindBoost.cmake:
2026-08-20T10:16:00.8781768Z          
2026-08-20T10:16:00.8782063Z              find_package(Boost REQUIRED COMPONENTS locale)
2026-08-20T10:16:00.8782464Z              target_link_libraries(main PRIVATE Boost::locale)
2026-08-20T10:16:00.8782806Z          
2026-08-20T10:16:00.8783069Z          or the generated cmake configs via:
2026-08-20T10:16:00.8783363Z          
2026-08-20T10:16:00.8783597Z              find_package( REQUIRED CONFIG)
2026-08-20T10:16:00.8783952Z              target_link_libraries(main PRIVATE Boost::locale)
2026-08-20T10:16:00.8784319Z          
2026-08-20T10:16:00.8784701Z          The package boost-spirit is compatible with built-in CMake targets of FindBoost.cmake:
2026-08-20T10:16:00.8785159Z          
2026-08-20T10:16:00.8785419Z              find_package(Boost REQUIRED COMPONENTS spirit)
2026-08-20T10:16:00.8785850Z              target_link_libraries(main PRIVATE Boost::spirit)
2026-08-20T10:16:00.8786179Z          
2026-08-20T10:16:00.8786417Z          or the generated cmake configs via:
2026-08-20T10:16:00.8786707Z          
2026-08-20T10:16:00.8786957Z              find_package( REQUIRED CONFIG)
2026-08-20T10:16:00.8787296Z              target_link_libraries(main PRIVATE Boost::spirit)
2026-08-20T10:16:00.8787600Z          
2026-08-20T10:16:00.8788012Z          The package boost-property-tree is compatible with built-in CMake targets of FindBoost.cmake:
2026-08-20T10:16:00.8788464Z          
2026-08-20T10:16:00.8788748Z              find_package(Boost REQUIRED COMPONENTS property_tree)
2026-08-20T10:16:00.8789181Z              target_link_libraries(main PRIVATE Boost::property_tree)
2026-08-20T10:16:00.8789529Z          
2026-08-20T10:16:00.8789794Z          or the generated cmake configs via:
2026-08-20T10:16:00.8790069Z          
2026-08-20T10:16:00.8790294Z              find_package( REQUIRED CONFIG)
2026-08-20T10:16:00.8790662Z              target_link_libraries(main PRIVATE Boost::property_tree)
2026-08-20T10:16:00.8792466Z          
2026-08-20T10:16:00.8795219Z          The package boost-log is compatible with built-in CMake targets of FindBoost.cmake:
2026-08-20T10:16:00.8795802Z          
2026-08-20T10:16:00.8796908Z              find_package(Boost REQUIRED COMPONENTS log)
2026-08-20T10:16:00.8797401Z              target_link_libraries(main PRIVATE Boost::log)
2026-08-20T10:16:00.8797730Z          
2026-08-20T10:16:00.8797973Z          or the generated cmake configs via:
2026-08-20T10:16:00.8798280Z          
2026-08-20T10:16:00.8798509Z              find_package( REQUIRED CONFIG)
2026-08-20T10:16:00.8798810Z              target_link_libraries(main PRIVATE Boost::log)
2026-08-20T10:16:00.8799083Z          
2026-08-20T10:16:00.8799517Z          The package boost-program-options is compatible with built-in CMake targets of FindBoost.cmake:
2026-08-20T10:16:00.8800010Z          
2026-08-20T10:16:00.8800305Z              find_package(Boost REQUIRED COMPONENTS program_options)
2026-08-20T10:16:00.8800764Z              target_link_libraries(main PRIVATE Boost::program_options)
2026-08-20T10:16:00.8801158Z          
2026-08-20T10:16:00.8801714Z          or the generated cmake configs via:
2026-08-20T10:16:00.8802122Z          
2026-08-20T10:16:00.8802337Z              find_package( REQUIRED CONFIG)
2026-08-20T10:16:00.8802665Z              target_link_libraries(main PRIVATE Boost::program_options)
2026-08-20T10:16:00.8802990Z          
2026-08-20T10:16:00.8803375Z          The package boost-uuid is compatible with built-in CMake targets of FindBoost.cmake:
2026-08-20T10:16:00.8803820Z          
2026-08-20T10:16:00.8804073Z              find_package(Boost REQUIRED COMPONENTS uuid)
2026-08-20T10:16:00.8804454Z              target_link_libraries(main PRIVATE Boost::uuid)
2026-08-20T10:16:00.8804811Z          
2026-08-20T10:16:00.8805046Z          or the generated cmake configs via:
2026-08-20T10:16:00.8805338Z          
2026-08-20T10:16:00.8805560Z              find_package( REQUIRED CONFIG)
2026-08-20T10:16:00.8806197Z              target_link_libraries(main PRIVATE Boost::uuid)
2026-08-20T10:16:00.8806567Z          
2026-08-20T10:16:00.8806885Z          The package gtest is compatible with built-in CMake targets:
2026-08-20T10:16:00.8807232Z          
2026-08-20T10:16:00.8807475Z              enable_testing()
2026-08-20T10:16:00.8807714Z              
2026-08-20T10:16:00.8807947Z              find_package(GTest CONFIG REQUIRED)
2026-08-20T10:16:00.8808482Z              target_link_libraries(main PRIVATE GTest::gtest GTest::gtest_main GTest::gmock GTest::gmock_main)
2026-08-20T10:16:00.8808968Z              
2026-08-20T10:16:00.8809197Z              add_test(AllTestsInMain main)
2026-08-20T10:16:00.8809492Z          
2026-08-20T10:16:00.8809805Z          The package poco is compatible with built-in CMake targets:
2026-08-20T10:16:00.8811008Z          
2026-08-20T10:16:00.8812645Z              find_package(Poco REQUIRED [COMPONENTS <libs>...])
2026-08-20T10:16:00.8814417Z              target_link_libraries(main PRIVATE Poco::<libs>)
2026-08-20T10:16:00.8814837Z          
2026-08-20T10:16:00.8815267Z          protobuf provides CMake targets:
2026-08-20T10:16:00.8815601Z          
2026-08-20T10:16:00.8815854Z            # this is heuristically generated, and may not be correct
2026-08-20T10:16:00.8816312Z            find_package(protobuf CONFIG REQUIRED)
2026-08-20T10:16:00.8816941Z            target_link_libraries(main PRIVATE protobuf::libupb protobuf::libprotoc protobuf::libprotobuf protobuf::libprotobuf-lite)
2026-08-20T10:16:00.8817528Z          
2026-08-20T10:16:00.8817765Z          protobuf provides pkg-config modules:
2026-08-20T10:16:00.8818094Z          
2026-08-20T10:16:00.8818335Z            # Google's Data Interchange Format
2026-08-20T10:16:00.8818629Z            protobuf-lite
2026-08-20T10:16:00.8818864Z          
2026-08-20T10:16:00.8819083Z            # Google's Data Interchange Format
2026-08-20T10:16:00.8819325Z            protobuf
2026-08-20T10:16:00.8819508Z          
2026-08-20T10:16:00.8819697Z            # Google's Data Interchange Format
2026-08-20T10:16:00.8819948Z            upb
2026-08-20T10:16:00.8820152Z          
2026-08-20T10:16:00.8820464Z          All requested installations completed successfully in: 1.37 ms
2026-08-20T10:16:00.8848852Z          Touching "C:\a\OpenCppCoverage-ARM64\OpenCppCoverage-ARM64\vcpkg_installed\.msbuildstamp-arm64-windows.stamp".
2026-08-20T10:16:00.8944096Z     18>Done Building Project "C:\Users\runneradmin\AppData\Local\OpenCppCoverage\vcpkg\scripts\buildsystems\msbuild\support\InstallImplementation.targets" (VcpkgInstallImplementation target(s)).
2026-08-20T10:16:01.0166024Z      6>ClCompile:
2026-08-20T10:16:01.0170668Z          C:\Program Files\Microsoft Visual Studio\2022\Enterprise\VC\Tools\MSVC\14.44.35207\bin\HostArm64\arm64\CL.exe /c /I"C:\a\OpenCppCoverage-ARM64\OpenCppCoverage-ARM64\\" /I"C:\a\OpenCppCoverage-ARM64\OpenCppCoverage-ARM64\Plugin\\" /I"C:\a\OpenCppCoverage-ARM64\OpenCppCoverage-ARM64\vcpkg_installed\arm64-windows\include" /ZI /JMC /nologo /W3 /WX /diagnostics:column /sdl /Od /Oy- /D _DEBUG /D PLUGIN_EXPORTS /D _WINDOWS /D _USRDLL /D "OPENCPPCOVERAGE_VERSION=\"0.9.9.0\"" /D _CRT_SECURE_NO_WARNINGS /D "PROJECT_DIR=R\"|(C:\a\OpenCppCoverage-ARM64\OpenCppCoverage-ARM64\Plugin\)|\"" /D "SOLUTION_DIR=R\"|(C:\a\OpenCppCoverage-ARM64\OpenCppCoverage-ARM64\)|\"" /D "TARGET_FILE_NAME=R\"|(Plugin.dll)|\"" /D "OUT_DIR=R\"|(C:\a\OpenCppCoverage-ARM64\OpenCppCoverage-ARM64\ARM64\Debug\)|\"" /D NOMINMAX /D _ARM64_WINAPI_PARTITION_DESKTOP_SDK_AVAILABLE=1 /D _WINDLL /D _UNICODE /D UNICODE /Gm- /EHsc /RTC1 /MDd /GS /fp:precise /Zc:wchar_t /Zc:forScope /Zc:inline /std:c++17 /permissive- /Yc"stdafx.h" /Fp"ARM64\Debug\Plugin.pch" /Fo"ARM64\Debug\\" /Fd"ARM64\Debug\vc143.pdb" /external:W3 /Gd /TP /analyze- /FC /errorReport:queue stdafx.cpp
2026-08-20T10:16:01.0209855Z     12>ClCompile:
2026-08-20T10:16:01.0214121Z          C:\Program Files\Microsoft Visual Studio\2022\Enterprise\VC\Tools\MSVC\14.44.35207\bin\HostArm64\arm64\CL.exe /c /I"C:\a\OpenCppCoverage-ARM64\OpenCppCoverage-ARM64\\" /I"C:\a\OpenCppCoverage-ARM64\OpenCppCoverage-ARM64\Tools\\" /I"C:\a\OpenCppCoverage-ARM64\OpenCppCoverage-ARM64\vcpkg_installed\arm64-windows\include" /ZI /JMC /nologo /W3 /WX /diagnostics:column /sdl /Od /Oy- /D WIN32 /D _DEBUG /D _WINDOWS /D _USRDLL /D TOOLS_EXPORTS /D BOOST_CONFIG_SUPPRESS_OUTDATED_MESSAGE /D "OPENCPPCOVERAGE_VERSION=\"0.9.9.0\"" /D _CRT_SECURE_NO_WARNINGS /D "PROJECT_DIR=R\"|(C:\a\OpenCppCoverage-ARM64\OpenCppCoverage-ARM64\Tools\)|\"" /D "SOLUTION_DIR=R\"|(C:\a\OpenCppCoverage-ARM64\OpenCppCoverage-ARM64\)|\"" /D "TARGET_FILE_NAME=R\"|(Tools.dll)|\"" /D "OUT_DIR=R\"|(C:\a\OpenCppCoverage-ARM64\OpenCppCoverage-ARM64\ARM64\Debug\)|\"" /D NOMINMAX /D _ARM64_WINAPI_PARTITION_DESKTOP_SDK_AVAILABLE=1 /D _WINDLL /D _UNICODE /D UNICODE /Gm- /EHsc /RTC1 /MDd /GS /fp:precise /Zc:wchar_t /Zc:forScope /Zc:inline /std:c++17 /permissive- /Yc"stdafx.h" /Fp"ARM64\Debug\Tools.pch" /Fo"ARM64\Debug\\" /Fd"ARM64\Debug\vc143.pdb" /external:W3 /Gd /TP /analyze- /FC /errorReport:queue stdafx.cpp
2026-08-20T10:16:01.0374414Z     11>ClCompile:
2026-08-20T10:16:01.0378954Z          C:\Program Files\Microsoft Visual Studio\2022\Enterprise\VC\Tools\MSVC\14.44.35207\bin\HostArm64\arm64\CL.exe /c /I"C:\a\OpenCppCoverage-ARM64\OpenCppCoverage-ARM64\\" /I"C:\a\OpenCppCoverage-ARM64\OpenCppCoverage-ARM64\TestCoverageOptimizedBuild\\" /I"C:\a\OpenCppCoverage-ARM64\OpenCppCoverage-ARM64\vcpkg_installed\arm64-windows\include" /ZI /JMC /nologo /W3 /WX /diagnostics:column /sdl /O2 /Oy- /D _DEBUG /D _WINDOWS /D _USRDLL /D TESTCOVERAGERELEASELIB_EXPORTS /D BOOST_CONFIG_SUPPRESS_OUTDATED_MESSAGE /D "OPENCPPCOVERAGE_VERSION=\"0.9.9.0\"" /D _CRT_SECURE_NO_WARNINGS /D "PROJECT_DIR=R\"|(C:\a\OpenCppCoverage-ARM64\OpenCppCoverage-ARM64\TestCoverageOptimizedBuild\)|\"" /D "SOLUTION_DIR=R\"|(C:\a\OpenCppCoverage-ARM64\OpenCppCoverage-ARM64\)|\"" /D "TARGET_FILE_NAME=R\"|(TestCoverageOptimizedBuild.dll)|\"" /D "OUT_DIR=R\"|(C:\a\OpenCppCoverage-ARM64\OpenCppCoverage-ARM64\ARM64\Debug\)|\"" /D NOMINMAX /D _ARM64_WINAPI_PARTITION_DESKTOP_SDK_AVAILABLE=1 /D _WINDLL /D _UNICODE /D UNICODE /Gm- /EHsc /MDd /GS /fp:precise /Zc:wchar_t /Zc:forScope /Zc:inline /std:c++17 /permissive- /Fo"ARM64\Debug\\" /Fd"ARM64\Debug\vc143.pdb" /external:W3 /Gd /TP /analyze- /FC /errorReport:queue TestCoverageOptimizedBuild.cpp
2026-08-20T10:16:01.2267704Z      6>ClCompile:
2026-08-20T10:16:01.2297747Z          stdafx.cpp
2026-08-20T10:16:01.2298481Z     11>ClCompile:
2026-08-20T10:16:01.2301216Z          TestCoverageOptimizedBuild.cpp
2026-08-20T10:16:01.2301672Z     12>ClCompile:
2026-08-20T10:16:01.2301957Z          stdafx.cpp
2026-08-20T10:16:03.8208171Z      6>ClCompile:
2026-08-20T10:16:03.8213238Z          C:\Program Files\Microsoft Visual Studio\2022\Enterprise\VC\Tools\MSVC\14.44.35207\bin\HostArm64\arm64\CL.exe /c /I"C:\a\OpenCppCoverage-ARM64\OpenCppCoverage-ARM64\\" /I"C:\a\OpenCppCoverage-ARM64\OpenCppCoverage-ARM64\Plugin\\" /I"C:\a\OpenCppCoverage-ARM64\OpenCppCoverage-ARM64\vcpkg_installed\arm64-windows\include" /ZI /JMC /nologo /W3 /WX /diagnostics:column /sdl /Od /Oy- /D _DEBUG /D PLUGIN_EXPORTS /D _WINDOWS /D _USRDLL /D "OPENCPPCOVERAGE_VERSION=\"0.9.9.0\"" /D _CRT_SECURE_NO_WARNINGS /D "PROJECT_DIR=R\"|(C:\a\OpenCppCoverage-ARM64\OpenCppCoverage-ARM64\Plugin\)|\"" /D "SOLUTION_DIR=R\"|(C:\a\OpenCppCoverage-ARM64\OpenCppCoverage-ARM64\)|\"" /D "TARGET_FILE_NAME=R\"|(Plugin.dll)|\"" /D "OUT_DIR=R\"|(C:\a\OpenCppCoverage-ARM64\OpenCppCoverage-ARM64\ARM64\Debug\)|\"" /D NOMINMAX /D _ARM64_WINAPI_PARTITION_DESKTOP_SDK_AVAILABLE=1 /D _WINDLL /D _UNICODE /D UNICODE /Gm- /EHsc /RTC1 /MDd /GS /fp:precise /Zc:wchar_t /Zc:forScope /Zc:inline /std:c++17 /permissive- /Yu"stdafx.h" /Fp"ARM64\Debug\Plugin.pch" /Fo"ARM64\Debug\\" /Fd"ARM64\Debug\vc143.pdb" /external:W3 /Gd /TP /analyze- /FC /errorReport:queue Exporter\CoverageData.cpp Exporter\FileCoverage.cpp Exporter\LineCoverage.cpp Exporter\ModuleCoverage.cpp
2026-08-20T10:16:03.8337025Z     12>ClCompile:
2026-08-20T10:16:03.8341857Z          C:\Program Files\Microsoft Visual Studio\2022\Enterprise\VC\Tools\MSVC\14.44.35207\bin\HostArm64\arm64\CL.exe /c /I"C:\a\OpenCppCoverage-ARM64\OpenCppCoverage-ARM64\\" /I"C:\a\OpenCppCoverage-ARM64\OpenCppCoverage-ARM64\Tools\\" /I"C:\a\OpenCppCoverage-ARM64\OpenCppCoverage-ARM64\vcpkg_installed\arm64-windows\include" /ZI /JMC /nologo /W3 /WX /diagnostics:column /sdl /Od /Oy- /D WIN32 /D _DEBUG /D _WINDOWS /D _USRDLL /D TOOLS_EXPORTS /D BOOST_CONFIG_SUPPRESS_OUTDATED_MESSAGE /D "OPENCPPCOVERAGE_VERSION=\"0.9.9.0\"" /D _CRT_SECURE_NO_WARNINGS /D "PROJECT_DIR=R\"|(C:\a\OpenCppCoverage-ARM64\OpenCppCoverage-ARM64\Tools\)|\"" /D "SOLUTION_DIR=R\"|(C:\a\OpenCppCoverage-ARM64\OpenCppCoverage-ARM64\)|\"" /D "TARGET_FILE_NAME=R\"|(Tools.dll)|\"" /D "OUT_DIR=R\"|(C:\a\OpenCppCoverage-ARM64\OpenCppCoverage-ARM64\ARM64\Debug\)|\"" /D NOMINMAX /D _ARM64_WINAPI_PARTITION_DESKTOP_SDK_AVAILABLE=1 /D _WINDLL /D _UNICODE /D UNICODE /Gm- /EHsc /RTC1 /MDd /GS /fp:precise /Zc:wchar_t /Zc:forScope /Zc:inline /std:c++17 /permissive- /Fo"ARM64\Debug\\" /Fd"ARM64\Debug\vc143.pdb" /external:W3 /Gd /TP /analyze- /FC /errorReport:queue dllmain.cpp
2026-08-20T10:16:03.8865372Z      6>ClCompile:
2026-08-20T10:16:03.8868544Z          CoverageData.cpp
2026-08-20T10:16:03.9122370Z     12>ClCompile:
2026-08-20T10:16:03.9172951Z          dllmain.cpp
2026-08-20T10:16:04.2045808Z          C:\Program Files\Microsoft Visual Studio\2022\Enterprise\VC\Tools\MSVC\14.44.35207\bin\HostArm64\arm64\CL.exe /c /I"C:\a\OpenCppCoverage-ARM64\OpenCppCoverage-ARM64\\" /I"C:\a\OpenCppCoverage-ARM64\OpenCppCoverage-ARM64\Tools\\" /I"C:\a\OpenCppCoverage-ARM64\OpenCppCoverage-ARM64\vcpkg_installed\arm64-windows\include" /ZI /JMC /nologo /W3 /WX /diagnostics:column /sdl /Od /Oy- /D WIN32 /D _DEBUG /D _WINDOWS /D _USRDLL /D TOOLS_EXPORTS /D BOOST_CONFIG_SUPPRESS_OUTDATED_MESSAGE /D "OPENCPPCOVERAGE_VERSION=\"0.9.9.0\"" /D _CRT_SECURE_NO_WARNINGS /D "PROJECT_DIR=R\"|(C:\a\OpenCppCoverage-ARM64\OpenCppCoverage-ARM64\Tools\)|\"" /D "SOLUTION_DIR=R\"|(C:\a\OpenCppCoverage-ARM64\OpenCppCoverage-ARM64\)|\"" /D "TARGET_FILE_NAME=R\"|(Tools.dll)|\"" /D "OUT_DIR=R\"|(C:\a\OpenCppCoverage-ARM64\OpenCppCoverage-ARM64\ARM64\Debug\)|\"" /D NOMINMAX /D _ARM64_WINAPI_PARTITION_DESKTOP_SDK_AVAILABLE=1 /D _WINDLL /D _UNICODE /D UNICODE /Gm- /EHsc /RTC1 /MDd /GS /fp:precise /Zc:wchar_t /Zc:forScope /Zc:inline /std:c++17 /permissive- /Yu"stdafx.h" /Fp"ARM64\Debug\Tools.pch" /Fo"ARM64\Debug\\" /Fd"ARM64\Debug\vc143.pdb" /external:W3 /Gd /TP /analyze- /FC /errorReport:queue ExceptionBase.cpp Log.cpp MappedFile.cpp MiniDump.cpp PEFileHeader.cpp ProcessMemory.cpp ScopedAction.cpp Tool.cpp UniquePath.cpp WarningManager.cpp
2026-08-20T10:16:04.2567367Z          ExceptionBase.cpp
2026-08-20T10:16:04.9724826Z     11>Link:
2026-08-20T10:16:04.9734358Z          C:\Program Files\Microsoft Visual Studio\2022\Enterprise\VC\Tools\MSVC\14.44.35207\bin\HostArm64\arm64\link.exe /ERRORREPORT:QUEUE /OUT:"C:\a\OpenCppCoverage-ARM64\OpenCppCoverage-ARM64\ARM64\Debug\TestCoverageOptimizedBuild.dll" /INCREMENTAL /ILK:"ARM64\Debug\TestCoverageOptimizedBuild.ilk" /NOLOGO /LIBPATH:"C:\a\OpenCppCoverage-ARM64\OpenCppCoverage-ARM64\vcpkg_installed\arm64-windows\debug\lib" /LIBPATH:"C:\a\OpenCppCoverage-ARM64\OpenCppCoverage-ARM64\vcpkg_installed\arm64-windows\debug\lib\manual-link" bcrypt.lib kernel32.lib user32.lib gdi32.lib winspool.lib comdlg32.lib advapi32.lib shell32.lib ole32.lib oleaut32.lib uuid.lib odbc32.lib odbccp32.lib "C:\a\OpenCppCoverage-ARM64\OpenCppCoverage-ARM64\vcpkg_installed\arm64-windows\debug\lib\*.lib" /MANIFEST /MANIFESTUAC:"level='asInvoker' uiAccess='false'" /manifest:embed /DEBUG /PDB:"C:\a\OpenCppCoverage-ARM64\OpenCppCoverage-ARM64\ARM64\Debug\TestCoverageOptimizedBuild.pdb" /SUBSYSTEM:WINDOWS /TLBID:1 /DYNAMICBASE /NXCOMPAT /IMPLIB:"C:\a\OpenCppCoverage-ARM64\OpenCppCoverage-ARM64\ARM64\Debug\TestCoverageOptimizedBuild.lib" /MACHINE:ARM64 /DLL ARM64\Debug\TestCoverageOptimizedBuild.obj
2026-08-20T10:16:05.1610861Z      6>ClCompile:
2026-08-20T10:16:05.1611208Z          FileCoverage.cpp
2026-08-20T10:16:05.5661665Z     11>Link:
2026-08-20T10:16:05.5664785Z             Creating library C:\a\OpenCppCoverage-ARM64\OpenCppCoverage-ARM64\ARM64\Debug\TestCoverageOptimizedBuild.lib and object C:\a\OpenCppCoverage-ARM64\OpenCppCoverage-ARM64\ARM64\Debug\TestCoverageOptimizedBuild.exp
2026-08-20T10:16:05.6067771Z     12>ClCompile:
2026-08-20T10:16:05.6076738Z          Log.cpp
2026-08-20T10:16:05.9503326Z     11>Link:
2026-08-20T10:16:05.9504978Z          TestCoverageOptimizedBuild.vcxproj -> C:\a\OpenCppCoverage-ARM64\OpenCppCoverage-ARM64\ARM64\Debug\TestCoverageOptimizedBuild.dll
2026-08-20T10:16:05.9615343Z        AppLocalFromInstalled:
2026-08-20T10:16:05.9617741Z          "C:\Users\runneradmin\AppData\Local\OpenCppCoverage\vcpkg\vcpkg.exe" z-applocal --target-binary="C:\a\OpenCppCoverage-ARM64\OpenCppCoverage-ARM64\ARM64\Debug\TestCoverageOptimizedBuild.dll" --installed-bin-dir="C:\a\OpenCppCoverage-ARM64\OpenCppCoverage-ARM64\vcpkg_installed\arm64-windows\debug\bin" --tlog-file="ARM64\Debug\TestCove.2FD17BA1.tlog\TestCoverageOptimizedBuild.write.1u.tlog" --copied-files-log="ARM64\Debug\vcpkg.applocal.log"
2026-08-20T10:16:06.1267810Z        FinalizeBuildStatus:
2026-08-20T10:16:06.1268632Z          Deleting file "ARM64\Debug\TestCove.2FD17BA1.tlog\unsuccessfulbuild".
2026-08-20T10:16:06.1293840Z          Touching "ARM64\Debug\TestCove.2FD17BA1.tlog\TestCoverageOptimizedBuild.lastbuildstate".
2026-08-20T10:16:06.1371402Z     11>Done Building Project "C:\a\OpenCppCoverage-ARM64\OpenCppCoverage-ARM64\TestCoverageOptimizedBuild\TestCoverageOptimizedBuild.vcxproj" (default targets).
2026-08-20T10:16:06.4553924Z      6>ClCompile:
2026-08-20T10:16:06.4554284Z          LineCoverage.cpp
2026-08-20T10:16:06.4628186Z          ModuleCoverage.cpp
2026-08-20T10:16:07.6065348Z          Generating Code...
2026-08-20T10:16:07.8075459Z        Link:
2026-08-20T10:16:07.8079191Z          C:\Program Files\Microsoft Visual Studio\2022\Enterprise\VC\Tools\MSVC\14.44.35207\bin\HostArm64\arm64\link.exe /ERRORREPORT:QUEUE /OUT:"C:\a\OpenCppCoverage-ARM64\OpenCppCoverage-ARM64\ARM64\Debug\Plugin.dll" /INCREMENTAL /ILK:"ARM64\Debug\Plugin.ilk" /NOLOGO /LIBPATH:"C:\a\OpenCppCoverage-ARM64\OpenCppCoverage-ARM64\vcpkg_installed\arm64-windows\debug\lib" /LIBPATH:"C:\a\OpenCppCoverage-ARM64\OpenCppCoverage-ARM64\vcpkg_installed\arm64-windows\debug\lib\manual-link" kernel32.lib user32.lib gdi32.lib winspool.lib comdlg32.lib advapi32.lib shell32.lib ole32.lib oleaut32.lib uuid.lib odbc32.lib odbccp32.lib "C:\a\OpenCppCoverage-ARM64\OpenCppCoverage-ARM64\vcpkg_installed\arm64-windows\debug\lib\*.lib" /MANIFEST /MANIFESTUAC:"level='asInvoker' uiAccess='false'" /manifest:embed /DEBUG /PDB:"C:\a\OpenCppCoverage-ARM64\OpenCppCoverage-ARM64\ARM64\Debug\Plugin.pdb" /SUBSYSTEM:WINDOWS /TLBID:1 /DYNAMICBASE /NXCOMPAT /IMPLIB:"C:\a\OpenCppCoverage-ARM64\OpenCppCoverage-ARM64\ARM64\Debug\Plugin.lib" /MACHINE:ARM64 /DLL ARM64\Debug\CoverageData.obj
2026-08-20T10:16:07.8083017Z          ARM64\Debug\FileCoverage.obj
2026-08-20T10:16:07.8083349Z          ARM64\Debug\LineCoverage.obj
2026-08-20T10:16:07.8084038Z          ARM64\Debug\ModuleCoverage.obj
2026-08-20T10:16:07.8084391Z          ARM64\Debug\stdafx.obj
2026-08-20T10:16:07.9769512Z             Creating library C:\a\OpenCppCoverage-ARM64\OpenCppCoverage-ARM64\ARM64\Debug\Plugin.lib and object C:\a\OpenCppCoverage-ARM64\OpenCppCoverage-ARM64\ARM64\Debug\Plugin.exp
2026-08-20T10:16:08.2756580Z          Plugin.vcxproj -> C:\a\OpenCppCoverage-ARM64\OpenCppCoverage-ARM64\ARM64\Debug\Plugin.dll
2026-08-20T10:16:08.2771638Z        AppLocalFromInstalled:
2026-08-20T10:16:08.2773209Z          "C:\Users\runneradmin\AppData\Local\OpenCppCoverage\vcpkg\vcpkg.exe" z-applocal --target-binary="C:\a\OpenCppCoverage-ARM64\OpenCppCoverage-ARM64\ARM64\Debug\Plugin.dll" --installed-bin-dir="C:\a\OpenCppCoverage-ARM64\OpenCppCoverage-ARM64\vcpkg_installed\arm64-windows\debug\bin" --tlog-file="ARM64\Debug\Plugin.tlog\Plugin.write.1u.tlog" --copied-files-log="ARM64\Debug\vcpkg.applocal.log"
2026-08-20T10:16:08.3943226Z        FinalizeBuildStatus:
2026-08-20T10:16:08.3943731Z          Deleting file "ARM64\Debug\Plugin.tlog\unsuccessfulbuild".
2026-08-20T10:16:08.3948120Z          Touching "ARM64\Debug\Plugin.tlog\Plugin.lastbuildstate".
2026-08-20T10:16:08.3955942Z      6>Done Building Project "C:\a\OpenCppCoverage-ARM64\OpenCppCoverage-ARM64\Plugin\Plugin.vcxproj" (default targets).
2026-08-20T10:16:08.4210648Z      1>Project "C:\a\OpenCppCoverage-ARM64\OpenCppCoverage-ARM64\CppCoverage.sln" (1) is building "C:\a\OpenCppCoverage-ARM64\OpenCppCoverage-ARM64\PluginTest\PluginTest.vcxproj" (17) on node 4 (default targets).
2026-08-20T10:16:08.4211704Z     17>PrepareForBuild:
2026-08-20T10:16:08.4211978Z          Creating directory "ARM64\Debug\".
2026-08-20T10:16:08.4395799Z          Structured output is enabled. The formatting of compiler diagnostics will reflect the error hierarchy. See https://aka.ms/cpp/structured-output for more details.
2026-08-20T10:16:08.4399553Z          Creating directory "ARM64\Debug\PluginTest.tlog\".
2026-08-20T10:16:08.4539668Z        InitializeBuildStatus:
2026-08-20T10:16:08.4540895Z          Creating "ARM64\Debug\PluginTest.tlog\unsuccessfulbuild" because "AlwaysCreate" was specified.
2026-08-20T10:16:08.4549813Z          Touching "ARM64\Debug\PluginTest.tlog\unsuccessfulbuild".
2026-08-20T10:16:08.5047470Z      7>Project "C:\a\OpenCppCoverage-ARM64\OpenCppCoverage-ARM64\TestCoverageConsole\TestCoverageConsole.vcxproj" (7) is building "C:\a\OpenCppCoverage-ARM64\OpenCppCoverage-ARM64\TestCoverageSharedLib\TestCoverageSharedLib.vcxproj" (13) on node 4 (default targets).
2026-08-20T10:16:08.5049407Z     13>PrepareForBuild:
2026-08-20T10:16:08.5050278Z          Creating directory "ARM64\Debug\".
2026-08-20T10:16:08.5076758Z          Structured output is enabled. The formatting of compiler diagnostics will reflect the error hierarchy. See https://aka.ms/cpp/structured-output for more details.
2026-08-20T10:16:08.5081587Z          Creating directory "ARM64\Debug\TestCove.0481B51C.tlog\".
2026-08-20T10:16:08.5166301Z        InitializeBuildStatus:
2026-08-20T10:16:08.5167612Z          Creating "ARM64\Debug\TestCove.0481B51C.tlog\unsuccessfulbuild" because "AlwaysCreate" was specified.
2026-08-20T10:16:08.5169474Z          Touching "ARM64\Debug\TestCove.0481B51C.tlog\unsuccessfulbuild".
2026-08-20T10:16:08.5574743Z        VcpkgTripletSelection:
2026-08-20T10:16:08.5576022Z          Using triplet "arm64-windows" from "C:\a\OpenCppCoverage-ARM64\OpenCppCoverage-ARM64\vcpkg_installed\arm64-windows\"
2026-08-20T10:16:08.5582350Z          Using normalized configuration "Debug"
2026-08-20T10:16:08.5640624Z        VcpkgBootstrap:
2026-08-20T10:16:08.5642016Z        Skipping target "VcpkgBootstrap" because all output files are up-to-date with respect to the input files.
2026-08-20T10:16:08.5707847Z        VcpkgInstallManifestDependencies:
2026-08-20T10:16:08.5709355Z        Skipping target "VcpkgInstallManifestDependencies" because all output files are up-to-date with respect to the input files.
2026-08-20T10:16:08.6517038Z        ClCompile:
2026-08-20T10:16:08.6521474Z          C:\Program Files\Microsoft Visual Studio\2022\Enterprise\VC\Tools\MSVC\14.44.35207\bin\HostArm64\arm64\CL.exe /c /I"C:\a\OpenCppCoverage-ARM64\OpenCppCoverage-ARM64\\" /I"C:\a\OpenCppCoverage-ARM64\OpenCppCoverage-ARM64\TestCoverageSharedLib\\" /I"C:\a\OpenCppCoverage-ARM64\OpenCppCoverage-ARM64\vcpkg_installed\arm64-windows\include" /ZI /JMC /nologo /W3 /WX /diagnostics:column /sdl /Od /Oy- /D WIN32 /D _DEBUG /D _WINDOWS /D BOOST_CONFIG_SUPPRESS_OUTDATED_MESSAGE /D "OPENCPPCOVERAGE_VERSION=\"0.9.9.0\"" /D _CRT_SECURE_NO_WARNINGS /D "PROJECT_DIR=R\"|(C:\a\OpenCppCoverage-ARM64\OpenCppCoverage-ARM64\TestCoverageSharedLib\)|\"" /D "SOLUTION_DIR=R\"|(C:\a\OpenCppCoverage-ARM64\OpenCppCoverage-ARM64\)|\"" /D "TARGET_FILE_NAME=R\"|(TestCoverageSharedLib.dll)|\"" /D "OUT_DIR=R\"|(C:\a\OpenCppCoverage-ARM64\OpenCppCoverage-ARM64\ARM64\Debug\)|\"" /D NOMINMAX /D _ARM64_WINAPI_PARTITION_DESKTOP_SDK_AVAILABLE=1 /D _WINDLL /D _UNICODE /D UNICODE /Gm- /EHsc /RTC1 /MDd /GS /fp:precise /Zc:wchar_t /Zc:forScope /Zc:inline /std:c++17 /permissive- /Yc"stdafx.h" /Fp"ARM64\Debug\TestCoverageSharedLib.pch" /Fo"ARM64\Debug\\" /Fd"ARM64\Debug\vc143.pdb" /external:W3 /Gd /TP /analyze- /FC /errorReport:queue stdafx.cpp
2026-08-20T10:16:08.6950584Z     17>VcpkgTripletSelection:
2026-08-20T10:16:08.6953995Z          Using triplet "arm64-windows" from "C:\a\OpenCppCoverage-ARM64\OpenCppCoverage-ARM64\vcpkg_installed\arm64-windows\"
2026-08-20T10:16:08.6957326Z          Using normalized configuration "Debug"
2026-08-20T10:16:08.6979617Z        VcpkgBootstrap:
2026-08-20T10:16:08.6989533Z        Skipping target "VcpkgBootstrap" because all output files are up-to-date with respect to the input files.
2026-08-20T10:16:08.6995984Z        VcpkgInstallManifestDependencies:
2026-08-20T10:16:08.7006980Z        Skipping target "VcpkgInstallManifestDependencies" because all output files are up-to-date with respect to the input files.
2026-08-20T10:16:08.7025117Z        ClCompile:
2026-08-20T10:16:08.7030520Z          C:\Program Files\Microsoft Visual Studio\2022\Enterprise\VC\Tools\MSVC\14.44.35207\bin\HostArm64\arm64\CL.exe /c /I"C:\a\OpenCppCoverage-ARM64\OpenCppCoverage-ARM64\\" /I"C:\a\OpenCppCoverage-ARM64\OpenCppCoverage-ARM64\PluginTest\\" /I"C:\a\OpenCppCoverage-ARM64\OpenCppCoverage-ARM64\vcpkg_installed\arm64-windows\include" /ZI /JMC /nologo /W3 /WX /diagnostics:column /sdl /Od /Oy- /D _DEBUG /D _CONSOLE /D GTEST_LINKED_AS_SHARED_LIBRARY=1 /D _SILENCE_TR1_NAMESPACE_DEPRECATION_WARNING /D "OPENCPPCOVERAGE_VERSION=\"0.9.9.0\"" /D _CRT_SECURE_NO_WARNINGS /D "PROJECT_DIR=R\"|(C:\a\OpenCppCoverage-ARM64\OpenCppCoverage-ARM64\PluginTest\)|\"" /D "SOLUTION_DIR=R\"|(C:\a\OpenCppCoverage-ARM64\OpenCppCoverage-ARM64\)|\"" /D "TARGET_FILE_NAME=R\"|(PluginTest.exe)|\"" /D "OUT_DIR=R\"|(C:\a\OpenCppCoverage-ARM64\OpenCppCoverage-ARM64\ARM64\Debug\)|\"" /D NOMINMAX /D _ARM64_WINAPI_PARTITION_DESKTOP_SDK_AVAILABLE=1 /D _UNICODE /D UNICODE /Gm- /EHsc /RTC1 /MDd /GS /fp:precise /Zc:wchar_t /Zc:forScope /Zc:inline /std:c++17 /permissive- /Yc"pch.h" /Fp"ARM64\Debug\PluginTest.pch" /Fo"ARM64\Debug\\" /Fd"ARM64\Debug\vc143.pdb" /external:W3 /Gd /TP /wd4251 /wd4275 /analyze- /FC /errorReport:queue pch.cpp
2026-08-20T10:16:08.7465966Z     13>ClCompile:
2026-08-20T10:16:08.7476580Z          stdafx.cpp
2026-08-20T10:16:08.7604005Z     17>ClCompile:
2026-08-20T10:16:08.7604581Z          pch.cpp
2026-08-20T10:16:09.1317224Z     13>ClCompile:
2026-08-20T10:16:09.1322268Z          C:\Program Files\Microsoft Visual Studio\2022\Enterprise\VC\Tools\MSVC\14.44.35207\bin\HostArm64\arm64\CL.exe /c /I"C:\a\OpenCppCoverage-ARM64\OpenCppCoverage-ARM64\\" /I"C:\a\OpenCppCoverage-ARM64\OpenCppCoverage-ARM64\TestCoverageSharedLib\\" /I"C:\a\OpenCppCoverage-ARM64\OpenCppCoverage-ARM64\vcpkg_installed\arm64-windows\include" /ZI /JMC /nologo /W3 /WX /diagnostics:column /sdl /Od /Oy- /D WIN32 /D _DEBUG /D _WINDOWS /D BOOST_CONFIG_SUPPRESS_OUTDATED_MESSAGE /D "OPENCPPCOVERAGE_VERSION=\"0.9.9.0\"" /D _CRT_SECURE_NO_WARNINGS /D "PROJECT_DIR=R\"|(C:\a\OpenCppCoverage-ARM64\OpenCppCoverage-ARM64\TestCoverageSharedLib\)|\"" /D "SOLUTION_DIR=R\"|(C:\a\OpenCppCoverage-ARM64\OpenCppCoverage-ARM64\)|\"" /D "TARGET_FILE_NAME=R\"|(TestCoverageSharedLib.dll)|\"" /D "OUT_DIR=R\"|(C:\a\OpenCppCoverage-ARM64\OpenCppCoverage-ARM64\ARM64\Debug\)|\"" /D NOMINMAX /D _ARM64_WINAPI_PARTITION_DESKTOP_SDK_AVAILABLE=1 /D _WINDLL /D _UNICODE /D UNICODE /Gm- /EHsc /RTC1 /MDd /GS /fp:precise /Zc:wchar_t /Zc:forScope /Zc:inline /std:c++17 /permissive- /Yu"stdafx.h" /Fp"ARM64\Debug\TestCoverageSharedLib.pch" /Fo"ARM64\Debug\\" /Fd"ARM64\Debug\vc143.pdb" /external:W3 /Gd /TP /analyze- /FC /errorReport:queue SimpleTextExport.cpp TestCoverageSharedLib.cpp TestCppCli.cpp
2026-08-20T10:16:09.1872186Z          SimpleTextExport.cpp
2026-08-20T10:16:10.5245801Z          TestCoverageSharedLib.cpp
2026-08-20T10:16:10.8769771Z     17>ClCompile:
2026-08-20T10:16:10.8777355Z          C:\Program Files\Microsoft Visual Studio\2022\Enterprise\VC\Tools\MSVC\14.44.35207\bin\HostArm64\arm64\CL.exe /c /I"C:\a\OpenCppCoverage-ARM64\OpenCppCoverage-ARM64\\" /I"C:\a\OpenCppCoverage-ARM64\OpenCppCoverage-ARM64\PluginTest\\" /I"C:\a\OpenCppCoverage-ARM64\OpenCppCoverage-ARM64\vcpkg_installed\arm64-windows\include" /ZI /JMC /nologo /W3 /WX /diagnostics:column /sdl /Od /Oy- /D _DEBUG /D _CONSOLE /D GTEST_LINKED_AS_SHARED_LIBRARY=1 /D _SILENCE_TR1_NAMESPACE_DEPRECATION_WARNING /D "OPENCPPCOVERAGE_VERSION=\"0.9.9.0\"" /D _CRT_SECURE_NO_WARNINGS /D "PROJECT_DIR=R\"|(C:\a\OpenCppCoverage-ARM64\OpenCppCoverage-ARM64\PluginTest\)|\"" /D "SOLUTION_DIR=R\"|(C:\a\OpenCppCoverage-ARM64\OpenCppCoverage-ARM64\)|\"" /D "TARGET_FILE_NAME=R\"|(PluginTest.exe)|\"" /D "OUT_DIR=R\"|(C:\a\OpenCppCoverage-ARM64\OpenCppCoverage-ARM64\ARM64\Debug\)|\"" /D NOMINMAX /D _ARM64_WINAPI_PARTITION_DESKTOP_SDK_AVAILABLE=1 /D _UNICODE /D UNICODE /Gm- /EHsc /RTC1 /MDd /GS /fp:precise /Zc:wchar_t /Zc:forScope /Zc:inline /std:c++17 /permissive- /Yu"pch.h" /Fp"ARM64\Debug\PluginTest.pch" /Fo"ARM64\Debug\\" /Fd"ARM64\Debug\vc143.pdb" /external:W3 /Gd /TP /wd4251 /wd4275 /analyze- /FC /errorReport:queue Exporter\CoverageDataTest.cpp Exporter\FileCoverageTest.cpp PluginTest.cpp
2026-08-20T10:16:10.9320643Z          CoverageDataTest.cpp
2026-08-20T10:16:11.3983960Z          FileCoverageTest.cpp
2026-08-20T10:16:11.6842681Z     13>ClCompile:
2026-08-20T10:16:11.6844043Z          TestCppCli.cpp
2026-08-20T10:16:11.6907128Z          Generating Code...
2026-08-20T10:16:11.8755429Z        Link:
2026-08-20T10:16:11.8763975Z          C:\Program Files\Microsoft Visual Studio\2022\Enterprise\VC\Tools\MSVC\14.44.35207\bin\HostArm64\arm64\link.exe /ERRORREPORT:QUEUE /OUT:"C:\a\OpenCppCoverage-ARM64\OpenCppCoverage-ARM64\ARM64\Debug\TestCoverageSharedLib.dll" /INCREMENTAL /ILK:"ARM64\Debug\TestCoverageSharedLib.ilk" /NOLOGO /LIBPATH:"C:\a\OpenCppCoverage-ARM64\OpenCppCoverage-ARM64\vcpkg_installed\arm64-windows\debug\lib" /LIBPATH:"C:\a\OpenCppCoverage-ARM64\OpenCppCoverage-ARM64\vcpkg_installed\arm64-windows\debug\lib\manual-link" bcrypt.lib kernel32.lib user32.lib gdi32.lib winspool.lib comdlg32.lib advapi32.lib shell32.lib ole32.lib oleaut32.lib uuid.lib odbc32.lib odbccp32.lib "C:\a\OpenCppCoverage-ARM64\OpenCppCoverage-ARM64\vcpkg_installed\arm64-windows\debug\lib\*.lib" /MANIFEST /MANIFESTUAC:"level='asInvoker' uiAccess='false'" /manifest:embed /DEBUG /PDB:"C:\a\OpenCppCoverage-ARM64\OpenCppCoverage-ARM64\ARM64\Debug\TestCoverageSharedLib.pdb" /SUBSYSTEM:WINDOWS /TLBID:1 /DYNAMICBASE /NXCOMPAT /IMPLIB:"C:\a\OpenCppCoverage-ARM64\OpenCppCoverage-ARM64\ARM64\Debug\TestCoverageSharedLib.lib" /MACHINE:ARM64 /DLL ARM64\Debug\SimpleTextExport.obj
2026-08-20T10:16:11.8769270Z          ARM64\Debug\TestCoverageSharedLib.obj
2026-08-20T10:16:11.8769781Z          ARM64\Debug\stdafx.obj
2026-08-20T10:16:11.8770226Z          ARM64\Debug\TestCppCli.obj
2026-08-20T10:16:11.8770794Z          "C:\a\OpenCppCoverage-ARM64\OpenCppCoverage-ARM64\ARM64\Debug\Plugin.lib"
2026-08-20T10:16:11.8990588Z     17>ClCompile:
2026-08-20T10:16:11.8992704Z          PluginTest.cpp
2026-08-20T10:16:11.9227794Z          Generating Code...
2026-08-20T10:16:12.0554600Z     13>Link:
2026-08-20T10:16:12.0557532Z             Creating library C:\a\OpenCppCoverage-ARM64\OpenCppCoverage-ARM64\ARM64\Debug\TestCoverageSharedLib.lib and object C:\a\OpenCppCoverage-ARM64\OpenCppCoverage-ARM64\ARM64\Debug\TestCoverageSharedLib.exp
2026-08-20T10:16:12.3445234Z          TestCoverageSharedLib.vcxproj -> C:\a\OpenCppCoverage-ARM64\OpenCppCoverage-ARM64\ARM64\Debug\TestCoverageSharedLib.dll
2026-08-20T10:16:12.3570296Z        AppLocalFromInstalled:
2026-08-20T10:16:12.3572556Z          "C:\Users\runneradmin\AppData\Local\OpenCppCoverage\vcpkg\vcpkg.exe" z-applocal --target-binary="C:\a\OpenCppCoverage-ARM64\OpenCppCoverage-ARM64\ARM64\Debug\TestCoverageSharedLib.dll" --installed-bin-dir="C:\a\OpenCppCoverage-ARM64\OpenCppCoverage-ARM64\vcpkg_installed\arm64-windows\debug\bin" --tlog-file="ARM64\Debug\TestCove.0481B51C.tlog\TestCoverageSharedLib.write.1u.tlog" --copied-files-log="ARM64\Debug\vcpkg.applocal.log"
2026-08-20T10:16:12.4972896Z        FinalizeBuildStatus:
2026-08-20T10:16:12.4979179Z          Deleting file "ARM64\Debug\TestCove.0481B51C.tlog\unsuccessfulbuild".
2026-08-20T10:16:12.4985727Z          Touching "ARM64\Debug\TestCove.0481B51C.tlog\TestCoverageSharedLib.lastbuildstate".
2026-08-20T10:16:12.5043736Z     13>Done Building Project "C:\a\OpenCppCoverage-ARM64\OpenCppCoverage-ARM64\TestCoverageSharedLib\TestCoverageSharedLib.vcxproj" (default targets).
2026-08-20T10:16:12.5460576Z     17>Link:
2026-08-20T10:16:12.5465056Z          C:\Program Files\Microsoft Visual Studio\2022\Enterprise\VC\Tools\MSVC\14.44.35207\bin\HostArm64\arm64\link.exe /ERRORREPORT:QUEUE /OUT:"C:\a\OpenCppCoverage-ARM64\OpenCppCoverage-ARM64\ARM64\Debug\PluginTest.exe" /INCREMENTAL /ILK:"ARM64\Debug\PluginTest.ilk" /NOLOGO /LIBPATH:"C:\a\OpenCppCoverage-ARM64\OpenCppCoverage-ARM64\vcpkg_installed\arm64-windows\debug\lib" /LIBPATH:"C:\a\OpenCppCoverage-ARM64\OpenCppCoverage-ARM64\vcpkg_installed\arm64-windows\debug\lib\manual-link" gmock.lib gtest.lib kernel32.lib user32.lib gdi32.lib winspool.lib comdlg32.lib advapi32.lib shell32.lib ole32.lib oleaut32.lib uuid.lib odbc32.lib odbccp32.lib "C:\a\OpenCppCoverage-ARM64\OpenCppCoverage-ARM64\vcpkg_installed\arm64-windows\debug\lib\*.lib" /MANIFEST /MANIFESTUAC:"level='asInvoker' uiAccess='false'" /manifest:embed /DEBUG /PDB:"C:\a\OpenCppCoverage-ARM64\OpenCppCoverage-ARM64\ARM64\Debug\PluginTest.pdb" /SUBSYSTEM:CONSOLE /TLBID:1 /DYNAMICBASE /NXCOMPAT /IMPLIB:"C:\a\OpenCppCoverage-ARM64\OpenCppCoverage-ARM64\ARM64\Debug\PluginTest.lib" /MACHINE:ARM64 ARM64\Debug\CoverageDataTest.obj
2026-08-20T10:16:12.5469198Z          ARM64\Debug\FileCoverageTest.obj
2026-08-20T10:16:12.5469546Z          ARM64\Debug\pch.obj
2026-08-20T10:16:12.5469816Z          ARM64\Debug\PluginTest.obj
2026-08-20T10:16:12.5470241Z          "C:\a\OpenCppCoverage-ARM64\OpenCppCoverage-ARM64\ARM64\Debug\Plugin.lib"
2026-08-20T10:16:12.8779249Z          PluginTest.vcxproj -> C:\a\OpenCppCoverage-ARM64\OpenCppCoverage-ARM64\ARM64\Debug\PluginTest.exe
2026-08-20T10:16:12.8833944Z        AppLocalFromInstalled:
2026-08-20T10:16:12.8836360Z          "C:\Users\runneradmin\AppData\Local\OpenCppCoverage\vcpkg\vcpkg.exe" z-applocal --target-binary="C:\a\OpenCppCoverage-ARM64\OpenCppCoverage-ARM64\ARM64\Debug\PluginTest.exe" --installed-bin-dir="C:\a\OpenCppCoverage-ARM64\OpenCppCoverage-ARM64\vcpkg_installed\arm64-windows\debug\bin" --tlog-file="ARM64\Debug\PluginTest.tlog\PluginTest.write.1u.tlog" --copied-files-log="ARM64\Debug\vcpkg.applocal.log"
2026-08-20T10:16:12.9561467Z          C:\a\OpenCppCoverage-ARM64\OpenCppCoverage-ARM64\vcpkg_installed\arm64-windows\debug\bin\gmock.dll -> C:\a\OpenCppCoverage-ARM64\OpenCppCoverage-ARM64\ARM64\Debug\gmock.dll done
2026-08-20T10:16:12.9735467Z          C:\a\OpenCppCoverage-ARM64\OpenCppCoverage-ARM64\vcpkg_installed\arm64-windows\debug\bin\gmock.dll
2026-08-20T10:16:13.0142088Z        FinalizeBuildStatus:
2026-08-20T10:16:13.0143136Z          Deleting file "ARM64\Debug\PluginTest.tlog\unsuccessfulbuild".
2026-08-20T10:16:13.0146599Z          Touching "ARM64\Debug\PluginTest.tlog\PluginTest.lastbuildstate".
2026-08-20T10:16:13.0158336Z     17>Done Building Project "C:\a\OpenCppCoverage-ARM64\OpenCppCoverage-ARM64\PluginTest\PluginTest.vcxproj" (default targets).
2026-08-20T10:16:14.2233804Z     12>ClCompile:
2026-08-20T10:16:14.2234101Z          MappedFile.cpp
2026-08-20T10:16:15.9532865Z          MiniDump.cpp
2026-08-20T10:16:16.6180640Z          PEFileHeader.cpp
2026-08-20T10:16:17.3069199Z          ProcessMemory.cpp
2026-08-20T10:16:19.1727450Z          ScopedAction.cpp
2026-08-20T10:16:21.0483742Z          Tool.cpp
2026-08-20T10:16:23.0085095Z          UniquePath.cpp
2026-08-20T10:16:24.1441261Z          WarningManager.cpp
2026-08-20T10:16:26.0022773Z          Generating Code...
2026-08-20T10:16:26.9862040Z        Link:
2026-08-20T10:16:26.9867945Z          C:\Program Files\Microsoft Visual Studio\2022\Enterprise\VC\Tools\MSVC\14.44.35207\bin\HostArm64\arm64\link.exe /ERRORREPORT:QUEUE /OUT:"C:\a\OpenCppCoverage-ARM64\OpenCppCoverage-ARM64\ARM64\Debug\Tools.dll" /INCREMENTAL /ILK:"ARM64\Debug\Tools.ilk" /NOLOGO /LIBPATH:"C:\a\OpenCppCoverage-ARM64\OpenCppCoverage-ARM64\vcpkg_installed\arm64-windows\debug\lib" /LIBPATH:"C:\a\OpenCppCoverage-ARM64\OpenCppCoverage-ARM64\vcpkg_installed\arm64-windows\debug\lib\manual-link" DbgHelp.lib bcrypt.lib kernel32.lib user32.lib gdi32.lib winspool.lib comdlg32.lib advapi32.lib shell32.lib ole32.lib oleaut32.lib uuid.lib odbc32.lib odbccp32.lib "C:\a\OpenCppCoverage-ARM64\OpenCppCoverage-ARM64\vcpkg_installed\arm64-windows\debug\lib\*.lib" /MANIFEST /MANIFESTUAC:"level='asInvoker' uiAccess='false'" /manifest:embed /DEBUG /PDB:"C:\a\OpenCppCoverage-ARM64\OpenCppCoverage-ARM64\ARM64\Debug\Tools.pdb" /SUBSYSTEM:WINDOWS /TLBID:1 /DYNAMICBASE /NXCOMPAT /IMPLIB:"C:\a\OpenCppCoverage-ARM64\OpenCppCoverage-ARM64\ARM64\Debug\Tools.lib" /MACHINE:ARM64 /DLL ARM64\Debug\dllmain.obj
2026-08-20T10:16:26.9872480Z          ARM64\Debug\ExceptionBase.obj
2026-08-20T10:16:26.9872798Z          ARM64\Debug\Log.obj
2026-08-20T10:16:26.9873083Z          ARM64\Debug\MappedFile.obj
2026-08-20T10:16:26.9873385Z          ARM64\Debug\MiniDump.obj
2026-08-20T10:16:26.9873715Z          ARM64\Debug\PEFileHeader.obj
2026-08-20T10:16:26.9874054Z          ARM64\Debug\ProcessMemory.obj
2026-08-20T10:16:26.9874368Z          ARM64\Debug\ScopedAction.obj
2026-08-20T10:16:26.9874670Z          ARM64\Debug\stdafx.obj
2026-08-20T10:16:26.9874888Z          ARM64\Debug\Tool.obj
2026-08-20T10:16:26.9875145Z          ARM64\Debug\UniquePath.obj
2026-08-20T10:16:26.9875446Z          ARM64\Debug\WarningManager.obj
2026-08-20T10:16:27.1834902Z             Creating library C:\a\OpenCppCoverage-ARM64\OpenCppCoverage-ARM64\ARM64\Debug\Tools.lib and object C:\a\OpenCppCoverage-ARM64\OpenCppCoverage-ARM64\ARM64\Debug\Tools.exp
2026-08-20T10:16:27.4660176Z          Tools.vcxproj -> C:\a\OpenCppCoverage-ARM64\OpenCppCoverage-ARM64\ARM64\Debug\Tools.dll
2026-08-20T10:16:27.4742227Z        AppLocalFromInstalled:
2026-08-20T10:16:27.4744480Z          "C:\Users\runneradmin\AppData\Local\OpenCppCoverage\vcpkg\vcpkg.exe" z-applocal --target-binary="C:\a\OpenCppCoverage-ARM64\OpenCppCoverage-ARM64\ARM64\Debug\Tools.dll" --installed-bin-dir="C:\a\OpenCppCoverage-ARM64\OpenCppCoverage-ARM64\vcpkg_installed\arm64-windows\debug\bin" --tlog-file="ARM64\Debug\Tools.tlog\Tools.write.1u.tlog" --copied-files-log="ARM64\Debug\vcpkg.applocal.log"
2026-08-20T10:16:27.5521366Z          C:\a\OpenCppCoverage-ARM64\OpenCppCoverage-ARM64\vcpkg_installed\arm64-windows\debug\bin\boost_iostreams-vc143-mt-gd-a64-1_91.dll -> C:\a\OpenCppCoverage-ARM64\OpenCppCoverage-ARM64\ARM64\Debug\boost_iostreams-vc143-mt-gd-a64-1_91.dll done
2026-08-20T10:16:27.5523906Z          C:\a\OpenCppCoverage-ARM64\OpenCppCoverage-ARM64\vcpkg_installed\arm64-windows\debug\bin\zd.dll -> C:\a\OpenCppCoverage-ARM64\OpenCppCoverage-ARM64\ARM64\Debug\zd.dll done
2026-08-20T10:16:27.5526143Z          C:\a\OpenCppCoverage-ARM64\OpenCppCoverage-ARM64\vcpkg_installed\arm64-windows\debug\bin\bz2d.dll -> C:\a\OpenCppCoverage-ARM64\OpenCppCoverage-ARM64\ARM64\Debug\bz2d.dll done
2026-08-20T10:16:27.5566903Z          C:\a\OpenCppCoverage-ARM64\OpenCppCoverage-ARM64\vcpkg_installed\arm64-windows\debug\bin\liblzma.dll -> C:\a\OpenCppCoverage-ARM64\OpenCppCoverage-ARM64\ARM64\Debug\liblzma.dll done
2026-08-20T10:16:27.5615124Z          C:\a\OpenCppCoverage-ARM64\OpenCppCoverage-ARM64\vcpkg_installed\arm64-windows\debug\bin\zstd.dll -> C:\a\OpenCppCoverage-ARM64\OpenCppCoverage-ARM64\ARM64\Debug\zstd.dll done
2026-08-20T10:16:27.5629937Z          C:\a\OpenCppCoverage-ARM64\OpenCppCoverage-ARM64\vcpkg_installed\arm64-windows\debug\bin\boost_locale-vc143-mt-gd-a64-1_91.dll -> C:\a\OpenCppCoverage-ARM64\OpenCppCoverage-ARM64\ARM64\Debug\boost_locale-vc143-mt-gd-a64-1_91.dll done
2026-08-20T10:16:27.5679260Z          C:\a\OpenCppCoverage-ARM64\OpenCppCoverage-ARM64\vcpkg_installed\arm64-windows\debug\bin\boost_log-vc143-mt-gd-a64-1_91.dll -> C:\a\OpenCppCoverage-ARM64\OpenCppCoverage-ARM64\ARM64\Debug\boost_log-vc143-mt-gd-a64-1_91.dll done
2026-08-20T10:16:27.5691557Z          C:\a\OpenCppCoverage-ARM64\OpenCppCoverage-ARM64\vcpkg_installed\arm64-windows\debug\bin\boost_filesystem-vc143-mt-gd-a64-1_91.dll -> C:\a\OpenCppCoverage-ARM64\OpenCppCoverage-ARM64\ARM64\Debug\boost_filesystem-vc143-mt-gd-a64-1_91.dll done
2026-08-20T10:16:27.5702991Z          C:\a\OpenCppCoverage-ARM64\OpenCppCoverage-ARM64\vcpkg_installed\arm64-windows\debug\bin\boost_thread-vc143-mt-gd-a64-1_91.dll -> C:\a\OpenCppCoverage-ARM64\OpenCppCoverage-ARM64\ARM64\Debug\boost_thread-vc143-mt-gd-a64-1_91.dll done
2026-08-20T10:16:27.5846043Z          C:\a\OpenCppCoverage-ARM64\OpenCppCoverage-ARM64\vcpkg_installed\arm64-windows\debug\bin\boost_iostreams-vc143-mt-gd-a64-1_91.dll
2026-08-20T10:16:27.5850102Z          C:\a\OpenCppCoverage-ARM64\OpenCppCoverage-ARM64\vcpkg_installed\arm64-windows\debug\bin\zd.dll
2026-08-20T10:16:27.5857641Z          C:\a\OpenCppCoverage-ARM64\OpenCppCoverage-ARM64\vcpkg_installed\arm64-windows\debug\bin\bz2d.dll
2026-08-20T10:16:27.5861727Z          C:\a\OpenCppCoverage-ARM64\OpenCppCoverage-ARM64\vcpkg_installed\arm64-windows\debug\bin\liblzma.dll
2026-08-20T10:16:27.5868204Z          C:\a\OpenCppCoverage-ARM64\OpenCppCoverage-ARM64\vcpkg_installed\arm64-windows\debug\bin\zstd.dll
2026-08-20T10:16:27.5872944Z          C:\a\OpenCppCoverage-ARM64\OpenCppCoverage-ARM64\vcpkg_installed\arm64-windows\debug\bin\boost_locale-vc143-mt-gd-a64-1_91.dll
2026-08-20T10:16:27.5875903Z          C:\a\OpenCppCoverage-ARM64\OpenCppCoverage-ARM64\vcpkg_installed\arm64-windows\debug\bin\boost_log-vc143-mt-gd-a64-1_91.dll
2026-08-20T10:16:27.5879399Z          C:\a\OpenCppCoverage-ARM64\OpenCppCoverage-ARM64\vcpkg_installed\arm64-windows\debug\bin\boost_filesystem-vc143-mt-gd-a64-1_91.dll
2026-08-20T10:16:27.5882322Z          C:\a\OpenCppCoverage-ARM64\OpenCppCoverage-ARM64\vcpkg_installed\arm64-windows\debug\bin\boost_thread-vc143-mt-gd-a64-1_91.dll
2026-08-20T10:16:27.6505800Z        FinalizeBuildStatus:
2026-08-20T10:16:27.6507110Z          Deleting file "ARM64\Debug\Tools.tlog\unsuccessfulbuild".
2026-08-20T10:16:27.6510431Z          Touching "ARM64\Debug\Tools.tlog\Tools.lastbuildstate".
2026-08-20T10:16:27.6591050Z     12>Done Building Project "C:\a\OpenCppCoverage-ARM64\OpenCppCoverage-ARM64\Tools\Tools.vcxproj" (default targets).
2026-08-20T10:16:27.7174307Z      1>Project "C:\a\OpenCppCoverage-ARM64\OpenCppCoverage-ARM64\CppCoverage.sln" (1) is building "C:\a\OpenCppCoverage-ARM64\OpenCppCoverage-ARM64\TestHelper\TestHelper.vcxproj" (14) on node 4 (default targets).
2026-08-20T10:16:27.7219335Z     14>PrepareForBuild:
2026-08-20T10:16:27.7220728Z          Creating directory "ARM64\Debug\".
2026-08-20T10:16:27.7241691Z      7>PrepareForBuild:
2026-08-20T10:16:27.7244162Z          Creating directory "ARM64\Debug\".
2026-08-20T10:16:27.7244712Z     14>PrepareForBuild:
2026-08-20T10:16:27.7248591Z          Structured output is enabled. The formatting of compiler diagnostics will reflect the error hierarchy. See https://aka.ms/cpp/structured-output for more details.
2026-08-20T10:16:27.7249793Z      7>PrepareForBuild:
2026-08-20T10:16:27.7250529Z          Structured output is enabled. The formatting of compiler diagnostics will reflect the error hierarchy. See https://aka.ms/cpp/structured-output for more details.
2026-08-20T10:16:27.7251231Z     14>PrepareForBuild:
2026-08-20T10:16:27.7251535Z          Creating directory "ARM64\Debug\TestHelper.tlog\".
2026-08-20T10:16:27.7251889Z      7>PrepareForBuild:
2026-08-20T10:16:27.7252334Z          Creating directory "ARM64\Debug\TestCove.0DD16EDF.tlog\".
2026-08-20T10:16:27.7255754Z     14>InitializeBuildStatus:
2026-08-20T10:16:27.7259398Z          Creating "ARM64\Debug\TestHelper.tlog\unsuccessfulbuild" because "AlwaysCreate" was specified.
2026-08-20T10:16:27.7264545Z          Touching "ARM64\Debug\TestHelper.tlog\unsuccessfulbuild".
2026-08-20T10:16:27.7267781Z      7>InitializeBuildStatus:
2026-08-20T10:16:27.7269143Z          Creating "ARM64\Debug\TestCove.0DD16EDF.tlog\unsuccessfulbuild" because "AlwaysCreate" was specified.
2026-08-20T10:16:27.7271205Z          Touching "ARM64\Debug\TestCove.0DD16EDF.tlog\unsuccessfulbuild".
2026-08-20T10:16:27.7543908Z      1>Project "C:\a\OpenCppCoverage-ARM64\OpenCppCoverage-ARM64\CppCoverage.sln" (1) is building "C:\a\OpenCppCoverage-ARM64\OpenCppCoverage-ARM64\CppCoverage\CppCoverage.vcxproj" (9) on node 4 (default targets).
2026-08-20T10:16:27.7545510Z      9>Project "C:\a\OpenCppCoverage-ARM64\OpenCppCoverage-ARM64\CppCoverage\CppCoverage.vcxproj" (9) is building "C:\a\OpenCppCoverage-ARM64\OpenCppCoverage-ARM64\FileFilter\FileFilter.vcxproj" (10) on node 4 (default targets).
2026-08-20T10:16:27.7546494Z     10>PrepareForBuild:
2026-08-20T10:16:27.7546780Z          Creating directory "ARM64\Debug\".
2026-08-20T10:16:27.7578341Z          Structured output is enabled. The formatting of compiler diagnostics will reflect the error hierarchy. See https://aka.ms/cpp/structured-output for more details.
2026-08-20T10:16:27.7583826Z          Creating directory "ARM64\Debug\FileFilter.tlog\".
2026-08-20T10:16:27.7662115Z        InitializeBuildStatus:
2026-08-20T10:16:27.7662723Z          Creating "ARM64\Debug\FileFilter.tlog\unsuccessfulbuild" because "AlwaysCreate" was specified.
2026-08-20T10:16:27.7664032Z          Touching "ARM64\Debug\FileFilter.tlog\unsuccessfulbuild".
2026-08-20T10:16:27.7939270Z        VcpkgTripletSelection:
2026-08-20T10:16:27.7941666Z          Using triplet "arm64-windows" from "C:\a\OpenCppCoverage-ARM64\OpenCppCoverage-ARM64\vcpkg_installed\arm64-windows\"
2026-08-20T10:16:27.7949480Z          Using normalized configuration "Debug"
2026-08-20T10:16:27.7968994Z        VcpkgBootstrap:
2026-08-20T10:16:27.7969634Z        Skipping target "VcpkgBootstrap" because all output files are up-to-date with respect to the input files.
2026-08-20T10:16:27.7978999Z        VcpkgInstallManifestDependencies:
2026-08-20T10:16:27.7979720Z        Skipping target "VcpkgInstallManifestDependencies" because all output files are up-to-date with respect to the input files.
2026-08-20T10:16:27.8053388Z        ClCompile:
2026-08-20T10:16:27.8059588Z          C:\Program Files\Microsoft Visual Studio\2022\Enterprise\VC\Tools\MSVC\14.44.35207\bin\HostArm64\arm64\CL.exe /c /I"C:\a\OpenCppCoverage-ARM64\OpenCppCoverage-ARM64\\" /I"C:\a\OpenCppCoverage-ARM64\OpenCppCoverage-ARM64\FileFilter\\" /I"C:\a\OpenCppCoverage-ARM64\OpenCppCoverage-ARM64\vcpkg_installed\arm64-windows\include" /ZI /JMC /nologo /W3 /WX /diagnostics:column /sdl /Od /Oy- /D _DEBUG /D _WINDOWS /D _USRDLL /D FILEFILTER_EXPORTS /D BOOST_CONFIG_SUPPRESS_OUTDATED_MESSAGE /D "OPENCPPCOVERAGE_VERSION=\"0.9.9.0\"" /D _CRT_SECURE_NO_WARNINGS /D "PROJECT_DIR=R\"|(C:\a\OpenCppCoverage-ARM64\OpenCppCoverage-ARM64\FileFilter\)|\"" /D "SOLUTION_DIR=R\"|(C:\a\OpenCppCoverage-ARM64\OpenCppCoverage-ARM64\)|\"" /D "TARGET_FILE_NAME=R\"|(FileFilter.dll)|\"" /D "OUT_DIR=R\"|(C:\a\OpenCppCoverage-ARM64\OpenCppCoverage-ARM64\ARM64\Debug\)|\"" /D NOMINMAX /D _ARM64_WINAPI_PARTITION_DESKTOP_SDK_AVAILABLE=1 /D _WINDLL /D _UNICODE /D UNICODE /Gm- /EHsc /RTC1 /MDd /GS /fp:precise /Zc:wchar_t /Zc:forScope /Zc:inline /std:c++17 /permissive- /Yc"stdafx.h" /Fp"ARM64\Debug\FileFilter.pch" /Fo"ARM64\Debug\\" /Fd"ARM64\Debug\vc143.pdb" /external:W3 /Gd /TP /analyze- /FC /errorReport:queue stdafx.cpp
2026-08-20T10:16:27.8189257Z     14>VcpkgTripletSelection:
2026-08-20T10:16:27.8201901Z          Using triplet "arm64-windows" from "C:\a\OpenCppCoverage-ARM64\OpenCppCoverage-ARM64\vcpkg_installed\arm64-windows\"
2026-08-20T10:16:27.8204279Z          Using normalized configuration "Debug"
2026-08-20T10:16:27.8227092Z        VcpkgBootstrap:
2026-08-20T10:16:27.8228198Z        Skipping target "VcpkgBootstrap" because all output files are up-to-date with respect to the input files.
2026-08-20T10:16:27.8238744Z        VcpkgInstallManifestDependencies:
2026-08-20T10:16:27.8242473Z        Skipping target "VcpkgInstallManifestDependencies" because all output files are up-to-date with respect to the input files.
2026-08-20T10:16:27.8335932Z        ClCompile:
2026-08-20T10:16:27.8341087Z          C:\Program Files\Microsoft Visual Studio\2022\Enterprise\VC\Tools\MSVC\14.44.35207\bin\HostArm64\arm64\CL.exe /c /I"C:\a\OpenCppCoverage-ARM64\OpenCppCoverage-ARM64\\" /I"C:\a\OpenCppCoverage-ARM64\OpenCppCoverage-ARM64\TestHelper\\" /I"C:\a\OpenCppCoverage-ARM64\OpenCppCoverage-ARM64\vcpkg_installed\arm64-windows\include" /ZI /JMC /nologo /W3 /WX /diagnostics:column /sdl /Od /Oy- /D WIN32 /D _USRDLL /D TEST_HELPER_EXPORTS /D _DEBUG /D _CONSOLE /D _LIB /D GTEST_LINKED_AS_SHARED_LIBRARY=1 /D _SILENCE_TR1_NAMESPACE_DEPRECATION_WARNING /D BOOST_CONFIG_SUPPRESS_OUTDATED_MESSAGE /D "OPENCPPCOVERAGE_VERSION=\"0.9.9.0\"" /D _CRT_SECURE_NO_WARNINGS /D "PROJECT_DIR=R\"|(C:\a\OpenCppCoverage-ARM64\OpenCppCoverage-ARM64\TestHelper\)|\"" /D "SOLUTION_DIR=R\"|(C:\a\OpenCppCoverage-ARM64\OpenCppCoverage-ARM64\)|\"" /D "TARGET_FILE_NAME=R\"|(TestHelper.dll)|\"" /D "OUT_DIR=R\"|(C:\a\OpenCppCoverage-ARM64\OpenCppCoverage-ARM64\ARM64\Debug\)|\"" /D NOMINMAX /D _ARM64_WINAPI_PARTITION_DESKTOP_SDK_AVAILABLE=1 /D _WINDLL /D _UNICODE /D UNICODE /Gm- /EHsc /RTC1 /MDd /GS /fp:precise /Zc:wchar_t /Zc:forScope /Zc:inline /std:c++17 /permissive- /Yc"stdafx.h" /Fp"ARM64\Debug\TestHelper.pch" /Fo"ARM64\Debug\\" /Fd"ARM64\Debug\vc143.pdb" /external:W3 /Gd /TP /wd4251 /wd4275 /analyze- /FC /errorReport:queue stdafx.cpp
2026-08-20T10:16:27.8566398Z     10>ClCompile:
2026-08-20T10:16:27.8567082Z          stdafx.cpp
2026-08-20T10:16:27.8769561Z     14>ClCompile:
2026-08-20T10:16:27.8769892Z          stdafx.cpp
2026-08-20T10:16:28.5950084Z      7>VcpkgTripletSelection:
2026-08-20T10:16:28.5950974Z          Using triplet "arm64-windows" from "C:\a\OpenCppCoverage-ARM64\OpenCppCoverage-ARM64\vcpkg_installed\arm64-windows\"
2026-08-20T10:16:28.5990442Z          Using normalized configuration "Debug"
2026-08-20T10:16:28.6013267Z        VcpkgBootstrap:
2026-08-20T10:16:28.6038844Z        Skipping target "VcpkgBootstrap" because all output files are up-to-date with respect to the input files.
2026-08-20T10:16:28.6040672Z        VcpkgInstallManifestDependencies:
2026-08-20T10:16:28.6044826Z        Skipping target "VcpkgInstallManifestDependencies" because all output files are up-to-date with respect to the input files.
2026-08-20T10:16:28.6053148Z        ClCompile:
2026-08-20T10:16:28.6061846Z          C:\Program Files\Microsoft Visual Studio\2022\Enterprise\VC\Tools\MSVC\14.44.35207\bin\HostArm64\arm64\CL.exe /c /I"C:\a\OpenCppCoverage-ARM64\OpenCppCoverage-ARM64\\" /I"C:\a\OpenCppCoverage-ARM64\OpenCppCoverage-ARM64\\" /I"C:\a\OpenCppCoverage-ARM64\OpenCppCoverage-ARM64\TestCoverageConsole\\" /I"C:\a\OpenCppCoverage-ARM64\OpenCppCoverage-ARM64\vcpkg_installed\arm64-windows\include" /ZI /JMC /nologo /W3 /WX /diagnostics:column /sdl /Od /Oy- /D WIN32 /D _DEBUG /D _CONSOLE /D _LIB /D BOOST_CONFIG_SUPPRESS_OUTDATED_MESSAGE /D "OPENCPPCOVERAGE_VERSION=\"0.9.9.0\"" /D _CRT_SECURE_NO_WARNINGS /D "PROJECT_DIR=R\"|(C:\a\OpenCppCoverage-ARM64\OpenCppCoverage-ARM64\TestCoverageConsole\)|\"" /D "SOLUTION_DIR=R\"|(C:\a\OpenCppCoverage-ARM64\OpenCppCoverage-ARM64\)|\"" /D "TARGET_FILE_NAME=R\"|(TestCoverageConsole.exe)|\"" /D "OUT_DIR=R\"|(C:\a\OpenCppCoverage-ARM64\OpenCppCoverage-ARM64\ARM64\Debug\)|\"" /D NOMINMAX /D _ARM64_WINAPI_PARTITION_DESKTOP_SDK_AVAILABLE=1 /D _UNICODE /D UNICODE /Gm- /EHsc /RTC1 /MDd /GS /fp:precise /Zc:wchar_t /Zc:forScope /Zc:inline /std:c++17 /permissive- /Fo"ARM64\Debug\\" /Fd"ARM64\Debug\vc143.pdb" /external:W3 /Gd /TP /analyze- /FC /errorReport:queue TestBasic.cpp TestCoverageConsole.cpp SpecialLineInfo.cpp TestDebugInformationEnumerator.cpp TestDiff.cpp TestThread.cpp
2026-08-20T10:16:28.6069869Z     10>ClCompile:
2026-08-20T10:16:28.6075846Z          C:\Program Files\Microsoft Visual Studio\2022\Enterprise\VC\Tools\MSVC\14.44.35207\bin\HostArm64\arm64\CL.exe /c /I"C:\a\OpenCppCoverage-ARM64\OpenCppCoverage-ARM64\\" /I"C:\a\OpenCppCoverage-ARM64\OpenCppCoverage-ARM64\FileFilter\\" /I"C:\a\OpenCppCoverage-ARM64\OpenCppCoverage-ARM64\vcpkg_installed\arm64-windows\include" /ZI /JMC /nologo /W3 /WX /diagnostics:column /sdl /Od /Oy- /D _DEBUG /D _WINDOWS /D _USRDLL /D FILEFILTER_EXPORTS /D BOOST_CONFIG_SUPPRESS_OUTDATED_MESSAGE /D "OPENCPPCOVERAGE_VERSION=\"0.9.9.0\"" /D _CRT_SECURE_NO_WARNINGS /D "PROJECT_DIR=R\"|(C:\a\OpenCppCoverage-ARM64\OpenCppCoverage-ARM64\FileFilter\)|\"" /D "SOLUTION_DIR=R\"|(C:\a\OpenCppCoverage-ARM64\OpenCppCoverage-ARM64\)|\"" /D "TARGET_FILE_NAME=R\"|(FileFilter.dll)|\"" /D "OUT_DIR=R\"|(C:\a\OpenCppCoverage-ARM64\OpenCppCoverage-ARM64\ARM64\Debug\)|\"" /D NOMINMAX /D _ARM64_WINAPI_PARTITION_DESKTOP_SDK_AVAILABLE=1 /D _WINDLL /D _UNICODE /D UNICODE /Gm- /EHsc /RTC1 /MDd /GS /fp:precise /Zc:wchar_t /Zc:forScope /Zc:inline /std:c++17 /permissive- /Yu"stdafx.h" /Fp"ARM64\Debug\FileFilter.pch" /Fo"ARM64\Debug\\" /Fd"ARM64\Debug\vc143.pdb" /external:W3 /Gd /TP /analyze- /FC /errorReport:queue AmbiguousPathException.cpp File.cpp PathMatcher.cpp ReleaseCoverageFilter.cpp RelocationsExtractor.cpp LineFilter.cpp UnifiedDiffCoverageFilter.cpp UnifiedDiffParser.cpp UnifiedDiffParserException.cpp
2026-08-20T10:16:28.6516579Z      7>ClCompile:
2026-08-20T10:16:28.6517286Z          TestBasic.cpp
2026-08-20T10:16:28.6604427Z     10>ClCompile:
2026-08-20T10:16:28.6605059Z          AmbiguousPathException.cpp
2026-08-20T10:16:29.4909266Z          File.cpp
2026-08-20T10:16:29.9441383Z     14>ClCompile:
2026-08-20T10:16:29.9446330Z          C:\Program Files\Microsoft Visual Studio\2022\Enterprise\VC\Tools\MSVC\14.44.35207\bin\HostArm64\arm64\CL.exe /c /I"C:\a\OpenCppCoverage-ARM64\OpenCppCoverage-ARM64\\" /I"C:\a\OpenCppCoverage-ARM64\OpenCppCoverage-ARM64\TestHelper\\" /I"C:\a\OpenCppCoverage-ARM64\OpenCppCoverage-ARM64\vcpkg_installed\arm64-windows\include" /ZI /JMC /nologo /W3 /WX /diagnostics:column /sdl /Od /Oy- /D WIN32 /D _USRDLL /D TEST_HELPER_EXPORTS /D _DEBUG /D _CONSOLE /D _LIB /D GTEST_LINKED_AS_SHARED_LIBRARY=1 /D _SILENCE_TR1_NAMESPACE_DEPRECATION_WARNING /D BOOST_CONFIG_SUPPRESS_OUTDATED_MESSAGE /D "OPENCPPCOVERAGE_VERSION=\"0.9.9.0\"" /D _CRT_SECURE_NO_WARNINGS /D "PROJECT_DIR=R\"|(C:\a\OpenCppCoverage-ARM64\OpenCppCoverage-ARM64\TestHelper\)|\"" /D "SOLUTION_DIR=R\"|(C:\a\OpenCppCoverage-ARM64\OpenCppCoverage-ARM64\)|\"" /D "TARGET_FILE_NAME=R\"|(TestHelper.dll)|\"" /D "OUT_DIR=R\"|(C:\a\OpenCppCoverage-ARM64\OpenCppCoverage-ARM64\ARM64\Debug\)|\"" /D NOMINMAX /D _ARM64_WINAPI_PARTITION_DESKTOP_SDK_AVAILABLE=1 /D _WINDLL /D _UNICODE /D UNICODE /Gm- /EHsc /RTC1 /MDd /GS /fp:precise /Zc:wchar_t /Zc:forScope /Zc:inline /std:c++17 /permissive- /Yu"stdafx.h" /Fp"ARM64\Debug\TestHelper.pch" /Fo"ARM64\Debug\\" /Fd"ARM64\Debug\vc143.pdb" /external:W3 /Gd /TP /wd4251 /wd4275 /analyze- /FC /errorReport:queue CoverageDataComparer.cpp TemporaryPath.cpp Tools.cpp
2026-08-20T10:16:29.9969747Z          CoverageDataComparer.cpp
2026-08-20T10:16:30.1899273Z      7>ClCompile:
2026-08-20T10:16:30.1901920Z          TestCoverageConsole.cpp
2026-08-20T10:16:30.3647167Z     10>ClCompile:
2026-08-20T10:16:30.3648459Z          PathMatcher.cpp
2026-08-20T10:16:30.6328049Z     14>ClCompile:
2026-08-20T10:16:30.6328411Z          TemporaryPath.cpp
2026-08-20T10:16:31.9271237Z          Tools.cpp
2026-08-20T10:16:32.0939626Z     10>ClCompile:
2026-08-20T10:16:32.0940011Z          ReleaseCoverageFilter.cpp
2026-08-20T10:16:32.4256403Z      7>ClCompile:
2026-08-20T10:16:32.4258182Z          SpecialLineInfo.cpp
2026-08-20T10:16:33.1409374Z     14>ClCompile:
2026-08-20T10:16:33.1419610Z          Generating Code...
2026-08-20T10:16:33.5153353Z        Link:
2026-08-20T10:16:33.5158012Z          C:\Program Files\Microsoft Visual Studio\2022\Enterprise\VC\Tools\MSVC\14.44.35207\bin\HostArm64\arm64\link.exe /ERRORREPORT:QUEUE /OUT:"C:\a\OpenCppCoverage-ARM64\OpenCppCoverage-ARM64\ARM64\Debug\TestHelper.dll" /INCREMENTAL /ILK:"ARM64\Debug\TestHelper.ilk" /NOLOGO /LIBPATH:"C:\a\OpenCppCoverage-ARM64\OpenCppCoverage-ARM64\vcpkg_installed\arm64-windows\debug\lib" /LIBPATH:"C:\a\OpenCppCoverage-ARM64\OpenCppCoverage-ARM64\vcpkg_installed\arm64-windows\debug\lib\manual-link" gmock.lib gtest.lib bcrypt.lib kernel32.lib user32.lib gdi32.lib winspool.lib comdlg32.lib advapi32.lib shell32.lib ole32.lib oleaut32.lib uuid.lib odbc32.lib odbccp32.lib "C:\a\OpenCppCoverage-ARM64\OpenCppCoverage-ARM64\vcpkg_installed\arm64-windows\debug\lib\*.lib" /MANIFEST /MANIFESTUAC:"level='asInvoker' uiAccess='false'" /manifest:embed /DEBUG /PDB:"C:\a\OpenCppCoverage-ARM64\OpenCppCoverage-ARM64\ARM64\Debug\TestHelper.pdb" /SUBSYSTEM:CONSOLE /TLBID:1 /DYNAMICBASE /NXCOMPAT /IMPLIB:"C:\a\OpenCppCoverage-ARM64\OpenCppCoverage-ARM64\ARM64\Debug\TestHelper.lib" /MACHINE:ARM64 /DLL ARM64\Debug\CoverageDataComparer.obj
2026-08-20T10:16:33.5162758Z          ARM64\Debug\stdafx.obj
2026-08-20T10:16:33.5163154Z          ARM64\Debug\TemporaryPath.obj
2026-08-20T10:16:33.5163539Z          ARM64\Debug\Tools.obj
2026-08-20T10:16:33.5164065Z          "C:\a\OpenCppCoverage-ARM64\OpenCppCoverage-ARM64\ARM64\Debug\Plugin.lib"
2026-08-20T10:16:33.5164740Z          "C:\a\OpenCppCoverage-ARM64\OpenCppCoverage-ARM64\ARM64\Debug\Tools.lib"
2026-08-20T10:16:33.6588458Z             Creating library C:\a\OpenCppCoverage-ARM64\OpenCppCoverage-ARM64\ARM64\Debug\TestHelper.lib and object C:\a\OpenCppCoverage-ARM64\OpenCppCoverage-ARM64\ARM64\Debug\TestHelper.exp
2026-08-20T10:16:33.6643963Z      7>ClCompile:
2026-08-20T10:16:33.6644615Z          TestDebugInformationEnumerator.cpp
2026-08-20T10:16:33.8871373Z     14>Link:
2026-08-20T10:16:33.8877729Z          TestHelper.vcxproj -> C:\a\OpenCppCoverage-ARM64\OpenCppCoverage-ARM64\ARM64\Debug\TestHelper.dll
2026-08-20T10:16:33.8908484Z        AppLocalFromInstalled:
2026-08-20T10:16:33.8910492Z          "C:\Users\runneradmin\AppData\Local\OpenCppCoverage\vcpkg\vcpkg.exe" z-applocal --target-binary="C:\a\OpenCppCoverage-ARM64\OpenCppCoverage-ARM64\ARM64\Debug\TestHelper.dll" --installed-bin-dir="C:\a\OpenCppCoverage-ARM64\OpenCppCoverage-ARM64\vcpkg_installed\arm64-windows\debug\bin" --tlog-file="ARM64\Debug\TestHelper.tlog\TestHelper.write.1u.tlog" --copied-files-log="ARM64\Debug\vcpkg.applocal.log"
2026-08-20T10:16:33.9750840Z          C:\a\OpenCppCoverage-ARM64\OpenCppCoverage-ARM64\vcpkg_installed\arm64-windows\debug\bin\PocoFoundationd.dll -> C:\a\OpenCppCoverage-ARM64\OpenCppCoverage-ARM64\ARM64\Debug\PocoFoundationd.dll done
2026-08-20T10:16:33.9760274Z          C:\a\OpenCppCoverage-ARM64\OpenCppCoverage-ARM64\vcpkg_installed\arm64-windows\debug\bin\pcre2-8d.dll -> C:\a\OpenCppCoverage-ARM64\OpenCppCoverage-ARM64\ARM64\Debug\pcre2-8d.dll done
2026-08-20T10:16:33.9800140Z          C:\a\OpenCppCoverage-ARM64\OpenCppCoverage-ARM64\vcpkg_installed\arm64-windows\debug\bin\utf8proc.dll -> C:\a\OpenCppCoverage-ARM64\OpenCppCoverage-ARM64\ARM64\Debug\utf8proc.dll done
2026-08-20T10:16:33.9969208Z          C:\a\OpenCppCoverage-ARM64\OpenCppCoverage-ARM64\vcpkg_installed\arm64-windows\debug\bin\gmock.dll
2026-08-20T10:16:33.9992664Z          C:\a\OpenCppCoverage-ARM64\OpenCppCoverage-ARM64\vcpkg_installed\arm64-windows\debug\bin\boost_log-vc143-mt-gd-a64-1_91.dll
2026-08-20T10:16:34.0004286Z          C:\a\OpenCppCoverage-ARM64\OpenCppCoverage-ARM64\vcpkg_installed\arm64-windows\debug\bin\boost_filesystem-vc143-mt-gd-a64-1_91.dll
2026-08-20T10:16:34.0056435Z          C:\a\OpenCppCoverage-ARM64\OpenCppCoverage-ARM64\vcpkg_installed\arm64-windows\debug\bin\boost_thread-vc143-mt-gd-a64-1_91.dll
2026-08-20T10:16:34.0069005Z          C:\a\OpenCppCoverage-ARM64\OpenCppCoverage-ARM64\vcpkg_installed\arm64-windows\debug\bin\PocoFoundationd.dll
2026-08-20T10:16:34.0072784Z          C:\a\OpenCppCoverage-ARM64\OpenCppCoverage-ARM64\vcpkg_installed\arm64-windows\debug\bin\pcre2-8d.dll
2026-08-20T10:16:34.0104753Z          C:\a\OpenCppCoverage-ARM64\OpenCppCoverage-ARM64\vcpkg_installed\arm64-windows\debug\bin\zd.dll
2026-08-20T10:16:34.0107934Z          C:\a\OpenCppCoverage-ARM64\OpenCppCoverage-ARM64\vcpkg_installed\arm64-windows\debug\bin\utf8proc.dll
2026-08-20T10:16:34.0111901Z          C:\a\OpenCppCoverage-ARM64\OpenCppCoverage-ARM64\vcpkg_installed\arm64-windows\debug\bin\boost_iostreams-vc143-mt-gd-a64-1_91.dll
2026-08-20T10:16:34.0115820Z          C:\a\OpenCppCoverage-ARM64\OpenCppCoverage-ARM64\vcpkg_installed\arm64-windows\debug\bin\bz2d.dll
2026-08-20T10:16:34.0119094Z          C:\a\OpenCppCoverage-ARM64\OpenCppCoverage-ARM64\vcpkg_installed\arm64-windows\debug\bin\liblzma.dll
2026-08-20T10:16:34.0122052Z          C:\a\OpenCppCoverage-ARM64\OpenCppCoverage-ARM64\vcpkg_installed\arm64-windows\debug\bin\zstd.dll
2026-08-20T10:16:34.0124714Z          C:\a\OpenCppCoverage-ARM64\OpenCppCoverage-ARM64\vcpkg_installed\arm64-windows\debug\bin\boost_locale-vc143-mt-gd-a64-1_91.dll
2026-08-20T10:16:34.0531287Z        FinalizeBuildStatus:
2026-08-20T10:16:34.0531876Z          Deleting file "ARM64\Debug\TestHelper.tlog\unsuccessfulbuild".
2026-08-20T10:16:34.0536361Z          Touching "ARM64\Debug\TestHelper.tlog\TestHelper.lastbuildstate".
2026-08-20T10:16:34.0554633Z     14>Done Building Project "C:\a\OpenCppCoverage-ARM64\OpenCppCoverage-ARM64\TestHelper\TestHelper.vcxproj" (default targets).
2026-08-20T10:16:34.0806631Z      1>Project "C:\a\OpenCppCoverage-ARM64\OpenCppCoverage-ARM64\CppCoverage.sln" (1) is building "C:\a\OpenCppCoverage-ARM64\OpenCppCoverage-ARM64\ToolsTest\ToolsTest.vcxproj" (16) on node 4 (default targets).
2026-08-20T10:16:34.0910031Z     16>PrepareForBuild:
2026-08-20T10:16:34.0914533Z          Creating directory "ARM64\Debug\".
2026-08-20T10:16:34.0917165Z          Structured output is enabled. The formatting of compiler diagnostics will reflect the error hierarchy. See https://aka.ms/cpp/structured-output for more details.
2026-08-20T10:16:34.0918794Z          Creating directory "ARM64\Debug\ToolsTest.tlog\".
2026-08-20T10:16:34.0935674Z        InitializeBuildStatus:
2026-08-20T10:16:34.0936763Z          Creating "ARM64\Debug\ToolsTest.tlog\unsuccessfulbuild" because "AlwaysCreate" was specified.
2026-08-20T10:16:34.0940635Z          Touching "ARM64\Debug\ToolsTest.tlog\unsuccessfulbuild".
2026-08-20T10:16:34.1396097Z        VcpkgTripletSelection:
2026-08-20T10:16:34.1397376Z          Using triplet "arm64-windows" from "C:\a\OpenCppCoverage-ARM64\OpenCppCoverage-ARM64\vcpkg_installed\arm64-windows\"
2026-08-20T10:16:34.1402077Z          Using normalized configuration "Debug"
2026-08-20T10:16:34.1415926Z        VcpkgBootstrap:
2026-08-20T10:16:34.1417385Z        Skipping target "VcpkgBootstrap" because all output files are up-to-date with respect to the input files.
2026-08-20T10:16:34.1426197Z        VcpkgInstallManifestDependencies:
2026-08-20T10:16:34.1427986Z        Skipping target "VcpkgInstallManifestDependencies" because all output files are up-to-date with respect to the input files.
2026-08-20T10:16:34.1566224Z        ClCompile:
2026-08-20T10:16:34.1573763Z          C:\Program Files\Microsoft Visual Studio\2022\Enterprise\VC\Tools\MSVC\14.44.35207\bin\HostArm64\arm64\CL.exe /c /I"C:\a\OpenCppCoverage-ARM64\OpenCppCoverage-ARM64\\" /I"C:\a\OpenCppCoverage-ARM64\OpenCppCoverage-ARM64\ToolsTest\\" /I"C:\a\OpenCppCoverage-ARM64\OpenCppCoverage-ARM64\vcpkg_installed\arm64-windows\include" /ZI /JMC /nologo /W3 /WX /diagnostics:column /sdl /Od /Oy- /D _DEBUG /D _CONSOLE /D GTEST_LINKED_AS_SHARED_LIBRARY=1 /D _SILENCE_TR1_NAMESPACE_DEPRECATION_WARNING /D BOOST_CONFIG_SUPPRESS_OUTDATED_MESSAGE /D "OPENCPPCOVERAGE_VERSION=\"0.9.9.0\"" /D _CRT_SECURE_NO_WARNINGS /D "PROJECT_DIR=R\"|(C:\a\OpenCppCoverage-ARM64\OpenCppCoverage-ARM64\ToolsTest\)|\"" /D "SOLUTION_DIR=R\"|(C:\a\OpenCppCoverage-ARM64\OpenCppCoverage-ARM64\)|\"" /D "TARGET_FILE_NAME=R\"|(ToolsTest.exe)|\"" /D "OUT_DIR=R\"|(C:\a\OpenCppCoverage-ARM64\OpenCppCoverage-ARM64\ARM64\Debug\)|\"" /D NOMINMAX /D _ARM64_WINAPI_PARTITION_DESKTOP_SDK_AVAILABLE=1 /D _UNICODE /D UNICODE /Gm- /EHsc /RTC1 /MDd /GS /fp:precise /Zc:wchar_t /Zc:forScope /Zc:inline /std:c++17 /permissive- /Yc"stdafx.h" /Fp"ARM64\Debug\ToolsTest.pch" /Fo"ARM64\Debug\\" /Fd"ARM64\Debug\vc143.pdb" /external:W3 /Gd /TP /wd4251 /wd4275 /analyze- /FC /errorReport:queue stdafx.cpp
2026-08-20T10:16:34.1617438Z     10>ClCompile:
2026-08-20T10:16:34.1618499Z          RelocationsExtractor.cpp
2026-08-20T10:16:34.2059273Z     16>ClCompile:
2026-08-20T10:16:34.2064639Z          stdafx.cpp
2026-08-20T10:16:34.6498966Z     10>ClCompile:
2026-08-20T10:16:34.6500274Z          LineFilter.cpp
2026-08-20T10:16:34.9413390Z      7>ClCompile:
2026-08-20T10:16:34.9416582Z          TestDiff.cpp
2026-08-20T10:16:36.0768729Z          TestThread.cpp
2026-08-20T10:16:36.2415526Z     16>ClCompile:
2026-08-20T10:16:36.2420606Z          C:\Program Files\Microsoft Visual Studio\2022\Enterprise\VC\Tools\MSVC\14.44.35207\bin\HostArm64\arm64\CL.exe /c /I"C:\a\OpenCppCoverage-ARM64\OpenCppCoverage-ARM64\\" /I"C:\a\OpenCppCoverage-ARM64\OpenCppCoverage-ARM64\ToolsTest\\" /I"C:\a\OpenCppCoverage-ARM64\OpenCppCoverage-ARM64\vcpkg_installed\arm64-windows\include" /ZI /JMC /nologo /W3 /WX /diagnostics:column /sdl /Od /Oy- /D _DEBUG /D _CONSOLE /D GTEST_LINKED_AS_SHARED_LIBRARY=1 /D _SILENCE_TR1_NAMESPACE_DEPRECATION_WARNING /D BOOST_CONFIG_SUPPRESS_OUTDATED_MESSAGE /D "OPENCPPCOVERAGE_VERSION=\"0.9.9.0\"" /D _CRT_SECURE_NO_WARNINGS /D "PROJECT_DIR=R\"|(C:\a\OpenCppCoverage-ARM64\OpenCppCoverage-ARM64\ToolsTest\)|\"" /D "SOLUTION_DIR=R\"|(C:\a\OpenCppCoverage-ARM64\OpenCppCoverage-ARM64\)|\"" /D "TARGET_FILE_NAME=R\"|(ToolsTest.exe)|\"" /D "OUT_DIR=R\"|(C:\a\OpenCppCoverage-ARM64\OpenCppCoverage-ARM64\ARM64\Debug\)|\"" /D NOMINMAX /D _ARM64_WINAPI_PARTITION_DESKTOP_SDK_AVAILABLE=1 /D _UNICODE /D UNICODE /Gm- /EHsc /RTC1 /MDd /GS /fp:precise /Zc:wchar_t /Zc:forScope /Zc:inline /std:c++17 /permissive- /Yu"stdafx.h" /Fp"ARM64\Debug\ToolsTest.pch" /Fo"ARM64\Debug\\" /Fd"ARM64\Debug\vc143.pdb" /external:W3 /Gd /TP /wd4251 /wd4275 /analyze- /FC /errorReport:queue MappedFileTest.cpp PEFileHeaderTest.cpp ToolsTest.cpp ToolTest.cpp
2026-08-20T10:16:36.2938310Z          MappedFileTest.cpp
2026-08-20T10:16:36.6308400Z     10>ClCompile:
2026-08-20T10:16:36.6313191Z          UnifiedDiffCoverageFilter.cpp
2026-08-20T10:16:36.8000490Z     16>ClCompile:
2026-08-20T10:16:36.8003074Z          PEFileHeaderTest.cpp
2026-08-20T10:16:37.2636025Z      7>ClCompile:
2026-08-20T10:16:37.2636989Z          Generating Code...
2026-08-20T10:16:37.3367264Z     16>ClCompile:
2026-08-20T10:16:37.3368377Z          ToolsTest.cpp
2026-08-20T10:16:37.3572741Z          ToolTest.cpp
2026-08-20T10:16:37.5181402Z      7>Link:
2026-08-20T10:16:37.5188032Z          C:\Program Files\Microsoft Visual Studio\2022\Enterprise\VC\Tools\MSVC\14.44.35207\bin\HostArm64\arm64\link.exe /ERRORREPORT:QUEUE /OUT:"C:\a\OpenCppCoverage-ARM64\OpenCppCoverage-ARM64\ARM64\Debug\TestCoverageConsole.exe" /INCREMENTAL /ILK:"ARM64\Debug\TestCoverageConsole.ilk" /NOLOGO /LIBPATH:"C:\a\OpenCppCoverage-ARM64\OpenCppCoverage-ARM64\vcpkg_installed\arm64-windows\debug\lib" /LIBPATH:"C:\a\OpenCppCoverage-ARM64\OpenCppCoverage-ARM64\vcpkg_installed\arm64-windows\debug\lib\manual-link" bcrypt.lib kernel32.lib user32.lib gdi32.lib winspool.lib comdlg32.lib advapi32.lib shell32.lib ole32.lib oleaut32.lib uuid.lib odbc32.lib odbccp32.lib "C:\a\OpenCppCoverage-ARM64\OpenCppCoverage-ARM64\vcpkg_installed\arm64-windows\debug\lib\*.lib" /MANIFEST /MANIFESTUAC:"level='asInvoker' uiAccess='false'" /manifest:embed /DEBUG /PDB:"C:\a\OpenCppCoverage-ARM64\OpenCppCoverage-ARM64\ARM64\Debug\TestCoverageConsole.pdb" /SUBSYSTEM:CONSOLE /TLBID:1 /DYNAMICBASE /NXCOMPAT /IMPLIB:"C:\a\OpenCppCoverage-ARM64\OpenCppCoverage-ARM64\ARM64\Debug\TestCoverageConsole.lib" /MACHINE:ARM64 ARM64\Debug\TestBasic.obj
2026-08-20T10:16:37.5193262Z          ARM64\Debug\TestCoverageConsole.obj
2026-08-20T10:16:37.5194690Z          ARM64\Debug\SpecialLineInfo.obj
2026-08-20T10:16:37.5196432Z          ARM64\Debug\TestDebugInformationEnumerator.obj
2026-08-20T10:16:37.5198162Z          ARM64\Debug\TestDiff.obj
2026-08-20T10:16:37.5198644Z          ARM64\Debug\TestThread.obj
2026-08-20T10:16:37.5199742Z          "C:\a\OpenCppCoverage-ARM64\OpenCppCoverage-ARM64\ARM64\Debug\TestCoverageOptimizedBuild.lib"
2026-08-20T10:16:37.5200597Z          "C:\a\OpenCppCoverage-ARM64\OpenCppCoverage-ARM64\ARM64\Debug\TestCoverageSharedLib.lib"
2026-08-20T10:16:37.5201314Z          "C:\a\OpenCppCoverage-ARM64\OpenCppCoverage-ARM64\ARM64\Debug\Tools.lib"
2026-08-20T10:16:37.6538600Z             Creating library C:\a\OpenCppCoverage-ARM64\OpenCppCoverage-ARM64\ARM64\Debug\TestCoverageConsole.lib and object C:\a\OpenCppCoverage-ARM64\OpenCppCoverage-ARM64\ARM64\Debug\TestCoverageConsole.exp
2026-08-20T10:16:37.8105132Z     16>ClCompile:
2026-08-20T10:16:37.8125615Z          Generating Code...
2026-08-20T10:16:37.9074970Z      7>Link:
2026-08-20T10:16:37.9080775Z          TestCoverageConsole.vcxproj -> C:\a\OpenCppCoverage-ARM64\OpenCppCoverage-ARM64\ARM64\Debug\TestCoverageConsole.exe
2026-08-20T10:16:37.9556552Z        AppLocalFromInstalled:
2026-08-20T10:16:37.9558772Z          "C:\Users\runneradmin\AppData\Local\OpenCppCoverage\vcpkg\vcpkg.exe" z-applocal --target-binary="C:\a\OpenCppCoverage-ARM64\OpenCppCoverage-ARM64\ARM64\Debug\TestCoverageConsole.exe" --installed-bin-dir="C:\a\OpenCppCoverage-ARM64\OpenCppCoverage-ARM64\vcpkg_installed\arm64-windows\debug\bin" --tlog-file="ARM64\Debug\TestCove.0DD16EDF.tlog\TestCoverageConsole.write.1u.tlog" --copied-files-log="ARM64\Debug\vcpkg.applocal.log"
2026-08-20T10:16:38.0418173Z     16>Link:
2026-08-20T10:16:38.0422401Z          C:\Program Files\Microsoft Visual Studio\2022\Enterprise\VC\Tools\MSVC\14.44.35207\bin\HostArm64\arm64\link.exe /ERRORREPORT:QUEUE /OUT:"C:\a\OpenCppCoverage-ARM64\OpenCppCoverage-ARM64\ARM64\Debug\ToolsTest.exe" /INCREMENTAL /ILK:"ARM64\Debug\ToolsTest.ilk" /NOLOGO /LIBPATH:"C:\a\OpenCppCoverage-ARM64\OpenCppCoverage-ARM64\vcpkg_installed\arm64-windows\debug\lib" /LIBPATH:"C:\a\OpenCppCoverage-ARM64\OpenCppCoverage-ARM64\vcpkg_installed\arm64-windows\debug\lib\manual-link" gmock.lib gtest.lib bcrypt.lib kernel32.lib user32.lib gdi32.lib winspool.lib comdlg32.lib advapi32.lib shell32.lib ole32.lib oleaut32.lib uuid.lib odbc32.lib odbccp32.lib "C:\a\OpenCppCoverage-ARM64\OpenCppCoverage-ARM64\vcpkg_installed\arm64-windows\debug\lib\*.lib" /MANIFEST /MANIFESTUAC:"level='asInvoker' uiAccess='false'" /manifest:embed /DEBUG /PDB:"C:\a\OpenCppCoverage-ARM64\OpenCppCoverage-ARM64\ARM64\Debug\ToolsTest.pdb" /SUBSYSTEM:CONSOLE /TLBID:1 /DYNAMICBASE /NXCOMPAT /IMPLIB:"C:\a\OpenCppCoverage-ARM64\OpenCppCoverage-ARM64\ARM64\Debug\ToolsTest.lib" /MACHINE:ARM64 ARM64\Debug\MappedFileTest.obj
2026-08-20T10:16:38.0426595Z          ARM64\Debug\PEFileHeaderTest.obj
2026-08-20T10:16:38.0426891Z          ARM64\Debug\stdafx.obj
2026-08-20T10:16:38.0427176Z          ARM64\Debug\ToolsTest.obj
2026-08-20T10:16:38.0427486Z          ARM64\Debug\ToolTest.obj
2026-08-20T10:16:38.0427898Z          "C:\a\OpenCppCoverage-ARM64\OpenCppCoverage-ARM64\ARM64\Debug\TestHelper.lib"
2026-08-20T10:16:38.0428456Z          "C:\a\OpenCppCoverage-ARM64\OpenCppCoverage-ARM64\ARM64\Debug\Tools.lib"
2026-08-20T10:16:38.0733473Z      7>AppLocalFromInstalled:
2026-08-20T10:16:38.0734419Z          C:\a\OpenCppCoverage-ARM64\OpenCppCoverage-ARM64\vcpkg_installed\arm64-windows\debug\bin\PocoFoundationd.dll
2026-08-20T10:16:38.0758907Z          C:\a\OpenCppCoverage-ARM64\OpenCppCoverage-ARM64\vcpkg_installed\arm64-windows\debug\bin\pcre2-8d.dll
2026-08-20T10:16:38.0760248Z          C:\a\OpenCppCoverage-ARM64\OpenCppCoverage-ARM64\vcpkg_installed\arm64-windows\debug\bin\zd.dll
2026-08-20T10:16:38.0767239Z          C:\a\OpenCppCoverage-ARM64\OpenCppCoverage-ARM64\vcpkg_installed\arm64-windows\debug\bin\utf8proc.dll
2026-08-20T10:16:38.0779167Z          C:\a\OpenCppCoverage-ARM64\OpenCppCoverage-ARM64\vcpkg_installed\arm64-windows\debug\bin\boost_iostreams-vc143-mt-gd-a64-1_91.dll
2026-08-20T10:16:38.0782955Z          C:\a\OpenCppCoverage-ARM64\OpenCppCoverage-ARM64\vcpkg_installed\arm64-windows\debug\bin\bz2d.dll
2026-08-20T10:16:38.0816786Z          C:\a\OpenCppCoverage-ARM64\OpenCppCoverage-ARM64\vcpkg_installed\arm64-windows\debug\bin\liblzma.dll
2026-08-20T10:16:38.0897484Z          C:\a\OpenCppCoverage-ARM64\OpenCppCoverage-ARM64\vcpkg_installed\arm64-windows\debug\bin\zstd.dll
2026-08-20T10:16:38.0902507Z          C:\a\OpenCppCoverage-ARM64\OpenCppCoverage-ARM64\vcpkg_installed\arm64-windows\debug\bin\boost_locale-vc143-mt-gd-a64-1_91.dll
2026-08-20T10:16:38.0906755Z          C:\a\OpenCppCoverage-ARM64\OpenCppCoverage-ARM64\vcpkg_installed\arm64-windows\debug\bin\boost_log-vc143-mt-gd-a64-1_91.dll
2026-08-20T10:16:38.0917201Z          C:\a\OpenCppCoverage-ARM64\OpenCppCoverage-ARM64\vcpkg_installed\arm64-windows\debug\bin\boost_filesystem-vc143-mt-gd-a64-1_91.dll
2026-08-20T10:16:38.0923163Z          C:\a\OpenCppCoverage-ARM64\OpenCppCoverage-ARM64\vcpkg_installed\arm64-windows\debug\bin\boost_thread-vc143-mt-gd-a64-1_91.dll
2026-08-20T10:16:38.4031767Z     16>Link:
2026-08-20T10:16:38.4033430Z          ToolsTest.vcxproj -> C:\a\OpenCppCoverage-ARM64\OpenCppCoverage-ARM64\ARM64\Debug\ToolsTest.exe
2026-08-20T10:16:38.4085723Z        AppLocalFromInstalled:
2026-08-20T10:16:38.4087823Z          "C:\Users\runneradmin\AppData\Local\OpenCppCoverage\vcpkg\vcpkg.exe" z-applocal --target-binary="C:\a\OpenCppCoverage-ARM64\OpenCppCoverage-ARM64\ARM64\Debug\ToolsTest.exe" --installed-bin-dir="C:\a\OpenCppCoverage-ARM64\OpenCppCoverage-ARM64\vcpkg_installed\arm64-windows\debug\bin" --tlog-file="ARM64\Debug\ToolsTest.tlog\ToolsTest.write.1u.tlog" --copied-files-log="ARM64\Debug\vcpkg.applocal.log"
2026-08-20T10:16:38.4992204Z          C:\a\OpenCppCoverage-ARM64\OpenCppCoverage-ARM64\vcpkg_installed\arm64-windows\debug\bin\gmock.dll
2026-08-20T10:16:38.4993652Z          C:\a\OpenCppCoverage-ARM64\OpenCppCoverage-ARM64\vcpkg_installed\arm64-windows\debug\bin\boost_log-vc143-mt-gd-a64-1_91.dll
2026-08-20T10:16:38.4994921Z          C:\a\OpenCppCoverage-ARM64\OpenCppCoverage-ARM64\vcpkg_installed\arm64-windows\debug\bin\boost_filesystem-vc143-mt-gd-a64-1_91.dll
2026-08-20T10:16:38.4995946Z          C:\a\OpenCppCoverage-ARM64\OpenCppCoverage-ARM64\vcpkg_installed\arm64-windows\debug\bin\boost_thread-vc143-mt-gd-a64-1_91.dll
2026-08-20T10:16:38.4996826Z          C:\a\OpenCppCoverage-ARM64\OpenCppCoverage-ARM64\vcpkg_installed\arm64-windows\debug\bin\PocoFoundationd.dll
2026-08-20T10:16:38.4997596Z          C:\a\OpenCppCoverage-ARM64\OpenCppCoverage-ARM64\vcpkg_installed\arm64-windows\debug\bin\pcre2-8d.dll
2026-08-20T10:16:38.4998325Z          C:\a\OpenCppCoverage-ARM64\OpenCppCoverage-ARM64\vcpkg_installed\arm64-windows\debug\bin\zd.dll
2026-08-20T10:16:38.4999079Z          C:\a\OpenCppCoverage-ARM64\OpenCppCoverage-ARM64\vcpkg_installed\arm64-windows\debug\bin\utf8proc.dll
2026-08-20T10:16:38.4999928Z          C:\a\OpenCppCoverage-ARM64\OpenCppCoverage-ARM64\vcpkg_installed\arm64-windows\debug\bin\boost_iostreams-vc143-mt-gd-a64-1_91.dll
2026-08-20T10:16:38.5000759Z          C:\a\OpenCppCoverage-ARM64\OpenCppCoverage-ARM64\vcpkg_installed\arm64-windows\debug\bin\bz2d.dll
2026-08-20T10:16:38.5001833Z          C:\a\OpenCppCoverage-ARM64\OpenCppCoverage-ARM64\vcpkg_installed\arm64-windows\debug\bin\liblzma.dll
2026-08-20T10:16:38.5002873Z          C:\a\OpenCppCoverage-ARM64\OpenCppCoverage-ARM64\vcpkg_installed\arm64-windows\debug\bin\zstd.dll
2026-08-20T10:16:38.5004667Z          C:\a\OpenCppCoverage-ARM64\OpenCppCoverage-ARM64\vcpkg_installed\arm64-windows\debug\bin\boost_locale-vc143-mt-gd-a64-1_91.dll
2026-08-20T10:16:38.5477947Z        FinalizeBuildStatus:
2026-08-20T10:16:38.5478873Z          Deleting file "ARM64\Debug\ToolsTest.tlog\unsuccessfulbuild".
2026-08-20T10:16:38.5482721Z          Touching "ARM64\Debug\ToolsTest.tlog\ToolsTest.lastbuildstate".
2026-08-20T10:16:38.5494689Z     16>Done Building Project "C:\a\OpenCppCoverage-ARM64\OpenCppCoverage-ARM64\ToolsTest\ToolsTest.vcxproj" (default targets).
2026-08-20T10:16:38.5732994Z      7>FinalizeBuildStatus:
2026-08-20T10:16:38.5733482Z          Deleting file "ARM64\Debug\TestCove.0DD16EDF.tlog\unsuccessfulbuild".
2026-08-20T10:16:38.5738260Z          Touching "ARM64\Debug\TestCove.0DD16EDF.tlog\TestCoverageConsole.lastbuildstate".
2026-08-20T10:16:38.5749391Z      7>Done Building Project "C:\a\OpenCppCoverage-ARM64\OpenCppCoverage-ARM64\TestCoverageConsole\TestCoverageConsole.vcxproj" (default targets).
2026-08-20T10:16:38.6221404Z     10>ClCompile:
2026-08-20T10:16:38.6221726Z          UnifiedDiffParser.cpp
2026-08-20T10:16:41.0425449Z          UnifiedDiffParserException.cpp
2026-08-20T10:16:41.8608240Z          Generating Code...
2026-08-20T10:16:42.7336332Z        Link:
2026-08-20T10:16:42.7342271Z          C:\Program Files\Microsoft Visual Studio\2022\Enterprise\VC\Tools\MSVC\14.44.35207\bin\HostArm64\arm64\link.exe /ERRORREPORT:QUEUE /OUT:"C:\a\OpenCppCoverage-ARM64\OpenCppCoverage-ARM64\ARM64\Debug\FileFilter.dll" /INCREMENTAL /ILK:"ARM64\Debug\FileFilter.ilk" /NOLOGO /LIBPATH:"C:\a\OpenCppCoverage-ARM64\OpenCppCoverage-ARM64\vcpkg_installed\arm64-windows\debug\lib" /LIBPATH:"C:\a\OpenCppCoverage-ARM64\OpenCppCoverage-ARM64\vcpkg_installed\arm64-windows\debug\lib\manual-link" bcrypt.lib kernel32.lib user32.lib gdi32.lib winspool.lib comdlg32.lib advapi32.lib shell32.lib ole32.lib oleaut32.lib uuid.lib odbc32.lib odbccp32.lib "C:\a\OpenCppCoverage-ARM64\OpenCppCoverage-ARM64\vcpkg_installed\arm64-windows\debug\lib\*.lib" /MANIFEST /MANIFESTUAC:"level='asInvoker' uiAccess='false'" /manifest:embed /DEBUG /PDB:"C:\a\OpenCppCoverage-ARM64\OpenCppCoverage-ARM64\ARM64\Debug\FileFilter.pdb" /SUBSYSTEM:WINDOWS /TLBID:1 /DYNAMICBASE /NXCOMPAT /IMPLIB:"C:\a\OpenCppCoverage-ARM64\OpenCppCoverage-ARM64\ARM64\Debug\FileFilter.lib" /MACHINE:ARM64 /DLL ARM64\Debug\AmbiguousPathException.obj
2026-08-20T10:16:42.7349285Z          ARM64\Debug\File.obj
2026-08-20T10:16:42.7349594Z          ARM64\Debug\PathMatcher.obj
2026-08-20T10:16:42.7349933Z          ARM64\Debug\ReleaseCoverageFilter.obj
2026-08-20T10:16:42.7350271Z          ARM64\Debug\RelocationsExtractor.obj
2026-08-20T10:16:42.7350586Z          ARM64\Debug\stdafx.obj
2026-08-20T10:16:42.7350876Z          ARM64\Debug\LineFilter.obj
2026-08-20T10:16:42.7351216Z          ARM64\Debug\UnifiedDiffCoverageFilter.obj
2026-08-20T10:16:42.7351537Z          ARM64\Debug\UnifiedDiffParser.obj
2026-08-20T10:16:42.7352035Z          ARM64\Debug\UnifiedDiffParserException.obj
2026-08-20T10:16:42.7352448Z          "C:\a\OpenCppCoverage-ARM64\OpenCppCoverage-ARM64\ARM64\Debug\Tools.lib"
2026-08-20T10:16:42.8915260Z             Creating library C:\a\OpenCppCoverage-ARM64\OpenCppCoverage-ARM64\ARM64\Debug\FileFilter.lib and object C:\a\OpenCppCoverage-ARM64\OpenCppCoverage-ARM64\ARM64\Debug\FileFilter.exp
2026-08-20T10:16:43.1603718Z          FileFilter.vcxproj -> C:\a\OpenCppCoverage-ARM64\OpenCppCoverage-ARM64\ARM64\Debug\FileFilter.dll
2026-08-20T10:16:43.1639298Z        AppLocalFromInstalled:
2026-08-20T10:16:43.1641210Z          "C:\Users\runneradmin\AppData\Local\OpenCppCoverage\vcpkg\vcpkg.exe" z-applocal --target-binary="C:\a\OpenCppCoverage-ARM64\OpenCppCoverage-ARM64\ARM64\Debug\FileFilter.dll" --installed-bin-dir="C:\a\OpenCppCoverage-ARM64\OpenCppCoverage-ARM64\vcpkg_installed\arm64-windows\debug\bin" --tlog-file="ARM64\Debug\FileFilter.tlog\FileFilter.write.1u.tlog" --copied-files-log="ARM64\Debug\vcpkg.applocal.log"
2026-08-20T10:16:43.2539753Z          C:\a\OpenCppCoverage-ARM64\OpenCppCoverage-ARM64\vcpkg_installed\arm64-windows\debug\bin\boost_log-vc143-mt-gd-a64-1_91.dll
2026-08-20T10:16:43.2541368Z          C:\a\OpenCppCoverage-ARM64\OpenCppCoverage-ARM64\vcpkg_installed\arm64-windows\debug\bin\boost_filesystem-vc143-mt-gd-a64-1_91.dll
2026-08-20T10:16:43.2542271Z          C:\a\OpenCppCoverage-ARM64\OpenCppCoverage-ARM64\vcpkg_installed\arm64-windows\debug\bin\boost_thread-vc143-mt-gd-a64-1_91.dll
2026-08-20T10:16:43.2544450Z          C:\a\OpenCppCoverage-ARM64\OpenCppCoverage-ARM64\vcpkg_installed\arm64-windows\debug\bin\boost_iostreams-vc143-mt-gd-a64-1_91.dll
2026-08-20T10:16:43.2546196Z          C:\a\OpenCppCoverage-ARM64\OpenCppCoverage-ARM64\vcpkg_installed\arm64-windows\debug\bin\zd.dll
2026-08-20T10:16:43.2547366Z          C:\a\OpenCppCoverage-ARM64\OpenCppCoverage-ARM64\vcpkg_installed\arm64-windows\debug\bin\bz2d.dll
2026-08-20T10:16:43.2549608Z          C:\a\OpenCppCoverage-ARM64\OpenCppCoverage-ARM64\vcpkg_installed\arm64-windows\debug\bin\liblzma.dll
2026-08-20T10:16:43.2550926Z          C:\a\OpenCppCoverage-ARM64\OpenCppCoverage-ARM64\vcpkg_installed\arm64-windows\debug\bin\zstd.dll
2026-08-20T10:16:43.2552174Z          C:\a\OpenCppCoverage-ARM64\OpenCppCoverage-ARM64\vcpkg_installed\arm64-windows\debug\bin\boost_locale-vc143-mt-gd-a64-1_91.dll
2026-08-20T10:16:43.2995254Z        FinalizeBuildStatus:
2026-08-20T10:16:43.2995761Z          Deleting file "ARM64\Debug\FileFilter.tlog\unsuccessfulbuild".
2026-08-20T10:16:43.2999224Z          Touching "ARM64\Debug\FileFilter.tlog\FileFilter.lastbuildstate".
2026-08-20T10:16:43.3015458Z     10>Done Building Project "C:\a\OpenCppCoverage-ARM64\OpenCppCoverage-ARM64\FileFilter\FileFilter.vcxproj" (default targets).
2026-08-20T10:16:43.3260592Z      1>Project "C:\a\OpenCppCoverage-ARM64\OpenCppCoverage-ARM64\CppCoverage.sln" (1) is building "C:\a\OpenCppCoverage-ARM64\OpenCppCoverage-ARM64\FileFilterTest\FileFilterTest.vcxproj" (15) on node 4 (default targets).
2026-08-20T10:16:43.3261577Z     15>PrepareForBuild:
2026-08-20T10:16:43.3261855Z          Creating directory "ARM64\Debug\".
2026-08-20T10:16:43.3294060Z          Structured output is enabled. The formatting of compiler diagnostics will reflect the error hierarchy. See https://aka.ms/cpp/structured-output for more details.
2026-08-20T10:16:43.3299275Z          Creating directory "ARM64\Debug\FileFilterTest.tlog\".
2026-08-20T10:16:43.3376001Z        InitializeBuildStatus:
2026-08-20T10:16:43.3376812Z          Creating "ARM64\Debug\FileFilterTest.tlog\unsuccessfulbuild" because "AlwaysCreate" was specified.
2026-08-20T10:16:43.3379783Z          Touching "ARM64\Debug\FileFilterTest.tlog\unsuccessfulbuild".
2026-08-20T10:16:43.3680486Z      9>PrepareForBuild:
2026-08-20T10:16:43.3681005Z          Creating directory "ARM64\Debug\".
2026-08-20T10:16:43.3724894Z          Structured output is enabled. The formatting of compiler diagnostics will reflect the error hierarchy. See https://aka.ms/cpp/structured-output for more details.
2026-08-20T10:16:43.3731013Z          Creating directory "ARM64\Debug\CppCoverage.tlog\".
2026-08-20T10:16:43.3810190Z        InitializeBuildStatus:
2026-08-20T10:16:43.3810806Z          Creating "ARM64\Debug\CppCoverage.tlog\unsuccessfulbuild" because "AlwaysCreate" was specified.
2026-08-20T10:16:43.3811605Z          Touching "ARM64\Debug\CppCoverage.tlog\unsuccessfulbuild".
2026-08-20T10:16:43.4205728Z        VcpkgTripletSelection:
2026-08-20T10:16:43.4207238Z          Using triplet "arm64-windows" from "C:\a\OpenCppCoverage-ARM64\OpenCppCoverage-ARM64\vcpkg_installed\arm64-windows\"
2026-08-20T10:16:43.4211342Z          Using normalized configuration "Debug"
2026-08-20T10:16:43.4227458Z        VcpkgBootstrap:
2026-08-20T10:16:43.4229710Z        Skipping target "VcpkgBootstrap" because all output files are up-to-date with respect to the input files.
2026-08-20T10:16:43.4238407Z        VcpkgInstallManifestDependencies:
2026-08-20T10:16:43.4331621Z        Skipping target "VcpkgInstallManifestDependencies" because all output files are up-to-date with respect to the input files.
2026-08-20T10:16:43.4332908Z        ClCompile:
2026-08-20T10:16:43.4337480Z          C:\Program Files\Microsoft Visual Studio\2022\Enterprise\VC\Tools\MSVC\14.44.35207\bin\HostArm64\arm64\CL.exe /c /I"C:\a\OpenCppCoverage-ARM64\OpenCppCoverage-ARM64\\" /I"C:\a\OpenCppCoverage-ARM64\OpenCppCoverage-ARM64\CppCoverage\\" /I"C:\Program Files\Microsoft Visual Studio\2022\Enterprise\DIA SDK\include" /I"C:\a\OpenCppCoverage-ARM64\OpenCppCoverage-ARM64\vcpkg_installed\arm64-windows\include" /ZI /JMC /nologo /W3 /WX /diagnostics:column /sdl /Od /Oy- /D WIN32 /D _DEBUG /D _WINDOWS /D _USRDLL /D CPPCOVERAGE_EXPORTS /D BOOST_CONFIG_SUPPRESS_OUTDATED_MESSAGE /D "OPENCPPCOVERAGE_VERSION=\"0.9.9.0\"" /D _CRT_SECURE_NO_WARNINGS /D "PROJECT_DIR=R\"|(C:\a\OpenCppCoverage-ARM64\OpenCppCoverage-ARM64\CppCoverage\)|\"" /D "SOLUTION_DIR=R\"|(C:\a\OpenCppCoverage-ARM64\OpenCppCoverage-ARM64\)|\"" /D "TARGET_FILE_NAME=R\"|(CppCoverage.dll)|\"" /D "OUT_DIR=R\"|(C:\a\OpenCppCoverage-ARM64\OpenCppCoverage-ARM64\ARM64\Debug\)|\"" /D NOMINMAX /D _ARM64_WINAPI_PARTITION_DESKTOP_SDK_AVAILABLE=1 /D _WINDLL /D _UNICODE /D UNICODE /Gm- /EHsc /RTC1 /MDd /GS /fp:precise /Zc:wchar_t /Zc:forScope /Zc:inline /std:c++17 /permissive- /Yc"stdafx.h" /Fp"ARM64\Debug\CppCoverage.pch" /Fo"ARM64\Debug\\" /Fd"ARM64\Debug\vc143.pdb" /external:W3 /Gd /TP /analyze- /FC /errorReport:queue stdafx.cpp
2026-08-20T10:16:43.4524504Z     15>VcpkgTripletSelection:
2026-08-20T10:16:43.4531212Z          Using triplet "arm64-windows" from "C:\a\OpenCppCoverage-ARM64\OpenCppCoverage-ARM64\vcpkg_installed\arm64-windows\"
2026-08-20T10:16:43.4539120Z          Using normalized configuration "Debug"
2026-08-20T10:16:43.4547982Z        VcpkgBootstrap:
2026-08-20T10:16:43.4552297Z        Skipping target "VcpkgBootstrap" because all output files are up-to-date with respect to the input files.
2026-08-20T10:16:43.4560865Z        VcpkgInstallManifestDependencies:
2026-08-20T10:16:43.4563753Z        Skipping target "VcpkgInstallManifestDependencies" because all output files are up-to-date with respect to the input files.
2026-08-20T10:16:43.4635760Z        ClCompile:
2026-08-20T10:16:43.4641145Z          C:\Program Files\Microsoft Visual Studio\2022\Enterprise\VC\Tools\MSVC\14.44.35207\bin\HostArm64\arm64\CL.exe /c /I"C:\a\OpenCppCoverage-ARM64\OpenCppCoverage-ARM64\\" /I"C:\a\OpenCppCoverage-ARM64\OpenCppCoverage-ARM64\FileFilterTest\\" /I"C:\a\OpenCppCoverage-ARM64\OpenCppCoverage-ARM64\vcpkg_installed\arm64-windows\include" /ZI /JMC /nologo /W3 /WX /diagnostics:column /sdl /Od /Oy- /D _DEBUG /D _CONSOLE /D GTEST_LINKED_AS_SHARED_LIBRARY=1 /D _SILENCE_TR1_NAMESPACE_DEPRECATION_WARNING /D BOOST_CONFIG_SUPPRESS_OUTDATED_MESSAGE /D "OPENCPPCOVERAGE_VERSION=\"0.9.9.0\"" /D _CRT_SECURE_NO_WARNINGS /D "PROJECT_DIR=R\"|(C:\a\OpenCppCoverage-ARM64\OpenCppCoverage-ARM64\FileFilterTest\)|\"" /D "SOLUTION_DIR=R\"|(C:\a\OpenCppCoverage-ARM64\OpenCppCoverage-ARM64\)|\"" /D "TARGET_FILE_NAME=R\"|(FileFilterTest.exe)|\"" /D "OUT_DIR=R\"|(C:\a\OpenCppCoverage-ARM64\OpenCppCoverage-ARM64\ARM64\Debug\)|\"" /D NOMINMAX /D _ARM64_WINAPI_PARTITION_DESKTOP_SDK_AVAILABLE=1 /D _UNICODE /D UNICODE /Gm- /EHsc /RTC1 /MDd /GS /fp:precise /Zc:wchar_t /Zc:forScope /Zc:inline /std:c++17 /permissive- /Yc"stdafx.h" /Fp"ARM64\Debug\FileFilterTest.pch" /Fo"ARM64\Debug\\" /Fd"ARM64\Debug\vc143.pdb" /external:W3 /Gd /TP /wd4251 /wd4275 /analyze- /FC /errorReport:queue stdafx.cpp
2026-08-20T10:16:43.4961705Z      9>ClCompile:
2026-08-20T10:16:43.4962411Z          stdafx.cpp
2026-08-20T10:16:43.5077464Z     15>ClCompile:
2026-08-20T10:16:43.5077886Z          stdafx.cpp
2026-08-20T10:16:44.2288780Z      9>ClCompile:
2026-08-20T10:16:44.2297867Z          C:\Program Files\Microsoft Visual Studio\2022\Enterprise\VC\Tools\MSVC\14.44.35207\bin\HostArm64\arm64\CL.exe /c /I"C:\a\OpenCppCoverage-ARM64\OpenCppCoverage-ARM64\\" /I"C:\a\OpenCppCoverage-ARM64\OpenCppCoverage-ARM64\CppCoverage\\" /I"C:\Program Files\Microsoft Visual Studio\2022\Enterprise\DIA SDK\include" /I"C:\a\OpenCppCoverage-ARM64\OpenCppCoverage-ARM64\vcpkg_installed\arm64-windows\include" /ZI /JMC /nologo /W3 /WX /diagnostics:column /sdl /Od /Oy- /D WIN32 /D _DEBUG /D _WINDOWS /D _USRDLL /D CPPCOVERAGE_EXPORTS /D BOOST_CONFIG_SUPPRESS_OUTDATED_MESSAGE /D "OPENCPPCOVERAGE_VERSION=\"0.9.9.0\"" /D _CRT_SECURE_NO_WARNINGS /D "PROJECT_DIR=R\"|(C:\a\OpenCppCoverage-ARM64\OpenCppCoverage-ARM64\CppCoverage\)|\"" /D "SOLUTION_DIR=R\"|(C:\a\OpenCppCoverage-ARM64\OpenCppCoverage-ARM64\)|\"" /D "TARGET_FILE_NAME=R\"|(CppCoverage.dll)|\"" /D "OUT_DIR=R\"|(C:\a\OpenCppCoverage-ARM64\OpenCppCoverage-ARM64\ARM64\Debug\)|\"" /D NOMINMAX /D _ARM64_WINAPI_PARTITION_DESKTOP_SDK_AVAILABLE=1 /D _WINDLL /D _UNICODE /D UNICODE /Gm- /EHsc /RTC1 /MDd /GS /fp:precise /Zc:wchar_t /Zc:forScope /Zc:inline /std:c++17 /permissive- /Yu"stdafx.h" /Fp"ARM64\Debug\CppCoverage.pch" /Fo"ARM64\Debug\\" /Fd"ARM64\Debug\vc143.pdb" /external:W3 /Gd /TP /analyze- /FC /errorReport:queue Address.cpp BreakPoint.cpp CodeCoverageRunner.cpp CoverageDataMerger.cpp CoverageFilterManager.cpp DebugInformationEnumerator.cpp ExportOptionParser.cpp FileSystem.cpp FilterAssistant.cpp MonitoredLineRegister.cpp RunCoverageSettings.cpp UnifiedDiffCoverageFilterManager.cpp UnifiedDiffSettings.cpp WildcardCoverageFilter.cpp CoverageRate.cpp CoverageRateComputer.cpp CoverageFilterSettings.cpp CppCoverageException.cpp Debugger.cpp ExceptionHandler.cpp ExecutedAddressManager.cpp HandleInformation.cpp IDebugEventsHandler.cpp Options.cpp OptionsExport.cpp OptionsParser.cpp Patterns.cpp Process.cpp ProgramOptions.cpp StartInfo.cpp Wildcards.cpp
2026-08-20T10:16:44.2917051Z          Address.cpp
2026-08-20T10:16:44.6692135Z          BreakPoint.cpp
2026-08-20T10:16:45.6194146Z     15>ClCompile:
2026-08-20T10:16:45.6200148Z          C:\Program Files\Microsoft Visual Studio\2022\Enterprise\VC\Tools\MSVC\14.44.35207\bin\HostArm64\arm64\CL.exe /c /I"C:\a\OpenCppCoverage-ARM64\OpenCppCoverage-ARM64\\" /I"C:\a\OpenCppCoverage-ARM64\OpenCppCoverage-ARM64\FileFilterTest\\" /I"C:\a\OpenCppCoverage-ARM64\OpenCppCoverage-ARM64\vcpkg_installed\arm64-windows\include" /ZI /JMC /nologo /W3 /WX /diagnostics:column /sdl /Od /Oy- /D _DEBUG /D _CONSOLE /D GTEST_LINKED_AS_SHARED_LIBRARY=1 /D _SILENCE_TR1_NAMESPACE_DEPRECATION_WARNING /D BOOST_CONFIG_SUPPRESS_OUTDATED_MESSAGE /D "OPENCPPCOVERAGE_VERSION=\"0.9.9.0\"" /D _CRT_SECURE_NO_WARNINGS /D "PROJECT_DIR=R\"|(C:\a\OpenCppCoverage-ARM64\OpenCppCoverage-ARM64\FileFilterTest\)|\"" /D "SOLUTION_DIR=R\"|(C:\a\OpenCppCoverage-ARM64\OpenCppCoverage-ARM64\)|\"" /D "TARGET_FILE_NAME=R\"|(FileFilterTest.exe)|\"" /D "OUT_DIR=R\"|(C:\a\OpenCppCoverage-ARM64\OpenCppCoverage-ARM64\ARM64\Debug\)|\"" /D NOMINMAX /D _ARM64_WINAPI_PARTITION_DESKTOP_SDK_AVAILABLE=1 /D _UNICODE /D UNICODE /Gm- /EHsc /RTC1 /MDd /GS /fp:precise /Zc:wchar_t /Zc:forScope /Zc:inline /std:c++17 /permissive- /Yu"stdafx.h" /Fp"ARM64\Debug\FileFilterTest.pch" /Fo"ARM64\Debug\\" /Fd"ARM64\Debug\vc143.pdb" /external:W3 /Gd /TP /wd4251 /wd4275 /analyze- /FC /errorReport:queue FileFilterTest.cpp LineFilterTest.cpp PathMatcherTest.cpp RelocationsExtractorTest.cpp Tools.cpp UnifiedDiffCoverageFilterTest.cpp UnifiedDiffParserTest.cpp
2026-08-20T10:16:45.6719630Z          FileFilterTest.cpp
2026-08-20T10:16:45.6971074Z          LineFilterTest.cpp
2026-08-20T10:16:46.2003735Z          PathMatcherTest.cpp
2026-08-20T10:16:46.3855772Z      9>ClCompile:
2026-08-20T10:16:46.3856172Z          CodeCoverageRunner.cpp
2026-08-20T10:16:46.7194190Z     15>ClCompile:
2026-08-20T10:16:46.7194718Z          RelocationsExtractorTest.cpp
2026-08-20T10:16:48.4044336Z      9>ClCompile:
2026-08-20T10:16:48.4045793Z          CoverageDataMerger.cpp
2026-08-20T10:16:48.4854046Z     15>ClCompile:
2026-08-20T10:16:48.4854452Z          Tools.cpp
2026-08-20T10:16:48.8858243Z          UnifiedDiffCoverageFilterTest.cpp
2026-08-20T10:16:49.3732809Z          UnifiedDiffParserTest.cpp
2026-08-20T10:16:49.4975125Z      9>ClCompile:
2026-08-20T10:16:49.4975603Z          CoverageFilterManager.cpp
2026-08-20T10:16:49.9635570Z     15>ClCompile:
2026-08-20T10:16:49.9635903Z          Generating Code...
2026-08-20T10:16:50.6053414Z        Link:
2026-08-20T10:16:50.6059470Z          C:\Program Files\Microsoft Visual Studio\2022\Enterprise\VC\Tools\MSVC\14.44.35207\bin\HostArm64\arm64\link.exe /ERRORREPORT:QUEUE /OUT:"C:\a\OpenCppCoverage-ARM64\OpenCppCoverage-ARM64\ARM64\Debug\FileFilterTest.exe" /INCREMENTAL /ILK:"ARM64\Debug\FileFilterTest.ilk" /NOLOGO /LIBPATH:"C:\a\OpenCppCoverage-ARM64\OpenCppCoverage-ARM64\vcpkg_installed\arm64-windows\debug\lib" /LIBPATH:"C:\a\OpenCppCoverage-ARM64\OpenCppCoverage-ARM64\vcpkg_installed\arm64-windows\debug\lib\manual-link" gmock.lib gtest.lib bcrypt.lib kernel32.lib user32.lib gdi32.lib winspool.lib comdlg32.lib advapi32.lib shell32.lib ole32.lib oleaut32.lib uuid.lib odbc32.lib odbccp32.lib "C:\a\OpenCppCoverage-ARM64\OpenCppCoverage-ARM64\vcpkg_installed\arm64-windows\debug\lib\*.lib" /MANIFEST /MANIFESTUAC:"level='asInvoker' uiAccess='false'" /manifest:embed /DEBUG /PDB:"C:\a\OpenCppCoverage-ARM64\OpenCppCoverage-ARM64\ARM64\Debug\FileFilterTest.pdb" /SUBSYSTEM:CONSOLE /TLBID:1 /DYNAMICBASE /NXCOMPAT /IMPLIB:"C:\a\OpenCppCoverage-ARM64\OpenCppCoverage-ARM64\ARM64\Debug\FileFilterTest.lib" /MACHINE:ARM64 ARM64\Debug\FileFilterTest.obj
2026-08-20T10:16:50.6064372Z          ARM64\Debug\LineFilterTest.obj
2026-08-20T10:16:50.6067540Z          ARM64\Debug\PathMatcherTest.obj
2026-08-20T10:16:50.6068955Z          ARM64\Debug\RelocationsExtractorTest.obj
2026-08-20T10:16:50.6069548Z          ARM64\Debug\stdafx.obj
2026-08-20T10:16:50.6069966Z          ARM64\Debug\Tools.obj
2026-08-20T10:16:50.6070419Z          ARM64\Debug\UnifiedDiffCoverageFilterTest.obj
2026-08-20T10:16:50.6070899Z          ARM64\Debug\UnifiedDiffParserTest.obj
2026-08-20T10:16:50.6071439Z          "C:\a\OpenCppCoverage-ARM64\OpenCppCoverage-ARM64\ARM64\Debug\FileFilter.lib"
2026-08-20T10:16:50.6072174Z          "C:\a\OpenCppCoverage-ARM64\OpenCppCoverage-ARM64\ARM64\Debug\TestCoverageOptimizedBuild.lib"
2026-08-20T10:16:50.6072953Z          "C:\a\OpenCppCoverage-ARM64\OpenCppCoverage-ARM64\ARM64\Debug\TestHelper.lib"
2026-08-20T10:16:50.6073605Z          "C:\a\OpenCppCoverage-ARM64\OpenCppCoverage-ARM64\ARM64\Debug\Tools.lib"
2026-08-20T10:16:50.9856814Z          FileFilterTest.vcxproj -> C:\a\OpenCppCoverage-ARM64\OpenCppCoverage-ARM64\ARM64\Debug\FileFilterTest.exe
2026-08-20T10:16:50.9929167Z        AppLocalFromInstalled:
2026-08-20T10:16:50.9930994Z          "C:\Users\runneradmin\AppData\Local\OpenCppCoverage\vcpkg\vcpkg.exe" z-applocal --target-binary="C:\a\OpenCppCoverage-ARM64\OpenCppCoverage-ARM64\ARM64\Debug\FileFilterTest.exe" --installed-bin-dir="C:\a\OpenCppCoverage-ARM64\OpenCppCoverage-ARM64\vcpkg_installed\arm64-windows\debug\bin" --tlog-file="ARM64\Debug\FileFilterTest.tlog\FileFilterTest.write.1u.tlog" --copied-files-log="ARM64\Debug\vcpkg.applocal.log"
2026-08-20T10:16:51.0818226Z          C:\a\OpenCppCoverage-ARM64\OpenCppCoverage-ARM64\vcpkg_installed\arm64-windows\debug\bin\gmock.dll
2026-08-20T10:16:51.0819892Z          C:\a\OpenCppCoverage-ARM64\OpenCppCoverage-ARM64\vcpkg_installed\arm64-windows\debug\bin\boost_log-vc143-mt-gd-a64-1_91.dll
2026-08-20T10:16:51.0821796Z          C:\a\OpenCppCoverage-ARM64\OpenCppCoverage-ARM64\vcpkg_installed\arm64-windows\debug\bin\boost_filesystem-vc143-mt-gd-a64-1_91.dll
2026-08-20T10:16:51.0823520Z          C:\a\OpenCppCoverage-ARM64\OpenCppCoverage-ARM64\vcpkg_installed\arm64-windows\debug\bin\boost_thread-vc143-mt-gd-a64-1_91.dll
2026-08-20T10:16:51.0825319Z          C:\a\OpenCppCoverage-ARM64\OpenCppCoverage-ARM64\vcpkg_installed\arm64-windows\debug\bin\boost_iostreams-vc143-mt-gd-a64-1_91.dll
2026-08-20T10:16:51.0826946Z          C:\a\OpenCppCoverage-ARM64\OpenCppCoverage-ARM64\vcpkg_installed\arm64-windows\debug\bin\zd.dll
2026-08-20T10:16:51.0829349Z          C:\a\OpenCppCoverage-ARM64\OpenCppCoverage-ARM64\vcpkg_installed\arm64-windows\debug\bin\bz2d.dll
2026-08-20T10:16:51.0831120Z          C:\a\OpenCppCoverage-ARM64\OpenCppCoverage-ARM64\vcpkg_installed\arm64-windows\debug\bin\liblzma.dll
2026-08-20T10:16:51.0832888Z          C:\a\OpenCppCoverage-ARM64\OpenCppCoverage-ARM64\vcpkg_installed\arm64-windows\debug\bin\zstd.dll
2026-08-20T10:16:51.0835832Z          C:\a\OpenCppCoverage-ARM64\OpenCppCoverage-ARM64\vcpkg_installed\arm64-windows\debug\bin\boost_locale-vc143-mt-gd-a64-1_91.dll
2026-08-20T10:16:51.0836748Z          C:\a\OpenCppCoverage-ARM64\OpenCppCoverage-ARM64\vcpkg_installed\arm64-windows\debug\bin\PocoFoundationd.dll
2026-08-20T10:16:51.0837499Z          C:\a\OpenCppCoverage-ARM64\OpenCppCoverage-ARM64\vcpkg_installed\arm64-windows\debug\bin\pcre2-8d.dll
2026-08-20T10:16:51.0840318Z          C:\a\OpenCppCoverage-ARM64\OpenCppCoverage-ARM64\vcpkg_installed\arm64-windows\debug\bin\utf8proc.dll
2026-08-20T10:16:51.1314026Z        FinalizeBuildStatus:
2026-08-20T10:16:51.1315188Z          Deleting file "ARM64\Debug\FileFilterTest.tlog\unsuccessfulbuild".
2026-08-20T10:16:51.1318052Z          Touching "ARM64\Debug\FileFilterTest.tlog\FileFilterTest.lastbuildstate".
2026-08-20T10:16:51.1331873Z     15>Done Building Project "C:\a\OpenCppCoverage-ARM64\OpenCppCoverage-ARM64\FileFilterTest\FileFilterTest.vcxproj" (default targets).
2026-08-20T10:16:51.2390527Z      9>ClCompile:
2026-08-20T10:16:51.2390828Z          DebugInformationEnumerator.cpp
2026-08-20T10:16:54.1055409Z          ExportOptionParser.cpp
2026-08-20T10:16:55.5273502Z          FileSystem.cpp
2026-08-20T10:16:56.3733520Z          FilterAssistant.cpp
2026-08-20T10:16:57.5826526Z          MonitoredLineRegister.cpp
2026-08-20T10:16:59.3508394Z          RunCoverageSettings.cpp
2026-08-20T10:17:00.2575402Z          UnifiedDiffCoverageFilterManager.cpp
2026-08-20T10:17:02.2531262Z          UnifiedDiffSettings.cpp
2026-08-20T10:17:03.1048844Z          WildcardCoverageFilter.cpp
2026-08-20T10:17:05.1740755Z          CoverageRate.cpp
2026-08-20T10:17:05.1833821Z          CoverageRateComputer.cpp
2026-08-20T10:17:06.1484166Z          CoverageFilterSettings.cpp
2026-08-20T10:17:07.6434091Z          CppCoverageException.cpp
2026-08-20T10:17:08.4937318Z          Debugger.cpp
2026-08-20T10:17:10.2016832Z          ExceptionHandler.cpp
2026-08-20T10:17:11.5340232Z          Generating Code...
2026-08-20T10:17:12.6881720Z          Compiling...
2026-08-20T10:17:12.6882703Z          ExecutedAddressManager.cpp
2026-08-20T10:17:14.7310014Z          HandleInformation.cpp
2026-08-20T10:17:16.8657121Z          IDebugEventsHandler.cpp
2026-08-20T10:17:16.8763024Z          Options.cpp
2026-08-20T10:17:17.8919568Z          OptionsExport.cpp
2026-08-20T10:17:18.2830076Z          OptionsParser.cpp
2026-08-20T10:17:20.8107571Z          Patterns.cpp
2026-08-20T10:17:21.1922371Z          Process.cpp
2026-08-20T10:17:22.8343191Z          ProgramOptions.cpp
2026-08-20T10:17:24.1577115Z          StartInfo.cpp
2026-08-20T10:17:25.0588258Z          Wildcards.cpp
2026-08-20T10:17:26.7508952Z          Generating Code...
2026-08-20T10:17:27.9901248Z        Link:
2026-08-20T10:17:27.9905795Z          C:\Program Files\Microsoft Visual Studio\2022\Enterprise\VC\Tools\MSVC\14.44.35207\bin\HostArm64\arm64\link.exe /ERRORREPORT:QUEUE /OUT:"C:\a\OpenCppCoverage-ARM64\OpenCppCoverage-ARM64\ARM64\Debug\CppCoverage.dll" /INCREMENTAL /ILK:"ARM64\Debug\CppCoverage.ilk" /NOLOGO /LIBPATH:"C:\a\OpenCppCoverage-ARM64\OpenCppCoverage-ARM64\vcpkg_installed\arm64-windows\debug\lib" /LIBPATH:"C:\a\OpenCppCoverage-ARM64\OpenCppCoverage-ARM64\vcpkg_installed\arm64-windows\debug\lib\manual-link" Dbghelp.lib bcrypt.lib "C:\Program Files\Microsoft Visual Studio\2022\Enterprise\DIA SDK\lib\arm64\diaguids.lib" kernel32.lib user32.lib gdi32.lib winspool.lib comdlg32.lib advapi32.lib shell32.lib ole32.lib oleaut32.lib uuid.lib odbc32.lib odbccp32.lib "C:\a\OpenCppCoverage-ARM64\OpenCppCoverage-ARM64\vcpkg_installed\arm64-windows\debug\lib\*.lib" /MANIFEST /MANIFESTUAC:"level='asInvoker' uiAccess='false'" /manifest:embed /DEBUG /PDB:"C:\a\OpenCppCoverage-ARM64\OpenCppCoverage-ARM64\ARM64\Debug\CppCoverage.pdb" /SUBSYSTEM:WINDOWS /TLBID:1 /DYNAMICBASE /NXCOMPAT /IMPLIB:"C:\a\OpenCppCoverage-ARM64\OpenCppCoverage-ARM64\ARM64\Debug\CppCoverage.lib" /MACHINE:ARM64 /DLL ARM64\Debug\Address.obj
2026-08-20T10:17:27.9910377Z          ARM64\Debug\BreakPoint.obj
2026-08-20T10:17:27.9910694Z          ARM64\Debug\CodeCoverageRunner.obj
2026-08-20T10:17:27.9911043Z          ARM64\Debug\CoverageDataMerger.obj
2026-08-20T10:17:27.9911370Z          ARM64\Debug\CoverageFilterManager.obj
2026-08-20T10:17:27.9911701Z          ARM64\Debug\DebugInformationEnumerator.obj
2026-08-20T10:17:27.9912049Z          ARM64\Debug\ExportOptionParser.obj
2026-08-20T10:17:27.9912367Z          ARM64\Debug\FileSystem.obj
2026-08-20T10:17:27.9912968Z          ARM64\Debug\FilterAssistant.obj
2026-08-20T10:17:27.9913306Z          ARM64\Debug\MonitoredLineRegister.obj
2026-08-20T10:17:27.9913673Z          ARM64\Debug\RunCoverageSettings.obj
2026-08-20T10:17:27.9914038Z          ARM64\Debug\UnifiedDiffCoverageFilterManager.obj
2026-08-20T10:17:27.9914381Z          ARM64\Debug\UnifiedDiffSettings.obj
2026-08-20T10:17:27.9914706Z          ARM64\Debug\WildcardCoverageFilter.obj
2026-08-20T10:17:27.9915021Z          ARM64\Debug\CoverageRate.obj
2026-08-20T10:17:27.9915328Z          ARM64\Debug\CoverageRateComputer.obj
2026-08-20T10:17:27.9915651Z          ARM64\Debug\CoverageFilterSettings.obj
2026-08-20T10:17:27.9915975Z          ARM64\Debug\CppCoverageException.obj
2026-08-20T10:17:27.9916277Z          ARM64\Debug\Debugger.obj
2026-08-20T10:17:27.9916576Z          ARM64\Debug\ExceptionHandler.obj
2026-08-20T10:17:27.9916865Z          ARM64\Debug\ExecutedAddressManager.obj
2026-08-20T10:17:27.9917400Z          ARM64\Debug\HandleInformation.obj
2026-08-20T10:17:27.9917690Z          ARM64\Debug\IDebugEventsHandler.obj
2026-08-20T10:17:27.9918001Z          ARM64\Debug\Options.obj
2026-08-20T10:17:27.9918312Z          ARM64\Debug\OptionsExport.obj
2026-08-20T10:17:27.9918600Z          ARM64\Debug\OptionsParser.obj
2026-08-20T10:17:27.9918880Z          ARM64\Debug\Patterns.obj
2026-08-20T10:17:27.9919163Z          ARM64\Debug\Process.obj
2026-08-20T10:17:27.9919464Z          ARM64\Debug\ProgramOptions.obj
2026-08-20T10:17:27.9919759Z          ARM64\Debug\StartInfo.obj
2026-08-20T10:17:27.9920034Z          ARM64\Debug\stdafx.obj
2026-08-20T10:17:27.9920313Z          ARM64\Debug\Wildcards.obj
2026-08-20T10:17:27.9920767Z          "C:\a\OpenCppCoverage-ARM64\OpenCppCoverage-ARM64\ARM64\Debug\FileFilter.lib"
2026-08-20T10:17:27.9921327Z          "C:\a\OpenCppCoverage-ARM64\OpenCppCoverage-ARM64\ARM64\Debug\Plugin.lib"
2026-08-20T10:17:27.9921862Z          "C:\a\OpenCppCoverage-ARM64\OpenCppCoverage-ARM64\ARM64\Debug\Tools.lib"
2026-08-20T10:17:28.3096677Z             Creating library C:\a\OpenCppCoverage-ARM64\OpenCppCoverage-ARM64\ARM64\Debug\CppCoverage.lib and object C:\a\OpenCppCoverage-ARM64\OpenCppCoverage-ARM64\ARM64\Debug\CppCoverage.exp
2026-08-20T10:17:28.7133044Z          CppCoverage.vcxproj -> C:\a\OpenCppCoverage-ARM64\OpenCppCoverage-ARM64\ARM64\Debug\CppCoverage.dll
2026-08-20T10:17:28.7171924Z        AppLocalFromInstalled:
2026-08-20T10:17:28.7173563Z          "C:\Users\runneradmin\AppData\Local\OpenCppCoverage\vcpkg\vcpkg.exe" z-applocal --target-binary="C:\a\OpenCppCoverage-ARM64\OpenCppCoverage-ARM64\ARM64\Debug\CppCoverage.dll" --installed-bin-dir="C:\a\OpenCppCoverage-ARM64\OpenCppCoverage-ARM64\vcpkg_installed\arm64-windows\debug\bin" --tlog-file="ARM64\Debug\CppCoverage.tlog\CppCoverage.write.1u.tlog" --copied-files-log="ARM64\Debug\vcpkg.applocal.log"
2026-08-20T10:17:28.7986643Z          C:\a\OpenCppCoverage-ARM64\OpenCppCoverage-ARM64\vcpkg_installed\arm64-windows\debug\bin\boost_program_options-vc143-mt-gd-a64-1_91.dll -> C:\a\OpenCppCoverage-ARM64\OpenCppCoverage-ARM64\ARM64\Debug\boost_program_options-vc143-mt-gd-a64-1_91.dll done
2026-08-20T10:17:28.8120026Z          C:\a\OpenCppCoverage-ARM64\OpenCppCoverage-ARM64\vcpkg_installed\arm64-windows\debug\bin\boost_log-vc143-mt-gd-a64-1_91.dll
2026-08-20T10:17:28.8126742Z          C:\a\OpenCppCoverage-ARM64\OpenCppCoverage-ARM64\vcpkg_installed\arm64-windows\debug\bin\boost_filesystem-vc143-mt-gd-a64-1_91.dll
2026-08-20T10:17:28.8135210Z          C:\a\OpenCppCoverage-ARM64\OpenCppCoverage-ARM64\vcpkg_installed\arm64-windows\debug\bin\boost_thread-vc143-mt-gd-a64-1_91.dll
2026-08-20T10:17:28.8141543Z          C:\a\OpenCppCoverage-ARM64\OpenCppCoverage-ARM64\vcpkg_installed\arm64-windows\debug\bin\boost_program_options-vc143-mt-gd-a64-1_91.dll
2026-08-20T10:17:28.8144921Z          C:\a\OpenCppCoverage-ARM64\OpenCppCoverage-ARM64\vcpkg_installed\arm64-windows\debug\bin\boost_iostreams-vc143-mt-gd-a64-1_91.dll
2026-08-20T10:17:28.8146824Z          C:\a\OpenCppCoverage-ARM64\OpenCppCoverage-ARM64\vcpkg_installed\arm64-windows\debug\bin\zd.dll
2026-08-20T10:17:28.8148816Z          C:\a\OpenCppCoverage-ARM64\OpenCppCoverage-ARM64\vcpkg_installed\arm64-windows\debug\bin\bz2d.dll
2026-08-20T10:17:28.8150922Z          C:\a\OpenCppCoverage-ARM64\OpenCppCoverage-ARM64\vcpkg_installed\arm64-windows\debug\bin\liblzma.dll
2026-08-20T10:17:28.8152669Z          C:\a\OpenCppCoverage-ARM64\OpenCppCoverage-ARM64\vcpkg_installed\arm64-windows\debug\bin\zstd.dll
2026-08-20T10:17:28.8154335Z          C:\a\OpenCppCoverage-ARM64\OpenCppCoverage-ARM64\vcpkg_installed\arm64-windows\debug\bin\boost_locale-vc143-mt-gd-a64-1_91.dll
2026-08-20T10:17:28.8466774Z        PostBuildEvent:
2026-08-20T10:17:28.8467739Z          xcopy /y "C:\Program Files\Microsoft Visual Studio\2022\Enterprise\DIA SDK\bin\arm64\msdia140.dll" "C:\a\OpenCppCoverage-ARM64\OpenCppCoverage-ARM64\ARM64\Debug\"
2026-08-20T10:17:28.8468442Z          :VCEnd
2026-08-20T10:17:28.9413810Z          C:\Program Files\Microsoft Visual Studio\2022\Enterprise\DIA SDK\bin\arm64\msdia140.dll
2026-08-20T10:17:28.9679982Z          1 File(s) copied
2026-08-20T10:17:28.9841210Z        FinalizeBuildStatus:
2026-08-20T10:17:28.9841783Z          Deleting file "ARM64\Debug\CppCoverage.tlog\unsuccessfulbuild".
2026-08-20T10:17:28.9844685Z          Touching "ARM64\Debug\CppCoverage.tlog\CppCoverage.lastbuildstate".
2026-08-20T10:17:28.9855914Z      9>Done Building Project "C:\a\OpenCppCoverage-ARM64\OpenCppCoverage-ARM64\CppCoverage\CppCoverage.vcxproj" (default targets).
2026-08-20T10:17:28.9974857Z      5>PrepareForBuild:
2026-08-20T10:17:29.0005527Z          Creating directory "ARM64\Debug\".
2026-08-20T10:17:29.0007774Z          Structured output is enabled. The formatting of compiler diagnostics will reflect the error hierarchy. See https://aka.ms/cpp/structured-output for more details.
2026-08-20T10:17:29.0014235Z          Creating directory "ARM64\Debug\Exporter.tlog\".
2026-08-20T10:17:29.0127464Z        InitializeBuildStatus:
2026-08-20T10:17:29.0129892Z          Creating "ARM64\Debug\Exporter.tlog\unsuccessfulbuild" because "AlwaysCreate" was specified.
2026-08-20T10:17:29.0136768Z          Touching "ARM64\Debug\Exporter.tlog\unsuccessfulbuild".
2026-08-20T10:17:29.0169948Z        PreBuildEvent:
2026-08-20T10:17:29.0172666Z          "C:\a\OpenCppCoverage-ARM64\OpenCppCoverage-ARM64\vcpkg_installed\arm64-windows\tools\protobuf\protoc.exe" -I="C:\a\OpenCppCoverage-ARM64\OpenCppCoverage-ARM64\Exporter\Binary" --cpp_out="C:\a\OpenCppCoverage-ARM64\OpenCppCoverage-ARM64\Exporter\Binary" "C:\a\OpenCppCoverage-ARM64\OpenCppCoverage-ARM64\Exporter\Binary\CoverageData.proto"
2026-08-20T10:17:29.0179343Z          :VCEnd
2026-08-20T10:17:29.0916071Z      1>Project "C:\a\OpenCppCoverage-ARM64\OpenCppCoverage-ARM64\CppCoverage.sln" (1) is building "C:\a\OpenCppCoverage-ARM64\OpenCppCoverage-ARM64\CppCoverageTest\CppCoverageTest.vcxproj.metaproj" (2) on node 1 (default targets).
2026-08-20T10:17:29.0921660Z      2>Project "C:\a\OpenCppCoverage-ARM64\OpenCppCoverage-ARM64\CppCoverageTest\CppCoverageTest.vcxproj.metaproj" (2) is building "C:\a\OpenCppCoverage-ARM64\OpenCppCoverage-ARM64\CppCoverageTest\CppCoverageTest.vcxproj" (19) on node 3 (default targets).
2026-08-20T10:17:29.0934473Z     19>PrepareForBuild:
2026-08-20T10:17:29.0936386Z          Creating directory "ARM64\Debug\".
2026-08-20T10:17:29.0957767Z          Structured output is enabled. The formatting of compiler diagnostics will reflect the error hierarchy. See https://aka.ms/cpp/structured-output for more details.
2026-08-20T10:17:29.0964875Z          Creating directory "ARM64\Debug\CppCoverageTest.tlog\".
2026-08-20T10:17:29.1051888Z        InitializeBuildStatus:
2026-08-20T10:17:29.1052473Z          Creating "ARM64\Debug\CppCoverageTest.tlog\unsuccessfulbuild" because "AlwaysCreate" was specified.
2026-08-20T10:17:29.1058153Z          Touching "ARM64\Debug\CppCoverageTest.tlog\unsuccessfulbuild".
2026-08-20T10:17:29.1714215Z        VcpkgTripletSelection:
2026-08-20T10:17:29.1715539Z          Using triplet "arm64-windows" from "C:\a\OpenCppCoverage-ARM64\OpenCppCoverage-ARM64\vcpkg_installed\arm64-windows\"
2026-08-20T10:17:29.1721401Z          Using normalized configuration "Debug"
2026-08-20T10:17:29.1727566Z      5>VcpkgTripletSelection:
2026-08-20T10:17:29.1729355Z          Using triplet "arm64-windows" from "C:\a\OpenCppCoverage-ARM64\OpenCppCoverage-ARM64\vcpkg_installed\arm64-windows\"
2026-08-20T10:17:29.1731244Z          Using normalized configuration "Debug"
2026-08-20T10:17:29.1736901Z        VcpkgBootstrap:
2026-08-20T10:17:29.1739255Z        Skipping target "VcpkgBootstrap" because all output files are up-to-date with respect to the input files.
2026-08-20T10:17:29.1743260Z        VcpkgInstallManifestDependencies:
2026-08-20T10:17:29.1746759Z        Skipping target "VcpkgInstallManifestDependencies" because all output files are up-to-date with respect to the input files.
2026-08-20T10:17:29.1769379Z     19>VcpkgBootstrap:
2026-08-20T10:17:29.1770529Z        Skipping target "VcpkgBootstrap" because all output files are up-to-date with respect to the input files.
2026-08-20T10:17:29.1780494Z        VcpkgInstallManifestDependencies:
2026-08-20T10:17:29.1781562Z        Skipping target "VcpkgInstallManifestDependencies" because all output files are up-to-date with respect to the input files.
2026-08-20T10:17:29.1806214Z      5>ClCompile:
2026-08-20T10:17:29.1811813Z          C:\Program Files\Microsoft Visual Studio\2022\Enterprise\VC\Tools\MSVC\14.44.35207\bin\HostArm64\arm64\CL.exe /c /I"C:\a\OpenCppCoverage-ARM64\OpenCppCoverage-ARM64\\" /I"C:\a\OpenCppCoverage-ARM64\OpenCppCoverage-ARM64\Exporter\\" /I"C:\a\OpenCppCoverage-ARM64\OpenCppCoverage-ARM64\vcpkg_installed\arm64-windows\include" /ZI /JMC /nologo /W3 /WX /diagnostics:column /sdl /Od /Oy- /D EXPORTER_EXPORTS /D _SILENCE_CXX17_ITERATOR_BASE_CLASS_DEPRECATION_WARNING /D BOOST_CONFIG_SUPPRESS_OUTDATED_MESSAGE /D "OPENCPPCOVERAGE_VERSION=\"0.9.9.0\"" /D _CRT_SECURE_NO_WARNINGS /D "PROJECT_DIR=R\"|(C:\a\OpenCppCoverage-ARM64\OpenCppCoverage-ARM64\Exporter\)|\"" /D "SOLUTION_DIR=R\"|(C:\a\OpenCppCoverage-ARM64\OpenCppCoverage-ARM64\)|\"" /D "TARGET_FILE_NAME=R\"|(Exporter.dll)|\"" /D "OUT_DIR=R\"|(C:\a\OpenCppCoverage-ARM64\OpenCppCoverage-ARM64\ARM64\Debug\)|\"" /D NOMINMAX /D _ARM64_WINAPI_PARTITION_DESKTOP_SDK_AVAILABLE=1 /D _WINDLL /D _UNICODE /D UNICODE /Gm- /EHsc /RTC1 /MDd /GS /fp:precise /Zc:wchar_t /Zc:forScope /Zc:inline /std:c++17 /permissive- /Yc"stdafx.h" /Fp"ARM64\Debug\Exporter.pch" /Fo"ARM64\Debug\\" /Fd"ARM64\Debug\vc143.pdb" /external:W0 /Gd /TP /wd4251 /analyze- /FC /errorReport:queue /external:I"C:\a\OpenCppCoverage-ARM64\OpenCppCoverage-ARM64\vcpkg_installed\arm64-windows\include" stdafx.cpp
2026-08-20T10:17:29.1890680Z     19>ClCompile:
2026-08-20T10:17:29.1900232Z          C:\Program Files\Microsoft Visual Studio\2022\Enterprise\VC\Tools\MSVC\14.44.35207\bin\HostArm64\arm64\CL.exe /c /I"C:\a\OpenCppCoverage-ARM64\OpenCppCoverage-ARM64\\" /I"C:\a\OpenCppCoverage-ARM64\OpenCppCoverage-ARM64\CppCoverageTest\\" /I"C:\a\OpenCppCoverage-ARM64\OpenCppCoverage-ARM64\vcpkg_installed\arm64-windows\include" /ZI /JMC /nologo /W3 /WX /diagnostics:column /sdl /Od /Oy- /D WIN32 /D _DEBUG /D _CONSOLE /D _LIB /D GTEST_LINKED_AS_SHARED_LIBRARY=1 /D _SILENCE_TR1_NAMESPACE_DEPRECATION_WARNING /D BOOST_CONFIG_SUPPRESS_OUTDATED_MESSAGE /D "OPENCPPCOVERAGE_VERSION=\"0.9.9.0\"" /D _CRT_SECURE_NO_WARNINGS /D "PROJECT_DIR=R\"|(C:\a\OpenCppCoverage-ARM64\OpenCppCoverage-ARM64\CppCoverageTest\)|\"" /D "SOLUTION_DIR=R\"|(C:\a\OpenCppCoverage-ARM64\OpenCppCoverage-ARM64\)|\"" /D "TARGET_FILE_NAME=R\"|(CppCoverageTest.exe)|\"" /D "OUT_DIR=R\"|(C:\a\OpenCppCoverage-ARM64\OpenCppCoverage-ARM64\ARM64\Debug\)|\"" /D NOMINMAX /D _ARM64_WINAPI_PARTITION_DESKTOP_SDK_AVAILABLE=1 /D _UNICODE /D UNICODE /Gm- /EHsc /RTC1 /MDd /GS /fp:precise /Zc:wchar_t /Zc:forScope /Zc:inline /std:c++17 /permissive- /Yc"stdafx.h" /Fp"ARM64\Debug\CppCoverageTest.pch" /Fo"ARM64\Debug\\" /Fd"ARM64\Debug\vc143.pdb" /external:W3 /Gd /TP /wd4251 /wd4275 /analyze- /FC /errorReport:queue stdafx.cpp
2026-08-20T10:17:29.2338661Z          stdafx.cpp
2026-08-20T10:17:29.2353818Z      5>ClCompile:
2026-08-20T10:17:29.2354122Z          stdafx.cpp
2026-08-20T10:17:30.0126575Z          C:\Program Files\Microsoft Visual Studio\2022\Enterprise\VC\Tools\MSVC\14.44.35207\bin\HostArm64\arm64\CL.exe /c /I"C:\a\OpenCppCoverage-ARM64\OpenCppCoverage-ARM64\\" /I"C:\a\OpenCppCoverage-ARM64\OpenCppCoverage-ARM64\Exporter\\" /I"C:\a\OpenCppCoverage-ARM64\OpenCppCoverage-ARM64\vcpkg_installed\arm64-windows\include" /ZI /JMC /nologo /W3 /WX /diagnostics:column /sdl /Od /Oy- /D EXPORTER_EXPORTS /D _SILENCE_CXX17_ITERATOR_BASE_CLASS_DEPRECATION_WARNING /D BOOST_CONFIG_SUPPRESS_OUTDATED_MESSAGE /D "OPENCPPCOVERAGE_VERSION=\"0.9.9.0\"" /D _CRT_SECURE_NO_WARNINGS /D "PROJECT_DIR=R\"|(C:\a\OpenCppCoverage-ARM64\OpenCppCoverage-ARM64\Exporter\)|\"" /D "SOLUTION_DIR=R\"|(C:\a\OpenCppCoverage-ARM64\OpenCppCoverage-ARM64\)|\"" /D "TARGET_FILE_NAME=R\"|(Exporter.dll)|\"" /D "OUT_DIR=R\"|(C:\a\OpenCppCoverage-ARM64\OpenCppCoverage-ARM64\ARM64\Debug\)|\"" /D NOMINMAX /D _ARM64_WINAPI_PARTITION_DESKTOP_SDK_AVAILABLE=1 /D _WINDLL /D _UNICODE /D UNICODE /Gm- /EHsc /RTC1 /MDd /GS /fp:precise /Zc:wchar_t /Zc:forScope /Zc:inline /std:c++17 /permissive- /Yu"stdafx.h" /Fp"ARM64\Debug\Exporter.pch" /Fo"ARM64\Debug\\" /Fd"ARM64\Debug\vc143.pdb" /external:W0 /Gd /TP /wd4251 /analyze- /FC /errorReport:queue /external:I"C:\a\OpenCppCoverage-ARM64\OpenCppCoverage-ARM64\vcpkg_installed\arm64-windows\include" Binary\BinaryExporter.cpp CoberturaExporter.cpp Binary\CoverageDataSerializer.cpp Binary\CoverageDataDeserializer.cpp Html\HtmlExporter.cpp Html\HtmlFile.cpp Html\HtmlFileCoverageExporter.cpp Html\HtmlFolderStructure.cpp Html\TemplateHtmlExporter.cpp InvalidOutputFileException.cpp Plugin\ExporterPluginManager.cpp
2026-08-20T10:17:30.0640712Z          BinaryExporter.cpp
2026-08-20T10:17:30.9577220Z          CoberturaExporter.cpp
2026-08-20T10:17:31.3032580Z     19>ClCompile:
2026-08-20T10:17:31.3040273Z          C:\Program Files\Microsoft Visual Studio\2022\Enterprise\VC\Tools\MSVC\14.44.35207\bin\HostArm64\arm64\CL.exe /c /I"C:\a\OpenCppCoverage-ARM64\OpenCppCoverage-ARM64\\" /I"C:\a\OpenCppCoverage-ARM64\OpenCppCoverage-ARM64\CppCoverageTest\\" /I"C:\a\OpenCppCoverage-ARM64\OpenCppCoverage-ARM64\vcpkg_installed\arm64-windows\include" /ZI /JMC /nologo /W3 /WX /diagnostics:column /sdl /Od /Oy- /D WIN32 /D _DEBUG /D _CONSOLE /D _LIB /D GTEST_LINKED_AS_SHARED_LIBRARY=1 /D _SILENCE_TR1_NAMESPACE_DEPRECATION_WARNING /D BOOST_CONFIG_SUPPRESS_OUTDATED_MESSAGE /D "OPENCPPCOVERAGE_VERSION=\"0.9.9.0\"" /D _CRT_SECURE_NO_WARNINGS /D "PROJECT_DIR=R\"|(C:\a\OpenCppCoverage-ARM64\OpenCppCoverage-ARM64\CppCoverageTest\)|\"" /D "SOLUTION_DIR=R\"|(C:\a\OpenCppCoverage-ARM64\OpenCppCoverage-ARM64\)|\"" /D "TARGET_FILE_NAME=R\"|(CppCoverageTest.exe)|\"" /D "OUT_DIR=R\"|(C:\a\OpenCppCoverage-ARM64\OpenCppCoverage-ARM64\ARM64\Debug\)|\"" /D NOMINMAX /D _ARM64_WINAPI_PARTITION_DESKTOP_SDK_AVAILABLE=1 /D _UNICODE /D UNICODE /Gm- /EHsc /RTC1 /MDd /GS /fp:precise /Zc:wchar_t /Zc:forScope /Zc:inline /std:c++17 /permissive- /Yu"stdafx.h" /Fp"ARM64\Debug\CppCoverageTest.pch" /Fo"ARM64\Debug\\" /Fd"ARM64\Debug\vc143.pdb" /external:W3 /Gd /TP /wd4251 /wd4275 /analyze- /FC /errorReport:queue BreakPointTest.cpp CodeCoverageRunnerTest.cpp CoverageDataMergerRandomTest.cpp CoverageDataMergerTest.cpp DebugInformationEnumeratorTest.cpp FilterAssistantTest.cpp UnifiedDiffCoverageFilterManagerTest.cpp OptionsParserUnifiedDiffTest.cpp WildcardCoverageFilterTest.cpp CoverageRateComputerTest.cpp CoverageRateTest.cpp CppCoverageExceptionTest.cpp CppCoverageTest.cpp DebuggerTest.cpp ExceptionHandlerTest.cpp ExecutedAddressManagerTest.cpp HandleInformationTest.cpp OptionsParserConfigTest.cpp OptionsParserExportTest.cpp OptionsParserPatternTest.cpp OptionsParserTest.cpp ProcessTest.cpp StartInfoTest.cpp TestTools.cpp WildcardsTest.cpp
2026-08-20T10:17:31.3509950Z          BreakPointTest.cpp
2026-08-20T10:17:32.1564139Z          CodeCoverageRunnerTest.cpp
2026-08-20T10:17:32.7680771Z      5>ClCompile:
2026-08-20T10:17:32.7681190Z          CoverageDataSerializer.cpp
2026-08-20T10:17:34.4739886Z     19>ClCompile:
2026-08-20T10:17:34.4740241Z          CoverageDataMergerRandomTest.cpp
2026-08-20T10:17:35.0940914Z          CoverageDataMergerTest.cpp
2026-08-20T10:17:35.6765817Z          DebugInformationEnumeratorTest.cpp
2026-08-20T10:17:35.7588202Z      5>ClCompile:
2026-08-20T10:17:35.7588553Z          CoverageDataDeserializer.cpp
2026-08-20T10:17:36.1416704Z     19>ClCompile:
2026-08-20T10:17:36.1417081Z          FilterAssistantTest.cpp
2026-08-20T10:17:36.9805065Z          UnifiedDiffCoverageFilterManagerTest.cpp
2026-08-20T10:17:37.9521410Z          OptionsParserUnifiedDiffTest.cpp
2026-08-20T10:17:38.7548033Z      5>ClCompile:
2026-08-20T10:17:38.7548345Z          HtmlExporter.cpp
2026-08-20T10:17:39.2144217Z     19>ClCompile:
2026-08-20T10:17:39.2144576Z          WildcardCoverageFilterTest.cpp
2026-08-20T10:17:39.2921035Z          CoverageRateComputerTest.cpp
2026-08-20T10:17:39.7638685Z          CoverageRateTest.cpp
2026-08-20T10:17:39.8047433Z          CppCoverageExceptionTest.cpp
2026-08-20T10:17:39.8458087Z          CppCoverageTest.cpp
2026-08-20T10:17:40.7895871Z      5>ClCompile:
2026-08-20T10:17:40.7896609Z          HtmlFile.cpp
2026-08-20T10:17:40.8966799Z     19>ClCompile:
2026-08-20T10:17:40.8967490Z          DebuggerTest.cpp
2026-08-20T10:17:41.5732316Z      5>ClCompile:
2026-08-20T10:17:41.5732678Z          HtmlFileCoverageExporter.cpp
2026-08-20T10:17:42.4995236Z     19>ClCompile:
2026-08-20T10:17:42.4995840Z          ExceptionHandlerTest.cpp
2026-08-20T10:17:43.3517361Z      5>ClCompile:
2026-08-20T10:17:43.3517701Z          HtmlFolderStructure.cpp
2026-08-20T10:17:43.4540360Z     19>ClCompile:
2026-08-20T10:17:43.4540733Z          ExecutedAddressManagerTest.cpp
2026-08-20T10:17:44.4106582Z          HandleInformationTest.cpp
2026-08-20T10:17:44.8768677Z      5>ClCompile:
2026-08-20T10:17:44.8769496Z          TemplateHtmlExporter.cpp
2026-08-20T10:17:45.3255091Z     19>ClCompile:
2026-08-20T10:17:45.3255595Z          OptionsParserConfigTest.cpp
2026-08-20T10:17:46.5933049Z          OptionsParserExportTest.cpp
2026-08-20T10:17:46.7482302Z      5>ClCompile:
2026-08-20T10:17:46.7482831Z          InvalidOutputFileException.cpp
2026-08-20T10:17:47.5512751Z          ExporterPluginManager.cpp
2026-08-20T10:17:47.6595308Z     19>ClCompile:
2026-08-20T10:17:47.6596101Z          OptionsParserPatternTest.cpp
2026-08-20T10:17:48.6634248Z      5>ClCompile:
2026-08-20T10:17:48.6634629Z          Generating Code...
2026-08-20T10:17:48.9359169Z     19>ClCompile:
2026-08-20T10:17:48.9359607Z          Generating Code...
2026-08-20T10:17:50.0652371Z      5>ClCompile:
2026-08-20T10:17:50.0657160Z          C:\Program Files\Microsoft Visual Studio\2022\Enterprise\VC\Tools\MSVC\14.44.35207\bin\HostArm64\arm64\CL.exe /c /I"C:\a\OpenCppCoverage-ARM64\OpenCppCoverage-ARM64\\" /I"C:\a\OpenCppCoverage-ARM64\OpenCppCoverage-ARM64\Exporter\\" /I"C:\a\OpenCppCoverage-ARM64\OpenCppCoverage-ARM64\vcpkg_installed\arm64-windows\include" /ZI /JMC /nologo /W0 /WX /diagnostics:column /sdl /Od /Oy- /D EXPORTER_EXPORTS /D _SILENCE_CXX17_ITERATOR_BASE_CLASS_DEPRECATION_WARNING /D BOOST_CONFIG_SUPPRESS_OUTDATED_MESSAGE /D "OPENCPPCOVERAGE_VERSION=\"0.9.9.0\"" /D _CRT_SECURE_NO_WARNINGS /D "PROJECT_DIR=R\"|(C:\a\OpenCppCoverage-ARM64\OpenCppCoverage-ARM64\Exporter\)|\"" /D "SOLUTION_DIR=R\"|(C:\a\OpenCppCoverage-ARM64\OpenCppCoverage-ARM64\)|\"" /D "TARGET_FILE_NAME=R\"|(Exporter.dll)|\"" /D "OUT_DIR=R\"|(C:\a\OpenCppCoverage-ARM64\OpenCppCoverage-ARM64\ARM64\Debug\)|\"" /D NOMINMAX /D _ARM64_WINAPI_PARTITION_DESKTOP_SDK_AVAILABLE=1 /D _WINDLL /D _UNICODE /D UNICODE /Gm- /EHsc /RTC1 /MDd /GS /fp:precise /Zc:wchar_t /Zc:forScope /Zc:inline /std:c++17 /permissive- /Fo"ARM64\Debug\\" /Fd"ARM64\Debug\vc143.pdb" /external:W0 /Gd /TP /wd4146 /wd4251 /analyze- /FC /errorReport:queue /external:I"C:\a\OpenCppCoverage-ARM64\OpenCppCoverage-ARM64\vcpkg_installed\arm64-windows\include" Binary\CoverageData.pb.cc
2026-08-20T10:17:50.1702364Z          CoverageData.pb.cc
2026-08-20T10:17:50.7423018Z     19>ClCompile:
2026-08-20T10:17:50.7424573Z          Compiling...
2026-08-20T10:17:50.7425234Z          OptionsParserTest.cpp
2026-08-20T10:17:52.2401533Z          ProcessTest.cpp
2026-08-20T10:17:53.6311742Z          StartInfoTest.cpp
2026-08-20T10:17:53.9312070Z      5>Link:
2026-08-20T10:17:53.9316296Z          C:\Program Files\Microsoft Visual Studio\2022\Enterprise\VC\Tools\MSVC\14.44.35207\bin\HostArm64\arm64\link.exe /ERRORREPORT:QUEUE /OUT:"C:\a\OpenCppCoverage-ARM64\OpenCppCoverage-ARM64\ARM64\Debug\Exporter.dll" /INCREMENTAL /ILK:"ARM64\Debug\Exporter.ilk" /NOLOGO /LIBPATH:"C:\a\OpenCppCoverage-ARM64\OpenCppCoverage-ARM64\vcpkg_installed\arm64-windows\debug\lib" /LIBPATH:"C:\a\OpenCppCoverage-ARM64\OpenCppCoverage-ARM64\vcpkg_installed\arm64-windows\debug\lib\manual-link" bcrypt.lib kernel32.lib user32.lib gdi32.lib winspool.lib comdlg32.lib advapi32.lib shell32.lib ole32.lib oleaut32.lib uuid.lib odbc32.lib odbccp32.lib "C:\a\OpenCppCoverage-ARM64\OpenCppCoverage-ARM64\vcpkg_installed\arm64-windows\debug\lib\*.lib" /MANIFEST /MANIFESTUAC:"level='asInvoker' uiAccess='false'" /manifest:embed /DEBUG /PDB:"C:\a\OpenCppCoverage-ARM64\OpenCppCoverage-ARM64\ARM64\Debug\Exporter.pdb" /TLBID:1 /DYNAMICBASE /NXCOMPAT /IMPLIB:"C:\a\OpenCppCoverage-ARM64\OpenCppCoverage-ARM64\ARM64\Debug\Exporter.lib" /MACHINE:ARM64 /DLL ARM64\Debug\BinaryExporter.obj
2026-08-20T10:17:53.9320268Z          ARM64\Debug\CoverageData.pb.obj
2026-08-20T10:17:53.9321330Z          ARM64\Debug\CoberturaExporter.obj
2026-08-20T10:17:53.9322007Z          ARM64\Debug\CoverageDataSerializer.obj
2026-08-20T10:17:53.9322552Z          ARM64\Debug\CoverageDataDeserializer.obj
2026-08-20T10:17:53.9323041Z          ARM64\Debug\HtmlExporter.obj
2026-08-20T10:17:53.9323462Z          ARM64\Debug\HtmlFile.obj
2026-08-20T10:17:53.9323925Z          ARM64\Debug\HtmlFileCoverageExporter.obj
2026-08-20T10:17:53.9324420Z          ARM64\Debug\HtmlFolderStructure.obj
2026-08-20T10:17:53.9324916Z          ARM64\Debug\TemplateHtmlExporter.obj
2026-08-20T10:17:53.9325402Z          ARM64\Debug\InvalidOutputFileException.obj
2026-08-20T10:17:53.9325802Z          ARM64\Debug\ExporterPluginManager.obj
2026-08-20T10:17:53.9326128Z          ARM64\Debug\stdafx.obj
2026-08-20T10:17:53.9326546Z          "C:\a\OpenCppCoverage-ARM64\OpenCppCoverage-ARM64\ARM64\Debug\CppCoverage.lib"
2026-08-20T10:17:53.9327146Z          "C:\a\OpenCppCoverage-ARM64\OpenCppCoverage-ARM64\ARM64\Debug\Plugin.lib"
2026-08-20T10:17:53.9327731Z          "C:\a\OpenCppCoverage-ARM64\OpenCppCoverage-ARM64\ARM64\Debug\Tools.lib"
2026-08-20T10:17:54.0522152Z     19>ClCompile:
2026-08-20T10:17:54.0522511Z          TestTools.cpp
2026-08-20T10:17:54.1138112Z      5>Link:
2026-08-20T10:17:54.1139413Z             Creating library C:\a\OpenCppCoverage-ARM64\OpenCppCoverage-ARM64\ARM64\Debug\Exporter.lib and object C:\a\OpenCppCoverage-ARM64\OpenCppCoverage-ARM64\ARM64\Debug\Exporter.exp
2026-08-20T10:17:54.4164208Z          Exporter.vcxproj -> C:\a\OpenCppCoverage-ARM64\OpenCppCoverage-ARM64\ARM64\Debug\Exporter.dll
2026-08-20T10:17:54.4179144Z        AppLocalFromInstalled:
2026-08-20T10:17:54.4180826Z          "C:\Users\runneradmin\AppData\Local\OpenCppCoverage\vcpkg\vcpkg.exe" z-applocal --target-binary="C:\a\OpenCppCoverage-ARM64\OpenCppCoverage-ARM64\ARM64\Debug\Exporter.dll" --installed-bin-dir="C:\a\OpenCppCoverage-ARM64\OpenCppCoverage-ARM64\vcpkg_installed\arm64-windows\debug\bin" --tlog-file="ARM64\Debug\Exporter.tlog\Exporter.write.1u.tlog" --copied-files-log="ARM64\Debug\vcpkg.applocal.log"
2026-08-20T10:17:54.4974975Z          C:\a\OpenCppCoverage-ARM64\OpenCppCoverage-ARM64\vcpkg_installed\arm64-windows\debug\bin\abseil_dll.dll -> C:\a\OpenCppCoverage-ARM64\OpenCppCoverage-ARM64\ARM64\Debug\abseil_dll.dll done
2026-08-20T10:17:54.4994233Z          C:\a\OpenCppCoverage-ARM64\OpenCppCoverage-ARM64\vcpkg_installed\arm64-windows\debug\bin\libctemplate.dll -> C:\a\OpenCppCoverage-ARM64\OpenCppCoverage-ARM64\ARM64\Debug\libctemplate.dll done
2026-08-20T10:17:54.5019112Z          C:\a\OpenCppCoverage-ARM64\OpenCppCoverage-ARM64\vcpkg_installed\arm64-windows\debug\bin\libprotobuf-lited.dll -> C:\a\OpenCppCoverage-ARM64\OpenCppCoverage-ARM64\ARM64\Debug\libprotobuf-lited.dll done
2026-08-20T10:17:54.5377147Z          C:\a\OpenCppCoverage-ARM64\OpenCppCoverage-ARM64\vcpkg_installed\arm64-windows\debug\bin\libprotobufd.dll -> C:\a\OpenCppCoverage-ARM64\OpenCppCoverage-ARM64\ARM64\Debug\libprotobufd.dll done
2026-08-20T10:17:54.5535534Z          C:\a\OpenCppCoverage-ARM64\OpenCppCoverage-ARM64\vcpkg_installed\arm64-windows\debug\bin\abseil_dll.dll
2026-08-20T10:17:54.5536386Z          C:\a\OpenCppCoverage-ARM64\OpenCppCoverage-ARM64\vcpkg_installed\arm64-windows\debug\bin\libctemplate.dll
2026-08-20T10:17:54.5537198Z          C:\a\OpenCppCoverage-ARM64\OpenCppCoverage-ARM64\vcpkg_installed\arm64-windows\debug\bin\libprotobuf-lited.dll
2026-08-20T10:17:54.5538079Z          C:\a\OpenCppCoverage-ARM64\OpenCppCoverage-ARM64\vcpkg_installed\arm64-windows\debug\bin\libprotobufd.dll
2026-08-20T10:17:54.5538917Z          C:\a\OpenCppCoverage-ARM64\OpenCppCoverage-ARM64\vcpkg_installed\arm64-windows\debug\bin\boost_log-vc143-mt-gd-a64-1_91.dll
2026-08-20T10:17:54.5539835Z          C:\a\OpenCppCoverage-ARM64\OpenCppCoverage-ARM64\vcpkg_installed\arm64-windows\debug\bin\boost_filesystem-vc143-mt-gd-a64-1_91.dll
2026-08-20T10:17:54.5540790Z          C:\a\OpenCppCoverage-ARM64\OpenCppCoverage-ARM64\vcpkg_installed\arm64-windows\debug\bin\boost_thread-vc143-mt-gd-a64-1_91.dll
2026-08-20T10:17:54.5541733Z          C:\a\OpenCppCoverage-ARM64\OpenCppCoverage-ARM64\vcpkg_installed\arm64-windows\debug\bin\boost_program_options-vc143-mt-gd-a64-1_91.dll
2026-08-20T10:17:54.5542688Z          C:\a\OpenCppCoverage-ARM64\OpenCppCoverage-ARM64\vcpkg_installed\arm64-windows\debug\bin\boost_iostreams-vc143-mt-gd-a64-1_91.dll
2026-08-20T10:17:54.5543544Z          C:\a\OpenCppCoverage-ARM64\OpenCppCoverage-ARM64\vcpkg_installed\arm64-windows\debug\bin\zd.dll
2026-08-20T10:17:54.5544257Z          C:\a\OpenCppCoverage-ARM64\OpenCppCoverage-ARM64\vcpkg_installed\arm64-windows\debug\bin\bz2d.dll
2026-08-20T10:17:54.5544986Z          C:\a\OpenCppCoverage-ARM64\OpenCppCoverage-ARM64\vcpkg_installed\arm64-windows\debug\bin\liblzma.dll
2026-08-20T10:17:54.5545722Z          C:\a\OpenCppCoverage-ARM64\OpenCppCoverage-ARM64\vcpkg_installed\arm64-windows\debug\bin\zstd.dll
2026-08-20T10:17:54.5546561Z          C:\a\OpenCppCoverage-ARM64\OpenCppCoverage-ARM64\vcpkg_installed\arm64-windows\debug\bin\boost_locale-vc143-mt-gd-a64-1_91.dll
2026-08-20T10:17:54.5853407Z        PostBuildEvent:
2026-08-20T10:17:54.5854753Z          if not exist "C:\a\OpenCppCoverage-ARM64\OpenCppCoverage-ARM64\ARM64\Debug\Template" mkdir "C:\a\OpenCppCoverage-ARM64\OpenCppCoverage-ARM64\ARM64\Debug\Template" && xcopy /s /y "C:\a\OpenCppCoverage-ARM64\OpenCppCoverage-ARM64\Exporter\Html\Template" "C:\a\OpenCppCoverage-ARM64\OpenCppCoverage-ARM64\ARM64\Debug\Template"
2026-08-20T10:17:54.5856439Z          :VCEnd
2026-08-20T10:17:54.6503302Z          C:\a\OpenCppCoverage-ARM64\OpenCppCoverage-ARM64\Exporter\Html\Template\MainTemplate.html
2026-08-20T10:17:54.6509403Z          C:\a\OpenCppCoverage-ARM64\OpenCppCoverage-ARM64\Exporter\Html\Template\SourceTemplate.html
2026-08-20T10:17:54.6529277Z          C:\a\OpenCppCoverage-ARM64\OpenCppCoverage-ARM64\Exporter\Html\Template\third-party\css\style.css
2026-08-20T10:17:54.6541414Z          C:\a\OpenCppCoverage-ARM64\OpenCppCoverage-ARM64\Exporter\Html\Template\third-party\css\table-images\botleft.png
2026-08-20T10:17:54.6549470Z          C:\a\OpenCppCoverage-ARM64\OpenCppCoverage-ARM64\Exporter\Html\Template\third-party\css\table-images\botright.png
2026-08-20T10:17:54.6556881Z          C:\a\OpenCppCoverage-ARM64\OpenCppCoverage-ARM64\Exporter\Html\Template\third-party\css\table-images\left.png
2026-08-20T10:17:54.6562426Z          C:\a\OpenCppCoverage-ARM64\OpenCppCoverage-ARM64\Exporter\Html\Template\third-party\css\table-images\right.png
2026-08-20T10:17:54.6576461Z          C:\a\OpenCppCoverage-ARM64\OpenCppCoverage-ARM64\Exporter\Html\Template\third-party\google-code-prettify\prettify-CppCoverage.css
2026-08-20T10:17:54.6583461Z          C:\a\OpenCppCoverage-ARM64\OpenCppCoverage-ARM64\Exporter\Html\Template\third-party\google-code-prettify\prettify.js
2026-08-20T10:17:54.6590019Z          C:\a\OpenCppCoverage-ARM64\OpenCppCoverage-ARM64\Exporter\Html\Template\third-party\google-code-prettify\run_prettify.js
2026-08-20T10:17:54.6633203Z          C:\a\OpenCppCoverage-ARM64\OpenCppCoverage-ARM64\Exporter\Html\Template\third-party\JQuery\jquery-3.4.1.min.js
2026-08-20T10:17:54.6648841Z          C:\a\OpenCppCoverage-ARM64\OpenCppCoverage-ARM64\Exporter\Html\Template\third-party\RGraph\license.txt
2026-08-20T10:17:54.6663069Z          C:\a\OpenCppCoverage-ARM64\OpenCppCoverage-ARM64\Exporter\Html\Template\third-party\RGraph\libraries\RGraph.common.core.js
2026-08-20T10:17:54.6672925Z          C:\a\OpenCppCoverage-ARM64\OpenCppCoverage-ARM64\Exporter\Html\Template\third-party\RGraph\libraries\RGraph.common.dynamic.js
2026-08-20T10:17:54.6680280Z          C:\a\OpenCppCoverage-ARM64\OpenCppCoverage-ARM64\Exporter\Html\Template\third-party\RGraph\libraries\RGraph.common.tooltips.js
2026-08-20T10:17:54.6713185Z          C:\a\OpenCppCoverage-ARM64\OpenCppCoverage-ARM64\Exporter\Html\Template\third-party\RGraph\libraries\RGraph.pie.js
2026-08-20T10:17:54.6727398Z          16 File(s) copied
2026-08-20T10:17:54.6858580Z        FinalizeBuildStatus:
2026-08-20T10:17:54.6859148Z          Deleting file "ARM64\Debug\Exporter.tlog\unsuccessfulbuild".
2026-08-20T10:17:54.6859930Z          Touching "ARM64\Debug\Exporter.tlog\Exporter.lastbuildstate".
2026-08-20T10:17:54.6861585Z      5>Done Building Project "C:\a\OpenCppCoverage-ARM64\OpenCppCoverage-ARM64\Exporter\Exporter.vcxproj" (default targets).
2026-08-20T10:17:54.7200940Z      8>PrepareForBuild:
2026-08-20T10:17:54.7213547Z          Creating directory "ARM64\Debug\".
2026-08-20T10:17:54.7240727Z          Structured output is enabled. The formatting of compiler diagnostics will reflect the error hierarchy. See https://aka.ms/cpp/structured-output for more details.
2026-08-20T10:17:54.7287753Z          Creating directory "ARM64\Debug\OpenCppCoverage.tlog\".
2026-08-20T10:17:54.7441307Z        InitializeBuildStatus:
2026-08-20T10:17:54.7455096Z          Creating "ARM64\Debug\OpenCppCoverage.tlog\unsuccessfulbuild" because "AlwaysCreate" was specified.
2026-08-20T10:17:54.7465183Z          Touching "ARM64\Debug\OpenCppCoverage.tlog\unsuccessfulbuild".
2026-08-20T10:17:54.7709340Z        VcpkgTripletSelection:
2026-08-20T10:17:54.7720873Z          Using triplet "arm64-windows" from "C:\a\OpenCppCoverage-ARM64\OpenCppCoverage-ARM64\vcpkg_installed\arm64-windows\"
2026-08-20T10:17:54.7735404Z          Using normalized configuration "Debug"
2026-08-20T10:17:54.7740789Z        VcpkgBootstrap:
2026-08-20T10:17:54.7746722Z        Skipping target "VcpkgBootstrap" because all output files are up-to-date with respect to the input files.
2026-08-20T10:17:54.7750692Z        VcpkgInstallManifestDependencies:
2026-08-20T10:17:54.7753949Z        Skipping target "VcpkgInstallManifestDependencies" because all output files are up-to-date with respect to the input files.
2026-08-20T10:17:54.7836668Z        ClCompile:
2026-08-20T10:17:54.7843459Z          C:\Program Files\Microsoft Visual Studio\2022\Enterprise\VC\Tools\MSVC\14.44.35207\bin\HostArm64\arm64\CL.exe /c /I"C:\a\OpenCppCoverage-ARM64\OpenCppCoverage-ARM64\\" /I"C:\a\OpenCppCoverage-ARM64\OpenCppCoverage-ARM64\OpenCppCoverage\\" /I"C:\a\OpenCppCoverage-ARM64\OpenCppCoverage-ARM64\vcpkg_installed\arm64-windows\include" /ZI /JMC /nologo /W3 /WX /diagnostics:column /sdl /Od /Oy- /D WIN32 /D OPEN_CPP_COVERAGE_EXPORTS /D _DEBUG /D _CONSOLE /D _LIB /D BOOST_CONFIG_SUPPRESS_OUTDATED_MESSAGE /D "OPENCPPCOVERAGE_VERSION=\"0.9.9.0\"" /D _CRT_SECURE_NO_WARNINGS /D "PROJECT_DIR=R\"|(C:\a\OpenCppCoverage-ARM64\OpenCppCoverage-ARM64\OpenCppCoverage\)|\"" /D "SOLUTION_DIR=R\"|(C:\a\OpenCppCoverage-ARM64\OpenCppCoverage-ARM64\)|\"" /D "TARGET_FILE_NAME=R\"|(OpenCppCoverage.exe)|\"" /D "OUT_DIR=R\"|(C:\a\OpenCppCoverage-ARM64\OpenCppCoverage-ARM64\ARM64\Debug\)|\"" /D NOMINMAX /D _ARM64_WINAPI_PARTITION_DESKTOP_SDK_AVAILABLE=1 /D _UNICODE /D UNICODE /Gm- /EHsc /RTC1 /MDd /GS /fp:precise /Zc:wchar_t /Zc:forScope /Zc:inline /std:c++17 /permissive- /Yc"stdafx.h" /Fp"ARM64\Debug\OpenCppCoverage.pch" /Fo"ARM64\Debug\\" /Fd"ARM64\Debug\vc143.pdb" /external:W3 /Gd /TP /analyze- /FC /errorReport:queue stdafx.cpp
2026-08-20T10:17:54.8479540Z      3>Project "C:\a\OpenCppCoverage-ARM64\OpenCppCoverage-ARM64\ExporterTest\ExporterTest.vcxproj.metaproj" (3) is building "C:\a\OpenCppCoverage-ARM64\OpenCppCoverage-ARM64\ExporterTest\ExporterTest.vcxproj" (20) on node 2 (default targets).
2026-08-20T10:17:54.8488687Z     20>PrepareForBuild:
2026-08-20T10:17:54.8496423Z          Creating directory "ARM64\Debug\".
2026-08-20T10:17:54.8506507Z          Structured output is enabled. The formatting of compiler diagnostics will reflect the error hierarchy. See https://aka.ms/cpp/structured-output for more details.
2026-08-20T10:17:54.8513688Z          Creating directory "ARM64\Debug\ExporterTest.tlog\".
2026-08-20T10:17:54.8538595Z      8>ClCompile:
2026-08-20T10:17:54.8546584Z          stdafx.cpp
2026-08-20T10:17:54.8624944Z     20>InitializeBuildStatus:
2026-08-20T10:17:54.8628996Z          Creating "ARM64\Debug\ExporterTest.tlog\unsuccessfulbuild" because "AlwaysCreate" was specified.
2026-08-20T10:17:54.8630577Z          Touching "ARM64\Debug\ExporterTest.tlog\unsuccessfulbuild".
2026-08-20T10:17:54.9044393Z        VcpkgTripletSelection:
2026-08-20T10:17:54.9054202Z          Using triplet "arm64-windows" from "C:\a\OpenCppCoverage-ARM64\OpenCppCoverage-ARM64\vcpkg_installed\arm64-windows\"
2026-08-20T10:17:54.9059466Z          Using normalized configuration "Debug"
2026-08-20T10:17:54.9067891Z        VcpkgBootstrap:
2026-08-20T10:17:54.9075702Z        Skipping target "VcpkgBootstrap" because all output files are up-to-date with respect to the input files.
2026-08-20T10:17:54.9083485Z        VcpkgInstallManifestDependencies:
2026-08-20T10:17:54.9091410Z        Skipping target "VcpkgInstallManifestDependencies" because all output files are up-to-date with respect to the input files.
2026-08-20T10:17:54.9140933Z        ClCompile:
2026-08-20T10:17:54.9150300Z          C:\Program Files\Microsoft Visual Studio\2022\Enterprise\VC\Tools\MSVC\14.44.35207\bin\HostArm64\arm64\CL.exe /c /I"C:\a\OpenCppCoverage-ARM64\OpenCppCoverage-ARM64\\" /I"C:\a\OpenCppCoverage-ARM64\OpenCppCoverage-ARM64\ExporterTest\\" /I"C:\a\OpenCppCoverage-ARM64\OpenCppCoverage-ARM64\vcpkg_installed\arm64-windows\include" /ZI /JMC /nologo /W3 /WX /diagnostics:column /sdl /Od /Oy- /D WIN32 /D _DEBUG /D _CONSOLE /D _LIB /D _SCL_SECURE_NO_WARNINGS /D GTEST_LINKED_AS_SHARED_LIBRARY=1 /D _SILENCE_TR1_NAMESPACE_DEPRECATION_WARNING /D BOOST_CONFIG_SUPPRESS_OUTDATED_MESSAGE /D "OPENCPPCOVERAGE_VERSION=\"0.9.9.0\"" /D _CRT_SECURE_NO_WARNINGS /D "PROJECT_DIR=R\"|(C:\a\OpenCppCoverage-ARM64\OpenCppCoverage-ARM64\ExporterTest\)|\"" /D "SOLUTION_DIR=R\"|(C:\a\OpenCppCoverage-ARM64\OpenCppCoverage-ARM64\)|\"" /D "TARGET_FILE_NAME=R\"|(ExporterTest.exe)|\"" /D "OUT_DIR=R\"|(C:\a\OpenCppCoverage-ARM64\OpenCppCoverage-ARM64\ARM64\Debug\)|\"" /D NOMINMAX /D _ARM64_WINAPI_PARTITION_DESKTOP_SDK_AVAILABLE=1 /D _UNICODE /D UNICODE /Gm- /EHsc /RTC1 /MDd /GS /fp:precise /Zc:wchar_t /Zc:forScope /Zc:inline /std:c++17 /permissive- /Yc"stdafx.h" /Fp"ARM64\Debug\ExporterTest.pch" /Fo"ARM64\Debug\\" /Fd"ARM64\Debug\vc143.pdb" /external:W3 /Gd /TP /wd4251 /wd4275 /analyze- /FC /errorReport:queue stdafx.cpp
2026-08-20T10:17:54.9584005Z          stdafx.cpp
2026-08-20T10:17:55.0487417Z      8>ClCompile:
2026-08-20T10:17:55.0492288Z          C:\Program Files\Microsoft Visual Studio\2022\Enterprise\VC\Tools\MSVC\14.44.35207\bin\HostArm64\arm64\CL.exe /c /I"C:\a\OpenCppCoverage-ARM64\OpenCppCoverage-ARM64\\" /I"C:\a\OpenCppCoverage-ARM64\OpenCppCoverage-ARM64\OpenCppCoverage\\" /I"C:\a\OpenCppCoverage-ARM64\OpenCppCoverage-ARM64\vcpkg_installed\arm64-windows\include" /ZI /JMC /nologo /W3 /WX /diagnostics:column /sdl /Od /Oy- /D WIN32 /D OPEN_CPP_COVERAGE_EXPORTS /D _DEBUG /D _CONSOLE /D _LIB /D BOOST_CONFIG_SUPPRESS_OUTDATED_MESSAGE /D "OPENCPPCOVERAGE_VERSION=\"0.9.9.0\"" /D _CRT_SECURE_NO_WARNINGS /D "PROJECT_DIR=R\"|(C:\a\OpenCppCoverage-ARM64\OpenCppCoverage-ARM64\OpenCppCoverage\)|\"" /D "SOLUTION_DIR=R\"|(C:\a\OpenCppCoverage-ARM64\OpenCppCoverage-ARM64\)|\"" /D "TARGET_FILE_NAME=R\"|(OpenCppCoverage.exe)|\"" /D "OUT_DIR=R\"|(C:\a\OpenCppCoverage-ARM64\OpenCppCoverage-ARM64\ARM64\Debug\)|\"" /D NOMINMAX /D _ARM64_WINAPI_PARTITION_DESKTOP_SDK_AVAILABLE=1 /D _UNICODE /D UNICODE /Gm- /EHsc /RTC1 /MDd /GS /fp:precise /Zc:wchar_t /Zc:forScope /Zc:inline /std:c++17 /permissive- /Yu"stdafx.h" /Fp"ARM64\Debug\OpenCppCoverage.pch" /Fo"ARM64\Debug\\" /Fd"ARM64\Debug\vc143.pdb" /external:W3 /Gd /TP /analyze- /FC /errorReport:queue main.cpp OpenCppCoverage.cpp
2026-08-20T10:17:55.1027984Z          main.cpp
2026-08-20T10:17:55.7329403Z          OpenCppCoverage.cpp
2026-08-20T10:17:55.8196131Z     19>ClCompile:
2026-08-20T10:17:55.8203884Z          WildcardsTest.cpp
2026-08-20T10:17:56.0017185Z          Generating Code...
2026-08-20T10:17:56.6569718Z        Link:
2026-08-20T10:17:56.6574425Z          C:\Program Files\Microsoft Visual Studio\2022\Enterprise\VC\Tools\MSVC\14.44.35207\bin\HostArm64\arm64\link.exe /ERRORREPORT:QUEUE /OUT:"C:\a\OpenCppCoverage-ARM64\OpenCppCoverage-ARM64\ARM64\Debug\CppCoverageTest.exe" /INCREMENTAL /ILK:"ARM64\Debug\CppCoverageTest.ilk" /NOLOGO /LIBPATH:"C:\a\OpenCppCoverage-ARM64\OpenCppCoverage-ARM64\vcpkg_installed\arm64-windows\debug\lib" /LIBPATH:"C:\a\OpenCppCoverage-ARM64\OpenCppCoverage-ARM64\vcpkg_installed\arm64-windows\debug\lib\manual-link" gmock.lib gtest.lib bcrypt.lib kernel32.lib user32.lib gdi32.lib winspool.lib comdlg32.lib advapi32.lib shell32.lib ole32.lib oleaut32.lib uuid.lib odbc32.lib odbccp32.lib "C:\a\OpenCppCoverage-ARM64\OpenCppCoverage-ARM64\vcpkg_installed\arm64-windows\debug\lib\*.lib" /MANIFEST /MANIFESTUAC:"level='asInvoker' uiAccess='false'" /manifest:embed /DEBUG /PDB:"C:\a\OpenCppCoverage-ARM64\OpenCppCoverage-ARM64\ARM64\Debug\CppCoverageTest.pdb" /SUBSYSTEM:CONSOLE /TLBID:1 /DYNAMICBASE /NXCOMPAT /IMPLIB:"C:\a\OpenCppCoverage-ARM64\OpenCppCoverage-ARM64\ARM64\Debug\CppCoverageTest.lib" /MACHINE:ARM64 ARM64\Debug\BreakPointTest.obj
2026-08-20T10:17:56.6579111Z          ARM64\Debug\CodeCoverageRunnerTest.obj
2026-08-20T10:17:56.6579692Z          ARM64\Debug\CoverageDataMergerRandomTest.obj
2026-08-20T10:17:56.6580213Z          ARM64\Debug\CoverageDataMergerTest.obj
2026-08-20T10:17:56.6580703Z          ARM64\Debug\DebugInformationEnumeratorTest.obj
2026-08-20T10:17:56.6581178Z          ARM64\Debug\FilterAssistantTest.obj
2026-08-20T10:17:56.6581688Z          ARM64\Debug\UnifiedDiffCoverageFilterManagerTest.obj
2026-08-20T10:17:56.6582584Z          ARM64\Debug\OptionsParserUnifiedDiffTest.obj
2026-08-20T10:17:56.6583202Z          ARM64\Debug\WildcardCoverageFilterTest.obj
2026-08-20T10:17:56.6583687Z          ARM64\Debug\CoverageRateComputerTest.obj
2026-08-20T10:17:56.6584220Z          ARM64\Debug\CoverageRateTest.obj
2026-08-20T10:17:56.6584668Z          ARM64\Debug\CppCoverageExceptionTest.obj
2026-08-20T10:17:56.6585115Z          ARM64\Debug\CppCoverageTest.obj
2026-08-20T10:17:56.6585562Z          ARM64\Debug\DebuggerTest.obj
2026-08-20T10:17:56.6585982Z          ARM64\Debug\ExceptionHandlerTest.obj
2026-08-20T10:17:56.6586435Z          ARM64\Debug\ExecutedAddressManagerTest.obj
2026-08-20T10:17:56.6586897Z          ARM64\Debug\HandleInformationTest.obj
2026-08-20T10:17:56.6587375Z          ARM64\Debug\OptionsParserConfigTest.obj
2026-08-20T10:17:56.6587835Z          ARM64\Debug\OptionsParserExportTest.obj
2026-08-20T10:17:56.6588288Z          ARM64\Debug\OptionsParserPatternTest.obj
2026-08-20T10:17:56.6589087Z          ARM64\Debug\OptionsParserTest.obj
2026-08-20T10:17:56.6590185Z          ARM64\Debug\ProcessTest.obj
2026-08-20T10:17:56.6603937Z          ARM64\Debug\StartInfoTest.obj
2026-08-20T10:17:56.6629094Z          ARM64\Debug\stdafx.obj
2026-08-20T10:17:56.6629730Z          ARM64\Debug\TestTools.obj
2026-08-20T10:17:56.6630168Z          ARM64\Debug\WildcardsTest.obj
2026-08-20T10:17:56.6630745Z          "C:\a\OpenCppCoverage-ARM64\OpenCppCoverage-ARM64\ARM64\Debug\CppCoverage.lib"
2026-08-20T10:17:56.6631478Z          "C:\a\OpenCppCoverage-ARM64\OpenCppCoverage-ARM64\ARM64\Debug\FileFilter.lib"
2026-08-20T10:17:56.6632168Z          "C:\a\OpenCppCoverage-ARM64\OpenCppCoverage-ARM64\ARM64\Debug\Plugin.lib"
2026-08-20T10:17:56.6633060Z          "C:\a\OpenCppCoverage-ARM64\OpenCppCoverage-ARM64\ARM64\Debug\TestCoverageOptimizedBuild.lib"
2026-08-20T10:17:56.6633926Z          "C:\a\OpenCppCoverage-ARM64\OpenCppCoverage-ARM64\ARM64\Debug\TestCoverageSharedLib.lib"
2026-08-20T10:17:56.6634756Z          "C:\a\OpenCppCoverage-ARM64\OpenCppCoverage-ARM64\ARM64\Debug\TestHelper.lib"
2026-08-20T10:17:56.6635460Z          "C:\a\OpenCppCoverage-ARM64\OpenCppCoverage-ARM64\ARM64\Debug\Tools.lib"
2026-08-20T10:17:57.1779092Z     20>ClCompile:
2026-08-20T10:17:57.1785650Z          C:\Program Files\Microsoft Visual Studio\2022\Enterprise\VC\Tools\MSVC\14.44.35207\bin\HostArm64\arm64\CL.exe /c /I"C:\a\OpenCppCoverage-ARM64\OpenCppCoverage-ARM64\\" /I"C:\a\OpenCppCoverage-ARM64\OpenCppCoverage-ARM64\ExporterTest\\" /I"C:\a\OpenCppCoverage-ARM64\OpenCppCoverage-ARM64\vcpkg_installed\arm64-windows\include" /ZI /JMC /nologo /W3 /WX /diagnostics:column /sdl /Od /Oy- /D WIN32 /D _DEBUG /D _CONSOLE /D _LIB /D _SCL_SECURE_NO_WARNINGS /D GTEST_LINKED_AS_SHARED_LIBRARY=1 /D _SILENCE_TR1_NAMESPACE_DEPRECATION_WARNING /D BOOST_CONFIG_SUPPRESS_OUTDATED_MESSAGE /D "OPENCPPCOVERAGE_VERSION=\"0.9.9.0\"" /D _CRT_SECURE_NO_WARNINGS /D "PROJECT_DIR=R\"|(C:\a\OpenCppCoverage-ARM64\OpenCppCoverage-ARM64\ExporterTest\)|\"" /D "SOLUTION_DIR=R\"|(C:\a\OpenCppCoverage-ARM64\OpenCppCoverage-ARM64\)|\"" /D "TARGET_FILE_NAME=R\"|(ExporterTest.exe)|\"" /D "OUT_DIR=R\"|(C:\a\OpenCppCoverage-ARM64\OpenCppCoverage-ARM64\ARM64\Debug\)|\"" /D NOMINMAX /D _ARM64_WINAPI_PARTITION_DESKTOP_SDK_AVAILABLE=1 /D _UNICODE /D UNICODE /Gm- /EHsc /RTC1 /MDd /GS /fp:precise /Zc:wchar_t /Zc:forScope /Zc:inline /std:c++17 /permissive- /Yu"stdafx.h" /Fp"ARM64\Debug\ExporterTest.pch" /Fo"ARM64\Debug\\" /Fd"ARM64\Debug\vc143.pdb" /external:W3 /Gd /TP /wd4251 /wd4275 /analyze- /FC /errorReport:queue BinaryExporterTest.cpp CoberturaExporterTest.cpp CoverageDataSerializerTest.cpp ExporterPluginManagerTest.cpp ExporterTest.cpp HtmlExporterTest.cpp HtmlFileCoverageExporterTest.cpp HtmlFolderStructureTest.cpp TemplateHtmlExporterTest.cpp
2026-08-20T10:17:57.2324092Z     19>Link:
2026-08-20T10:17:57.2411752Z          CppCoverageTest.vcxproj -> C:\a\OpenCppCoverage-ARM64\OpenCppCoverage-ARM64\ARM64\Debug\CppCoverageTest.exe
2026-08-20T10:17:57.2413764Z        AppLocalFromInstalled:
2026-08-20T10:17:57.2431042Z          "C:\Users\runneradmin\AppData\Local\OpenCppCoverage\vcpkg\vcpkg.exe" z-applocal --target-binary="C:\a\OpenCppCoverage-ARM64\OpenCppCoverage-ARM64\ARM64\Debug\CppCoverageTest.exe" --installed-bin-dir="C:\a\OpenCppCoverage-ARM64\OpenCppCoverage-ARM64\vcpkg_installed\arm64-windows\debug\bin" --tlog-file="ARM64\Debug\CppCoverageTest.tlog\CppCoverageTest.write.1u.tlog" --copied-files-log="ARM64\Debug\vcpkg.applocal.log"
2026-08-20T10:17:57.2559469Z     20>ClCompile:
2026-08-20T10:17:57.2569535Z          BinaryExporterTest.cpp
2026-08-20T10:17:57.3577708Z     19>AppLocalFromInstalled:
2026-08-20T10:17:57.3585894Z          C:\a\OpenCppCoverage-ARM64\OpenCppCoverage-ARM64\vcpkg_installed\arm64-windows\debug\bin\gmock.dll
2026-08-20T10:17:57.3591283Z          C:\a\OpenCppCoverage-ARM64\OpenCppCoverage-ARM64\vcpkg_installed\arm64-windows\debug\bin\boost_log-vc143-mt-gd-a64-1_91.dll
2026-08-20T10:17:57.3599092Z          C:\a\OpenCppCoverage-ARM64\OpenCppCoverage-ARM64\vcpkg_installed\arm64-windows\debug\bin\boost_filesystem-vc143-mt-gd-a64-1_91.dll
2026-08-20T10:17:57.3600571Z          C:\a\OpenCppCoverage-ARM64\OpenCppCoverage-ARM64\vcpkg_installed\arm64-windows\debug\bin\boost_thread-vc143-mt-gd-a64-1_91.dll
2026-08-20T10:17:57.3611919Z          C:\a\OpenCppCoverage-ARM64\OpenCppCoverage-ARM64\vcpkg_installed\arm64-windows\debug\bin\boost_program_options-vc143-mt-gd-a64-1_91.dll
2026-08-20T10:17:57.3624686Z          C:\a\OpenCppCoverage-ARM64\OpenCppCoverage-ARM64\vcpkg_installed\arm64-windows\debug\bin\boost_iostreams-vc143-mt-gd-a64-1_91.dll
2026-08-20T10:17:57.3634869Z          C:\a\OpenCppCoverage-ARM64\OpenCppCoverage-ARM64\vcpkg_installed\arm64-windows\debug\bin\zd.dll
2026-08-20T10:17:57.3642151Z          C:\a\OpenCppCoverage-ARM64\OpenCppCoverage-ARM64\vcpkg_installed\arm64-windows\debug\bin\bz2d.dll
2026-08-20T10:17:57.3652276Z          C:\a\OpenCppCoverage-ARM64\OpenCppCoverage-ARM64\vcpkg_installed\arm64-windows\debug\bin\liblzma.dll
2026-08-20T10:17:57.3659923Z          C:\a\OpenCppCoverage-ARM64\OpenCppCoverage-ARM64\vcpkg_installed\arm64-windows\debug\bin\zstd.dll
2026-08-20T10:17:57.3664360Z          C:\a\OpenCppCoverage-ARM64\OpenCppCoverage-ARM64\vcpkg_installed\arm64-windows\debug\bin\boost_locale-vc143-mt-gd-a64-1_91.dll
2026-08-20T10:17:57.3667222Z          C:\a\OpenCppCoverage-ARM64\OpenCppCoverage-ARM64\vcpkg_installed\arm64-windows\debug\bin\PocoFoundationd.dll
2026-08-20T10:17:57.3669186Z          C:\a\OpenCppCoverage-ARM64\OpenCppCoverage-ARM64\vcpkg_installed\arm64-windows\debug\bin\pcre2-8d.dll
2026-08-20T10:17:57.3671684Z          C:\a\OpenCppCoverage-ARM64\OpenCppCoverage-ARM64\vcpkg_installed\arm64-windows\debug\bin\utf8proc.dll
2026-08-20T10:17:57.4212851Z        FinalizeBuildStatus:
2026-08-20T10:17:57.4214411Z          Deleting file "ARM64\Debug\CppCoverageTest.tlog\unsuccessfulbuild".
2026-08-20T10:17:57.4219931Z          Touching "ARM64\Debug\CppCoverageTest.tlog\CppCoverageTest.lastbuildstate".
2026-08-20T10:17:57.4241121Z     19>Done Building Project "C:\a\OpenCppCoverage-ARM64\OpenCppCoverage-ARM64\CppCoverageTest\CppCoverageTest.vcxproj" (default targets).
2026-08-20T10:17:57.4253914Z      2>Done Building Project "C:\a\OpenCppCoverage-ARM64\OpenCppCoverage-ARM64\CppCoverageTest\CppCoverageTest.vcxproj.metaproj" (default targets).
2026-08-20T10:17:57.7184037Z     20>ClCompile:
2026-08-20T10:17:57.7184396Z          CoberturaExporterTest.cpp
2026-08-20T10:17:58.9956559Z          CoverageDataSerializerTest.cpp
2026-08-20T10:17:59.1467237Z      8>ClCompile:
2026-08-20T10:17:59.1467978Z          Generating Code...
2026-08-20T10:17:59.4049872Z        Link:
2026-08-20T10:17:59.4055881Z          C:\Program Files\Microsoft Visual Studio\2022\Enterprise\VC\Tools\MSVC\14.44.35207\bin\HostArm64\arm64\link.exe /ERRORREPORT:QUEUE /OUT:"C:\a\OpenCppCoverage-ARM64\OpenCppCoverage-ARM64\ARM64\Debug\OpenCppCoverage.exe" /INCREMENTAL /ILK:"ARM64\Debug\OpenCppCoverage.ilk" /NOLOGO /LIBPATH:"C:\a\OpenCppCoverage-ARM64\OpenCppCoverage-ARM64\vcpkg_installed\arm64-windows\debug\lib" /LIBPATH:"C:\a\OpenCppCoverage-ARM64\OpenCppCoverage-ARM64\vcpkg_installed\arm64-windows\debug\lib\manual-link" bcrypt.lib kernel32.lib user32.lib gdi32.lib winspool.lib comdlg32.lib advapi32.lib shell32.lib ole32.lib oleaut32.lib uuid.lib odbc32.lib odbccp32.lib "C:\a\OpenCppCoverage-ARM64\OpenCppCoverage-ARM64\vcpkg_installed\arm64-windows\debug\lib\*.lib" /MANIFEST /MANIFESTUAC:"level='asInvoker' uiAccess='false'" /manifest:embed /DEBUG /PDB:"C:\a\OpenCppCoverage-ARM64\OpenCppCoverage-ARM64\ARM64\Debug\OpenCppCoverage.pdb" /SUBSYSTEM:CONSOLE /TLBID:1 /DYNAMICBASE /NXCOMPAT /IMPLIB:"C:\a\OpenCppCoverage-ARM64\OpenCppCoverage-ARM64\ARM64\Debug\OpenCppCoverage.lib" /MACHINE:ARM64 ARM64\Debug\main.obj
2026-08-20T10:17:59.4060079Z          ARM64\Debug\OpenCppCoverage.obj
2026-08-20T10:17:59.4060432Z          ARM64\Debug\stdafx.obj
2026-08-20T10:17:59.4060864Z          "C:\a\OpenCppCoverage-ARM64\OpenCppCoverage-ARM64\ARM64\Debug\CppCoverage.lib"
2026-08-20T10:17:59.4061730Z          "C:\a\OpenCppCoverage-ARM64\OpenCppCoverage-ARM64\ARM64\Debug\Exporter.lib"
2026-08-20T10:17:59.4062297Z          "C:\a\OpenCppCoverage-ARM64\OpenCppCoverage-ARM64\ARM64\Debug\Plugin.lib"
2026-08-20T10:17:59.4062861Z          "C:\a\OpenCppCoverage-ARM64\OpenCppCoverage-ARM64\ARM64\Debug\Tools.lib"
2026-08-20T10:17:59.5616884Z     20>ClCompile:
2026-08-20T10:17:59.5617314Z          ExporterPluginManagerTest.cpp
2026-08-20T10:17:59.7416857Z      8>Link:
2026-08-20T10:17:59.7419173Z          OpenCppCoverage.vcxproj -> C:\a\OpenCppCoverage-ARM64\OpenCppCoverage-ARM64\ARM64\Debug\OpenCppCoverage.exe
2026-08-20T10:17:59.7468148Z        AppLocalFromInstalled:
2026-08-20T10:17:59.7470091Z          "C:\Users\runneradmin\AppData\Local\OpenCppCoverage\vcpkg\vcpkg.exe" z-applocal --target-binary="C:\a\OpenCppCoverage-ARM64\OpenCppCoverage-ARM64\ARM64\Debug\OpenCppCoverage.exe" --installed-bin-dir="C:\a\OpenCppCoverage-ARM64\OpenCppCoverage-ARM64\vcpkg_installed\arm64-windows\debug\bin" --tlog-file="ARM64\Debug\OpenCppCoverage.tlog\OpenCppCoverage.write.1u.tlog" --copied-files-log="ARM64\Debug\vcpkg.applocal.log"
2026-08-20T10:17:59.8335006Z          C:\a\OpenCppCoverage-ARM64\OpenCppCoverage-ARM64\vcpkg_installed\arm64-windows\debug\bin\boost_log-vc143-mt-gd-a64-1_91.dll
2026-08-20T10:17:59.8338330Z          C:\a\OpenCppCoverage-ARM64\OpenCppCoverage-ARM64\vcpkg_installed\arm64-windows\debug\bin\boost_filesystem-vc143-mt-gd-a64-1_91.dll
2026-08-20T10:17:59.8342736Z          C:\a\OpenCppCoverage-ARM64\OpenCppCoverage-ARM64\vcpkg_installed\arm64-windows\debug\bin\boost_thread-vc143-mt-gd-a64-1_91.dll
2026-08-20T10:17:59.8346349Z          C:\a\OpenCppCoverage-ARM64\OpenCppCoverage-ARM64\vcpkg_installed\arm64-windows\debug\bin\boost_program_options-vc143-mt-gd-a64-1_91.dll
2026-08-20T10:17:59.8347367Z          C:\a\OpenCppCoverage-ARM64\OpenCppCoverage-ARM64\vcpkg_installed\arm64-windows\debug\bin\boost_iostreams-vc143-mt-gd-a64-1_91.dll
2026-08-20T10:17:59.8350478Z          C:\a\OpenCppCoverage-ARM64\OpenCppCoverage-ARM64\vcpkg_installed\arm64-windows\debug\bin\zd.dll
2026-08-20T10:17:59.8371041Z          C:\a\OpenCppCoverage-ARM64\OpenCppCoverage-ARM64\vcpkg_installed\arm64-windows\debug\bin\bz2d.dll
2026-08-20T10:17:59.8403416Z          C:\a\OpenCppCoverage-ARM64\OpenCppCoverage-ARM64\vcpkg_installed\arm64-windows\debug\bin\liblzma.dll
2026-08-20T10:17:59.8411221Z          C:\a\OpenCppCoverage-ARM64\OpenCppCoverage-ARM64\vcpkg_installed\arm64-windows\debug\bin\zstd.dll
2026-08-20T10:17:59.8414114Z          C:\a\OpenCppCoverage-ARM64\OpenCppCoverage-ARM64\vcpkg_installed\arm64-windows\debug\bin\boost_locale-vc143-mt-gd-a64-1_91.dll
2026-08-20T10:17:59.8416393Z          C:\a\OpenCppCoverage-ARM64\OpenCppCoverage-ARM64\vcpkg_installed\arm64-windows\debug\bin\abseil_dll.dll
2026-08-20T10:17:59.8418445Z          C:\a\OpenCppCoverage-ARM64\OpenCppCoverage-ARM64\vcpkg_installed\arm64-windows\debug\bin\libctemplate.dll
2026-08-20T10:17:59.8422446Z          C:\a\OpenCppCoverage-ARM64\OpenCppCoverage-ARM64\vcpkg_installed\arm64-windows\debug\bin\libprotobuf-lited.dll
2026-08-20T10:17:59.8424805Z          C:\a\OpenCppCoverage-ARM64\OpenCppCoverage-ARM64\vcpkg_installed\arm64-windows\debug\bin\libprotobufd.dll
2026-08-20T10:17:59.8742223Z        PostBuildEvent:
2026-08-20T10:17:59.9257912Z          if not exist "C:\a\OpenCppCoverage-ARM64\OpenCppCoverage-ARM64\ARM64\Debug\Plugins\Exporter" mkdir "C:\a\OpenCppCoverage-ARM64\OpenCppCoverage-ARM64\ARM64\Debug\Plugins\Exporter"
2026-08-20T10:17:59.9259955Z          :VCEnd
2026-08-20T10:17:59.9260299Z        FinalizeBuildStatus:
2026-08-20T10:17:59.9261424Z          Deleting file "ARM64\Debug\OpenCppCoverage.tlog\unsuccessfulbuild".
2026-08-20T10:17:59.9262818Z          Touching "ARM64\Debug\OpenCppCoverage.tlog\OpenCppCoverage.lastbuildstate".
2026-08-20T10:17:59.9276325Z      8>Done Building Project "C:\a\OpenCppCoverage-ARM64\OpenCppCoverage-ARM64\OpenCppCoverage\OpenCppCoverage.vcxproj" (default targets).
2026-08-20T10:18:01.3495219Z     20>ClCompile:
2026-08-20T10:18:01.3495991Z          ExporterTest.cpp
2026-08-20T10:18:02.3674987Z          HtmlExporterTest.cpp
2026-08-20T10:18:02.9915486Z          HtmlFileCoverageExporterTest.cpp
2026-08-20T10:18:04.0956810Z          HtmlFolderStructureTest.cpp
2026-08-20T10:18:04.5076399Z          TemplateHtmlExporterTest.cpp
2026-08-20T10:18:05.2982377Z          Generating Code...
2026-08-20T10:18:06.3809905Z        Link:
2026-08-20T10:18:06.3816221Z          C:\Program Files\Microsoft Visual Studio\2022\Enterprise\VC\Tools\MSVC\14.44.35207\bin\HostArm64\arm64\link.exe /ERRORREPORT:QUEUE /OUT:"C:\a\OpenCppCoverage-ARM64\OpenCppCoverage-ARM64\ARM64\Debug\ExporterTest.exe" /INCREMENTAL /ILK:"ARM64\Debug\ExporterTest.ilk" /NOLOGO /LIBPATH:"C:\a\OpenCppCoverage-ARM64\OpenCppCoverage-ARM64\vcpkg_installed\arm64-windows\debug\lib" /LIBPATH:"C:\a\OpenCppCoverage-ARM64\OpenCppCoverage-ARM64\vcpkg_installed\arm64-windows\debug\lib\manual-link" gmock.lib gtest.lib bcrypt.lib kernel32.lib user32.lib gdi32.lib winspool.lib comdlg32.lib advapi32.lib shell32.lib ole32.lib oleaut32.lib uuid.lib odbc32.lib odbccp32.lib "C:\a\OpenCppCoverage-ARM64\OpenCppCoverage-ARM64\vcpkg_installed\arm64-windows\debug\lib\*.lib" /MANIFEST /MANIFESTUAC:"level='asInvoker' uiAccess='false'" /manifest:embed /DEBUG /PDB:"C:\a\OpenCppCoverage-ARM64\OpenCppCoverage-ARM64\ARM64\Debug\ExporterTest.pdb" /SUBSYSTEM:CONSOLE /TLBID:1 /DYNAMICBASE /NXCOMPAT /IMPLIB:"C:\a\OpenCppCoverage-ARM64\OpenCppCoverage-ARM64\ARM64\Debug\ExporterTest.lib" /MACHINE:ARM64 ARM64\Debug\BinaryExporterTest.obj
2026-08-20T10:18:06.3823419Z          ARM64\Debug\CoberturaExporterTest.obj
2026-08-20T10:18:06.3823804Z          ARM64\Debug\CoverageDataSerializerTest.obj
2026-08-20T10:18:06.3824179Z          ARM64\Debug\ExporterPluginManagerTest.obj
2026-08-20T10:18:06.3824742Z          ARM64\Debug\ExporterTest.obj
2026-08-20T10:18:06.3825044Z          ARM64\Debug\HtmlExporterTest.obj
2026-08-20T10:18:06.3825383Z          ARM64\Debug\HtmlFileCoverageExporterTest.obj
2026-08-20T10:18:06.3825785Z          ARM64\Debug\HtmlFolderStructureTest.obj
2026-08-20T10:18:06.3826134Z          ARM64\Debug\stdafx.obj
2026-08-20T10:18:06.3826442Z          ARM64\Debug\TemplateHtmlExporterTest.obj
2026-08-20T10:18:06.3826909Z          "C:\a\OpenCppCoverage-ARM64\OpenCppCoverage-ARM64\ARM64\Debug\CppCoverage.lib"
2026-08-20T10:18:06.3827485Z          "C:\a\OpenCppCoverage-ARM64\OpenCppCoverage-ARM64\ARM64\Debug\Exporter.lib"
2026-08-20T10:18:06.3828058Z          "C:\a\OpenCppCoverage-ARM64\OpenCppCoverage-ARM64\ARM64\Debug\Plugin.lib"
2026-08-20T10:18:06.3828619Z          "C:\a\OpenCppCoverage-ARM64\OpenCppCoverage-ARM64\ARM64\Debug\TestHelper.lib"
2026-08-20T10:18:06.3829179Z          "C:\a\OpenCppCoverage-ARM64\OpenCppCoverage-ARM64\ARM64\Debug\Tools.lib"
2026-08-20T10:18:06.5533943Z             Creating library C:\a\OpenCppCoverage-ARM64\OpenCppCoverage-ARM64\ARM64\Debug\ExporterTest.lib and object C:\a\OpenCppCoverage-ARM64\OpenCppCoverage-ARM64\ARM64\Debug\ExporterTest.exp
2026-08-20T10:18:06.8953966Z          ExporterTest.vcxproj -> C:\a\OpenCppCoverage-ARM64\OpenCppCoverage-ARM64\ARM64\Debug\ExporterTest.exe
2026-08-20T10:18:06.8989190Z        AppLocalFromInstalled:
2026-08-20T10:18:06.8990877Z          "C:\Users\runneradmin\AppData\Local\OpenCppCoverage\vcpkg\vcpkg.exe" z-applocal --target-binary="C:\a\OpenCppCoverage-ARM64\OpenCppCoverage-ARM64\ARM64\Debug\ExporterTest.exe" --installed-bin-dir="C:\a\OpenCppCoverage-ARM64\OpenCppCoverage-ARM64\vcpkg_installed\arm64-windows\debug\bin" --tlog-file="ARM64\Debug\ExporterTest.tlog\ExporterTest.write.1u.tlog" --copied-files-log="ARM64\Debug\vcpkg.applocal.log"
2026-08-20T10:18:06.9909828Z          C:\a\OpenCppCoverage-ARM64\OpenCppCoverage-ARM64\vcpkg_installed\arm64-windows\debug\bin\gmock.dll
2026-08-20T10:18:06.9912496Z          C:\a\OpenCppCoverage-ARM64\OpenCppCoverage-ARM64\vcpkg_installed\arm64-windows\debug\bin\libctemplate.dll
2026-08-20T10:18:06.9913502Z          C:\a\OpenCppCoverage-ARM64\OpenCppCoverage-ARM64\vcpkg_installed\arm64-windows\debug\bin\boost_log-vc143-mt-gd-a64-1_91.dll
2026-08-20T10:18:06.9916437Z          C:\a\OpenCppCoverage-ARM64\OpenCppCoverage-ARM64\vcpkg_installed\arm64-windows\debug\bin\boost_filesystem-vc143-mt-gd-a64-1_91.dll
2026-08-20T10:18:06.9917463Z          C:\a\OpenCppCoverage-ARM64\OpenCppCoverage-ARM64\vcpkg_installed\arm64-windows\debug\bin\boost_thread-vc143-mt-gd-a64-1_91.dll
2026-08-20T10:18:06.9919618Z          C:\a\OpenCppCoverage-ARM64\OpenCppCoverage-ARM64\vcpkg_installed\arm64-windows\debug\bin\boost_program_options-vc143-mt-gd-a64-1_91.dll
2026-08-20T10:18:06.9922157Z          C:\a\OpenCppCoverage-ARM64\OpenCppCoverage-ARM64\vcpkg_installed\arm64-windows\debug\bin\boost_iostreams-vc143-mt-gd-a64-1_91.dll
2026-08-20T10:18:06.9923625Z          C:\a\OpenCppCoverage-ARM64\OpenCppCoverage-ARM64\vcpkg_installed\arm64-windows\debug\bin\zd.dll
2026-08-20T10:18:06.9924862Z          C:\a\OpenCppCoverage-ARM64\OpenCppCoverage-ARM64\vcpkg_installed\arm64-windows\debug\bin\bz2d.dll
2026-08-20T10:18:06.9926233Z          C:\a\OpenCppCoverage-ARM64\OpenCppCoverage-ARM64\vcpkg_installed\arm64-windows\debug\bin\liblzma.dll
2026-08-20T10:18:06.9927645Z          C:\a\OpenCppCoverage-ARM64\OpenCppCoverage-ARM64\vcpkg_installed\arm64-windows\debug\bin\zstd.dll
2026-08-20T10:18:06.9929312Z          C:\a\OpenCppCoverage-ARM64\OpenCppCoverage-ARM64\vcpkg_installed\arm64-windows\debug\bin\boost_locale-vc143-mt-gd-a64-1_91.dll
2026-08-20T10:18:06.9930205Z          C:\a\OpenCppCoverage-ARM64\OpenCppCoverage-ARM64\vcpkg_installed\arm64-windows\debug\bin\abseil_dll.dll
2026-08-20T10:18:06.9930995Z          C:\a\OpenCppCoverage-ARM64\OpenCppCoverage-ARM64\vcpkg_installed\arm64-windows\debug\bin\libprotobuf-lited.dll
2026-08-20T10:18:06.9932959Z          C:\a\OpenCppCoverage-ARM64\OpenCppCoverage-ARM64\vcpkg_installed\arm64-windows\debug\bin\libprotobufd.dll
2026-08-20T10:18:06.9934273Z          C:\a\OpenCppCoverage-ARM64\OpenCppCoverage-ARM64\vcpkg_installed\arm64-windows\debug\bin\PocoFoundationd.dll
2026-08-20T10:18:06.9935501Z          C:\a\OpenCppCoverage-ARM64\OpenCppCoverage-ARM64\vcpkg_installed\arm64-windows\debug\bin\pcre2-8d.dll
2026-08-20T10:18:06.9936312Z          C:\a\OpenCppCoverage-ARM64\OpenCppCoverage-ARM64\vcpkg_installed\arm64-windows\debug\bin\utf8proc.dll
2026-08-20T10:18:07.0365054Z        FinalizeBuildStatus:
2026-08-20T10:18:07.0365551Z          Deleting file "ARM64\Debug\ExporterTest.tlog\unsuccessfulbuild".
2026-08-20T10:18:07.0368173Z          Touching "ARM64\Debug\ExporterTest.tlog\ExporterTest.lastbuildstate".
2026-08-20T10:18:07.0380525Z     20>Done Building Project "C:\a\OpenCppCoverage-ARM64\OpenCppCoverage-ARM64\ExporterTest\ExporterTest.vcxproj" (default targets).
2026-08-20T10:18:07.0394327Z      3>Done Building Project "C:\a\OpenCppCoverage-ARM64\OpenCppCoverage-ARM64\ExporterTest\ExporterTest.vcxproj.metaproj" (default targets).
2026-08-20T10:18:07.0907284Z      1>Project "C:\a\OpenCppCoverage-ARM64\OpenCppCoverage-ARM64\CppCoverage.sln" (1) is building "C:\a\OpenCppCoverage-ARM64\OpenCppCoverage-ARM64\OpenCppCoverageTest\OpenCppCoverageTest.vcxproj.metaproj" (4) on node 1 (default targets).
2026-08-20T10:18:07.0909905Z      4>Project "C:\a\OpenCppCoverage-ARM64\OpenCppCoverage-ARM64\OpenCppCoverageTest\OpenCppCoverageTest.vcxproj.metaproj" (4) is building "C:\a\OpenCppCoverage-ARM64\OpenCppCoverage-ARM64\OpenCppCoverageTest\OpenCppCoverageTest.vcxproj" (21) on node 1 (default targets).
2026-08-20T10:18:07.0911093Z     21>PrepareForBuild:
2026-08-20T10:18:07.0911387Z          Creating directory "ARM64\Debug\".
2026-08-20T10:18:07.0934728Z          Structured output is enabled. The formatting of compiler diagnostics will reflect the error hierarchy. See https://aka.ms/cpp/structured-output for more details.
2026-08-20T10:18:07.0936933Z          Creating directory "ARM64\Debug\OpenCppC.F892B2B1.tlog\".
2026-08-20T10:18:07.0959514Z        InitializeBuildStatus:
2026-08-20T10:18:07.0960056Z          Creating "ARM64\Debug\OpenCppC.F892B2B1.tlog\unsuccessfulbuild" because "AlwaysCreate" was specified.
2026-08-20T10:18:07.0962515Z          Touching "ARM64\Debug\OpenCppC.F892B2B1.tlog\unsuccessfulbuild".
2026-08-20T10:18:07.1196789Z        VcpkgTripletSelection:
2026-08-20T10:18:07.1197416Z          Using triplet "arm64-windows" from "C:\a\OpenCppCoverage-ARM64\OpenCppCoverage-ARM64\vcpkg_installed\arm64-windows\"
2026-08-20T10:18:07.1199321Z          Using normalized configuration "Debug"
2026-08-20T10:18:07.1199706Z        VcpkgBootstrap:
2026-08-20T10:18:07.1200233Z        Skipping target "VcpkgBootstrap" because all output files are up-to-date with respect to the input files.
2026-08-20T10:18:07.1200803Z        VcpkgInstallManifestDependencies:
2026-08-20T10:18:07.1201422Z        Skipping target "VcpkgInstallManifestDependencies" because all output files are up-to-date with respect to the input files.
2026-08-20T10:18:07.1251624Z        ClCompile:
2026-08-20T10:18:07.1255955Z          C:\Program Files\Microsoft Visual Studio\2022\Enterprise\VC\Tools\MSVC\14.44.35207\bin\HostArm64\arm64\CL.exe /c /I"C:\a\OpenCppCoverage-ARM64\OpenCppCoverage-ARM64\\" /I"C:\a\OpenCppCoverage-ARM64\OpenCppCoverage-ARM64\OpenCppCoverageTest\\" /I"C:\a\OpenCppCoverage-ARM64\OpenCppCoverage-ARM64\vcpkg_installed\arm64-windows\include" /ZI /JMC /nologo /W3 /WX /diagnostics:column /sdl /Od /Oy- /D WIN32 /D _DEBUG /D _CONSOLE /D _LIB /D GTEST_LINKED_AS_SHARED_LIBRARY=1 /D _SILENCE_TR1_NAMESPACE_DEPRECATION_WARNING /D BOOST_CONFIG_SUPPRESS_OUTDATED_MESSAGE /D "OPENCPPCOVERAGE_VERSION=\"0.9.9.0\"" /D _CRT_SECURE_NO_WARNINGS /D "PROJECT_DIR=R\"|(C:\a\OpenCppCoverage-ARM64\OpenCppCoverage-ARM64\OpenCppCoverageTest\)|\"" /D "SOLUTION_DIR=R\"|(C:\a\OpenCppCoverage-ARM64\OpenCppCoverage-ARM64\)|\"" /D "TARGET_FILE_NAME=R\"|(OpenCppCoverageTest.exe)|\"" /D "OUT_DIR=R\"|(C:\a\OpenCppCoverage-ARM64\OpenCppCoverage-ARM64\ARM64\Debug\)|\"" /D NOMINMAX /D _ARM64_WINAPI_PARTITION_DESKTOP_SDK_AVAILABLE=1 /D _UNICODE /D UNICODE /Gm- /EHsc /RTC1 /MDd /GS /fp:precise /Zc:wchar_t /Zc:forScope /Zc:inline /std:c++17 /permissive- /Yc"stdafx.h" /Fp"ARM64\Debug\OpenCppCoverageTest.pch" /Fo"ARM64\Debug\\" /Fd"ARM64\Debug\vc143.pdb" /external:W3 /Gd /TP /wd4251 /wd4275 /analyze- /FC /errorReport:queue stdafx.cpp
2026-08-20T10:18:07.1792574Z          stdafx.cpp
2026-08-20T10:18:09.0885275Z          C:\Program Files\Microsoft Visual Studio\2022\Enterprise\VC\Tools\MSVC\14.44.35207\bin\HostArm64\arm64\CL.exe /c /I"C:\a\OpenCppCoverage-ARM64\OpenCppCoverage-ARM64\\" /I"C:\a\OpenCppCoverage-ARM64\OpenCppCoverage-ARM64\OpenCppCoverageTest\\" /I"C:\a\OpenCppCoverage-ARM64\OpenCppCoverage-ARM64\vcpkg_installed\arm64-windows\include" /ZI /JMC /nologo /W3 /WX /diagnostics:column /sdl /Od /Oy- /D WIN32 /D _DEBUG /D _CONSOLE /D _LIB /D GTEST_LINKED_AS_SHARED_LIBRARY=1 /D _SILENCE_TR1_NAMESPACE_DEPRECATION_WARNING /D BOOST_CONFIG_SUPPRESS_OUTDATED_MESSAGE /D "OPENCPPCOVERAGE_VERSION=\"0.9.9.0\"" /D _CRT_SECURE_NO_WARNINGS /D "PROJECT_DIR=R\"|(C:\a\OpenCppCoverage-ARM64\OpenCppCoverage-ARM64\OpenCppCoverageTest\)|\"" /D "SOLUTION_DIR=R\"|(C:\a\OpenCppCoverage-ARM64\OpenCppCoverage-ARM64\)|\"" /D "TARGET_FILE_NAME=R\"|(OpenCppCoverageTest.exe)|\"" /D "OUT_DIR=R\"|(C:\a\OpenCppCoverage-ARM64\OpenCppCoverage-ARM64\ARM64\Debug\)|\"" /D NOMINMAX /D _ARM64_WINAPI_PARTITION_DESKTOP_SDK_AVAILABLE=1 /D _UNICODE /D UNICODE /Gm- /EHsc /RTC1 /MDd /GS /fp:precise /Zc:wchar_t /Zc:forScope /Zc:inline /std:c++17 /permissive- /Yu"stdafx.h" /Fp"ARM64\Debug\OpenCppCoverageTest.pch" /Fo"ARM64\Debug\\" /Fd"ARM64\Debug\vc143.pdb" /external:W3 /Gd /TP /wd4251 /wd4275 /analyze- /FC /errorReport:queue CommandLineOptionsTest.cpp ImportExportTests.cpp OpenCppCoverageConsoleTest.cpp OpenCppCoverageTest.cpp OpenCppCoverageTestTools.cpp WarningManagerTests.cpp
2026-08-20T10:18:09.1400363Z          CommandLineOptionsTest.cpp
2026-08-20T10:18:10.3817685Z          ImportExportTests.cpp
2026-08-20T10:18:11.1700658Z          OpenCppCoverageConsoleTest.cpp
2026-08-20T10:18:12.8351541Z          OpenCppCoverageTest.cpp
2026-08-20T10:18:12.8500039Z          OpenCppCoverageTestTools.cpp
2026-08-20T10:18:13.7977699Z          WarningManagerTests.cpp
2026-08-20T10:18:14.9746854Z          Generating Code...
2026-08-20T10:18:15.4891250Z        Link:
2026-08-20T10:18:15.4895332Z          C:\Program Files\Microsoft Visual Studio\2022\Enterprise\VC\Tools\MSVC\14.44.35207\bin\HostArm64\arm64\link.exe /ERRORREPORT:QUEUE /OUT:"C:\a\OpenCppCoverage-ARM64\OpenCppCoverage-ARM64\ARM64\Debug\OpenCppCoverageTest.exe" /INCREMENTAL /ILK:"ARM64\Debug\OpenCppCoverageTest.ilk" /NOLOGO /LIBPATH:"C:\a\OpenCppCoverage-ARM64\OpenCppCoverage-ARM64\vcpkg_installed\arm64-windows\debug\lib" /LIBPATH:"C:\a\OpenCppCoverage-ARM64\OpenCppCoverage-ARM64\vcpkg_installed\arm64-windows\debug\lib\manual-link" gmock.lib gtest.lib bcrypt.lib kernel32.lib user32.lib gdi32.lib winspool.lib comdlg32.lib advapi32.lib shell32.lib ole32.lib oleaut32.lib uuid.lib odbc32.lib odbccp32.lib "C:\a\OpenCppCoverage-ARM64\OpenCppCoverage-ARM64\vcpkg_installed\arm64-windows\debug\lib\*.lib" /MANIFEST /MANIFESTUAC:"level='asInvoker' uiAccess='false'" /manifest:embed /DEBUG /PDB:"C:\a\OpenCppCoverage-ARM64\OpenCppCoverage-ARM64\ARM64\Debug\OpenCppCoverageTest.pdb" /SUBSYSTEM:CONSOLE /TLBID:1 /DYNAMICBASE /NXCOMPAT /IMPLIB:"C:\a\OpenCppCoverage-ARM64\OpenCppCoverage-ARM64\ARM64\Debug\OpenCppCoverageTest.lib" /MACHINE:ARM64 ARM64\Debug\CommandLineOptionsTest.obj
2026-08-20T10:18:15.4899641Z          ARM64\Debug\ImportExportTests.obj
2026-08-20T10:18:15.4899986Z          ARM64\Debug\OpenCppCoverageConsoleTest.obj
2026-08-20T10:18:15.4900361Z          ARM64\Debug\OpenCppCoverageTest.obj
2026-08-20T10:18:15.4900705Z          ARM64\Debug\OpenCppCoverageTestTools.obj
2026-08-20T10:18:15.4901027Z          ARM64\Debug\stdafx.obj
2026-08-20T10:18:15.4901313Z          ARM64\Debug\WarningManagerTests.obj
2026-08-20T10:18:15.4901782Z          "C:\a\OpenCppCoverage-ARM64\OpenCppCoverage-ARM64\ARM64\Debug\CppCoverage.lib"
2026-08-20T10:18:15.4902352Z          "C:\a\OpenCppCoverage-ARM64\OpenCppCoverage-ARM64\ARM64\Debug\Exporter.lib"
2026-08-20T10:18:15.4902913Z          "C:\a\OpenCppCoverage-ARM64\OpenCppCoverage-ARM64\ARM64\Debug\Plugin.lib"
2026-08-20T10:18:15.4903507Z          "C:\a\OpenCppCoverage-ARM64\OpenCppCoverage-ARM64\ARM64\Debug\TestCoverageSharedLib.lib"
2026-08-20T10:18:15.4904127Z          "C:\a\OpenCppCoverage-ARM64\OpenCppCoverage-ARM64\ARM64\Debug\TestHelper.lib"
2026-08-20T10:18:15.4904673Z          "C:\a\OpenCppCoverage-ARM64\OpenCppCoverage-ARM64\ARM64\Debug\Tools.lib"
2026-08-20T10:18:15.8706363Z          OpenCppCoverageTest.vcxproj -> C:\a\OpenCppCoverage-ARM64\OpenCppCoverage-ARM64\ARM64\Debug\OpenCppCoverageTest.exe
2026-08-20T10:18:15.8721678Z        AppLocalFromInstalled:
2026-08-20T10:18:15.8723759Z          "C:\Users\runneradmin\AppData\Local\OpenCppCoverage\vcpkg\vcpkg.exe" z-applocal --target-binary="C:\a\OpenCppCoverage-ARM64\OpenCppCoverage-ARM64\ARM64\Debug\OpenCppCoverageTest.exe" --installed-bin-dir="C:\a\OpenCppCoverage-ARM64\OpenCppCoverage-ARM64\vcpkg_installed\arm64-windows\debug\bin" --tlog-file="ARM64\Debug\OpenCppC.F892B2B1.tlog\OpenCppCoverageTest.write.1u.tlog" --copied-files-log="ARM64\Debug\vcpkg.applocal.log"
2026-08-20T10:18:15.9720594Z          C:\a\OpenCppCoverage-ARM64\OpenCppCoverage-ARM64\vcpkg_installed\arm64-windows\debug\bin\gmock.dll
2026-08-20T10:18:15.9721469Z          C:\a\OpenCppCoverage-ARM64\OpenCppCoverage-ARM64\vcpkg_installed\arm64-windows\debug\bin\PocoFoundationd.dll
2026-08-20T10:18:15.9722276Z          C:\a\OpenCppCoverage-ARM64\OpenCppCoverage-ARM64\vcpkg_installed\arm64-windows\debug\bin\pcre2-8d.dll
2026-08-20T10:18:15.9723004Z          C:\a\OpenCppCoverage-ARM64\OpenCppCoverage-ARM64\vcpkg_installed\arm64-windows\debug\bin\zd.dll
2026-08-20T10:18:15.9723756Z          C:\a\OpenCppCoverage-ARM64\OpenCppCoverage-ARM64\vcpkg_installed\arm64-windows\debug\bin\utf8proc.dll
2026-08-20T10:18:15.9724567Z          C:\a\OpenCppCoverage-ARM64\OpenCppCoverage-ARM64\vcpkg_installed\arm64-windows\debug\bin\boost_log-vc143-mt-gd-a64-1_91.dll
2026-08-20T10:18:15.9725928Z          C:\a\OpenCppCoverage-ARM64\OpenCppCoverage-ARM64\vcpkg_installed\arm64-windows\debug\bin\boost_filesystem-vc143-mt-gd-a64-1_91.dll
2026-08-20T10:18:15.9726902Z          C:\a\OpenCppCoverage-ARM64\OpenCppCoverage-ARM64\vcpkg_installed\arm64-windows\debug\bin\boost_thread-vc143-mt-gd-a64-1_91.dll
2026-08-20T10:18:15.9727841Z          C:\a\OpenCppCoverage-ARM64\OpenCppCoverage-ARM64\vcpkg_installed\arm64-windows\debug\bin\boost_program_options-vc143-mt-gd-a64-1_91.dll
2026-08-20T10:18:15.9728788Z          C:\a\OpenCppCoverage-ARM64\OpenCppCoverage-ARM64\vcpkg_installed\arm64-windows\debug\bin\boost_iostreams-vc143-mt-gd-a64-1_91.dll
2026-08-20T10:18:15.9729611Z          C:\a\OpenCppCoverage-ARM64\OpenCppCoverage-ARM64\vcpkg_installed\arm64-windows\debug\bin\bz2d.dll
2026-08-20T10:18:15.9730357Z          C:\a\OpenCppCoverage-ARM64\OpenCppCoverage-ARM64\vcpkg_installed\arm64-windows\debug\bin\liblzma.dll
2026-08-20T10:18:15.9731078Z          C:\a\OpenCppCoverage-ARM64\OpenCppCoverage-ARM64\vcpkg_installed\arm64-windows\debug\bin\zstd.dll
2026-08-20T10:18:15.9731901Z          C:\a\OpenCppCoverage-ARM64\OpenCppCoverage-ARM64\vcpkg_installed\arm64-windows\debug\bin\boost_locale-vc143-mt-gd-a64-1_91.dll
2026-08-20T10:18:15.9732752Z          C:\a\OpenCppCoverage-ARM64\OpenCppCoverage-ARM64\vcpkg_installed\arm64-windows\debug\bin\abseil_dll.dll
2026-08-20T10:18:15.9733507Z          C:\a\OpenCppCoverage-ARM64\OpenCppCoverage-ARM64\vcpkg_installed\arm64-windows\debug\bin\libctemplate.dll
2026-08-20T10:18:15.9734295Z          C:\a\OpenCppCoverage-ARM64\OpenCppCoverage-ARM64\vcpkg_installed\arm64-windows\debug\bin\libprotobuf-lited.dll
2026-08-20T10:18:15.9735084Z          C:\a\OpenCppCoverage-ARM64\OpenCppCoverage-ARM64\vcpkg_installed\arm64-windows\debug\bin\libprotobufd.dll
2026-08-20T10:18:15.9887116Z        PostBuildEvent:
2026-08-20T10:18:15.9887938Z          xcopy /y "C:\a\OpenCppCoverage-ARM64\OpenCppCoverage-ARM64\ARM64\Debug\TestCoverageSharedLib.dll" "C:\a\OpenCppCoverage-ARM64\OpenCppCoverage-ARM64\ARM64\Debug\Plugins\Exporter"
2026-08-20T10:18:15.9888775Z          :VCEnd
2026-08-20T10:18:16.0494468Z          C:\a\OpenCppCoverage-ARM64\OpenCppCoverage-ARM64\ARM64\Debug\TestCoverageSharedLib.dll
2026-08-20T10:18:16.0521720Z          1 File(s) copied
2026-08-20T10:18:16.0622989Z        FinalizeBuildStatus:
2026-08-20T10:18:16.0623842Z          Deleting file "ARM64\Debug\OpenCppC.F892B2B1.tlog\unsuccessfulbuild".
2026-08-20T10:18:16.0627526Z          Touching "ARM64\Debug\OpenCppC.F892B2B1.tlog\OpenCppCoverageTest.lastbuildstate".
2026-08-20T10:18:16.0633678Z     21>Done Building Project "C:\a\OpenCppCoverage-ARM64\OpenCppCoverage-ARM64\OpenCppCoverageTest\OpenCppCoverageTest.vcxproj" (default targets).
2026-08-20T10:18:16.0640286Z      4>Done Building Project "C:\a\OpenCppCoverage-ARM64\OpenCppCoverage-ARM64\OpenCppCoverageTest\OpenCppCoverageTest.vcxproj.metaproj" (default targets).
2026-08-20T10:18:16.0647314Z      1>Done Building Project "C:\a\OpenCppCoverage-ARM64\OpenCppCoverage-ARM64\CppCoverage.sln" (default targets).
2026-08-20T10:18:16.1291731Z Deferred Messages
2026-08-20T10:18:16.1294779Z          
2026-08-20T10:18:16.1295539Z          Detailed Build Summary
2026-08-20T10:18:16.1296237Z          ======================
2026-08-20T10:18:16.1297141Z              
2026-08-20T10:18:16.1298049Z          
2026-08-20T10:18:16.1300535Z          ============================== Build Hierarchy (IDs represent configurations) =====================================================
2026-08-20T10:18:16.1302543Z          Id                  : Exclusive Time   Total Time   Path (Targets)
2026-08-20T10:18:16.1303443Z          -----------------------------------------------------------------------------------------------------------------------------------
2026-08-20T10:18:16.1304282Z          0                   : 0.354s           154.773s       C:\a\OpenCppCoverage-ARM64\OpenCppCoverage-ARM64\CppCoverage.sln () 
2026-08-20T10:18:16.1305064Z          | 15                : 0.000s           0.000s       C:\a\OpenCppCoverage-ARM64\OpenCppCoverage-ARM64\Plugin\Plugin.vcxproj () 
2026-08-20T10:18:16.1306342Z          | 14                : 0.000s           0.000s       C:\a\OpenCppCoverage-ARM64\OpenCppCoverage-ARM64\TestCoverageOptimizedBuild\TestCoverageOptimizedBuild.vcxproj () 
2026-08-20T10:18:16.1309010Z          | 11                : 0.000s           0.000s       C:\a\OpenCppCoverage-ARM64\OpenCppCoverage-ARM64\FileFilter\FileFilter.vcxproj () 
2026-08-20T10:18:16.1309791Z          | 9                 : 0.000s           0.000s       C:\a\OpenCppCoverage-ARM64\OpenCppCoverage-ARM64\Tools\Tools.vcxproj () 
2026-08-20T10:18:16.1310688Z          | 7                 : 0.000s           0.000s       C:\a\OpenCppCoverage-ARM64\OpenCppCoverage-ARM64\TestCoverageSharedLib\TestCoverageSharedLib.vcxproj () 
2026-08-20T10:18:16.1311581Z          | 5                 : 0.000s           0.000s       C:\a\OpenCppCoverage-ARM64\OpenCppCoverage-ARM64\Exporter\Exporter.vcxproj () 
2026-08-20T10:18:16.1312471Z          | 3                 : 0.229s           135.778s       C:\a\OpenCppCoverage-ARM64\OpenCppCoverage-ARM64\CppCoverageTest\CppCoverageTest.vcxproj.metaproj () 
2026-08-20T10:18:16.1313432Z          | | 4               : 0.000s           0.000s       C:\a\OpenCppCoverage-ARM64\OpenCppCoverage-ARM64\TestCoverageConsole\TestCoverageConsole.vcxproj () 
2026-08-20T10:18:16.1314328Z          | | 1               : 0.000s           0.000s       C:\a\OpenCppCoverage-ARM64\OpenCppCoverage-ARM64\CppCoverage\CppCoverage.vcxproj () 
2026-08-20T10:18:16.1315191Z          | . 57              : 1.083s           1.109s       C:\a\OpenCppCoverage-ARM64\OpenCppCoverage-ARM64\CppCoverageTest\CppCoverageTest.vcxproj () 
2026-08-20T10:18:16.1316176Z          | | | 71            : 0.002s           0.002s       C:\a\OpenCppCoverage-ARM64\OpenCppCoverage-ARM64\TestCoverageConsole\TestCoverageConsole.vcxproj (GetNativeManifest) 
2026-08-20T10:18:16.1317318Z          | | | 72            : 0.014s           0.014s       C:\a\OpenCppCoverage-ARM64\OpenCppCoverage-ARM64\CppCoverage\CppCoverage.vcxproj (GetProjectInfoForReference) 
2026-08-20T10:18:16.1318445Z          | | | 78            : 0.005s           0.005s       C:\a\OpenCppCoverage-ARM64\OpenCppCoverage-ARM64\TestCoverageConsole\TestCoverageConsole.vcxproj (GetProjectInfoForReference) 
2026-08-20T10:18:16.1319630Z          | | | 103           : 0.006s           0.006s       C:\a\OpenCppCoverage-ARM64\OpenCppCoverage-ARM64\FileFilter\FileFilter.vcxproj (GetCopyToOutputDirectoryItems) 
2026-08-20T10:18:16.1320658Z          | | | 107           : 0.000s           0.000s       C:\a\OpenCppCoverage-ARM64\OpenCppCoverage-ARM64\TestHelper\TestHelper.vcxproj (GetCopyToOutputDirectoryItems) 
2026-08-20T10:18:16.1321796Z          | | . 108           : 0.000s           0.000s       C:\a\OpenCppCoverage-ARM64\OpenCppCoverage-ARM64\TestCoverageConsole\TestCoverageConsole.vcxproj (GetCopyToOutputDirectoryItems) 
2026-08-20T10:18:16.1323755Z          | 4                 : 2.231s           47.844s       C:\a\OpenCppCoverage-ARM64\OpenCppCoverage-ARM64\TestCoverageConsole\TestCoverageConsole.vcxproj () 
2026-08-20T10:18:16.1324701Z          | | 9               : 0.000s           0.000s       C:\a\OpenCppCoverage-ARM64\OpenCppCoverage-ARM64\Tools\Tools.vcxproj () 
2026-08-20T10:18:16.1325511Z          | | 24              : 0.000s           0.000s       C:\a\OpenCppCoverage-ARM64\OpenCppCoverage-ARM64\Tools\Tools.vcxproj (GetNativeManifest) 
2026-08-20T10:18:16.1326392Z          | | 28              : 0.000s           0.000s       C:\a\OpenCppCoverage-ARM64\OpenCppCoverage-ARM64\Tools\Tools.vcxproj (GetProjectInfoForReference) 
2026-08-20T10:18:16.1327580Z          | | 14              : 11.666s           19.023s       C:\a\OpenCppCoverage-ARM64\OpenCppCoverage-ARM64\TestCoverageOptimizedBuild\TestCoverageOptimizedBuild.vcxproj () 
2026-08-20T10:18:16.1328805Z          | | . 17            : 0.000s           0.000s       C:\Users\runneradmin\AppData\Local\OpenCppCoverage\vcpkg\scripts\buildsystems\msbuild\support\InstallImplementation.targets (VcpkgInstallImplementation) 
2026-08-20T10:18:16.1330207Z          | | 7               : 1.268s           26.020s       C:\a\OpenCppCoverage-ARM64\OpenCppCoverage-ARM64\TestCoverageSharedLib\TestCoverageSharedLib.vcxproj () 
2026-08-20T10:18:16.1331079Z          | | | 15            : 0.000s           0.000s       C:\a\OpenCppCoverage-ARM64\OpenCppCoverage-ARM64\Plugin\Plugin.vcxproj () 
2026-08-20T10:18:16.1331897Z          | | . 18            : 0.000s           0.000s       C:\a\OpenCppCoverage-ARM64\OpenCppCoverage-ARM64\Plugin\Plugin.vcxproj (GetNativeManifest) 
2026-08-20T10:18:16.1332882Z          | | 26              : 0.006s           0.006s       C:\a\OpenCppCoverage-ARM64\OpenCppCoverage-ARM64\TestCoverageSharedLib\TestCoverageSharedLib.vcxproj (GetNativeManifest) 
2026-08-20T10:18:16.1334019Z          | | 25              : 0.006s           0.006s       C:\a\OpenCppCoverage-ARM64\OpenCppCoverage-ARM64\TestCoverageOptimizedBuild\TestCoverageOptimizedBuild.vcxproj (GetNativeManifest) 
2026-08-20T10:18:16.1335280Z          | | 29              : 0.012s           0.012s       C:\a\OpenCppCoverage-ARM64\OpenCppCoverage-ARM64\TestCoverageOptimizedBuild\TestCoverageOptimizedBuild.vcxproj (GetProjectInfoForReference) 
2026-08-20T10:18:16.1336501Z          | | 30              : 0.015s           0.015s       C:\a\OpenCppCoverage-ARM64\OpenCppCoverage-ARM64\TestCoverageSharedLib\TestCoverageSharedLib.vcxproj (GetProjectInfoForReference) 
2026-08-20T10:18:16.1337781Z          | . 38              : 0.000s           0.000s       C:\a\OpenCppCoverage-ARM64\OpenCppCoverage-ARM64\TestCoverageSharedLib\TestCoverageSharedLib.vcxproj (GetCopyToOutputDirectoryItems) 
2026-08-20T10:18:16.1338855Z          | 2                 : 3.121s           134.467s       C:\a\OpenCppCoverage-ARM64\OpenCppCoverage-ARM64\OpenCppCoverage\OpenCppCoverage.vcxproj () 
2026-08-20T10:18:16.1339662Z          | | 15              : 0.000s           0.000s       C:\a\OpenCppCoverage-ARM64\OpenCppCoverage-ARM64\Plugin\Plugin.vcxproj () 
2026-08-20T10:18:16.1340417Z          | | 5               : 0.000s           0.000s       C:\a\OpenCppCoverage-ARM64\OpenCppCoverage-ARM64\Exporter\Exporter.vcxproj () 
2026-08-20T10:18:16.1341229Z          | | 1               : 0.000s           0.000s       C:\a\OpenCppCoverage-ARM64\OpenCppCoverage-ARM64\CppCoverage\CppCoverage.vcxproj () 
2026-08-20T10:18:16.1341990Z          | | 9               : 11.346s           18.703s       C:\a\OpenCppCoverage-ARM64\OpenCppCoverage-ARM64\Tools\Tools.vcxproj () 
2026-08-20T10:18:16.1343008Z          | | . 17            : 0.000s           0.000s       C:\Users\runneradmin\AppData\Local\OpenCppCoverage\vcpkg\scripts\buildsystems\msbuild\support\InstallImplementation.targets (VcpkgInstallImplementation) 
2026-08-20T10:18:16.1344126Z          | | 82              : 0.002s           0.002s       C:\a\OpenCppCoverage-ARM64\OpenCppCoverage-ARM64\Exporter\Exporter.vcxproj (GetNativeManifest) 
2026-08-20T10:18:16.1345288Z          | . 85              : 0.000s           0.000s       C:\a\OpenCppCoverage-ARM64\OpenCppCoverage-ARM64\Exporter\Exporter.vcxproj (GetProjectInfoForReference) 
2026-08-20T10:18:16.1346230Z          | 1                 : 2.707s           62.718s       C:\a\OpenCppCoverage-ARM64\OpenCppCoverage-ARM64\CppCoverage\CppCoverage.vcxproj () 
2026-08-20T10:18:16.1347196Z          | | 9               : 0.000s           0.000s       C:\a\OpenCppCoverage-ARM64\OpenCppCoverage-ARM64\Tools\Tools.vcxproj () 
2026-08-20T10:18:16.1347934Z          | | 15              : 0.000s           0.000s       C:\a\OpenCppCoverage-ARM64\OpenCppCoverage-ARM64\Plugin\Plugin.vcxproj () 
2026-08-20T10:18:16.1348764Z          | | 42              : 0.000s           0.000s       C:\a\OpenCppCoverage-ARM64\OpenCppCoverage-ARM64\FileFilter\FileFilter.vcxproj (GetNativeManifest) 
2026-08-20T10:18:16.1349666Z          | | 11              : 1.447s           45.703s       C:\a\OpenCppCoverage-ARM64\OpenCppCoverage-ARM64\FileFilter\FileFilter.vcxproj () 
2026-08-20T10:18:16.1350640Z          | | | 9             : 0.000s           0.000s       C:\a\OpenCppCoverage-ARM64\OpenCppCoverage-ARM64\Tools\Tools.vcxproj () 
2026-08-20T10:18:16.1351434Z          | | . 24            : 0.000s           0.000s       C:\a\OpenCppCoverage-ARM64\OpenCppCoverage-ARM64\Tools\Tools.vcxproj (GetNativeManifest) 
2026-08-20T10:18:16.1352360Z          | . 47              : 0.016s           0.016s       C:\a\OpenCppCoverage-ARM64\OpenCppCoverage-ARM64\FileFilter\FileFilter.vcxproj (GetProjectInfoForReference) 
2026-08-20T10:18:16.1353338Z          | 6                 : 0.004s           145.157s       C:\a\OpenCppCoverage-ARM64\OpenCppCoverage-ARM64\ExporterTest\ExporterTest.vcxproj.metaproj () 
2026-08-20T10:18:16.1354197Z          | | 1               : 0.000s           0.000s       C:\a\OpenCppCoverage-ARM64\OpenCppCoverage-ARM64\CppCoverage\CppCoverage.vcxproj () 
2026-08-20T10:18:16.1354985Z          | | 5               : 1.733s           108.258s       C:\a\OpenCppCoverage-ARM64\OpenCppCoverage-ARM64\Exporter\Exporter.vcxproj () 
2026-08-20T10:18:16.1355762Z          | | | 9             : 0.000s           0.000s       C:\a\OpenCppCoverage-ARM64\OpenCppCoverage-ARM64\Tools\Tools.vcxproj () 
2026-08-20T10:18:16.1356542Z          | | | 1             : 0.000s           0.000s       C:\a\OpenCppCoverage-ARM64\OpenCppCoverage-ARM64\CppCoverage\CppCoverage.vcxproj () 
2026-08-20T10:18:16.1357322Z          | | | 15            : 12.013s           19.374s       C:\a\OpenCppCoverage-ARM64\OpenCppCoverage-ARM64\Plugin\Plugin.vcxproj () 
2026-08-20T10:18:16.1358375Z          | | | . 17          : 7.361s           7.361s       C:\Users\runneradmin\AppData\Local\OpenCppCoverage\vcpkg\scripts\buildsystems\msbuild\support\InstallImplementation.targets (VcpkgInstallImplementation) 
2026-08-20T10:18:16.1359498Z          | | | 56            : 0.000s           0.000s       C:\a\OpenCppCoverage-ARM64\OpenCppCoverage-ARM64\CppCoverage\CppCoverage.vcxproj (GetNativeManifest) 
2026-08-20T10:18:16.1360501Z          | | . 79            : 0.000s           0.000s       C:\a\OpenCppCoverage-ARM64\OpenCppCoverage-ARM64\CppCoverage\CppCoverage.vcxproj (GetCopyToOutputDirectoryItems) 
2026-08-20T10:18:16.1361460Z          | . 80              : 1.029s           1.029s       C:\a\OpenCppCoverage-ARM64\OpenCppCoverage-ARM64\ExporterTest\ExporterTest.vcxproj () 
2026-08-20T10:18:16.1362393Z          | 8                 : 0.002s           154.186s       C:\a\OpenCppCoverage-ARM64\OpenCppCoverage-ARM64\OpenCppCoverageTest\OpenCppCoverageTest.vcxproj.metaproj () 
2026-08-20T10:18:16.1363350Z          | | 2               : 0.000s           0.000s       C:\a\OpenCppCoverage-ARM64\OpenCppCoverage-ARM64\OpenCppCoverage\OpenCppCoverage.vcxproj () 
2026-08-20T10:18:16.1364275Z          | | 3               : 0.000s           0.000s       C:\a\OpenCppCoverage-ARM64\OpenCppCoverage-ARM64\CppCoverageTest\CppCoverageTest.vcxproj.metaproj () 
2026-08-20T10:18:16.1365392Z          | | 6               : 0.000s           0.000s       C:\a\OpenCppCoverage-ARM64\OpenCppCoverage-ARM64\ExporterTest\ExporterTest.vcxproj.metaproj () 
2026-08-20T10:18:16.1366373Z          | . 117             : 0.726s           0.744s       C:\a\OpenCppCoverage-ARM64\OpenCppCoverage-ARM64\OpenCppCoverageTest\OpenCppCoverageTest.vcxproj () 
2026-08-20T10:18:16.1367568Z          | | | 120           : 0.000s           0.000s       C:\a\OpenCppCoverage-ARM64\OpenCppCoverage-ARM64\OpenCppCoverage\OpenCppCoverage.vcxproj (GetNativeManifest) 
2026-08-20T10:18:16.1368577Z          | | | 119           : 0.000s           0.000s       C:\a\OpenCppCoverage-ARM64\OpenCppCoverage-ARM64\CppCoverageTest\CppCoverageTest.vcxproj (GetNativeManifest) 
2026-08-20T10:18:16.1369561Z          | | | 118           : 0.000s           0.000s       C:\a\OpenCppCoverage-ARM64\OpenCppCoverage-ARM64\ExporterTest\ExporterTest.vcxproj (GetNativeManifest) 
2026-08-20T10:18:16.1370609Z          | | | 122           : 0.016s           0.016s       C:\a\OpenCppCoverage-ARM64\OpenCppCoverage-ARM64\CppCoverageTest\CppCoverageTest.vcxproj (GetProjectInfoForReference) 
2026-08-20T10:18:16.1371876Z          | | | 121           : 0.016s           0.016s       C:\a\OpenCppCoverage-ARM64\OpenCppCoverage-ARM64\ExporterTest\ExporterTest.vcxproj (GetProjectInfoForReference) 
2026-08-20T10:18:16.1372944Z          | | | 123           : 0.000s           0.000s       C:\a\OpenCppCoverage-ARM64\OpenCppCoverage-ARM64\OpenCppCoverage\OpenCppCoverage.vcxproj (GetProjectInfoForReference) 
2026-08-20T10:18:16.1374069Z          | | | 125           : 0.002s           0.002s       C:\a\OpenCppCoverage-ARM64\OpenCppCoverage-ARM64\CppCoverageTest\CppCoverageTest.vcxproj (GetCopyToOutputDirectoryItems) 
2026-08-20T10:18:16.1375143Z          | | | 124           : 0.002s           0.002s       C:\a\OpenCppCoverage-ARM64\OpenCppCoverage-ARM64\ExporterTest\ExporterTest.vcxproj (GetCopyToOutputDirectoryItems) 
2026-08-20T10:18:16.1376233Z          | | . 126           : 0.000s           0.000s       C:\a\OpenCppCoverage-ARM64\OpenCppCoverage-ARM64\OpenCppCoverage\OpenCppCoverage.vcxproj (GetCopyToOutputDirectoryItems) 
2026-08-20T10:18:16.1377219Z          | 10                : 1.495s           45.462s       C:\a\OpenCppCoverage-ARM64\OpenCppCoverage-ARM64\TestHelper\TestHelper.vcxproj () 
2026-08-20T10:18:16.1377977Z          | | 9               : 0.000s           0.000s       C:\a\OpenCppCoverage-ARM64\OpenCppCoverage-ARM64\Tools\Tools.vcxproj () 
2026-08-20T10:18:16.1378703Z          | | 15              : 0.000s           0.000s       C:\a\OpenCppCoverage-ARM64\OpenCppCoverage-ARM64\Plugin\Plugin.vcxproj () 
2026-08-20T10:18:16.1379518Z          | | 24              : 0.005s           0.005s       C:\a\OpenCppCoverage-ARM64\OpenCppCoverage-ARM64\Tools\Tools.vcxproj (GetNativeManifest) 
2026-08-20T10:18:16.1380399Z          | | 28              : 0.010s           0.010s       C:\a\OpenCppCoverage-ARM64\OpenCppCoverage-ARM64\Tools\Tools.vcxproj (GetProjectInfoForReference) 
2026-08-20T10:18:16.1381334Z          | . 33              : 0.005s           0.005s       C:\a\OpenCppCoverage-ARM64\OpenCppCoverage-ARM64\Tools\Tools.vcxproj (GetCopyToOutputDirectoryItems) 
2026-08-20T10:18:16.1382264Z          | 12                : 0.793s           60.286s       C:\a\OpenCppCoverage-ARM64\OpenCppCoverage-ARM64\FileFilterTest\FileFilterTest.vcxproj () 
2026-08-20T10:18:16.1383044Z          | | 9               : 0.000s           0.000s       C:\a\OpenCppCoverage-ARM64\OpenCppCoverage-ARM64\Tools\Tools.vcxproj () 
2026-08-20T10:18:16.1383808Z          | | 10              : 0.000s           0.000s       C:\a\OpenCppCoverage-ARM64\OpenCppCoverage-ARM64\TestHelper\TestHelper.vcxproj () 
2026-08-20T10:18:16.1384744Z          | | 14              : 0.000s           0.000s       C:\a\OpenCppCoverage-ARM64\OpenCppCoverage-ARM64\TestCoverageOptimizedBuild\TestCoverageOptimizedBuild.vcxproj () 
2026-08-20T10:18:16.1385668Z          | | 11              : 0.000s           0.000s       C:\a\OpenCppCoverage-ARM64\OpenCppCoverage-ARM64\FileFilter\FileFilter.vcxproj () 
2026-08-20T10:18:16.1386752Z          | | 47              : 0.000s           0.000s       C:\a\OpenCppCoverage-ARM64\OpenCppCoverage-ARM64\FileFilter\FileFilter.vcxproj (GetProjectInfoForReference) 
2026-08-20T10:18:16.1387961Z          | | 42              : 0.000s           0.000s       C:\a\OpenCppCoverage-ARM64\OpenCppCoverage-ARM64\FileFilter\FileFilter.vcxproj (GetNativeManifest) 
2026-08-20T10:18:16.1389110Z          | . 52              : 0.000s           0.000s       C:\a\OpenCppCoverage-ARM64\OpenCppCoverage-ARM64\TestCoverageOptimizedBuild\TestCoverageOptimizedBuild.vcxproj (GetCopyToOutputDirectoryItems) 
2026-08-20T10:18:16.1390144Z          | 13                : 0.767s           50.846s       C:\a\OpenCppCoverage-ARM64\OpenCppCoverage-ARM64\ToolsTest\ToolsTest.vcxproj () 
2026-08-20T10:18:16.1390907Z          | | 9               : 0.000s           0.000s       C:\a\OpenCppCoverage-ARM64\OpenCppCoverage-ARM64\Tools\Tools.vcxproj () 
2026-08-20T10:18:16.1392805Z          | | 10              : 0.000s           0.000s       C:\a\OpenCppCoverage-ARM64\OpenCppCoverage-ARM64\TestHelper\TestHelper.vcxproj () 
2026-08-20T10:18:16.1393676Z          | | 34              : 0.000s           0.000s       C:\a\OpenCppCoverage-ARM64\OpenCppCoverage-ARM64\TestHelper\TestHelper.vcxproj (GetNativeManifest) 
2026-08-20T10:18:16.1394660Z          | . 36              : 0.009s           0.009s       C:\a\OpenCppCoverage-ARM64\OpenCppCoverage-ARM64\TestHelper\TestHelper.vcxproj (GetProjectInfoForReference) 
2026-08-20T10:18:16.1395563Z          . 16                : 0.724s           25.724s       C:\a\OpenCppCoverage-ARM64\OpenCppCoverage-ARM64\PluginTest\PluginTest.vcxproj () 
2026-08-20T10:18:16.1396338Z          | | 15              : 0.000s           0.000s       C:\a\OpenCppCoverage-ARM64\OpenCppCoverage-ARM64\Plugin\Plugin.vcxproj () 
2026-08-20T10:18:16.1397144Z          | | 18              : 0.000s           0.000s       C:\a\OpenCppCoverage-ARM64\OpenCppCoverage-ARM64\Plugin\Plugin.vcxproj (GetNativeManifest) 
2026-08-20T10:18:16.1398121Z          | . 19              : 0.000s           0.000s       C:\a\OpenCppCoverage-ARM64\OpenCppCoverage-ARM64\Plugin\Plugin.vcxproj (GetProjectInfoForReference) 
2026-08-20T10:18:16.1398726Z          
2026-08-20T10:18:16.1399206Z          ============================== Node Utilization (IDs represent configurations) ====================================================
2026-08-20T10:18:16.1399799Z          Timestamp:            1       4       3       2        Duration   Cumulative
2026-08-20T10:18:16.1400386Z          -----------------------------------------------------------------------------------------------------------------------------------
2026-08-20T10:18:16.1400982Z          639228177412715102:   0       x       x       x        0.368s     0.368s .......
2026-08-20T10:18:16.1401492Z          639228177416398228:   3       x       x       x        0.223s     0.591s ....
2026-08-20T10:18:16.1401960Z          639228177418625200:   |       1       2       4        0.008s     0.599s 
2026-08-20T10:18:16.1402410Z          639228177418705649:   6       |       |       |        0.004s     0.603s 
2026-08-20T10:18:16.1402868Z          639228177418743135:   8       |       |       |        0.002s     0.605s 
2026-08-20T10:18:16.1403370Z          639228177418763263:   5       |       |       |        0.576s     1.181s ...........
2026-08-20T10:18:16.1403875Z          639228177424522923:   15      |       |       |        0.889s     2.070s .................
2026-08-20T10:18:16.1404364Z          639228177433417883:   |       11      9       |        0.006s     2.076s 
2026-08-20T10:18:16.1404852Z          639228177433474954:   |       |       |       14       0.111s     2.187s ..
2026-08-20T10:18:16.1405319Z          639228177434588876:   |       7       |       |        0.270s     2.457s .....
2026-08-20T10:18:16.1405790Z          639228177437284037:   |       10      |       |        0.071s     2.528s .
2026-08-20T10:18:16.1406516Z          639228177437996947:   |       12      |       |        0.099s     2.627s .
2026-08-20T10:18:16.1407280Z          639228177438988443:   |       13      |       |        0.075s     2.702s .
2026-08-20T10:18:16.1407762Z          639228177439736287:   |       16      |       |        0.067s     2.769s .
2026-08-20T10:18:16.1408239Z          639228177440402111:   |       x       |       |        9.491s     12.260s + (scale 1:100)
2026-08-20T10:18:16.1408716Z          639228177535315967:   17      x       |       |        0.004s     12.264s 
2026-08-20T10:18:16.1409224Z          639228177535355528:   |       x       x       x        7.357s     19.621s + (scale 1:100)
2026-08-20T10:18:16.1409718Z          639228177608925041:   15      x       9       14       0.201s     19.822s ....
2026-08-20T10:18:16.1410184Z          639228177610933207:   |       x       |       |        0.002s     19.824s 
2026-08-20T10:18:16.1410656Z          639228177610953323:   |       x       |       |        0.002s     19.826s 
2026-08-20T10:18:16.1411439Z          639228177610973423:   |       x       |       |        2.639s     22.465s ....................................................
2026-08-20T10:18:16.1411991Z          639228177637363095:   |       x       |       |        0.014s     22.479s 
2026-08-20T10:18:16.1412446Z          639228177637501214:   |       x       |       |        0.085s     22.564s .
2026-08-20T10:18:16.1412929Z          639228177638352040:   |       x       |       |        0.030s     22.593s 
2026-08-20T10:18:16.1413397Z          639228177638648399:   |       x       |       |        0.320s     22.913s ......
2026-08-20T10:18:16.1413864Z          639228177641848322:   |       x       |       |        0.032s     22.945s 
2026-08-20T10:18:16.1414360Z          639228177642165009:   |       x       |       |        0.651s     23.596s .............
2026-08-20T10:18:16.1414866Z          639228177648672102:   |       x       |       |        1.275s     24.871s .........................
2026-08-20T10:18:16.1415416Z          639228177661425962:   |       x       |       x        1.613s     26.484s ................................
2026-08-20T10:18:16.1415945Z          639228177677556298:   |       x       |       x        0.632s     27.116s ............
2026-08-20T10:18:16.1416449Z          639228177683877454:   x       16      |       x        0.012s     27.128s 
2026-08-20T10:18:16.1416910Z          639228177683995129:   18      |       |       x        0.081s     27.209s .
2026-08-20T10:18:16.1417382Z          639228177684802631:   19      7       |       x        0.200s     27.409s ...
2026-08-20T10:18:16.1417839Z          639228177686800674:   |       16      |       x        0.032s     27.441s 
2026-08-20T10:18:16.1418338Z          639228177687121876:   |       |       |       x        0.337s     27.777s ......
2026-08-20T10:18:16.1418802Z          639228177690488603:   |       7       |       x        0.093s     27.871s .
2026-08-20T10:18:16.1419316Z          639228177691421502:   |       |       |       x        1.711s     29.582s ..................................
2026-08-20T10:18:16.1419854Z          639228177708531588:   |       16      |       x        0.035s     29.616s 
2026-08-20T10:18:16.1420337Z          639228177708879232:   |       |       |       x        0.915s     30.531s ..................
2026-08-20T10:18:16.1420821Z          639228177718029583:   |       7       |       x        0.253s     30.784s .....
2026-08-20T10:18:16.1421298Z          639228177720557356:   |       |       |       x        0.453s     31.237s .........
2026-08-20T10:18:16.1421798Z          639228177725085349:   |       16      |       x        0.498s     31.735s .........
2026-08-20T10:18:16.1422299Z          639228177730062205:   |       x       |       x        13.853s     45.588s ++ (scale 1:100)
2026-08-20T10:18:16.1422812Z          639228177868593579:   |       x       |       x        0.801s     46.389s ................
2026-08-20T10:18:16.1423323Z          639228177876602458:   |       10      x       4        0.007s     46.396s 
2026-08-20T10:18:16.1424004Z          639228177876670641:   |       11      24      |        0.002s     46.398s 
2026-08-20T10:18:16.1424520Z          639228177876690712:   |       26      |       25       0.003s     46.401s 
2026-08-20T10:18:16.1424988Z          639228177876721150:   |       |       x       |        0.003s     46.404s 
2026-08-20T10:18:16.1425467Z          639228177876751349:   |       10      x       4        0.035s     46.439s 
2026-08-20T10:18:16.1425926Z          639228177877101548:   |       11      28      |        0.008s     46.446s 
2026-08-20T10:18:16.1426378Z          639228177877179301:   |       |       |       29       0.002s     46.448s 
2026-08-20T10:18:16.1426830Z          639228177877199384:   |       |       x       |        0.010s     46.458s 
2026-08-20T10:18:16.1427512Z          639228177877297211:   |       |       x       x        0.073s     46.531s .
2026-08-20T10:18:16.1428000Z          639228177878030014:   |       10      x       x        0.754s     47.286s ...............
2026-08-20T10:18:16.1428697Z          639228177885570894:   |       30      x       x        0.008s     47.293s 
2026-08-20T10:18:16.1429190Z          639228177885647611:   |       |       x       x        0.007s     47.300s 
2026-08-20T10:18:16.1429649Z          639228177885716867:   |       11      x       4        0.039s     47.339s 
2026-08-20T10:18:16.1430115Z          639228177886102280:   |       |       x       |        0.564s     47.903s ...........
2026-08-20T10:18:16.1430605Z          639228177891746016:   |       |       x       |        0.745s     48.648s ..............
2026-08-20T10:18:16.1431103Z          639228177899199238:   |       10      x       |        0.039s     48.687s 
2026-08-20T10:18:16.1431678Z          639228177899586981:   |       |       x       |        3.491s     52.178s .....................................................................
2026-08-20T10:18:16.1432264Z          639228177934497828:   |       |       x       |        0.577s     52.755s ...........
2026-08-20T10:18:16.1432749Z          639228177940262973:   |       11      33      |        0.005s     52.760s 
2026-08-20T10:18:16.1433241Z          639228177940310843:   |       10      x       |        0.013s     52.773s 
2026-08-20T10:18:16.1433711Z          639228177940440112:   |       13      x       |        0.012s     52.785s 
2026-08-20T10:18:16.1434170Z          639228177940561986:   |       |       x       |        0.056s     52.841s .
2026-08-20T10:18:16.1434657Z          639228177941124867:   |       36      x       |        0.009s     52.850s 
2026-08-20T10:18:16.1435121Z          639228177941213460:   |       13      x       |        0.041s     52.891s 
2026-08-20T10:18:16.1435657Z          639228177941620313:   |       |       x       |        2.056s     54.947s .........................................
2026-08-20T10:18:16.1436191Z          639228177962181967:   |       |       x       |        0.033s     54.980s 
2026-08-20T10:18:16.1436721Z          639228177962515266:   |       |       x       |        1.213s     56.193s ........................
2026-08-20T10:18:16.1437314Z          639228177974644183:   |       |       x       |        0.534s     56.727s ..........
2026-08-20T10:18:16.1437792Z          639228177979982904:   |       |       x       |        0.108s     56.835s ..
2026-08-20T10:18:16.1438293Z          639228177981067164:   |       |       x       x        0.441s     57.276s ........
2026-08-20T10:18:16.1438764Z          639228177985475745:   |       38      x       4        0.021s     57.298s 
2026-08-20T10:18:16.1439364Z          639228177985690725:   |       |       x       x        4.089s     61.387s .................................................................................
2026-08-20T10:18:16.1439978Z          639228178026581963:   |       11      x       x        0.632s     62.019s ............
2026-08-20T10:18:16.1440472Z          639228178032904872:   |       12      x       x        0.016s     62.035s 
2026-08-20T10:18:16.1441152Z          639228178033061842:   |       |       x       x        0.031s     62.066s 
2026-08-20T10:18:16.1441667Z          639228178033375225:   |       1       x       x        0.047s     62.113s 
2026-08-20T10:18:16.1442131Z          639228178033845209:   |       47      x       x        0.016s     62.129s 
2026-08-20T10:18:16.1442610Z          639228178034001566:   |       1       x       x        0.039s     62.167s 
2026-08-20T10:18:16.1443071Z          639228178034386831:   |       12      x       x        0.024s     62.192s 
2026-08-20T10:18:16.1443544Z          639228178034630810:   |       |       x       x        0.730s     62.922s ..............
2026-08-20T10:18:16.1444050Z          639228178041932946:   |       1       x       x        0.041s     62.963s 
2026-08-20T10:18:16.1444551Z          639228178042347259:   |       |       x       x        1.356s     64.319s ...........................
2026-08-20T10:18:16.1445280Z          639228178055907309:   |       12      x       x        0.038s     64.357s 
2026-08-20T10:18:16.1445931Z          639228178056285922:   |       |       x       x        4.911s     69.268s ..................................................................................................
2026-08-20T10:18:16.1446612Z          639228178105397948:   |       |       x       x        0.569s     69.837s ...........
2026-08-20T10:18:16.1447094Z          639228178111084280:   |       |       x       52       0.016s     69.853s 
2026-08-20T10:18:16.1447859Z          639228178111240614:   |       1       x       |        36.746s     106.598s +++++++ (scale 1:100)
2026-08-20T10:18:16.1448424Z          639228178478695898:   |       |       x       |        1.108s     107.706s ......................
2026-08-20T10:18:16.1448932Z          639228178489779703:   5       56      57      |        0.093s     107.799s .
2026-08-20T10:18:16.1449403Z          639228178490709521:   |       |       x       71       0.002s     107.801s 
2026-08-20T10:18:16.1449871Z          639228178490724610:   |       |       57      x        0.050s     107.851s .
2026-08-20T10:18:16.1450355Z          639228178491224763:   |       72      x       x        0.014s     107.865s 
2026-08-20T10:18:16.1450819Z          639228178491361081:   |       x       57      x        0.004s     107.869s 
2026-08-20T10:18:16.1451288Z          639228178491402904:   |       x       x       78       0.005s     107.873s 
2026-08-20T10:18:16.1451749Z          639228178491448363:   |       x       57      x        0.047s     107.920s 
2026-08-20T10:18:16.1452244Z          639228178491919526:   |       x       |       x        0.002s     107.922s 
2026-08-20T10:18:16.1452742Z          639228178491939617:   |       x       |       x        0.798s     108.720s ...............
2026-08-20T10:18:16.1453235Z          639228178499916045:   |       x       |       x        0.030s     108.750s 
2026-08-20T10:18:16.1453750Z          639228178500213184:   |       x       |       x        1.248s     109.998s ........................
2026-08-20T10:18:16.1454257Z          639228178512695440:   |       x       |       x        0.041s     110.039s 
2026-08-20T10:18:16.1454762Z          639228178513103755:   |       x       |       x        18.651s     128.690s +++ (scale 1:100)
2026-08-20T10:18:16.1455248Z          639228178699616265:   |       x       |       x        0.113s     128.803s ..
2026-08-20T10:18:16.1455886Z          639228178700747707:   |       x       |       x        3.813s     132.616s ............................................................................
2026-08-20T10:18:16.1456499Z          639228178738879944:   |       x       |       x        0.688s     133.304s .............
2026-08-20T10:18:16.1456977Z          639228178745758661:   |       79      |       x        0.110s     133.414s ..
2026-08-20T10:18:16.1457465Z          639228178746859325:   6       |       2       80       0.002s     133.416s 
2026-08-20T10:18:16.1457927Z          639228178746879401:   82      |       57      |        0.002s     133.418s 
2026-08-20T10:18:16.1458649Z          639228178746899479:   x       |       2       |        0.069s     133.488s .
2026-08-20T10:18:16.1459206Z          639228178747591803:   85      |       |       |        0.156s     133.644s ...
2026-08-20T10:18:16.1459692Z          639228178749154923:   |       |       |       |        0.114s     133.758s ..
2026-08-20T10:18:16.1460158Z          639228178750295533:   |       |       |       |        0.002s     133.760s 
2026-08-20T10:18:16.1460639Z          639228178750319312:   |       |       |       |        0.718s     134.478s ..............
2026-08-20T10:18:16.1461171Z          639228178757498919:   |       |       |       |        0.816s     135.294s ................
2026-08-20T10:18:16.1461680Z          639228178765657262:   |       |       57      |        0.563s     135.857s ...........
2026-08-20T10:18:16.1462233Z          639228178771285182:   |       |       |       |        0.088s     135.945s .
2026-08-20T10:18:16.1462922Z          639228178772162670:   |       |       |       |        0.170s     136.115s ...
2026-08-20T10:18:16.1463419Z          639228178773862125:   |       103     2       |        0.006s     136.121s 
2026-08-20T10:18:16.1463885Z          639228178773922466:   |       107     57      108      0.028s     136.149s 
2026-08-20T10:18:16.1464407Z          639228178774200274:   3       |       2       |        1.908s     138.057s ......................................
2026-08-20T10:18:16.1464941Z          639228178793284312:   |       |       |       |        0.590s     138.647s ...........
2026-08-20T10:18:16.1465451Z          639228178799187732:   |       |       x       |        6.397s     145.044s + (scale 1:100)
2026-08-20T10:18:16.1465956Z          639228178863158721:   |       |       x       80       0.712s     145.756s ..............
2026-08-20T10:18:16.1466448Z          639228178870276869:   117     |       x       x        0.047s     145.804s 
2026-08-20T10:18:16.1466949Z          639228178870750818:   |       |       120     118      0.016s     145.819s 
2026-08-20T10:18:16.1467675Z          639228178870907130:   x       |       122     121      0.016s     145.835s 
2026-08-20T10:18:16.1468181Z          639228178871067837:   117     |       123     x        0.030s     145.865s 
2026-08-20T10:18:16.1468712Z          639228178871368860:   |       |       |       x        1.930s     147.795s ......................................
2026-08-20T10:18:16.1469256Z          639228178890666235:   |       |       |       x        0.024s     147.819s 
2026-08-20T10:18:16.1469738Z          639228178890904651:   |       |       |       x        6.358s     154.177s + (scale 1:100)
2026-08-20T10:18:16.1470230Z          639228178954488932:   |       |       |       x        0.533s     154.710s ..........
2026-08-20T10:18:16.1470723Z          639228178959815630:   x       |       125     124      0.002s     154.712s 
2026-08-20T10:18:16.1471189Z          639228178959836320:   117     |       126     x        0.077s     154.789s .
2026-08-20T10:18:16.1471663Z          639228178959836320:   0       |       |       x        0.077s     154.866s .
2026-08-20T10:18:16.1472252Z          -----------------------------------------------------------------------------------------------------------------------------------
2026-08-20T10:18:16.1472882Z          Utilization:          40.0    58.3    46.8    25.2     Average Utilization: 42.6
2026-08-20T10:18:16.1473176Z 
2026-08-20T10:18:16.1473294Z Build succeeded.
2026-08-20T10:18:16.1473541Z     0 Warning(s)
2026-08-20T10:18:16.1473769Z     0 Error(s)
2026-08-20T10:18:16.1473939Z 
2026-08-20T10:18:16.1474058Z Time Elapsed 00:02:35.52
2026-08-20T10:18:16.3194113Z ##[group]Run & .\Build\Scripts\Assert-BuildToolchain.ps1 `
2026-08-20T10:18:16.3194805Z [36;1m& .\Build\Scripts\Assert-BuildToolchain.ps1 `[0m
2026-08-20T10:18:16.3195438Z [36;1m  -BuildLog artifacts\logs\build-Debug-ARM64.log `[0m
2026-08-20T10:18:16.3195843Z [36;1m  -ExpectedHost Hostarm64 `[0m
2026-08-20T10:18:16.3196229Z [36;1m  -SummaryPath artifacts\logs\build-toolchain-Debug-ARM64.json[0m
2026-08-20T10:18:16.3196693Z [36;1mif ($LASTEXITCODE -ne 0) { exit $LASTEXITCODE }[0m
2026-08-20T10:18:16.3250405Z shell: C:\Program Files\PowerShell\7\pwsh.EXE -command ". '{0}'"
2026-08-20T10:18:16.3250796Z env:
2026-08-20T10:18:16.3251241Z   MSBUILD_EXE: C:\Program Files\Microsoft Visual Studio\2022\Enterprise\MSBuild\Current\Bin\arm64\MSBuild.exe
2026-08-20T10:18:16.3251857Z   VCPKG_ROOT: C:\Users\runneradmin\AppData\Local\OpenCppCoverage\vcpkg
2026-08-20T10:18:16.3252266Z ##[endgroup]
2026-08-20T10:18:16.7514369Z cl     HostArm64\arm64 toolset 14.44.35207 x32
2026-08-20T10:18:16.7519974Z link   HostArm64\arm64 toolset 14.44.35207 x16
2026-08-20T10:18:16.7531509Z Build host toolchain verified: every compiler and linker invocation came from Hostarm64.
2026-08-20T10:18:16.8253888Z ##[group]Run & .\Build\Scripts\RunTests.ps1 -Platform ARM64 `
2026-08-20T10:18:16.8254721Z [36;1m& .\Build\Scripts\RunTests.ps1 -Platform ARM64 `[0m
2026-08-20T10:18:16.8255086Z [36;1m  -Configuration Debug -LogDirectory artifacts\logs[0m
2026-08-20T10:18:16.8255439Z [36;1mif ($LASTEXITCODE -ne 0) { exit $LASTEXITCODE }[0m
2026-08-20T10:18:16.8308596Z shell: C:\Program Files\PowerShell\7\pwsh.EXE -command ". '{0}'"
2026-08-20T10:18:16.8308923Z env:
2026-08-20T10:18:16.8309311Z   MSBUILD_EXE: C:\Program Files\Microsoft Visual Studio\2022\Enterprise\MSBuild\Current\Bin\arm64\MSBuild.exe
2026-08-20T10:18:16.8309894Z   VCPKG_ROOT: C:\Users\runneradmin\AppData\Local\OpenCppCoverage\vcpkg
2026-08-20T10:18:16.8310221Z ##[endgroup]
2026-08-20T10:18:17.3360545Z Running CppCoverageTest --gtest_filter=-CodeCoverageRunnerTest.OptimizedBuild:CppCliTest.ManagedUnManagedModule
2026-08-20T10:18:23.0523861Z Running ExporterTest 
2026-08-20T10:18:23.8560715Z Running FileFilterTest 
2026-08-20T10:18:25.1067409Z Running OpenCppCoverageTest 
2026-08-20T10:18:49.3889725Z Running PluginTest 
2026-08-20T10:18:49.4179295Z Running ToolsTest 
2026-08-20T10:18:49.4727867Z Test summary written to artifacts\logs\test-summary-ARM64-Debug.json
2026-08-20T10:18:49.4786757Z 
2026-08-20T10:18:49.4786912Z Name                ExitCode Ran Passed
2026-08-20T10:18:49.4787189Z ----                -------- --- ------
2026-08-20T10:18:49.4787438Z CppCoverageTest            0 116    116
2026-08-20T10:18:49.4787684Z ExporterTest               0  34     34
2026-08-20T10:18:49.4787928Z FileFilterTest             0  29     29
2026-08-20T10:18:49.4788178Z OpenCppCoverageTest        0  19     19
2026-08-20T10:18:49.4788437Z PluginTest                 0   5      5
2026-08-20T10:18:49.4788673Z ToolsTest                  0  12     12
2026-08-20T10:18:49.4788834Z 
2026-08-20T10:18:49.4788838Z 
2026-08-20T10:18:49.4800344Z All test suites passed for ARM64|Debug.
2026-08-20T10:18:49.5259326Z ##[group]Run & "$env:MSBUILD_EXE" /m CppCoverage.sln /p:Configuration=Release /p:Platform=ARM64 `
2026-08-20T10:18:49.5260236Z [36;1m& "$env:MSBUILD_EXE" /m CppCoverage.sln /p:Configuration=Release /p:Platform=ARM64 `[0m
2026-08-20T10:18:49.5260744Z [36;1m  /p:PreferredToolArchitecture=arm64 `[0m
2026-08-20T10:18:49.5261123Z [36;1m  /bl:artifacts\logs\build-Release-ARM64.binlog `[0m
2026-08-20T10:18:49.5261602Z [36;1m  /fl "/flp:logfile=artifacts\logs\build-Release-ARM64.log;verbosity=normal"[0m
2026-08-20T10:18:49.5316358Z shell: C:\Program Files\PowerShell\7\pwsh.EXE -command ". '{0}'"
2026-08-20T10:18:49.5316785Z env:
2026-08-20T10:18:49.5317233Z   MSBUILD_EXE: C:\Program Files\Microsoft Visual Studio\2022\Enterprise\MSBuild\Current\Bin\arm64\MSBuild.exe
2026-08-20T10:18:49.5317859Z   VCPKG_ROOT: C:\Users\runneradmin\AppData\Local\OpenCppCoverage\vcpkg
2026-08-20T10:18:49.5318241Z ##[endgroup]
2026-08-20T10:18:49.8933625Z MSBuild version 17.14.51+25f168cee for .NET Framework
2026-08-20T10:18:50.2196469Z Build started 8/20/2026 10:18:50 AM.
2026-08-20T10:18:50.2329308Z 
2026-08-20T10:18:50.9696814Z      1>Project "C:\a\OpenCppCoverage-ARM64\OpenCppCoverage-ARM64\CppCoverage.sln" on node 1 (default targets).
2026-08-20T10:18:50.9707273Z      1>ValidateSolutionConfiguration:
2026-08-20T10:18:50.9707684Z          Building solution configuration "Release|ARM64".
2026-08-20T10:18:50.9756652Z        ValidateProjects:
2026-08-20T10:18:50.9757168Z          The project "TestCppCli" is not selected for building in solution configuration "Release|ARM64".
2026-08-20T10:18:51.3324276Z      1>Project "C:\a\OpenCppCoverage-ARM64\OpenCppCoverage-ARM64\CppCoverage.sln" (1) is building "C:\a\OpenCppCoverage-ARM64\OpenCppCoverage-ARM64\OpenCppCoverage\OpenCppCoverage.vcxproj" (5) on node 4 (default targets).
2026-08-20T10:18:51.3368925Z      5>Project "C:\a\OpenCppCoverage-ARM64\OpenCppCoverage-ARM64\OpenCppCoverage\OpenCppCoverage.vcxproj" (5) is building "C:\a\OpenCppCoverage-ARM64\OpenCppCoverage-ARM64\Plugin\Plugin.vcxproj" (8) on node 4 (default targets).
2026-08-20T10:18:51.3377592Z      8>PrepareForBuild:
2026-08-20T10:18:51.3382749Z          Creating directory "ARM64\Release\".
2026-08-20T10:18:51.3387425Z          Structured output is enabled. The formatting of compiler diagnostics will reflect the error hierarchy. See https://aka.ms/cpp/structured-output for more details.
2026-08-20T10:18:51.3392163Z          Creating directory "C:\a\OpenCppCoverage-ARM64\OpenCppCoverage-ARM64\ARM64\Release\".
2026-08-20T10:18:51.3395744Z          Creating directory "ARM64\Release\Plugin.tlog\".
2026-08-20T10:18:51.3717032Z        InitializeBuildStatus:
2026-08-20T10:18:51.6077276Z          Creating "ARM64\Release\Plugin.tlog\unsuccessfulbuild" because "AlwaysCreate" was specified.
2026-08-20T10:18:51.6513259Z          Touching "ARM64\Release\Plugin.tlog\unsuccessfulbuild".
2026-08-20T10:18:51.6520476Z        VcpkgTripletSelection:
2026-08-20T10:18:51.6526318Z          Using triplet "arm64-windows" from "C:\a\OpenCppCoverage-ARM64\OpenCppCoverage-ARM64\vcpkg_installed\arm64-windows\"
2026-08-20T10:18:51.6530333Z          Using normalized configuration "Release"
2026-08-20T10:18:51.6534425Z        VcpkgBootstrap:
2026-08-20T10:18:51.6538239Z        Skipping target "VcpkgBootstrap" because all output files are up-to-date with respect to the input files.
2026-08-20T10:18:51.7149058Z        VcpkgInstallManifestDependencies:
2026-08-20T10:18:51.7167032Z        Skipping target "VcpkgInstallManifestDependencies" because all output files are up-to-date with respect to the input files.
2026-08-20T10:18:51.7174915Z        ClCompile:
2026-08-20T10:18:51.7219040Z          C:\Program Files\Microsoft Visual Studio\2022\Enterprise\VC\Tools\MSVC\14.44.35207\bin\HostArm64\arm64\CL.exe /c /I"C:\a\OpenCppCoverage-ARM64\OpenCppCoverage-ARM64\\" /I"C:\a\OpenCppCoverage-ARM64\OpenCppCoverage-ARM64\Plugin\\" /I"C:\a\OpenCppCoverage-ARM64\OpenCppCoverage-ARM64\vcpkg_installed\arm64-windows\include" /Zi /nologo /W3 /WX /diagnostics:column /sdl /O2 /Oi /Oy- /GL /D NDEBUG /D PLUGIN_EXPORTS /D _WINDOWS /D _USRDLL /D "OPENCPPCOVERAGE_VERSION=\"0.9.9.0\"" /D _CRT_SECURE_NO_WARNINGS /D "PROJECT_DIR=R\"|(C:\a\OpenCppCoverage-ARM64\OpenCppCoverage-ARM64\Plugin\)|\"" /D "SOLUTION_DIR=R\"|(C:\a\OpenCppCoverage-ARM64\OpenCppCoverage-ARM64\)|\"" /D "TARGET_FILE_NAME=R\"|(Plugin.dll)|\"" /D "OUT_DIR=R\"|(C:\a\OpenCppCoverage-ARM64\OpenCppCoverage-ARM64\ARM64\Release\)|\"" /D NOMINMAX /D _ARM64_WINAPI_PARTITION_DESKTOP_SDK_AVAILABLE=1 /D _WINDLL /D _UNICODE /D UNICODE /Gm- /EHsc /MD /GS /Gy /fp:precise /Zc:wchar_t /Zc:forScope /Zc:inline /std:c++17 /permissive- /Yc"stdafx.h" /Fp"ARM64\Release\Plugin.pch" /Fo"ARM64\Release\\" /Fd"ARM64\Release\vc143.pdb" /external:W3 /Gd /TP /analyze- /FC /errorReport:queue stdafx.cpp
2026-08-20T10:18:51.7223286Z          stdafx.cpp
2026-08-20T10:18:51.8159807Z      1>Project "C:\a\OpenCppCoverage-ARM64\OpenCppCoverage-ARM64\CppCoverage.sln" (1) is building "C:\a\OpenCppCoverage-ARM64\OpenCppCoverage-ARM64\CppCoverage\CppCoverage.vcxproj" (6) on node 2 (default targets).
2026-08-20T10:18:51.8162400Z      6>Project "C:\a\OpenCppCoverage-ARM64\OpenCppCoverage-ARM64\CppCoverage\CppCoverage.vcxproj" (6) is building "C:\a\OpenCppCoverage-ARM64\OpenCppCoverage-ARM64\FileFilter\FileFilter.vcxproj" (9) on node 2 (default targets).
2026-08-20T10:18:51.8164163Z      9>Project "C:\a\OpenCppCoverage-ARM64\OpenCppCoverage-ARM64\FileFilter\FileFilter.vcxproj" (9) is building "C:\a\OpenCppCoverage-ARM64\OpenCppCoverage-ARM64\Tools\Tools.vcxproj" (10) on node 2 (default targets).
2026-08-20T10:18:51.8166589Z     10>PrepareForBuild:
2026-08-20T10:18:51.8166983Z          Creating directory "ARM64\Release\".
2026-08-20T10:18:51.8272851Z          Structured output is enabled. The formatting of compiler diagnostics will reflect the error hierarchy. See https://aka.ms/cpp/structured-output for more details.
2026-08-20T10:18:51.8292355Z          Creating directory "ARM64\Release\Tools.tlog\".
2026-08-20T10:18:51.8538064Z        InitializeBuildStatus:
2026-08-20T10:18:51.8539705Z          Creating "ARM64\Release\Tools.tlog\unsuccessfulbuild" because "AlwaysCreate" was specified.
2026-08-20T10:18:51.8545197Z          Touching "ARM64\Release\Tools.tlog\unsuccessfulbuild".
2026-08-20T10:18:51.8752472Z      1>Project "C:\a\OpenCppCoverage-ARM64\OpenCppCoverage-ARM64\CppCoverage.sln" (1) is building "C:\a\OpenCppCoverage-ARM64\OpenCppCoverage-ARM64\TestCoverageConsole\TestCoverageConsole.vcxproj" (7) on node 3 (default targets).
2026-08-20T10:18:51.8754361Z      7>Project "C:\a\OpenCppCoverage-ARM64\OpenCppCoverage-ARM64\TestCoverageConsole\TestCoverageConsole.vcxproj" (7) is building "C:\a\OpenCppCoverage-ARM64\OpenCppCoverage-ARM64\TestCoverageOptimizedBuild\TestCoverageOptimizedBuild.vcxproj" (11) on node 3 (default targets).
2026-08-20T10:18:51.8755504Z     11>PrepareForBuild:
2026-08-20T10:18:51.8757436Z          Creating directory "ARM64\Release\".
2026-08-20T10:18:51.8841820Z          Structured output is enabled. The formatting of compiler diagnostics will reflect the error hierarchy. See https://aka.ms/cpp/structured-output for more details.
2026-08-20T10:18:51.8853984Z          Creating directory "ARM64\Release\TestCove.2FD17BA1.tlog\".
2026-08-20T10:18:51.9128457Z        InitializeBuildStatus:
2026-08-20T10:18:51.9132752Z          Creating "ARM64\Release\TestCove.2FD17BA1.tlog\unsuccessfulbuild" because "AlwaysCreate" was specified.
2026-08-20T10:18:51.9135073Z          Touching "ARM64\Release\TestCove.2FD17BA1.tlog\unsuccessfulbuild".
2026-08-20T10:18:51.9263912Z     10>VcpkgTripletSelection:
2026-08-20T10:18:51.9265678Z          Using triplet "arm64-windows" from "C:\a\OpenCppCoverage-ARM64\OpenCppCoverage-ARM64\vcpkg_installed\arm64-windows\"
2026-08-20T10:18:51.9799347Z          Using normalized configuration "Release"
2026-08-20T10:18:51.9807282Z        VcpkgBootstrap:
2026-08-20T10:18:51.9817073Z        Skipping target "VcpkgBootstrap" because all output files are up-to-date with respect to the input files.
2026-08-20T10:18:51.9821725Z     11>VcpkgTripletSelection:
2026-08-20T10:18:51.9826677Z          Using triplet "arm64-windows" from "C:\a\OpenCppCoverage-ARM64\OpenCppCoverage-ARM64\vcpkg_installed\arm64-windows\"
2026-08-20T10:18:51.9833570Z          Using normalized configuration "Release"
2026-08-20T10:18:51.9839624Z        VcpkgBootstrap:
2026-08-20T10:18:51.9847152Z        Skipping target "VcpkgBootstrap" because all output files are up-to-date with respect to the input files.
2026-08-20T10:18:51.9854256Z        VcpkgInstallManifestDependencies:
2026-08-20T10:18:51.9881255Z        Skipping target "VcpkgInstallManifestDependencies" because all output files are up-to-date with respect to the input files.
2026-08-20T10:18:51.9884205Z        ClCompile:
2026-08-20T10:18:51.9888680Z          C:\Program Files\Microsoft Visual Studio\2022\Enterprise\VC\Tools\MSVC\14.44.35207\bin\HostArm64\arm64\CL.exe /c /I"C:\a\OpenCppCoverage-ARM64\OpenCppCoverage-ARM64\\" /I"C:\a\OpenCppCoverage-ARM64\OpenCppCoverage-ARM64\TestCoverageOptimizedBuild\\" /I"C:\a\OpenCppCoverage-ARM64\OpenCppCoverage-ARM64\vcpkg_installed\arm64-windows\include" /Zi /nologo /W3 /WX /diagnostics:column /sdl /O2 /Oi /Oy- /GL /D NDEBUG /D _WINDOWS /D _USRDLL /D TESTCOVERAGERELEASELIB_EXPORTS /D BOOST_CONFIG_SUPPRESS_OUTDATED_MESSAGE /D "OPENCPPCOVERAGE_VERSION=\"0.9.9.0\"" /D _CRT_SECURE_NO_WARNINGS /D "PROJECT_DIR=R\"|(C:\a\OpenCppCoverage-ARM64\OpenCppCoverage-ARM64\TestCoverageOptimizedBuild\)|\"" /D "SOLUTION_DIR=R\"|(C:\a\OpenCppCoverage-ARM64\OpenCppCoverage-ARM64\)|\"" /D "TARGET_FILE_NAME=R\"|(TestCoverageOptimizedBuild.dll)|\"" /D "OUT_DIR=R\"|(C:\a\OpenCppCoverage-ARM64\OpenCppCoverage-ARM64\ARM64\Release\)|\"" /D NOMINMAX /D _ARM64_WINAPI_PARTITION_DESKTOP_SDK_AVAILABLE=1 /D _WINDLL /D _UNICODE /D UNICODE /Gm- /EHsc /MD /GS /Gy /fp:precise /Zc:wchar_t /Zc:forScope /Zc:inline /std:c++17 /permissive- /Fo"ARM64\Release\\" /Fd"ARM64\Release\vc143.pdb" /external:W3 /Gd /TP /analyze- /FC /errorReport:queue TestCoverageOptimizedBuild.cpp
2026-08-20T10:18:51.9893184Z          TestCoverageOptimizedBuild.cpp
2026-08-20T10:18:51.9893519Z     10>VcpkgInstallManifestDependencies:
2026-08-20T10:18:51.9894532Z        Skipping target "VcpkgInstallManifestDependencies" because all output files are up-to-date with respect to the input files.
2026-08-20T10:18:52.0009819Z        ClCompile:
2026-08-20T10:18:52.0367213Z          C:\Program Files\Microsoft Visual Studio\2022\Enterprise\VC\Tools\MSVC\14.44.35207\bin\HostArm64\arm64\CL.exe /c /I"C:\a\OpenCppCoverage-ARM64\OpenCppCoverage-ARM64\\" /I"C:\a\OpenCppCoverage-ARM64\OpenCppCoverage-ARM64\Tools\\" /I"C:\a\OpenCppCoverage-ARM64\OpenCppCoverage-ARM64\vcpkg_installed\arm64-windows\include" /Zi /nologo /W3 /WX /diagnostics:column /sdl /O2 /Oi /Oy- /GL /D WIN32 /D NDEBUG /D _WINDOWS /D _USRDLL /D TOOLS_EXPORTS /D BOOST_CONFIG_SUPPRESS_OUTDATED_MESSAGE /D "OPENCPPCOVERAGE_VERSION=\"0.9.9.0\"" /D _CRT_SECURE_NO_WARNINGS /D "PROJECT_DIR=R\"|(C:\a\OpenCppCoverage-ARM64\OpenCppCoverage-ARM64\Tools\)|\"" /D "SOLUTION_DIR=R\"|(C:\a\OpenCppCoverage-ARM64\OpenCppCoverage-ARM64\)|\"" /D "TARGET_FILE_NAME=R\"|(Tools.dll)|\"" /D "OUT_DIR=R\"|(C:\a\OpenCppCoverage-ARM64\OpenCppCoverage-ARM64\ARM64\Release\)|\"" /D NOMINMAX /D _ARM64_WINAPI_PARTITION_DESKTOP_SDK_AVAILABLE=1 /D _WINDLL /D _UNICODE /D UNICODE /Gm- /EHsc /MD /GS /Gy /fp:precise /Zc:wchar_t /Zc:forScope /Zc:inline /std:c++17 /permissive- /Yc"stdafx.h" /Fp"ARM64\Release\Tools.pch" /Fo"ARM64\Release\\" /Fd"ARM64\Release\vc143.pdb" /external:W3 /Gd /TP /analyze- /FC /errorReport:queue stdafx.cpp
2026-08-20T10:18:52.0371562Z          stdafx.cpp
2026-08-20T10:18:52.3854039Z      8>ClCompile:
2026-08-20T10:18:52.3870271Z          C:\Program Files\Microsoft Visual Studio\2022\Enterprise\VC\Tools\MSVC\14.44.35207\bin\HostArm64\arm64\CL.exe /c /I"C:\a\OpenCppCoverage-ARM64\OpenCppCoverage-ARM64\\" /I"C:\a\OpenCppCoverage-ARM64\OpenCppCoverage-ARM64\Plugin\\" /I"C:\a\OpenCppCoverage-ARM64\OpenCppCoverage-ARM64\vcpkg_installed\arm64-windows\include" /Zi /nologo /W3 /WX /diagnostics:column /sdl /O2 /Oi /Oy- /GL /D NDEBUG /D PLUGIN_EXPORTS /D _WINDOWS /D _USRDLL /D "OPENCPPCOVERAGE_VERSION=\"0.9.9.0\"" /D _CRT_SECURE_NO_WARNINGS /D "PROJECT_DIR=R\"|(C:\a\OpenCppCoverage-ARM64\OpenCppCoverage-ARM64\Plugin\)|\"" /D "SOLUTION_DIR=R\"|(C:\a\OpenCppCoverage-ARM64\OpenCppCoverage-ARM64\)|\"" /D "TARGET_FILE_NAME=R\"|(Plugin.dll)|\"" /D "OUT_DIR=R\"|(C:\a\OpenCppCoverage-ARM64\OpenCppCoverage-ARM64\ARM64\Release\)|\"" /D NOMINMAX /D _ARM64_WINAPI_PARTITION_DESKTOP_SDK_AVAILABLE=1 /D _WINDLL /D _UNICODE /D UNICODE /Gm- /EHsc /MD /GS /Gy /fp:precise /Zc:wchar_t /Zc:forScope /Zc:inline /std:c++17 /permissive- /Yu"stdafx.h" /Fp"ARM64\Release\Plugin.pch" /Fo"ARM64\Release\\" /Fd"ARM64\Release\vc143.pdb" /external:W3 /Gd /TP /analyze- /FC /errorReport:queue Exporter\CoverageData.cpp Exporter\FileCoverage.cpp Exporter\LineCoverage.cpp Exporter\ModuleCoverage.cpp
2026-08-20T10:18:52.4263488Z     10>ClCompile:
2026-08-20T10:18:52.4327177Z          C:\Program Files\Microsoft Visual Studio\2022\Enterprise\VC\Tools\MSVC\14.44.35207\bin\HostArm64\arm64\CL.exe /c /I"C:\a\OpenCppCoverage-ARM64\OpenCppCoverage-ARM64\\" /I"C:\a\OpenCppCoverage-ARM64\OpenCppCoverage-ARM64\Tools\\" /I"C:\a\OpenCppCoverage-ARM64\OpenCppCoverage-ARM64\vcpkg_installed\arm64-windows\include" /Zi /nologo /W3 /WX /diagnostics:column /sdl /O2 /Oi /Oy- /GL /D WIN32 /D NDEBUG /D _WINDOWS /D _USRDLL /D TOOLS_EXPORTS /D BOOST_CONFIG_SUPPRESS_OUTDATED_MESSAGE /D "OPENCPPCOVERAGE_VERSION=\"0.9.9.0\"" /D _CRT_SECURE_NO_WARNINGS /D "PROJECT_DIR=R\"|(C:\a\OpenCppCoverage-ARM64\OpenCppCoverage-ARM64\Tools\)|\"" /D "SOLUTION_DIR=R\"|(C:\a\OpenCppCoverage-ARM64\OpenCppCoverage-ARM64\)|\"" /D "TARGET_FILE_NAME=R\"|(Tools.dll)|\"" /D "OUT_DIR=R\"|(C:\a\OpenCppCoverage-ARM64\OpenCppCoverage-ARM64\ARM64\Release\)|\"" /D NOMINMAX /D _ARM64_WINAPI_PARTITION_DESKTOP_SDK_AVAILABLE=1 /D _WINDLL /D _UNICODE /D UNICODE /Gm- /EHsc /MD /GS /Gy /fp:precise /Zc:wchar_t /Zc:forScope /Zc:inline /std:c++17 /permissive- /Fo"ARM64\Release\\" /Fd"ARM64\Release\vc143.pdb" /external:W3 /Gd /TP /analyze- /FC /errorReport:queue dllmain.cpp
2026-08-20T10:18:52.4336563Z      8>ClCompile:
2026-08-20T10:18:52.4366339Z          CoverageData.cpp
2026-08-20T10:18:52.4367380Z     10>ClCompile:
2026-08-20T10:18:52.4368220Z          dllmain.cpp
2026-08-20T10:18:52.5028003Z          C:\Program Files\Microsoft Visual Studio\2022\Enterprise\VC\Tools\MSVC\14.44.35207\bin\HostArm64\arm64\CL.exe /c /I"C:\a\OpenCppCoverage-ARM64\OpenCppCoverage-ARM64\\" /I"C:\a\OpenCppCoverage-ARM64\OpenCppCoverage-ARM64\Tools\\" /I"C:\a\OpenCppCoverage-ARM64\OpenCppCoverage-ARM64\vcpkg_installed\arm64-windows\include" /Zi /nologo /W3 /WX /diagnostics:column /sdl /O2 /Oi /Oy- /GL /D WIN32 /D NDEBUG /D _WINDOWS /D _USRDLL /D TOOLS_EXPORTS /D BOOST_CONFIG_SUPPRESS_OUTDATED_MESSAGE /D "OPENCPPCOVERAGE_VERSION=\"0.9.9.0\"" /D _CRT_SECURE_NO_WARNINGS /D "PROJECT_DIR=R\"|(C:\a\OpenCppCoverage-ARM64\OpenCppCoverage-ARM64\Tools\)|\"" /D "SOLUTION_DIR=R\"|(C:\a\OpenCppCoverage-ARM64\OpenCppCoverage-ARM64\)|\"" /D "TARGET_FILE_NAME=R\"|(Tools.dll)|\"" /D "OUT_DIR=R\"|(C:\a\OpenCppCoverage-ARM64\OpenCppCoverage-ARM64\ARM64\Release\)|\"" /D NOMINMAX /D _ARM64_WINAPI_PARTITION_DESKTOP_SDK_AVAILABLE=1 /D _WINDLL /D _UNICODE /D UNICODE /Gm- /EHsc /MD /GS /Gy /fp:precise /Zc:wchar_t /Zc:forScope /Zc:inline /std:c++17 /permissive- /Yu"stdafx.h" /Fp"ARM64\Release\Tools.pch" /Fo"ARM64\Release\\" /Fd"ARM64\Release\vc143.pdb" /external:W3 /Gd /TP /analyze- /FC /errorReport:queue ExceptionBase.cpp Log.cpp MappedFile.cpp MiniDump.cpp PEFileHeader.cpp ProcessMemory.cpp ScopedAction.cpp Tool.cpp UniquePath.cpp WarningManager.cpp
2026-08-20T10:18:52.5062916Z          ExceptionBase.cpp
2026-08-20T10:18:52.6748634Z     11>Link:
2026-08-20T10:18:52.6754838Z          C:\Program Files\Microsoft Visual Studio\2022\Enterprise\VC\Tools\MSVC\14.44.35207\bin\HostArm64\arm64\link.exe /ERRORREPORT:QUEUE /OUT:"C:\a\OpenCppCoverage-ARM64\OpenCppCoverage-ARM64\ARM64\Release\TestCoverageOptimizedBuild.dll" /INCREMENTAL:NO /NOLOGO /LIBPATH:"C:\a\OpenCppCoverage-ARM64\OpenCppCoverage-ARM64\vcpkg_installed\arm64-windows\lib" /LIBPATH:"C:\a\OpenCppCoverage-ARM64\OpenCppCoverage-ARM64\vcpkg_installed\arm64-windows\lib\manual-link" bcrypt.lib kernel32.lib user32.lib gdi32.lib winspool.lib comdlg32.lib advapi32.lib shell32.lib ole32.lib oleaut32.lib uuid.lib odbc32.lib odbccp32.lib "C:\a\OpenCppCoverage-ARM64\OpenCppCoverage-ARM64\vcpkg_installed\arm64-windows\lib\*.lib" /MANIFEST /MANIFESTUAC:"level='asInvoker' uiAccess='false'" /manifest:embed /DEBUG /PDB:"C:\a\OpenCppCoverage-ARM64\OpenCppCoverage-ARM64\ARM64\Release\TestCoverageOptimizedBuild.pdb" /SUBSYSTEM:WINDOWS /OPT:REF /OPT:ICF /LTCG /LTCGOUT:"ARM64\Release\TestCoverageOptimizedBuild.iobj" /TLBID:1 /DYNAMICBASE /NXCOMPAT /IMPLIB:"C:\a\OpenCppCoverage-ARM64\OpenCppCoverage-ARM64\ARM64\Release\TestCoverageOptimizedBuild.lib" /MACHINE:ARM64 /DLL ARM64\Release\TestCoverageOptimizedBuild.obj
2026-08-20T10:18:53.0535442Z             Creating library C:\a\OpenCppCoverage-ARM64\OpenCppCoverage-ARM64\ARM64\Release\TestCoverageOptimizedBuild.lib and object C:\a\OpenCppCoverage-ARM64\OpenCppCoverage-ARM64\ARM64\Release\TestCoverageOptimizedBuild.exp
2026-08-20T10:18:53.2223614Z      8>ClCompile:
2026-08-20T10:18:53.2225196Z          FileCoverage.cpp
2026-08-20T10:18:53.2237150Z     11>Link:
2026-08-20T10:18:53.2237622Z          Generating code
2026-08-20T10:18:53.4761615Z          Finished generating code
2026-08-20T10:18:53.6440381Z     10>ClCompile:
2026-08-20T10:18:53.6441234Z          Log.cpp
2026-08-20T10:18:53.7206972Z     11>Link:
2026-08-20T10:18:53.7207950Z          TestCoverageOptimizedBuild.vcxproj -> C:\a\OpenCppCoverage-ARM64\OpenCppCoverage-ARM64\ARM64\Release\TestCoverageOptimizedBuild.dll
2026-08-20T10:18:53.7208727Z        AppLocalFromInstalled:
2026-08-20T10:18:53.7210566Z          "C:\Users\runneradmin\AppData\Local\OpenCppCoverage\vcpkg\vcpkg.exe" z-applocal --target-binary="C:\a\OpenCppCoverage-ARM64\OpenCppCoverage-ARM64\ARM64\Release\TestCoverageOptimizedBuild.dll" --installed-bin-dir="C:\a\OpenCppCoverage-ARM64\OpenCppCoverage-ARM64\vcpkg_installed\arm64-windows\bin" --tlog-file="ARM64\Release\TestCove.2FD17BA1.tlog\TestCoverageOptimizedBuild.write.1u.tlog" --copied-files-log="ARM64\Release\vcpkg.applocal.log"
2026-08-20T10:18:53.8349378Z        FinalizeBuildStatus:
2026-08-20T10:18:53.8350913Z          Deleting file "ARM64\Release\TestCove.2FD17BA1.tlog\unsuccessfulbuild".
2026-08-20T10:18:53.8353335Z          Touching "ARM64\Release\TestCove.2FD17BA1.tlog\TestCoverageOptimizedBuild.lastbuildstate".
2026-08-20T10:18:53.8402104Z     11>Done Building Project "C:\a\OpenCppCoverage-ARM64\OpenCppCoverage-ARM64\TestCoverageOptimizedBuild\TestCoverageOptimizedBuild.vcxproj" (default targets).
2026-08-20T10:18:54.3440515Z      8>ClCompile:
2026-08-20T10:18:54.3440782Z          LineCoverage.cpp
2026-08-20T10:18:54.3514943Z          ModuleCoverage.cpp
2026-08-20T10:18:55.4678434Z        Link:
2026-08-20T10:18:55.4683481Z          C:\Program Files\Microsoft Visual Studio\2022\Enterprise\VC\Tools\MSVC\14.44.35207\bin\HostArm64\arm64\link.exe /ERRORREPORT:QUEUE /OUT:"C:\a\OpenCppCoverage-ARM64\OpenCppCoverage-ARM64\ARM64\Release\Plugin.dll" /INCREMENTAL:NO /NOLOGO /LIBPATH:"C:\a\OpenCppCoverage-ARM64\OpenCppCoverage-ARM64\vcpkg_installed\arm64-windows\lib" /LIBPATH:"C:\a\OpenCppCoverage-ARM64\OpenCppCoverage-ARM64\vcpkg_installed\arm64-windows\lib\manual-link" kernel32.lib user32.lib gdi32.lib winspool.lib comdlg32.lib advapi32.lib shell32.lib ole32.lib oleaut32.lib uuid.lib odbc32.lib odbccp32.lib "C:\a\OpenCppCoverage-ARM64\OpenCppCoverage-ARM64\vcpkg_installed\arm64-windows\lib\*.lib" /MANIFEST /MANIFESTUAC:"level='asInvoker' uiAccess='false'" /manifest:embed /DEBUG /PDB:"C:\a\OpenCppCoverage-ARM64\OpenCppCoverage-ARM64\ARM64\Release\Plugin.pdb" /SUBSYSTEM:WINDOWS /OPT:REF /OPT:ICF /LTCG /LTCGOUT:"ARM64\Release\Plugin.iobj" /TLBID:1 /DYNAMICBASE /NXCOMPAT /IMPLIB:"C:\a\OpenCppCoverage-ARM64\OpenCppCoverage-ARM64\ARM64\Release\Plugin.lib" /MACHINE:ARM64 /DLL ARM64\Release\CoverageData.obj
2026-08-20T10:18:55.4693090Z          ARM64\Release\FileCoverage.obj
2026-08-20T10:18:55.4693393Z          ARM64\Release\LineCoverage.obj
2026-08-20T10:18:55.4693657Z          ARM64\Release\ModuleCoverage.obj
2026-08-20T10:18:55.4709687Z          ARM64\Release\stdafx.obj
2026-08-20T10:18:55.5980776Z             Creating library C:\a\OpenCppCoverage-ARM64\OpenCppCoverage-ARM64\ARM64\Release\Plugin.lib and object C:\a\OpenCppCoverage-ARM64\OpenCppCoverage-ARM64\ARM64\Release\Plugin.exp
2026-08-20T10:18:55.6281312Z          Generating code
2026-08-20T10:18:55.9848330Z          Finished generating code
2026-08-20T10:18:56.2281027Z          Plugin.vcxproj -> C:\a\OpenCppCoverage-ARM64\OpenCppCoverage-ARM64\ARM64\Release\Plugin.dll
2026-08-20T10:18:56.2307453Z        AppLocalFromInstalled:
2026-08-20T10:18:56.2308980Z          "C:\Users\runneradmin\AppData\Local\OpenCppCoverage\vcpkg\vcpkg.exe" z-applocal --target-binary="C:\a\OpenCppCoverage-ARM64\OpenCppCoverage-ARM64\ARM64\Release\Plugin.dll" --installed-bin-dir="C:\a\OpenCppCoverage-ARM64\OpenCppCoverage-ARM64\vcpkg_installed\arm64-windows\bin" --tlog-file="ARM64\Release\Plugin.tlog\Plugin.write.1u.tlog" --copied-files-log="ARM64\Release\vcpkg.applocal.log"
2026-08-20T10:18:56.3413039Z        FinalizeBuildStatus:
2026-08-20T10:18:56.3413866Z          Deleting file "ARM64\Release\Plugin.tlog\unsuccessfulbuild".
2026-08-20T10:18:56.3416300Z          Touching "ARM64\Release\Plugin.tlog\Plugin.lastbuildstate".
2026-08-20T10:18:56.3428879Z      8>Done Building Project "C:\a\OpenCppCoverage-ARM64\OpenCppCoverage-ARM64\Plugin\Plugin.vcxproj" (default targets).
2026-08-20T10:18:56.3822458Z      7>Project "C:\a\OpenCppCoverage-ARM64\OpenCppCoverage-ARM64\TestCoverageConsole\TestCoverageConsole.vcxproj" (7) is building "C:\a\OpenCppCoverage-ARM64\OpenCppCoverage-ARM64\TestCoverageSharedLib\TestCoverageSharedLib.vcxproj" (12) on node 4 (default targets).
2026-08-20T10:18:56.3824372Z     12>PrepareForBuild:
2026-08-20T10:18:56.3824656Z          Creating directory "ARM64\Release\".
2026-08-20T10:18:56.3825502Z      1>Project "C:\a\OpenCppCoverage-ARM64\OpenCppCoverage-ARM64\CppCoverage.sln" (1) is building "C:\a\OpenCppCoverage-ARM64\OpenCppCoverage-ARM64\PluginTest\PluginTest.vcxproj" (17) on node 3 (default targets).
2026-08-20T10:18:56.3826774Z     17>PrepareForBuild:
2026-08-20T10:18:56.3826996Z          Creating directory "ARM64\Release\".
2026-08-20T10:18:56.3842129Z     12>PrepareForBuild:
2026-08-20T10:18:56.3844018Z          Structured output is enabled. The formatting of compiler diagnostics will reflect the error hierarchy. See https://aka.ms/cpp/structured-output for more details.
2026-08-20T10:18:56.3845587Z     17>PrepareForBuild:
2026-08-20T10:18:56.3846369Z          Structured output is enabled. The formatting of compiler diagnostics will reflect the error hierarchy. See https://aka.ms/cpp/structured-output for more details.
2026-08-20T10:18:56.3847291Z     12>PrepareForBuild:
2026-08-20T10:18:56.3847711Z          Creating directory "ARM64\Release\TestCove.0481B51C.tlog\".
2026-08-20T10:18:56.3850963Z     17>PrepareForBuild:
2026-08-20T10:18:56.3851449Z          Creating directory "ARM64\Release\PluginTest.tlog\".
2026-08-20T10:18:56.3893971Z     12>InitializeBuildStatus:
2026-08-20T10:18:56.3895264Z          Creating "ARM64\Release\TestCove.0481B51C.tlog\unsuccessfulbuild" because "AlwaysCreate" was specified.
2026-08-20T10:18:56.3896675Z          Touching "ARM64\Release\TestCove.0481B51C.tlog\unsuccessfulbuild".
2026-08-20T10:18:56.3897575Z     17>InitializeBuildStatus:
2026-08-20T10:18:56.3898945Z          Creating "ARM64\Release\PluginTest.tlog\unsuccessfulbuild" because "AlwaysCreate" was specified.
2026-08-20T10:18:56.3899514Z          Touching "ARM64\Release\PluginTest.tlog\unsuccessfulbuild".
2026-08-20T10:18:56.5312047Z        VcpkgTripletSelection:
2026-08-20T10:18:56.5315148Z          Using triplet "arm64-windows" from "C:\a\OpenCppCoverage-ARM64\OpenCppCoverage-ARM64\vcpkg_installed\arm64-windows\"
2026-08-20T10:18:56.5317522Z          Using normalized configuration "Release"
2026-08-20T10:18:56.5318650Z        VcpkgBootstrap:
2026-08-20T10:18:56.5320338Z        Skipping target "VcpkgBootstrap" because all output files are up-to-date with respect to the input files.
2026-08-20T10:18:56.5321460Z        VcpkgInstallManifestDependencies:
2026-08-20T10:18:56.5323176Z        Skipping target "VcpkgInstallManifestDependencies" because all output files are up-to-date with respect to the input files.
2026-08-20T10:18:56.5324274Z        ClCompile:
2026-08-20T10:18:56.5329480Z          C:\Program Files\Microsoft Visual Studio\2022\Enterprise\VC\Tools\MSVC\14.44.35207\bin\HostArm64\arm64\CL.exe /c /I"C:\a\OpenCppCoverage-ARM64\OpenCppCoverage-ARM64\\" /I"C:\a\OpenCppCoverage-ARM64\OpenCppCoverage-ARM64\PluginTest\\" /I"C:\a\OpenCppCoverage-ARM64\OpenCppCoverage-ARM64\vcpkg_installed\arm64-windows\include" /Zi /nologo /W3 /WX /diagnostics:column /sdl /O2 /Oi /Oy- /GL /D NDEBUG /D _CONSOLE /D GTEST_LINKED_AS_SHARED_LIBRARY=1 /D _SILENCE_TR1_NAMESPACE_DEPRECATION_WARNING /D "OPENCPPCOVERAGE_VERSION=\"0.9.9.0\"" /D _CRT_SECURE_NO_WARNINGS /D "PROJECT_DIR=R\"|(C:\a\OpenCppCoverage-ARM64\OpenCppCoverage-ARM64\PluginTest\)|\"" /D "SOLUTION_DIR=R\"|(C:\a\OpenCppCoverage-ARM64\OpenCppCoverage-ARM64\)|\"" /D "TARGET_FILE_NAME=R\"|(PluginTest.exe)|\"" /D "OUT_DIR=R\"|(C:\a\OpenCppCoverage-ARM64\OpenCppCoverage-ARM64\ARM64\Release\)|\"" /D NOMINMAX /D _ARM64_WINAPI_PARTITION_DESKTOP_SDK_AVAILABLE=1 /D _UNICODE /D UNICODE /Gm- /EHsc /MD /GS /Gy /fp:precise /Zc:wchar_t /Zc:forScope /Zc:inline /std:c++17 /permissive- /Yc"pch.h" /Fp"ARM64\Release\PluginTest.pch" /Fo"ARM64\Release\\" /Fd"ARM64\Release\vc143.pdb" /external:W3 /Gd /TP /wd4251 /wd4275 /analyze- /FC /errorReport:queue pch.cpp
2026-08-20T10:18:56.6200195Z     12>VcpkgTripletSelection:
2026-08-20T10:18:56.6206173Z          Using triplet "arm64-windows" from "C:\a\OpenCppCoverage-ARM64\OpenCppCoverage-ARM64\vcpkg_installed\arm64-windows\"
2026-08-20T10:18:56.6208350Z          Using normalized configuration "Release"
2026-08-20T10:18:56.6209144Z        VcpkgBootstrap:
2026-08-20T10:18:56.6211051Z        Skipping target "VcpkgBootstrap" because all output files are up-to-date with respect to the input files.
2026-08-20T10:18:56.6212080Z        VcpkgInstallManifestDependencies:
2026-08-20T10:18:56.6214954Z        Skipping target "VcpkgInstallManifestDependencies" because all output files are up-to-date with respect to the input files.
2026-08-20T10:18:56.6215902Z        ClCompile:
2026-08-20T10:18:56.6220039Z          C:\Program Files\Microsoft Visual Studio\2022\Enterprise\VC\Tools\MSVC\14.44.35207\bin\HostArm64\arm64\CL.exe /c /I"C:\a\OpenCppCoverage-ARM64\OpenCppCoverage-ARM64\\" /I"C:\a\OpenCppCoverage-ARM64\OpenCppCoverage-ARM64\TestCoverageSharedLib\\" /I"C:\a\OpenCppCoverage-ARM64\OpenCppCoverage-ARM64\vcpkg_installed\arm64-windows\include" /Zi /nologo /W3 /WX /diagnostics:column /sdl /Od /Oi /Oy- /GL /D WIN32 /D NDEBUG /D _WINDOWS /D BOOST_CONFIG_SUPPRESS_OUTDATED_MESSAGE /D "OPENCPPCOVERAGE_VERSION=\"0.9.9.0\"" /D _CRT_SECURE_NO_WARNINGS /D "PROJECT_DIR=R\"|(C:\a\OpenCppCoverage-ARM64\OpenCppCoverage-ARM64\TestCoverageSharedLib\)|\"" /D "SOLUTION_DIR=R\"|(C:\a\OpenCppCoverage-ARM64\OpenCppCoverage-ARM64\)|\"" /D "TARGET_FILE_NAME=R\"|(TestCoverageSharedLib.dll)|\"" /D "OUT_DIR=R\"|(C:\a\OpenCppCoverage-ARM64\OpenCppCoverage-ARM64\ARM64\Release\)|\"" /D NOMINMAX /D _ARM64_WINAPI_PARTITION_DESKTOP_SDK_AVAILABLE=1 /D _WINDLL /D _UNICODE /D UNICODE /Gm- /EHsc /MD /GS /Gy /fp:precise /Zc:wchar_t /Zc:forScope /Zc:inline /std:c++17 /permissive- /Yc"stdafx.h" /Fp"ARM64\Release\TestCoverageSharedLib.pch" /Fo"ARM64\Release\\" /Fd"ARM64\Release\vc143.pdb" /external:W3 /Gd /TP /analyze- /FC /errorReport:queue stdafx.cpp
2026-08-20T10:18:56.6224308Z          stdafx.cpp
2026-08-20T10:18:56.6224604Z     17>ClCompile:
2026-08-20T10:18:56.6224939Z          pch.cpp
2026-08-20T10:18:56.7755322Z     12>ClCompile:
2026-08-20T10:18:56.7760944Z          C:\Program Files\Microsoft Visual Studio\2022\Enterprise\VC\Tools\MSVC\14.44.35207\bin\HostArm64\arm64\CL.exe /c /I"C:\a\OpenCppCoverage-ARM64\OpenCppCoverage-ARM64\\" /I"C:\a\OpenCppCoverage-ARM64\OpenCppCoverage-ARM64\TestCoverageSharedLib\\" /I"C:\a\OpenCppCoverage-ARM64\OpenCppCoverage-ARM64\vcpkg_installed\arm64-windows\include" /Zi /nologo /W3 /WX /diagnostics:column /sdl /Od /Oi /Oy- /GL /D WIN32 /D NDEBUG /D _WINDOWS /D BOOST_CONFIG_SUPPRESS_OUTDATED_MESSAGE /D "OPENCPPCOVERAGE_VERSION=\"0.9.9.0\"" /D _CRT_SECURE_NO_WARNINGS /D "PROJECT_DIR=R\"|(C:\a\OpenCppCoverage-ARM64\OpenCppCoverage-ARM64\TestCoverageSharedLib\)|\"" /D "SOLUTION_DIR=R\"|(C:\a\OpenCppCoverage-ARM64\OpenCppCoverage-ARM64\)|\"" /D "TARGET_FILE_NAME=R\"|(TestCoverageSharedLib.dll)|\"" /D "OUT_DIR=R\"|(C:\a\OpenCppCoverage-ARM64\OpenCppCoverage-ARM64\ARM64\Release\)|\"" /D NOMINMAX /D _ARM64_WINAPI_PARTITION_DESKTOP_SDK_AVAILABLE=1 /D _WINDLL /D _UNICODE /D UNICODE /Gm- /EHsc /MD /GS /Gy /fp:precise /Zc:wchar_t /Zc:forScope /Zc:inline /std:c++17 /permissive- /Yu"stdafx.h" /Fp"ARM64\Release\TestCoverageSharedLib.pch" /Fo"ARM64\Release\\" /Fd"ARM64\Release\vc143.pdb" /external:W3 /Gd /TP /analyze- /FC /errorReport:queue SimpleTextExport.cpp TestCoverageSharedLib.cpp TestCppCli.cpp
2026-08-20T10:18:56.8232226Z          SimpleTextExport.cpp
2026-08-20T10:18:57.9570205Z          TestCoverageSharedLib.cpp
2026-08-20T10:18:58.3061872Z     17>ClCompile:
2026-08-20T10:18:58.3067755Z          C:\Program Files\Microsoft Visual Studio\2022\Enterprise\VC\Tools\MSVC\14.44.35207\bin\HostArm64\arm64\CL.exe /c /I"C:\a\OpenCppCoverage-ARM64\OpenCppCoverage-ARM64\\" /I"C:\a\OpenCppCoverage-ARM64\OpenCppCoverage-ARM64\PluginTest\\" /I"C:\a\OpenCppCoverage-ARM64\OpenCppCoverage-ARM64\vcpkg_installed\arm64-windows\include" /Zi /nologo /W3 /WX /diagnostics:column /sdl /O2 /Oi /Oy- /GL /D NDEBUG /D _CONSOLE /D GTEST_LINKED_AS_SHARED_LIBRARY=1 /D _SILENCE_TR1_NAMESPACE_DEPRECATION_WARNING /D "OPENCPPCOVERAGE_VERSION=\"0.9.9.0\"" /D _CRT_SECURE_NO_WARNINGS /D "PROJECT_DIR=R\"|(C:\a\OpenCppCoverage-ARM64\OpenCppCoverage-ARM64\PluginTest\)|\"" /D "SOLUTION_DIR=R\"|(C:\a\OpenCppCoverage-ARM64\OpenCppCoverage-ARM64\)|\"" /D "TARGET_FILE_NAME=R\"|(PluginTest.exe)|\"" /D "OUT_DIR=R\"|(C:\a\OpenCppCoverage-ARM64\OpenCppCoverage-ARM64\ARM64\Release\)|\"" /D NOMINMAX /D _ARM64_WINAPI_PARTITION_DESKTOP_SDK_AVAILABLE=1 /D _UNICODE /D UNICODE /Gm- /EHsc /MD /GS /Gy /fp:precise /Zc:wchar_t /Zc:forScope /Zc:inline /std:c++17 /permissive- /Yu"pch.h" /Fp"ARM64\Release\PluginTest.pch" /Fo"ARM64\Release\\" /Fd"ARM64\Release\vc143.pdb" /external:W3 /Gd /TP /wd4251 /wd4275 /analyze- /FC /errorReport:queue Exporter\CoverageDataTest.cpp Exporter\FileCoverageTest.cpp PluginTest.cpp
2026-08-20T10:18:58.3693913Z          CoverageDataTest.cpp
2026-08-20T10:18:58.7904914Z          FileCoverageTest.cpp
2026-08-20T10:18:58.9899101Z     12>ClCompile:
2026-08-20T10:18:58.9900973Z          TestCppCli.cpp
2026-08-20T10:18:59.0827774Z        Link:
2026-08-20T10:18:59.0837620Z          C:\Program Files\Microsoft Visual Studio\2022\Enterprise\VC\Tools\MSVC\14.44.35207\bin\HostArm64\arm64\link.exe /ERRORREPORT:QUEUE /OUT:"C:\a\OpenCppCoverage-ARM64\OpenCppCoverage-ARM64\ARM64\Release\TestCoverageSharedLib.dll" /INCREMENTAL:NO /NOLOGO /LIBPATH:"C:\a\OpenCppCoverage-ARM64\OpenCppCoverage-ARM64\vcpkg_installed\arm64-windows\lib" /LIBPATH:"C:\a\OpenCppCoverage-ARM64\OpenCppCoverage-ARM64\vcpkg_installed\arm64-windows\lib\manual-link" bcrypt.lib kernel32.lib user32.lib gdi32.lib winspool.lib comdlg32.lib advapi32.lib shell32.lib ole32.lib oleaut32.lib uuid.lib odbc32.lib odbccp32.lib "C:\a\OpenCppCoverage-ARM64\OpenCppCoverage-ARM64\vcpkg_installed\arm64-windows\lib\*.lib" /MANIFEST /MANIFESTUAC:"level='asInvoker' uiAccess='false'" /manifest:embed /DEBUG /PDB:"C:\a\OpenCppCoverage-ARM64\OpenCppCoverage-ARM64\ARM64\Release\TestCoverageSharedLib.pdb" /SUBSYSTEM:WINDOWS /OPT:REF /OPT:ICF /LTCG /LTCGOUT:"ARM64\Release\TestCoverageSharedLib.iobj" /TLBID:1 /DYNAMICBASE /NXCOMPAT /IMPLIB:"C:\a\OpenCppCoverage-ARM64\OpenCppCoverage-ARM64\ARM64\Release\TestCoverageSharedLib.lib" /MACHINE:ARM64 /DLL ARM64\Release\SimpleTextExport.obj
2026-08-20T10:18:59.0842888Z          ARM64\Release\TestCoverageSharedLib.obj
2026-08-20T10:18:59.0843634Z          ARM64\Release\stdafx.obj
2026-08-20T10:18:59.0844058Z          ARM64\Release\TestCppCli.obj
2026-08-20T10:18:59.0844579Z          "C:\a\OpenCppCoverage-ARM64\OpenCppCoverage-ARM64\ARM64\Release\Plugin.lib"
2026-08-20T10:18:59.1940891Z     17>ClCompile:
2026-08-20T10:18:59.1941147Z          PluginTest.cpp
2026-08-20T10:18:59.2067357Z     12>Link:
2026-08-20T10:18:59.2068495Z             Creating library C:\a\OpenCppCoverage-ARM64\OpenCppCoverage-ARM64\ARM64\Release\TestCoverageSharedLib.lib and object C:\a\OpenCppCoverage-ARM64\OpenCppCoverage-ARM64\ARM64\Release\TestCoverageSharedLib.exp
2026-08-20T10:18:59.2387577Z          Generating code
2026-08-20T10:18:59.3273178Z          Finished generating code
2026-08-20T10:18:59.3320483Z     17>Link:
2026-08-20T10:18:59.3324900Z          C:\Program Files\Microsoft Visual Studio\2022\Enterprise\VC\Tools\MSVC\14.44.35207\bin\HostArm64\arm64\link.exe /ERRORREPORT:QUEUE /OUT:"C:\a\OpenCppCoverage-ARM64\OpenCppCoverage-ARM64\ARM64\Release\PluginTest.exe" /INCREMENTAL:NO /NOLOGO /LIBPATH:"C:\a\OpenCppCoverage-ARM64\OpenCppCoverage-ARM64\vcpkg_installed\arm64-windows\lib" /LIBPATH:"C:\a\OpenCppCoverage-ARM64\OpenCppCoverage-ARM64\vcpkg_installed\arm64-windows\lib\manual-link" gmock.lib gtest.lib kernel32.lib user32.lib gdi32.lib winspool.lib comdlg32.lib advapi32.lib shell32.lib ole32.lib oleaut32.lib uuid.lib odbc32.lib odbccp32.lib "C:\a\OpenCppCoverage-ARM64\OpenCppCoverage-ARM64\vcpkg_installed\arm64-windows\lib\*.lib" /MANIFEST /MANIFESTUAC:"level='asInvoker' uiAccess='false'" /manifest:embed /DEBUG /PDB:"C:\a\OpenCppCoverage-ARM64\OpenCppCoverage-ARM64\ARM64\Release\PluginTest.pdb" /SUBSYSTEM:CONSOLE /OPT:REF /OPT:ICF /LTCG /LTCGOUT:"ARM64\Release\PluginTest.iobj" /TLBID:1 /DYNAMICBASE /NXCOMPAT /IMPLIB:"C:\a\OpenCppCoverage-ARM64\OpenCppCoverage-ARM64\ARM64\Release\PluginTest.lib" /MACHINE:ARM64 ARM64\Release\CoverageDataTest.obj
2026-08-20T10:18:59.3330421Z          ARM64\Release\FileCoverageTest.obj
2026-08-20T10:18:59.3331262Z          ARM64\Release\pch.obj
2026-08-20T10:18:59.3331664Z          ARM64\Release\PluginTest.obj
2026-08-20T10:18:59.3332163Z          "C:\a\OpenCppCoverage-ARM64\OpenCppCoverage-ARM64\ARM64\Release\Plugin.lib"
2026-08-20T10:18:59.4571230Z          Generating code
2026-08-20T10:18:59.7522316Z     12>Link:
2026-08-20T10:18:59.7535220Z          TestCoverageSharedLib.vcxproj -> C:\a\OpenCppCoverage-ARM64\OpenCppCoverage-ARM64\ARM64\Release\TestCoverageSharedLib.dll
2026-08-20T10:18:59.7552550Z        AppLocalFromInstalled:
2026-08-20T10:18:59.7554662Z          "C:\Users\runneradmin\AppData\Local\OpenCppCoverage\vcpkg\vcpkg.exe" z-applocal --target-binary="C:\a\OpenCppCoverage-ARM64\OpenCppCoverage-ARM64\ARM64\Release\TestCoverageSharedLib.dll" --installed-bin-dir="C:\a\OpenCppCoverage-ARM64\OpenCppCoverage-ARM64\vcpkg_installed\arm64-windows\bin" --tlog-file="ARM64\Release\TestCove.0481B51C.tlog\TestCoverageSharedLib.write.1u.tlog" --copied-files-log="ARM64\Release\vcpkg.applocal.log"
2026-08-20T10:18:59.8494414Z        FinalizeBuildStatus:
2026-08-20T10:18:59.8496977Z          Deleting file "ARM64\Release\TestCove.0481B51C.tlog\unsuccessfulbuild".
2026-08-20T10:18:59.8499072Z          Touching "ARM64\Release\TestCove.0481B51C.tlog\TestCoverageSharedLib.lastbuildstate".
2026-08-20T10:18:59.8509461Z     12>Done Building Project "C:\a\OpenCppCoverage-ARM64\OpenCppCoverage-ARM64\TestCoverageSharedLib\TestCoverageSharedLib.vcxproj" (default targets).
2026-08-20T10:18:59.8892730Z     17>Link:
2026-08-20T10:18:59.8893062Z          Finished generating code
2026-08-20T10:19:00.2079840Z          PluginTest.vcxproj -> C:\a\OpenCppCoverage-ARM64\OpenCppCoverage-ARM64\ARM64\Release\PluginTest.exe
2026-08-20T10:19:00.2101891Z        AppLocalFromInstalled:
2026-08-20T10:19:00.2103987Z          "C:\Users\runneradmin\AppData\Local\OpenCppCoverage\vcpkg\vcpkg.exe" z-applocal --target-binary="C:\a\OpenCppCoverage-ARM64\OpenCppCoverage-ARM64\ARM64\Release\PluginTest.exe" --installed-bin-dir="C:\a\OpenCppCoverage-ARM64\OpenCppCoverage-ARM64\vcpkg_installed\arm64-windows\bin" --tlog-file="ARM64\Release\PluginTest.tlog\PluginTest.write.1u.tlog" --copied-files-log="ARM64\Release\vcpkg.applocal.log"
2026-08-20T10:19:00.2762887Z          C:\a\OpenCppCoverage-ARM64\OpenCppCoverage-ARM64\vcpkg_installed\arm64-windows\bin\gmock.dll -> C:\a\OpenCppCoverage-ARM64\OpenCppCoverage-ARM64\ARM64\Release\gmock.dll done
2026-08-20T10:19:00.2897414Z          C:\a\OpenCppCoverage-ARM64\OpenCppCoverage-ARM64\vcpkg_installed\arm64-windows\bin\gmock.dll
2026-08-20T10:19:00.3291041Z        FinalizeBuildStatus:
2026-08-20T10:19:00.3291540Z          Deleting file "ARM64\Release\PluginTest.tlog\unsuccessfulbuild".
2026-08-20T10:19:00.3294165Z          Touching "ARM64\Release\PluginTest.tlog\PluginTest.lastbuildstate".
2026-08-20T10:19:00.3305343Z     17>Done Building Project "C:\a\OpenCppCoverage-ARM64\OpenCppCoverage-ARM64\PluginTest\PluginTest.vcxproj" (default targets).
2026-08-20T10:19:01.3510789Z     10>ClCompile:
2026-08-20T10:19:01.3511039Z          MappedFile.cpp
2026-08-20T10:19:02.9396418Z          MiniDump.cpp
2026-08-20T10:19:03.5137249Z          PEFileHeader.cpp
2026-08-20T10:19:04.1466015Z          ProcessMemory.cpp
2026-08-20T10:19:05.8499788Z          ScopedAction.cpp
2026-08-20T10:19:07.5519942Z          Tool.cpp
2026-08-20T10:19:09.2811824Z          UniquePath.cpp
2026-08-20T10:19:10.3077178Z          WarningManager.cpp
2026-08-20T10:19:12.3177105Z        Link:
2026-08-20T10:19:12.3181338Z          C:\Program Files\Microsoft Visual Studio\2022\Enterprise\VC\Tools\MSVC\14.44.35207\bin\HostArm64\arm64\link.exe /ERRORREPORT:QUEUE /OUT:"C:\a\OpenCppCoverage-ARM64\OpenCppCoverage-ARM64\ARM64\Release\Tools.dll" /INCREMENTAL:NO /NOLOGO /LIBPATH:"C:\a\OpenCppCoverage-ARM64\OpenCppCoverage-ARM64\vcpkg_installed\arm64-windows\lib" /LIBPATH:"C:\a\OpenCppCoverage-ARM64\OpenCppCoverage-ARM64\vcpkg_installed\arm64-windows\lib\manual-link" DbgHelp.lib bcrypt.lib kernel32.lib user32.lib gdi32.lib winspool.lib comdlg32.lib advapi32.lib shell32.lib ole32.lib oleaut32.lib uuid.lib odbc32.lib odbccp32.lib "C:\a\OpenCppCoverage-ARM64\OpenCppCoverage-ARM64\vcpkg_installed\arm64-windows\lib\*.lib" /MANIFEST /MANIFESTUAC:"level='asInvoker' uiAccess='false'" /manifest:embed /DEBUG /PDB:"C:\a\OpenCppCoverage-ARM64\OpenCppCoverage-ARM64\ARM64\Release\Tools.pdb" /SUBSYSTEM:WINDOWS /OPT:REF /OPT:ICF /LTCG /LTCGOUT:"ARM64\Release\Tools.iobj" /TLBID:1 /DYNAMICBASE /NXCOMPAT /IMPLIB:"C:\a\OpenCppCoverage-ARM64\OpenCppCoverage-ARM64\ARM64\Release\Tools.lib" /MACHINE:ARM64 /DLL ARM64\Release\dllmain.obj
2026-08-20T10:19:12.3185687Z          ARM64\Release\ExceptionBase.obj
2026-08-20T10:19:12.3185941Z          ARM64\Release\Log.obj
2026-08-20T10:19:12.3186165Z          ARM64\Release\MappedFile.obj
2026-08-20T10:19:12.3186417Z          ARM64\Release\MiniDump.obj
2026-08-20T10:19:12.3186660Z          ARM64\Release\PEFileHeader.obj
2026-08-20T10:19:12.3186911Z          ARM64\Release\ProcessMemory.obj
2026-08-20T10:19:12.3187166Z          ARM64\Release\ScopedAction.obj
2026-08-20T10:19:12.3187407Z          ARM64\Release\stdafx.obj
2026-08-20T10:19:12.3187632Z          ARM64\Release\Tool.obj
2026-08-20T10:19:12.3187853Z          ARM64\Release\UniquePath.obj
2026-08-20T10:19:12.3188101Z          ARM64\Release\WarningManager.obj
2026-08-20T10:19:12.5558903Z             Creating library C:\a\OpenCppCoverage-ARM64\OpenCppCoverage-ARM64\ARM64\Release\Tools.lib and object C:\a\OpenCppCoverage-ARM64\OpenCppCoverage-ARM64\ARM64\Release\Tools.exp
2026-08-20T10:19:12.5915662Z          Generating code
2026-08-20T10:19:14.2562558Z          Finished generating code
2026-08-20T10:19:14.6362470Z          Tools.vcxproj -> C:\a\OpenCppCoverage-ARM64\OpenCppCoverage-ARM64\ARM64\Release\Tools.dll
2026-08-20T10:19:14.6394353Z        AppLocalFromInstalled:
2026-08-20T10:19:14.6396440Z          "C:\Users\runneradmin\AppData\Local\OpenCppCoverage\vcpkg\vcpkg.exe" z-applocal --target-binary="C:\a\OpenCppCoverage-ARM64\OpenCppCoverage-ARM64\ARM64\Release\Tools.dll" --installed-bin-dir="C:\a\OpenCppCoverage-ARM64\OpenCppCoverage-ARM64\vcpkg_installed\arm64-windows\bin" --tlog-file="ARM64\Release\Tools.tlog\Tools.write.1u.tlog" --copied-files-log="ARM64\Release\vcpkg.applocal.log"
2026-08-20T10:19:14.7099717Z          C:\a\OpenCppCoverage-ARM64\OpenCppCoverage-ARM64\vcpkg_installed\arm64-windows\bin\boost_iostreams-vc143-mt-a64-1_91.dll -> C:\a\OpenCppCoverage-ARM64\OpenCppCoverage-ARM64\ARM64\Release\boost_iostreams-vc143-mt-a64-1_91.dll done
2026-08-20T10:19:14.7102016Z          C:\a\OpenCppCoverage-ARM64\OpenCppCoverage-ARM64\vcpkg_installed\arm64-windows\bin\z.dll -> C:\a\OpenCppCoverage-ARM64\OpenCppCoverage-ARM64\ARM64\Release\z.dll done
2026-08-20T10:19:14.7103285Z          C:\a\OpenCppCoverage-ARM64\OpenCppCoverage-ARM64\vcpkg_installed\arm64-windows\bin\bz2.dll -> C:\a\OpenCppCoverage-ARM64\OpenCppCoverage-ARM64\ARM64\Release\bz2.dll done
2026-08-20T10:19:14.7136791Z          C:\a\OpenCppCoverage-ARM64\OpenCppCoverage-ARM64\vcpkg_installed\arm64-windows\bin\liblzma.dll -> C:\a\OpenCppCoverage-ARM64\OpenCppCoverage-ARM64\ARM64\Release\liblzma.dll done
2026-08-20T10:19:14.7206147Z          C:\a\OpenCppCoverage-ARM64\OpenCppCoverage-ARM64\vcpkg_installed\arm64-windows\bin\zstd.dll -> C:\a\OpenCppCoverage-ARM64\OpenCppCoverage-ARM64\ARM64\Release\zstd.dll done
2026-08-20T10:19:14.7215786Z          C:\a\OpenCppCoverage-ARM64\OpenCppCoverage-ARM64\vcpkg_installed\arm64-windows\bin\boost_locale-vc143-mt-a64-1_91.dll -> C:\a\OpenCppCoverage-ARM64\OpenCppCoverage-ARM64\ARM64\Release\boost_locale-vc143-mt-a64-1_91.dll done
2026-08-20T10:19:14.7271138Z          C:\a\OpenCppCoverage-ARM64\OpenCppCoverage-ARM64\vcpkg_installed\arm64-windows\bin\boost_log-vc143-mt-a64-1_91.dll -> C:\a\OpenCppCoverage-ARM64\OpenCppCoverage-ARM64\ARM64\Release\boost_log-vc143-mt-a64-1_91.dll done
2026-08-20T10:19:14.7278841Z          C:\a\OpenCppCoverage-ARM64\OpenCppCoverage-ARM64\vcpkg_installed\arm64-windows\bin\boost_filesystem-vc143-mt-a64-1_91.dll -> C:\a\OpenCppCoverage-ARM64\OpenCppCoverage-ARM64\ARM64\Release\boost_filesystem-vc143-mt-a64-1_91.dll done
2026-08-20T10:19:14.7287041Z          C:\a\OpenCppCoverage-ARM64\OpenCppCoverage-ARM64\vcpkg_installed\arm64-windows\bin\boost_thread-vc143-mt-a64-1_91.dll -> C:\a\OpenCppCoverage-ARM64\OpenCppCoverage-ARM64\ARM64\Release\boost_thread-vc143-mt-a64-1_91.dll done
2026-08-20T10:19:14.7390301Z          C:\a\OpenCppCoverage-ARM64\OpenCppCoverage-ARM64\vcpkg_installed\arm64-windows\bin\boost_iostreams-vc143-mt-a64-1_91.dll
2026-08-20T10:19:14.7393230Z          C:\a\OpenCppCoverage-ARM64\OpenCppCoverage-ARM64\vcpkg_installed\arm64-windows\bin\z.dll
2026-08-20T10:19:14.7395626Z          C:\a\OpenCppCoverage-ARM64\OpenCppCoverage-ARM64\vcpkg_installed\arm64-windows\bin\bz2.dll
2026-08-20T10:19:14.7397621Z          C:\a\OpenCppCoverage-ARM64\OpenCppCoverage-ARM64\vcpkg_installed\arm64-windows\bin\liblzma.dll
2026-08-20T10:19:14.7399400Z          C:\a\OpenCppCoverage-ARM64\OpenCppCoverage-ARM64\vcpkg_installed\arm64-windows\bin\zstd.dll
2026-08-20T10:19:14.7402613Z          C:\a\OpenCppCoverage-ARM64\OpenCppCoverage-ARM64\vcpkg_installed\arm64-windows\bin\boost_locale-vc143-mt-a64-1_91.dll
2026-08-20T10:19:14.7407030Z          C:\a\OpenCppCoverage-ARM64\OpenCppCoverage-ARM64\vcpkg_installed\arm64-windows\bin\boost_log-vc143-mt-a64-1_91.dll
2026-08-20T10:19:14.7409089Z          C:\a\OpenCppCoverage-ARM64\OpenCppCoverage-ARM64\vcpkg_installed\arm64-windows\bin\boost_filesystem-vc143-mt-a64-1_91.dll
2026-08-20T10:19:14.7413329Z          C:\a\OpenCppCoverage-ARM64\OpenCppCoverage-ARM64\vcpkg_installed\arm64-windows\bin\boost_thread-vc143-mt-a64-1_91.dll
2026-08-20T10:19:14.7838302Z        FinalizeBuildStatus:
2026-08-20T10:19:14.7838912Z          Deleting file "ARM64\Release\Tools.tlog\unsuccessfulbuild".
2026-08-20T10:19:14.7843032Z          Touching "ARM64\Release\Tools.tlog\Tools.lastbuildstate".
2026-08-20T10:19:14.7856376Z     10>Done Building Project "C:\a\OpenCppCoverage-ARM64\OpenCppCoverage-ARM64\Tools\Tools.vcxproj" (default targets).
2026-08-20T10:19:14.8353804Z      9>PrepareForBuild:
2026-08-20T10:19:14.8354687Z          Creating directory "ARM64\Release\".
2026-08-20T10:19:14.8366457Z      1>Project "C:\a\OpenCppCoverage-ARM64\OpenCppCoverage-ARM64\CppCoverage.sln" (1) is building "C:\a\OpenCppCoverage-ARM64\OpenCppCoverage-ARM64\TestHelper\TestHelper.vcxproj" (15) on node 4 (default targets).
2026-08-20T10:19:14.8367315Z     15>PrepareForBuild:
2026-08-20T10:19:14.8368629Z          Creating directory "ARM64\Release\".
2026-08-20T10:19:14.8378129Z      9>PrepareForBuild:
2026-08-20T10:19:14.8379027Z          Structured output is enabled. The formatting of compiler diagnostics will reflect the error hierarchy. See https://aka.ms/cpp/structured-output for more details.
2026-08-20T10:19:14.8382829Z      7>PrepareForBuild:
2026-08-20T10:19:14.8383119Z          Creating directory "ARM64\Release\".
2026-08-20T10:19:14.8383990Z      9>PrepareForBuild:
2026-08-20T10:19:14.8384322Z          Creating directory "ARM64\Release\FileFilter.tlog\".
2026-08-20T10:19:14.8396305Z     15>PrepareForBuild:
2026-08-20T10:19:14.8396982Z          Structured output is enabled. The formatting of compiler diagnostics will reflect the error hierarchy. See https://aka.ms/cpp/structured-output for more details.
2026-08-20T10:19:14.8401255Z          Creating directory "ARM64\Release\TestHelper.tlog\".
2026-08-20T10:19:14.8418892Z      7>PrepareForBuild:
2026-08-20T10:19:14.8419603Z          Structured output is enabled. The formatting of compiler diagnostics will reflect the error hierarchy. See https://aka.ms/cpp/structured-output for more details.
2026-08-20T10:19:14.8420358Z          Creating directory "ARM64\Release\TestCove.0DD16EDF.tlog\".
2026-08-20T10:19:14.8446956Z      9>InitializeBuildStatus:
2026-08-20T10:19:14.8447440Z          Creating "ARM64\Release\FileFilter.tlog\unsuccessfulbuild" because "AlwaysCreate" was specified.
2026-08-20T10:19:14.8449395Z          Touching "ARM64\Release\FileFilter.tlog\unsuccessfulbuild".
2026-08-20T10:19:14.8463333Z     15>InitializeBuildStatus:
2026-08-20T10:19:14.8463806Z          Creating "ARM64\Release\TestHelper.tlog\unsuccessfulbuild" because "AlwaysCreate" was specified.
2026-08-20T10:19:14.8465827Z          Touching "ARM64\Release\TestHelper.tlog\unsuccessfulbuild".
2026-08-20T10:19:14.8488582Z      7>InitializeBuildStatus:
2026-08-20T10:19:14.8489694Z          Creating "ARM64\Release\TestCove.0DD16EDF.tlog\unsuccessfulbuild" because "AlwaysCreate" was specified.
2026-08-20T10:19:14.8490300Z          Touching "ARM64\Release\TestCove.0DD16EDF.tlog\unsuccessfulbuild".
2026-08-20T10:19:15.0763100Z        VcpkgTripletSelection:
2026-08-20T10:19:15.0778928Z          Using triplet "arm64-windows" from "C:\a\OpenCppCoverage-ARM64\OpenCppCoverage-ARM64\vcpkg_installed\arm64-windows\"
2026-08-20T10:19:15.1417203Z          Using normalized configuration "Release"
2026-08-20T10:19:15.1503382Z        VcpkgBootstrap:
2026-08-20T10:19:15.1506071Z        Skipping target "VcpkgBootstrap" because all output files are up-to-date with respect to the input files.
2026-08-20T10:19:15.1507027Z        VcpkgInstallManifestDependencies:
2026-08-20T10:19:15.1507833Z        Skipping target "VcpkgInstallManifestDependencies" because all output files are up-to-date with respect to the input files.
2026-08-20T10:19:15.1508530Z        ClCompile:
2026-08-20T10:19:15.1513539Z          C:\Program Files\Microsoft Visual Studio\2022\Enterprise\VC\Tools\MSVC\14.44.35207\bin\HostArm64\arm64\CL.exe /c /I"C:\a\OpenCppCoverage-ARM64\OpenCppCoverage-ARM64\TestCoverageConsole\\" /I"C:\a\OpenCppCoverage-ARM64\OpenCppCoverage-ARM64\\" /I"C:\a\OpenCppCoverage-ARM64\OpenCppCoverage-ARM64\TestCoverageConsole\\" /I"C:\a\OpenCppCoverage-ARM64\OpenCppCoverage-ARM64\vcpkg_installed\arm64-windows\include" /Zi /nologo /W3 /WX /diagnostics:column /sdl /Od /Oi /Oy- /GL /D WIN32 /D NDEBUG /D _CONSOLE /D _LIB /D BOOST_CONFIG_SUPPRESS_OUTDATED_MESSAGE /D "OPENCPPCOVERAGE_VERSION=\"0.9.9.0\"" /D _CRT_SECURE_NO_WARNINGS /D "PROJECT_DIR=R\"|(C:\a\OpenCppCoverage-ARM64\OpenCppCoverage-ARM64\TestCoverageConsole\)|\"" /D "SOLUTION_DIR=R\"|(C:\a\OpenCppCoverage-ARM64\OpenCppCoverage-ARM64\)|\"" /D "TARGET_FILE_NAME=R\"|(TestCoverageConsole.exe)|\"" /D "OUT_DIR=R\"|(C:\a\OpenCppCoverage-ARM64\OpenCppCoverage-ARM64\ARM64\Release\)|\"" /D NOMINMAX /D _ARM64_WINAPI_PARTITION_DESKTOP_SDK_AVAILABLE=1 /D _UNICODE /D UNICODE /Gm- /EHsc /MD /GS /Gy /fp:precise /Zc:wchar_t /Zc:forScope /Zc:inline /std:c++17 /permissive- /Fo"ARM64\Release\\" /Fd"ARM64\Release\vc143.pdb" /external:W3 /Gd /TP /analyze- /FC /errorReport:queue TestBasic.cpp TestCoverageConsole.cpp SpecialLineInfo.cpp TestDebugInformationEnumerator.cpp TestDiff.cpp TestThread.cpp
2026-08-20T10:19:15.1518490Z          TestBasic.cpp
2026-08-20T10:19:15.1518806Z     15>VcpkgTripletSelection:
2026-08-20T10:19:15.1519426Z          Using triplet "arm64-windows" from "C:\a\OpenCppCoverage-ARM64\OpenCppCoverage-ARM64\vcpkg_installed\arm64-windows\"
2026-08-20T10:19:15.1520080Z          Using normalized configuration "Release"
2026-08-20T10:19:15.1520474Z        VcpkgBootstrap:
2026-08-20T10:19:15.1521007Z        Skipping target "VcpkgBootstrap" because all output files are up-to-date with respect to the input files.
2026-08-20T10:19:15.1521632Z        VcpkgInstallManifestDependencies:
2026-08-20T10:19:15.1522316Z        Skipping target "VcpkgInstallManifestDependencies" because all output files are up-to-date with respect to the input files.
2026-08-20T10:19:15.1522969Z        ClCompile:
2026-08-20T10:19:15.1527232Z          C:\Program Files\Microsoft Visual Studio\2022\Enterprise\VC\Tools\MSVC\14.44.35207\bin\HostArm64\arm64\CL.exe /c /I"C:\a\OpenCppCoverage-ARM64\OpenCppCoverage-ARM64\\" /I"C:\a\OpenCppCoverage-ARM64\OpenCppCoverage-ARM64\TestHelper\\" /I"C:\a\OpenCppCoverage-ARM64\OpenCppCoverage-ARM64\vcpkg_installed\arm64-windows\include" /Zi /nologo /W3 /WX /diagnostics:column /sdl /O2 /Oi /Oy- /GL /D WIN32 /D _USRDLL /D TEST_HELPER_EXPORTS /D NDEBUG /D _CONSOLE /D _LIB /D GTEST_LINKED_AS_SHARED_LIBRARY=1 /D _SILENCE_TR1_NAMESPACE_DEPRECATION_WARNING /D BOOST_CONFIG_SUPPRESS_OUTDATED_MESSAGE /D "OPENCPPCOVERAGE_VERSION=\"0.9.9.0\"" /D _CRT_SECURE_NO_WARNINGS /D "PROJECT_DIR=R\"|(C:\a\OpenCppCoverage-ARM64\OpenCppCoverage-ARM64\TestHelper\)|\"" /D "SOLUTION_DIR=R\"|(C:\a\OpenCppCoverage-ARM64\OpenCppCoverage-ARM64\)|\"" /D "TARGET_FILE_NAME=R\"|(TestHelper.dll)|\"" /D "OUT_DIR=R\"|(C:\a\OpenCppCoverage-ARM64\OpenCppCoverage-ARM64\ARM64\Release\)|\"" /D NOMINMAX /D _ARM64_WINAPI_PARTITION_DESKTOP_SDK_AVAILABLE=1 /D _WINDLL /D _UNICODE /D UNICODE /Gm- /EHsc /MD /GS /Gy /fp:precise /Zc:wchar_t /Zc:forScope /Zc:inline /std:c++17 /permissive- /Yc"stdafx.h" /Fp"ARM64\Release\TestHelper.pch" /Fo"ARM64\Release\\" /Fd"ARM64\Release\vc143.pdb" /external:W3 /Gd /TP /wd4251 /wd4275 /analyze- /FC /errorReport:queue stdafx.cpp
2026-08-20T10:19:15.1532127Z          stdafx.cpp
2026-08-20T10:19:15.1532430Z      9>VcpkgTripletSelection:
2026-08-20T10:19:15.1533034Z          Using triplet "arm64-windows" from "C:\a\OpenCppCoverage-ARM64\OpenCppCoverage-ARM64\vcpkg_installed\arm64-windows\"
2026-08-20T10:19:15.1533682Z          Using normalized configuration "Release"
2026-08-20T10:19:15.1534044Z        VcpkgBootstrap:
2026-08-20T10:19:15.1534559Z        Skipping target "VcpkgBootstrap" because all output files are up-to-date with respect to the input files.
2026-08-20T10:19:15.1535148Z        VcpkgInstallManifestDependencies:
2026-08-20T10:19:15.1535803Z        Skipping target "VcpkgInstallManifestDependencies" because all output files are up-to-date with respect to the input files.
2026-08-20T10:19:15.1536435Z        ClCompile:
2026-08-20T10:19:15.1540500Z          C:\Program Files\Microsoft Visual Studio\2022\Enterprise\VC\Tools\MSVC\14.44.35207\bin\HostArm64\arm64\CL.exe /c /I"C:\a\OpenCppCoverage-ARM64\OpenCppCoverage-ARM64\\" /I"C:\a\OpenCppCoverage-ARM64\OpenCppCoverage-ARM64\FileFilter\\" /I"C:\a\OpenCppCoverage-ARM64\OpenCppCoverage-ARM64\vcpkg_installed\arm64-windows\include" /Zi /nologo /W3 /WX /diagnostics:column /sdl /O2 /Oi /Oy- /GL /D NDEBUG /D _WINDOWS /D _USRDLL /D FILEFILTER_EXPORTS /D BOOST_CONFIG_SUPPRESS_OUTDATED_MESSAGE /D "OPENCPPCOVERAGE_VERSION=\"0.9.9.0\"" /D _CRT_SECURE_NO_WARNINGS /D "PROJECT_DIR=R\"|(C:\a\OpenCppCoverage-ARM64\OpenCppCoverage-ARM64\FileFilter\)|\"" /D "SOLUTION_DIR=R\"|(C:\a\OpenCppCoverage-ARM64\OpenCppCoverage-ARM64\)|\"" /D "TARGET_FILE_NAME=R\"|(FileFilter.dll)|\"" /D "OUT_DIR=R\"|(C:\a\OpenCppCoverage-ARM64\OpenCppCoverage-ARM64\ARM64\Release\)|\"" /D NOMINMAX /D _ARM64_WINAPI_PARTITION_DESKTOP_SDK_AVAILABLE=1 /D _WINDLL /D _UNICODE /D UNICODE /Gm- /EHsc /MD /GS /Gy /fp:precise /Zc:wchar_t /Zc:forScope /Zc:inline /std:c++17 /permissive- /Yc"stdafx.h" /Fp"ARM64\Release\FileFilter.pch" /Fo"ARM64\Release\\" /Fd"ARM64\Release\vc143.pdb" /external:W3 /Gd /TP /analyze- /FC /errorReport:queue stdafx.cpp
2026-08-20T10:19:15.1544684Z          stdafx.cpp
2026-08-20T10:19:15.6110330Z          C:\Program Files\Microsoft Visual Studio\2022\Enterprise\VC\Tools\MSVC\14.44.35207\bin\HostArm64\arm64\CL.exe /c /I"C:\a\OpenCppCoverage-ARM64\OpenCppCoverage-ARM64\\" /I"C:\a\OpenCppCoverage-ARM64\OpenCppCoverage-ARM64\FileFilter\\" /I"C:\a\OpenCppCoverage-ARM64\OpenCppCoverage-ARM64\vcpkg_installed\arm64-windows\include" /Zi /nologo /W3 /WX /diagnostics:column /sdl /O2 /Oi /Oy- /GL /D NDEBUG /D _WINDOWS /D _USRDLL /D FILEFILTER_EXPORTS /D BOOST_CONFIG_SUPPRESS_OUTDATED_MESSAGE /D "OPENCPPCOVERAGE_VERSION=\"0.9.9.0\"" /D _CRT_SECURE_NO_WARNINGS /D "PROJECT_DIR=R\"|(C:\a\OpenCppCoverage-ARM64\OpenCppCoverage-ARM64\FileFilter\)|\"" /D "SOLUTION_DIR=R\"|(C:\a\OpenCppCoverage-ARM64\OpenCppCoverage-ARM64\)|\"" /D "TARGET_FILE_NAME=R\"|(FileFilter.dll)|\"" /D "OUT_DIR=R\"|(C:\a\OpenCppCoverage-ARM64\OpenCppCoverage-ARM64\ARM64\Release\)|\"" /D NOMINMAX /D _ARM64_WINAPI_PARTITION_DESKTOP_SDK_AVAILABLE=1 /D _WINDLL /D _UNICODE /D UNICODE /Gm- /EHsc /MD /GS /Gy /fp:precise /Zc:wchar_t /Zc:forScope /Zc:inline /std:c++17 /permissive- /Yu"stdafx.h" /Fp"ARM64\Release\FileFilter.pch" /Fo"ARM64\Release\\" /Fd"ARM64\Release\vc143.pdb" /external:W3 /Gd /TP /analyze- /FC /errorReport:queue AmbiguousPathException.cpp File.cpp PathMatcher.cpp ReleaseCoverageFilter.cpp RelocationsExtractor.cpp LineFilter.cpp UnifiedDiffCoverageFilter.cpp UnifiedDiffParser.cpp UnifiedDiffParserException.cpp
2026-08-20T10:19:15.6583442Z          AmbiguousPathException.cpp
2026-08-20T10:19:16.3695615Z      7>ClCompile:
2026-08-20T10:19:16.3696581Z          TestCoverageConsole.cpp
2026-08-20T10:19:16.4083814Z      9>ClCompile:
2026-08-20T10:19:16.4085699Z          File.cpp
2026-08-20T10:19:16.8086025Z     15>ClCompile:
2026-08-20T10:19:16.8091138Z          C:\Program Files\Microsoft Visual Studio\2022\Enterprise\VC\Tools\MSVC\14.44.35207\bin\HostArm64\arm64\CL.exe /c /I"C:\a\OpenCppCoverage-ARM64\OpenCppCoverage-ARM64\\" /I"C:\a\OpenCppCoverage-ARM64\OpenCppCoverage-ARM64\TestHelper\\" /I"C:\a\OpenCppCoverage-ARM64\OpenCppCoverage-ARM64\vcpkg_installed\arm64-windows\include" /Zi /nologo /W3 /WX /diagnostics:column /sdl /O2 /Oi /Oy- /GL /D WIN32 /D _USRDLL /D TEST_HELPER_EXPORTS /D NDEBUG /D _CONSOLE /D _LIB /D GTEST_LINKED_AS_SHARED_LIBRARY=1 /D _SILENCE_TR1_NAMESPACE_DEPRECATION_WARNING /D BOOST_CONFIG_SUPPRESS_OUTDATED_MESSAGE /D "OPENCPPCOVERAGE_VERSION=\"0.9.9.0\"" /D _CRT_SECURE_NO_WARNINGS /D "PROJECT_DIR=R\"|(C:\a\OpenCppCoverage-ARM64\OpenCppCoverage-ARM64\TestHelper\)|\"" /D "SOLUTION_DIR=R\"|(C:\a\OpenCppCoverage-ARM64\OpenCppCoverage-ARM64\)|\"" /D "TARGET_FILE_NAME=R\"|(TestHelper.dll)|\"" /D "OUT_DIR=R\"|(C:\a\OpenCppCoverage-ARM64\OpenCppCoverage-ARM64\ARM64\Release\)|\"" /D NOMINMAX /D _ARM64_WINAPI_PARTITION_DESKTOP_SDK_AVAILABLE=1 /D _WINDLL /D _UNICODE /D UNICODE /Gm- /EHsc /MD /GS /Gy /fp:precise /Zc:wchar_t /Zc:forScope /Zc:inline /std:c++17 /permissive- /Yu"stdafx.h" /Fp"ARM64\Release\TestHelper.pch" /Fo"ARM64\Release\\" /Fd"ARM64\Release\vc143.pdb" /external:W3 /Gd /TP /wd4251 /wd4275 /analyze- /FC /errorReport:queue CoverageDataComparer.cpp TemporaryPath.cpp Tools.cpp
2026-08-20T10:19:16.8569331Z          CoverageDataComparer.cpp
2026-08-20T10:19:17.2000080Z      9>ClCompile:
2026-08-20T10:19:17.2000644Z          PathMatcher.cpp
2026-08-20T10:19:17.4060411Z     15>ClCompile:
2026-08-20T10:19:17.4062258Z          TemporaryPath.cpp
2026-08-20T10:19:17.8502518Z      7>ClCompile:
2026-08-20T10:19:17.8503142Z          SpecialLineInfo.cpp
2026-08-20T10:19:18.5347643Z     15>ClCompile:
2026-08-20T10:19:18.5349495Z          Tools.cpp
2026-08-20T10:19:18.7342394Z      9>ClCompile:
2026-08-20T10:19:18.7343005Z          ReleaseCoverageFilter.cpp
2026-08-20T10:19:18.8823529Z      7>ClCompile:
2026-08-20T10:19:18.8825400Z          TestDebugInformationEnumerator.cpp
2026-08-20T10:19:19.8001649Z     15>Link:
2026-08-20T10:19:19.8006507Z          C:\Program Files\Microsoft Visual Studio\2022\Enterprise\VC\Tools\MSVC\14.44.35207\bin\HostArm64\arm64\link.exe /ERRORREPORT:QUEUE /OUT:"C:\a\OpenCppCoverage-ARM64\OpenCppCoverage-ARM64\ARM64\Release\TestHelper.dll" /INCREMENTAL:NO /NOLOGO /LIBPATH:"C:\a\OpenCppCoverage-ARM64\OpenCppCoverage-ARM64\vcpkg_installed\arm64-windows\lib" /LIBPATH:"C:\a\OpenCppCoverage-ARM64\OpenCppCoverage-ARM64\vcpkg_installed\arm64-windows\lib\manual-link" gmock.lib gtest.lib bcrypt.lib kernel32.lib user32.lib gdi32.lib winspool.lib comdlg32.lib advapi32.lib shell32.lib ole32.lib oleaut32.lib uuid.lib odbc32.lib odbccp32.lib "C:\a\OpenCppCoverage-ARM64\OpenCppCoverage-ARM64\vcpkg_installed\arm64-windows\lib\*.lib" /MANIFEST /MANIFESTUAC:"level='asInvoker' uiAccess='false'" /manifest:embed /DEBUG /PDB:"C:\a\OpenCppCoverage-ARM64\OpenCppCoverage-ARM64\ARM64\Release\TestHelper.pdb" /SUBSYSTEM:CONSOLE /OPT:REF /OPT:ICF /LTCG /LTCGOUT:"ARM64\Release\TestHelper.iobj" /TLBID:1 /DYNAMICBASE /NXCOMPAT /IMPLIB:"C:\a\OpenCppCoverage-ARM64\OpenCppCoverage-ARM64\ARM64\Release\TestHelper.lib" /MACHINE:ARM64 /DLL ARM64\Release\CoverageDataComparer.obj
2026-08-20T10:19:19.8010788Z          ARM64\Release\stdafx.obj
2026-08-20T10:19:19.8011342Z          ARM64\Release\TemporaryPath.obj
2026-08-20T10:19:19.8012208Z          ARM64\Release\Tools.obj
2026-08-20T10:19:19.8012706Z          "C:\a\OpenCppCoverage-ARM64\OpenCppCoverage-ARM64\ARM64\Release\Plugin.lib"
2026-08-20T10:19:19.8013347Z          "C:\a\OpenCppCoverage-ARM64\OpenCppCoverage-ARM64\ARM64\Release\Tools.lib"
2026-08-20T10:19:19.9117295Z             Creating library C:\a\OpenCppCoverage-ARM64\OpenCppCoverage-ARM64\ARM64\Release\TestHelper.lib and object C:\a\OpenCppCoverage-ARM64\OpenCppCoverage-ARM64\ARM64\Release\TestHelper.exp
2026-08-20T10:19:19.9415390Z          Generating code
2026-08-20T10:19:19.9503714Z      7>ClCompile:
2026-08-20T10:19:19.9504010Z          TestDiff.cpp
2026-08-20T10:19:21.0889842Z      9>ClCompile:
2026-08-20T10:19:21.0894573Z          RelocationsExtractor.cpp
2026-08-20T10:19:21.1516488Z     15>Link:
2026-08-20T10:19:21.1517103Z          Finished generating code
2026-08-20T10:19:21.3032455Z      9>ClCompile:
2026-08-20T10:19:21.3034647Z          LineFilter.cpp
2026-08-20T10:19:21.4725951Z      7>ClCompile:
2026-08-20T10:19:21.4726520Z          TestThread.cpp
2026-08-20T10:19:21.4817019Z     15>Link:
2026-08-20T10:19:21.4818003Z          TestHelper.vcxproj -> C:\a\OpenCppCoverage-ARM64\OpenCppCoverage-ARM64\ARM64\Release\TestHelper.dll
2026-08-20T10:19:21.4818658Z        AppLocalFromInstalled:
2026-08-20T10:19:21.4820292Z          "C:\Users\runneradmin\AppData\Local\OpenCppCoverage\vcpkg\vcpkg.exe" z-applocal --target-binary="C:\a\OpenCppCoverage-ARM64\OpenCppCoverage-ARM64\ARM64\Release\TestHelper.dll" --installed-bin-dir="C:\a\OpenCppCoverage-ARM64\OpenCppCoverage-ARM64\vcpkg_installed\arm64-windows\bin" --tlog-file="ARM64\Release\TestHelper.tlog\TestHelper.write.1u.tlog" --copied-files-log="ARM64\Release\vcpkg.applocal.log"
2026-08-20T10:19:21.5632759Z          C:\a\OpenCppCoverage-ARM64\OpenCppCoverage-ARM64\vcpkg_installed\arm64-windows\bin\PocoFoundation.dll -> C:\a\OpenCppCoverage-ARM64\OpenCppCoverage-ARM64\ARM64\Release\PocoFoundation.dll done
2026-08-20T10:19:21.5634209Z          C:\a\OpenCppCoverage-ARM64\OpenCppCoverage-ARM64\vcpkg_installed\arm64-windows\bin\pcre2-8.dll -> C:\a\OpenCppCoverage-ARM64\OpenCppCoverage-ARM64\ARM64\Release\pcre2-8.dll done
2026-08-20T10:19:21.5684456Z          C:\a\OpenCppCoverage-ARM64\OpenCppCoverage-ARM64\vcpkg_installed\arm64-windows\bin\utf8proc.dll -> C:\a\OpenCppCoverage-ARM64\OpenCppCoverage-ARM64\ARM64\Release\utf8proc.dll done
2026-08-20T10:19:21.5930903Z          C:\a\OpenCppCoverage-ARM64\OpenCppCoverage-ARM64\vcpkg_installed\arm64-windows\bin\gmock.dll
2026-08-20T10:19:21.5935584Z          C:\a\OpenCppCoverage-ARM64\OpenCppCoverage-ARM64\vcpkg_installed\arm64-windows\bin\boost_log-vc143-mt-a64-1_91.dll
2026-08-20T10:19:21.5943802Z          C:\a\OpenCppCoverage-ARM64\OpenCppCoverage-ARM64\vcpkg_installed\arm64-windows\bin\boost_filesystem-vc143-mt-a64-1_91.dll
2026-08-20T10:19:21.5947128Z          C:\a\OpenCppCoverage-ARM64\OpenCppCoverage-ARM64\vcpkg_installed\arm64-windows\bin\boost_thread-vc143-mt-a64-1_91.dll
2026-08-20T10:19:21.5950241Z          C:\a\OpenCppCoverage-ARM64\OpenCppCoverage-ARM64\vcpkg_installed\arm64-windows\bin\PocoFoundation.dll
2026-08-20T10:19:21.5952735Z          C:\a\OpenCppCoverage-ARM64\OpenCppCoverage-ARM64\vcpkg_installed\arm64-windows\bin\pcre2-8.dll
2026-08-20T10:19:21.5955422Z          C:\a\OpenCppCoverage-ARM64\OpenCppCoverage-ARM64\vcpkg_installed\arm64-windows\bin\z.dll
2026-08-20T10:19:21.5957970Z          C:\a\OpenCppCoverage-ARM64\OpenCppCoverage-ARM64\vcpkg_installed\arm64-windows\bin\utf8proc.dll
2026-08-20T10:19:21.5965791Z          C:\a\OpenCppCoverage-ARM64\OpenCppCoverage-ARM64\vcpkg_installed\arm64-windows\bin\boost_iostreams-vc143-mt-a64-1_91.dll
2026-08-20T10:19:21.5973766Z          C:\a\OpenCppCoverage-ARM64\OpenCppCoverage-ARM64\vcpkg_installed\arm64-windows\bin\bz2.dll
2026-08-20T10:19:21.5981391Z          C:\a\OpenCppCoverage-ARM64\OpenCppCoverage-ARM64\vcpkg_installed\arm64-windows\bin\liblzma.dll
2026-08-20T10:19:21.5984450Z          C:\a\OpenCppCoverage-ARM64\OpenCppCoverage-ARM64\vcpkg_installed\arm64-windows\bin\zstd.dll
2026-08-20T10:19:21.5988373Z          C:\a\OpenCppCoverage-ARM64\OpenCppCoverage-ARM64\vcpkg_installed\arm64-windows\bin\boost_locale-vc143-mt-a64-1_91.dll
2026-08-20T10:19:21.6353238Z        FinalizeBuildStatus:
2026-08-20T10:19:21.6355618Z          Deleting file "ARM64\Release\TestHelper.tlog\unsuccessfulbuild".
2026-08-20T10:19:21.6358682Z          Touching "ARM64\Release\TestHelper.tlog\TestHelper.lastbuildstate".
2026-08-20T10:19:21.6367373Z     15>Done Building Project "C:\a\OpenCppCoverage-ARM64\OpenCppCoverage-ARM64\TestHelper\TestHelper.vcxproj" (default targets).
2026-08-20T10:19:21.6696408Z      1>Project "C:\a\OpenCppCoverage-ARM64\OpenCppCoverage-ARM64\CppCoverage.sln" (1) is building "C:\a\OpenCppCoverage-ARM64\OpenCppCoverage-ARM64\ToolsTest\ToolsTest.vcxproj" (16) on node 2 (default targets).
2026-08-20T10:19:21.6700544Z     16>PrepareForBuild:
2026-08-20T10:19:21.6701634Z          Creating directory "ARM64\Release\".
2026-08-20T10:19:21.6704704Z          Structured output is enabled. The formatting of compiler diagnostics will reflect the error hierarchy. See https://aka.ms/cpp/structured-output for more details.
2026-08-20T10:19:21.6707429Z          Creating directory "ARM64\Release\ToolsTest.tlog\".
2026-08-20T10:19:21.6743630Z        InitializeBuildStatus:
2026-08-20T10:19:21.6746812Z          Creating "ARM64\Release\ToolsTest.tlog\unsuccessfulbuild" because "AlwaysCreate" was specified.
2026-08-20T10:19:21.6748820Z          Touching "ARM64\Release\ToolsTest.tlog\unsuccessfulbuild".
2026-08-20T10:19:21.7378282Z        VcpkgTripletSelection:
2026-08-20T10:19:21.7379359Z          Using triplet "arm64-windows" from "C:\a\OpenCppCoverage-ARM64\OpenCppCoverage-ARM64\vcpkg_installed\arm64-windows\"
2026-08-20T10:19:21.7381948Z          Using normalized configuration "Release"
2026-08-20T10:19:21.7382505Z        VcpkgBootstrap:
2026-08-20T10:19:21.7383084Z        Skipping target "VcpkgBootstrap" because all output files are up-to-date with respect to the input files.
2026-08-20T10:19:21.7383785Z        VcpkgInstallManifestDependencies:
2026-08-20T10:19:21.7384483Z        Skipping target "VcpkgInstallManifestDependencies" because all output files are up-to-date with respect to the input files.
2026-08-20T10:19:21.7385154Z        ClCompile:
2026-08-20T10:19:21.7389293Z          C:\Program Files\Microsoft Visual Studio\2022\Enterprise\VC\Tools\MSVC\14.44.35207\bin\HostArm64\arm64\CL.exe /c /I"C:\a\OpenCppCoverage-ARM64\OpenCppCoverage-ARM64\\" /I"C:\a\OpenCppCoverage-ARM64\OpenCppCoverage-ARM64\ToolsTest\\" /I"C:\a\OpenCppCoverage-ARM64\OpenCppCoverage-ARM64\vcpkg_installed\arm64-windows\include" /Zi /nologo /W3 /WX /diagnostics:column /sdl /O2 /Oi /Oy- /GL /D NDEBUG /D _CONSOLE /D GTEST_LINKED_AS_SHARED_LIBRARY=1 /D _SILENCE_TR1_NAMESPACE_DEPRECATION_WARNING /D BOOST_CONFIG_SUPPRESS_OUTDATED_MESSAGE /D "OPENCPPCOVERAGE_VERSION=\"0.9.9.0\"" /D _CRT_SECURE_NO_WARNINGS /D "PROJECT_DIR=R\"|(C:\a\OpenCppCoverage-ARM64\OpenCppCoverage-ARM64\ToolsTest\)|\"" /D "SOLUTION_DIR=R\"|(C:\a\OpenCppCoverage-ARM64\OpenCppCoverage-ARM64\)|\"" /D "TARGET_FILE_NAME=R\"|(ToolsTest.exe)|\"" /D "OUT_DIR=R\"|(C:\a\OpenCppCoverage-ARM64\OpenCppCoverage-ARM64\ARM64\Release\)|\"" /D NOMINMAX /D _ARM64_WINAPI_PARTITION_DESKTOP_SDK_AVAILABLE=1 /D _UNICODE /D UNICODE /Gm- /EHsc /MD /GS /Gy /fp:precise /Zc:wchar_t /Zc:forScope /Zc:inline /std:c++17 /permissive- /Yc"stdafx.h" /Fp"ARM64\Release\ToolsTest.pch" /Fo"ARM64\Release\\" /Fd"ARM64\Release\vc143.pdb" /external:W3 /Gd /TP /wd4251 /wd4275 /analyze- /FC /errorReport:queue stdafx.cpp
2026-08-20T10:19:21.7588698Z          stdafx.cpp
2026-08-20T10:19:22.7357170Z      7>Link:
2026-08-20T10:19:22.7361468Z          C:\Program Files\Microsoft Visual Studio\2022\Enterprise\VC\Tools\MSVC\14.44.35207\bin\HostArm64\arm64\link.exe /ERRORREPORT:QUEUE /OUT:"C:\a\OpenCppCoverage-ARM64\OpenCppCoverage-ARM64\ARM64\Release\TestCoverageConsole.exe" /INCREMENTAL:NO /NOLOGO /LIBPATH:"C:\a\OpenCppCoverage-ARM64\OpenCppCoverage-ARM64\vcpkg_installed\arm64-windows\lib" /LIBPATH:"C:\a\OpenCppCoverage-ARM64\OpenCppCoverage-ARM64\vcpkg_installed\arm64-windows\lib\manual-link" bcrypt.lib kernel32.lib user32.lib gdi32.lib winspool.lib comdlg32.lib advapi32.lib shell32.lib ole32.lib oleaut32.lib uuid.lib odbc32.lib odbccp32.lib "C:\a\OpenCppCoverage-ARM64\OpenCppCoverage-ARM64\vcpkg_installed\arm64-windows\lib\*.lib" /MANIFEST /MANIFESTUAC:"level='asInvoker' uiAccess='false'" /manifest:embed /DEBUG /PDB:"C:\a\OpenCppCoverage-ARM64\OpenCppCoverage-ARM64\ARM64\Release\TestCoverageConsole.pdb" /SUBSYSTEM:CONSOLE /OPT:REF /OPT:ICF /LTCG /LTCGOUT:"ARM64\Release\TestCoverageConsole.iobj" /TLBID:1 /DYNAMICBASE /NXCOMPAT /IMPLIB:"C:\a\OpenCppCoverage-ARM64\OpenCppCoverage-ARM64\ARM64\Release\TestCoverageConsole.lib" /MACHINE:ARM64 ARM64\Release\TestBasic.obj
2026-08-20T10:19:22.7372238Z          ARM64\Release\TestCoverageConsole.obj
2026-08-20T10:19:22.7372789Z          ARM64\Release\SpecialLineInfo.obj
2026-08-20T10:19:22.7373276Z          ARM64\Release\TestDebugInformationEnumerator.obj
2026-08-20T10:19:22.7376804Z          ARM64\Release\TestDiff.obj
2026-08-20T10:19:22.7377220Z          ARM64\Release\TestThread.obj
2026-08-20T10:19:22.7377801Z          "C:\a\OpenCppCoverage-ARM64\OpenCppCoverage-ARM64\ARM64\Release\TestCoverageOptimizedBuild.lib"
2026-08-20T10:19:22.7378575Z          "C:\a\OpenCppCoverage-ARM64\OpenCppCoverage-ARM64\ARM64\Release\TestCoverageSharedLib.lib"
2026-08-20T10:19:22.7379251Z          "C:\a\OpenCppCoverage-ARM64\OpenCppCoverage-ARM64\ARM64\Release\Tools.lib"
2026-08-20T10:19:22.8534111Z             Creating library C:\a\OpenCppCoverage-ARM64\OpenCppCoverage-ARM64\ARM64\Release\TestCoverageConsole.lib and object C:\a\OpenCppCoverage-ARM64\OpenCppCoverage-ARM64\ARM64\Release\TestCoverageConsole.exp
2026-08-20T10:19:22.8837934Z          Generating code
2026-08-20T10:19:22.9683819Z          Finished generating code
2026-08-20T10:19:23.1263012Z      9>ClCompile:
2026-08-20T10:19:23.1263284Z          UnifiedDiffCoverageFilter.cpp
2026-08-20T10:19:23.3116792Z      7>Link:
2026-08-20T10:19:23.3117631Z          TestCoverageConsole.vcxproj -> C:\a\OpenCppCoverage-ARM64\OpenCppCoverage-ARM64\ARM64\Release\TestCoverageConsole.exe
2026-08-20T10:19:23.3118382Z        AppLocalFromInstalled:
2026-08-20T10:19:23.3120140Z          "C:\Users\runneradmin\AppData\Local\OpenCppCoverage\vcpkg\vcpkg.exe" z-applocal --target-binary="C:\a\OpenCppCoverage-ARM64\OpenCppCoverage-ARM64\ARM64\Release\TestCoverageConsole.exe" --installed-bin-dir="C:\a\OpenCppCoverage-ARM64\OpenCppCoverage-ARM64\vcpkg_installed\arm64-windows\bin" --tlog-file="ARM64\Release\TestCove.0DD16EDF.tlog\TestCoverageConsole.write.1u.tlog" --copied-files-log="ARM64\Release\vcpkg.applocal.log"
2026-08-20T10:19:23.4100875Z          C:\a\OpenCppCoverage-ARM64\OpenCppCoverage-ARM64\vcpkg_installed\arm64-windows\bin\PocoFoundation.dll
2026-08-20T10:19:23.4111252Z          C:\a\OpenCppCoverage-ARM64\OpenCppCoverage-ARM64\vcpkg_installed\arm64-windows\bin\pcre2-8.dll
2026-08-20T10:19:23.4114051Z          C:\a\OpenCppCoverage-ARM64\OpenCppCoverage-ARM64\vcpkg_installed\arm64-windows\bin\z.dll
2026-08-20T10:19:23.4115787Z          C:\a\OpenCppCoverage-ARM64\OpenCppCoverage-ARM64\vcpkg_installed\arm64-windows\bin\utf8proc.dll
2026-08-20T10:19:23.4118235Z          C:\a\OpenCppCoverage-ARM64\OpenCppCoverage-ARM64\vcpkg_installed\arm64-windows\bin\boost_iostreams-vc143-mt-a64-1_91.dll
2026-08-20T10:19:23.4121131Z          C:\a\OpenCppCoverage-ARM64\OpenCppCoverage-ARM64\vcpkg_installed\arm64-windows\bin\bz2.dll
2026-08-20T10:19:23.4123127Z          C:\a\OpenCppCoverage-ARM64\OpenCppCoverage-ARM64\vcpkg_installed\arm64-windows\bin\liblzma.dll
2026-08-20T10:19:23.4125670Z          C:\a\OpenCppCoverage-ARM64\OpenCppCoverage-ARM64\vcpkg_installed\arm64-windows\bin\zstd.dll
2026-08-20T10:19:23.4128161Z          C:\a\OpenCppCoverage-ARM64\OpenCppCoverage-ARM64\vcpkg_installed\arm64-windows\bin\boost_locale-vc143-mt-a64-1_91.dll
2026-08-20T10:19:23.4130770Z          C:\a\OpenCppCoverage-ARM64\OpenCppCoverage-ARM64\vcpkg_installed\arm64-windows\bin\boost_log-vc143-mt-a64-1_91.dll
2026-08-20T10:19:23.4134720Z          C:\a\OpenCppCoverage-ARM64\OpenCppCoverage-ARM64\vcpkg_installed\arm64-windows\bin\boost_filesystem-vc143-mt-a64-1_91.dll
2026-08-20T10:19:23.4137818Z          C:\a\OpenCppCoverage-ARM64\OpenCppCoverage-ARM64\vcpkg_installed\arm64-windows\bin\boost_thread-vc143-mt-a64-1_91.dll
2026-08-20T10:19:23.4542425Z        FinalizeBuildStatus:
2026-08-20T10:19:23.4545397Z          Deleting file "ARM64\Release\TestCove.0DD16EDF.tlog\unsuccessfulbuild".
2026-08-20T10:19:23.4547863Z          Touching "ARM64\Release\TestCove.0DD16EDF.tlog\TestCoverageConsole.lastbuildstate".
2026-08-20T10:19:23.4556467Z      7>Done Building Project "C:\a\OpenCppCoverage-ARM64\OpenCppCoverage-ARM64\TestCoverageConsole\TestCoverageConsole.vcxproj" (default targets).
2026-08-20T10:19:23.6783251Z     16>ClCompile:
2026-08-20T10:19:23.6788106Z          C:\Program Files\Microsoft Visual Studio\2022\Enterprise\VC\Tools\MSVC\14.44.35207\bin\HostArm64\arm64\CL.exe /c /I"C:\a\OpenCppCoverage-ARM64\OpenCppCoverage-ARM64\\" /I"C:\a\OpenCppCoverage-ARM64\OpenCppCoverage-ARM64\ToolsTest\\" /I"C:\a\OpenCppCoverage-ARM64\OpenCppCoverage-ARM64\vcpkg_installed\arm64-windows\include" /Zi /nologo /W3 /WX /diagnostics:column /sdl /O2 /Oi /Oy- /GL /D NDEBUG /D _CONSOLE /D GTEST_LINKED_AS_SHARED_LIBRARY=1 /D _SILENCE_TR1_NAMESPACE_DEPRECATION_WARNING /D BOOST_CONFIG_SUPPRESS_OUTDATED_MESSAGE /D "OPENCPPCOVERAGE_VERSION=\"0.9.9.0\"" /D _CRT_SECURE_NO_WARNINGS /D "PROJECT_DIR=R\"|(C:\a\OpenCppCoverage-ARM64\OpenCppCoverage-ARM64\ToolsTest\)|\"" /D "SOLUTION_DIR=R\"|(C:\a\OpenCppCoverage-ARM64\OpenCppCoverage-ARM64\)|\"" /D "TARGET_FILE_NAME=R\"|(ToolsTest.exe)|\"" /D "OUT_DIR=R\"|(C:\a\OpenCppCoverage-ARM64\OpenCppCoverage-ARM64\ARM64\Release\)|\"" /D NOMINMAX /D _ARM64_WINAPI_PARTITION_DESKTOP_SDK_AVAILABLE=1 /D _UNICODE /D UNICODE /Gm- /EHsc /MD /GS /Gy /fp:precise /Zc:wchar_t /Zc:forScope /Zc:inline /std:c++17 /permissive- /Yu"stdafx.h" /Fp"ARM64\Release\ToolsTest.pch" /Fo"ARM64\Release\\" /Fd"ARM64\Release\vc143.pdb" /external:W3 /Gd /TP /wd4251 /wd4275 /analyze- /FC /errorReport:queue MappedFileTest.cpp PEFileHeaderTest.cpp ToolsTest.cpp ToolTest.cpp
2026-08-20T10:19:23.7264727Z          MappedFileTest.cpp
2026-08-20T10:19:24.1771737Z          PEFileHeaderTest.cpp
2026-08-20T10:19:24.6655791Z          ToolsTest.cpp
2026-08-20T10:19:24.6790686Z          ToolTest.cpp
2026-08-20T10:19:24.7340505Z      9>ClCompile:
2026-08-20T10:19:24.7340781Z          UnifiedDiffParser.cpp
2026-08-20T10:19:25.1325836Z     16>Link:
2026-08-20T10:19:25.1331138Z          C:\Program Files\Microsoft Visual Studio\2022\Enterprise\VC\Tools\MSVC\14.44.35207\bin\HostArm64\arm64\link.exe /ERRORREPORT:QUEUE /OUT:"C:\a\OpenCppCoverage-ARM64\OpenCppCoverage-ARM64\ARM64\Release\ToolsTest.exe" /INCREMENTAL:NO /NOLOGO /LIBPATH:"C:\a\OpenCppCoverage-ARM64\OpenCppCoverage-ARM64\vcpkg_installed\arm64-windows\lib" /LIBPATH:"C:\a\OpenCppCoverage-ARM64\OpenCppCoverage-ARM64\vcpkg_installed\arm64-windows\lib\manual-link" gmock.lib gtest.lib bcrypt.lib kernel32.lib user32.lib gdi32.lib winspool.lib comdlg32.lib advapi32.lib shell32.lib ole32.lib oleaut32.lib uuid.lib odbc32.lib odbccp32.lib "C:\a\OpenCppCoverage-ARM64\OpenCppCoverage-ARM64\vcpkg_installed\arm64-windows\lib\*.lib" /MANIFEST /MANIFESTUAC:"level='asInvoker' uiAccess='false'" /manifest:embed /DEBUG /PDB:"C:\a\OpenCppCoverage-ARM64\OpenCppCoverage-ARM64\ARM64\Release\ToolsTest.pdb" /SUBSYSTEM:CONSOLE /OPT:REF /OPT:ICF /LTCG /LTCGOUT:"ARM64\Release\ToolsTest.iobj" /TLBID:1 /DYNAMICBASE /NXCOMPAT /IMPLIB:"C:\a\OpenCppCoverage-ARM64\OpenCppCoverage-ARM64\ARM64\Release\ToolsTest.lib" /MACHINE:ARM64 ARM64\Release\MappedFileTest.obj
2026-08-20T10:19:25.1337161Z          ARM64\Release\PEFileHeaderTest.obj
2026-08-20T10:19:25.1337784Z          ARM64\Release\stdafx.obj
2026-08-20T10:19:25.1338058Z          ARM64\Release\ToolsTest.obj
2026-08-20T10:19:25.1338304Z          ARM64\Release\ToolTest.obj
2026-08-20T10:19:25.1339058Z          "C:\a\OpenCppCoverage-ARM64\OpenCppCoverage-ARM64\ARM64\Release\TestHelper.lib"
2026-08-20T10:19:25.1339580Z          "C:\a\OpenCppCoverage-ARM64\OpenCppCoverage-ARM64\ARM64\Release\Tools.lib"
2026-08-20T10:19:25.2688850Z          Generating code
2026-08-20T10:19:25.9391096Z          Finished generating code
2026-08-20T10:19:26.2111144Z          ToolsTest.vcxproj -> C:\a\OpenCppCoverage-ARM64\OpenCppCoverage-ARM64\ARM64\Release\ToolsTest.exe
2026-08-20T10:19:26.2139149Z        AppLocalFromInstalled:
2026-08-20T10:19:26.2140968Z          "C:\Users\runneradmin\AppData\Local\OpenCppCoverage\vcpkg\vcpkg.exe" z-applocal --target-binary="C:\a\OpenCppCoverage-ARM64\OpenCppCoverage-ARM64\ARM64\Release\ToolsTest.exe" --installed-bin-dir="C:\a\OpenCppCoverage-ARM64\OpenCppCoverage-ARM64\vcpkg_installed\arm64-windows\bin" --tlog-file="ARM64\Release\ToolsTest.tlog\ToolsTest.write.1u.tlog" --copied-files-log="ARM64\Release\vcpkg.applocal.log"
2026-08-20T10:19:26.3054850Z          C:\a\OpenCppCoverage-ARM64\OpenCppCoverage-ARM64\vcpkg_installed\arm64-windows\bin\gmock.dll
2026-08-20T10:19:26.3059433Z          C:\a\OpenCppCoverage-ARM64\OpenCppCoverage-ARM64\vcpkg_installed\arm64-windows\bin\boost_log-vc143-mt-a64-1_91.dll
2026-08-20T10:19:26.3063493Z          C:\a\OpenCppCoverage-ARM64\OpenCppCoverage-ARM64\vcpkg_installed\arm64-windows\bin\boost_filesystem-vc143-mt-a64-1_91.dll
2026-08-20T10:19:26.3067359Z          C:\a\OpenCppCoverage-ARM64\OpenCppCoverage-ARM64\vcpkg_installed\arm64-windows\bin\boost_thread-vc143-mt-a64-1_91.dll
2026-08-20T10:19:26.3070818Z          C:\a\OpenCppCoverage-ARM64\OpenCppCoverage-ARM64\vcpkg_installed\arm64-windows\bin\PocoFoundation.dll
2026-08-20T10:19:26.3075144Z          C:\a\OpenCppCoverage-ARM64\OpenCppCoverage-ARM64\vcpkg_installed\arm64-windows\bin\pcre2-8.dll
2026-08-20T10:19:26.3078798Z          C:\a\OpenCppCoverage-ARM64\OpenCppCoverage-ARM64\vcpkg_installed\arm64-windows\bin\z.dll
2026-08-20T10:19:26.3081760Z          C:\a\OpenCppCoverage-ARM64\OpenCppCoverage-ARM64\vcpkg_installed\arm64-windows\bin\utf8proc.dll
2026-08-20T10:19:26.3085737Z          C:\a\OpenCppCoverage-ARM64\OpenCppCoverage-ARM64\vcpkg_installed\arm64-windows\bin\boost_iostreams-vc143-mt-a64-1_91.dll
2026-08-20T10:19:26.3089822Z          C:\a\OpenCppCoverage-ARM64\OpenCppCoverage-ARM64\vcpkg_installed\arm64-windows\bin\bz2.dll
2026-08-20T10:19:26.3093221Z          C:\a\OpenCppCoverage-ARM64\OpenCppCoverage-ARM64\vcpkg_installed\arm64-windows\bin\liblzma.dll
2026-08-20T10:19:26.3098158Z          C:\a\OpenCppCoverage-ARM64\OpenCppCoverage-ARM64\vcpkg_installed\arm64-windows\bin\zstd.dll
2026-08-20T10:19:26.3100486Z          C:\a\OpenCppCoverage-ARM64\OpenCppCoverage-ARM64\vcpkg_installed\arm64-windows\bin\boost_locale-vc143-mt-a64-1_91.dll
2026-08-20T10:19:26.3477067Z        FinalizeBuildStatus:
2026-08-20T10:19:26.3477535Z          Deleting file "ARM64\Release\ToolsTest.tlog\unsuccessfulbuild".
2026-08-20T10:19:26.3481149Z          Touching "ARM64\Release\ToolsTest.tlog\ToolsTest.lastbuildstate".
2026-08-20T10:19:26.3493957Z     16>Done Building Project "C:\a\OpenCppCoverage-ARM64\OpenCppCoverage-ARM64\ToolsTest\ToolsTest.vcxproj" (default targets).
2026-08-20T10:19:27.1807882Z      9>ClCompile:
2026-08-20T10:19:27.1808159Z          UnifiedDiffParserException.cpp
2026-08-20T10:19:28.1405838Z        Link:
2026-08-20T10:19:28.1410751Z          C:\Program Files\Microsoft Visual Studio\2022\Enterprise\VC\Tools\MSVC\14.44.35207\bin\HostArm64\arm64\link.exe /ERRORREPORT:QUEUE /OUT:"C:\a\OpenCppCoverage-ARM64\OpenCppCoverage-ARM64\ARM64\Release\FileFilter.dll" /INCREMENTAL:NO /NOLOGO /LIBPATH:"C:\a\OpenCppCoverage-ARM64\OpenCppCoverage-ARM64\vcpkg_installed\arm64-windows\lib" /LIBPATH:"C:\a\OpenCppCoverage-ARM64\OpenCppCoverage-ARM64\vcpkg_installed\arm64-windows\lib\manual-link" bcrypt.lib kernel32.lib user32.lib gdi32.lib winspool.lib comdlg32.lib advapi32.lib shell32.lib ole32.lib oleaut32.lib uuid.lib odbc32.lib odbccp32.lib "C:\a\OpenCppCoverage-ARM64\OpenCppCoverage-ARM64\vcpkg_installed\arm64-windows\lib\*.lib" /MANIFEST /MANIFESTUAC:"level='asInvoker' uiAccess='false'" /manifest:embed /DEBUG /PDB:"C:\a\OpenCppCoverage-ARM64\OpenCppCoverage-ARM64\ARM64\Release\FileFilter.pdb" /SUBSYSTEM:WINDOWS /OPT:REF /OPT:ICF /LTCG /LTCGOUT:"ARM64\Release\FileFilter.iobj" /TLBID:1 /DYNAMICBASE /NXCOMPAT /IMPLIB:"C:\a\OpenCppCoverage-ARM64\OpenCppCoverage-ARM64\ARM64\Release\FileFilter.lib" /MACHINE:ARM64 /DLL ARM64\Release\AmbiguousPathException.obj
2026-08-20T10:19:28.1416869Z          ARM64\Release\File.obj
2026-08-20T10:19:28.1417127Z          ARM64\Release\PathMatcher.obj
2026-08-20T10:19:28.1417400Z          ARM64\Release\ReleaseCoverageFilter.obj
2026-08-20T10:19:28.1417692Z          ARM64\Release\RelocationsExtractor.obj
2026-08-20T10:19:28.1417964Z          ARM64\Release\stdafx.obj
2026-08-20T10:19:28.1418217Z          ARM64\Release\LineFilter.obj
2026-08-20T10:19:28.1418490Z          ARM64\Release\UnifiedDiffCoverageFilter.obj
2026-08-20T10:19:28.1418794Z          ARM64\Release\UnifiedDiffParser.obj
2026-08-20T10:19:28.1419091Z          ARM64\Release\UnifiedDiffParserException.obj
2026-08-20T10:19:28.1419498Z          "C:\a\OpenCppCoverage-ARM64\OpenCppCoverage-ARM64\ARM64\Release\Tools.lib"
2026-08-20T10:19:28.3274236Z             Creating library C:\a\OpenCppCoverage-ARM64\OpenCppCoverage-ARM64\ARM64\Release\FileFilter.lib and object C:\a\OpenCppCoverage-ARM64\OpenCppCoverage-ARM64\ARM64\Release\FileFilter.exp
2026-08-20T10:19:28.3616673Z          Generating code
2026-08-20T10:19:30.9563377Z          Finished generating code
2026-08-20T10:19:31.3080434Z          FileFilter.vcxproj -> C:\a\OpenCppCoverage-ARM64\OpenCppCoverage-ARM64\ARM64\Release\FileFilter.dll
2026-08-20T10:19:31.3115223Z        AppLocalFromInstalled:
2026-08-20T10:19:31.3117587Z          "C:\Users\runneradmin\AppData\Local\OpenCppCoverage\vcpkg\vcpkg.exe" z-applocal --target-binary="C:\a\OpenCppCoverage-ARM64\OpenCppCoverage-ARM64\ARM64\Release\FileFilter.dll" --installed-bin-dir="C:\a\OpenCppCoverage-ARM64\OpenCppCoverage-ARM64\vcpkg_installed\arm64-windows\bin" --tlog-file="ARM64\Release\FileFilter.tlog\FileFilter.write.1u.tlog" --copied-files-log="ARM64\Release\vcpkg.applocal.log"
2026-08-20T10:19:31.3948637Z          C:\a\OpenCppCoverage-ARM64\OpenCppCoverage-ARM64\vcpkg_installed\arm64-windows\bin\boost_log-vc143-mt-a64-1_91.dll
2026-08-20T10:19:31.3952679Z          C:\a\OpenCppCoverage-ARM64\OpenCppCoverage-ARM64\vcpkg_installed\arm64-windows\bin\boost_filesystem-vc143-mt-a64-1_91.dll
2026-08-20T10:19:31.3954560Z          C:\a\OpenCppCoverage-ARM64\OpenCppCoverage-ARM64\vcpkg_installed\arm64-windows\bin\boost_thread-vc143-mt-a64-1_91.dll
2026-08-20T10:19:31.3957211Z          C:\a\OpenCppCoverage-ARM64\OpenCppCoverage-ARM64\vcpkg_installed\arm64-windows\bin\boost_iostreams-vc143-mt-a64-1_91.dll
2026-08-20T10:19:31.3958030Z          C:\a\OpenCppCoverage-ARM64\OpenCppCoverage-ARM64\vcpkg_installed\arm64-windows\bin\z.dll
2026-08-20T10:19:31.3960753Z          C:\a\OpenCppCoverage-ARM64\OpenCppCoverage-ARM64\vcpkg_installed\arm64-windows\bin\bz2.dll
2026-08-20T10:19:31.3964228Z          C:\a\OpenCppCoverage-ARM64\OpenCppCoverage-ARM64\vcpkg_installed\arm64-windows\bin\liblzma.dll
2026-08-20T10:19:31.3965934Z          C:\a\OpenCppCoverage-ARM64\OpenCppCoverage-ARM64\vcpkg_installed\arm64-windows\bin\zstd.dll
2026-08-20T10:19:31.3971292Z          C:\a\OpenCppCoverage-ARM64\OpenCppCoverage-ARM64\vcpkg_installed\arm64-windows\bin\boost_locale-vc143-mt-a64-1_91.dll
2026-08-20T10:19:31.4388004Z        FinalizeBuildStatus:
2026-08-20T10:19:31.4388793Z          Deleting file "ARM64\Release\FileFilter.tlog\unsuccessfulbuild".
2026-08-20T10:19:31.4391359Z          Touching "ARM64\Release\FileFilter.tlog\FileFilter.lastbuildstate".
2026-08-20T10:19:31.4405340Z      9>Done Building Project "C:\a\OpenCppCoverage-ARM64\OpenCppCoverage-ARM64\FileFilter\FileFilter.vcxproj" (default targets).
2026-08-20T10:19:31.4800038Z      6>PrepareForBuild:
2026-08-20T10:19:31.4800897Z          Creating directory "ARM64\Release\".
2026-08-20T10:19:31.4802634Z      1>Project "C:\a\OpenCppCoverage-ARM64\OpenCppCoverage-ARM64\CppCoverage.sln" (1) is building "C:\a\OpenCppCoverage-ARM64\OpenCppCoverage-ARM64\FileFilterTest\FileFilterTest.vcxproj" (14) on node 3 (default targets).
2026-08-20T10:19:31.4803493Z     14>PrepareForBuild:
2026-08-20T10:19:31.4803714Z          Creating directory "ARM64\Release\".
2026-08-20T10:19:31.4833382Z      6>PrepareForBuild:
2026-08-20T10:19:31.4835034Z          Structured output is enabled. The formatting of compiler diagnostics will reflect the error hierarchy. See https://aka.ms/cpp/structured-output for more details.
2026-08-20T10:19:31.4836302Z     14>PrepareForBuild:
2026-08-20T10:19:31.4837982Z          Structured output is enabled. The formatting of compiler diagnostics will reflect the error hierarchy. See https://aka.ms/cpp/structured-output for more details.
2026-08-20T10:19:31.4839664Z      6>PrepareForBuild:
2026-08-20T10:19:31.4839951Z          Creating directory "ARM64\Release\CppCoverage.tlog\".
2026-08-20T10:19:31.4840597Z     14>PrepareForBuild:
2026-08-20T10:19:31.4841407Z          Creating directory "ARM64\Release\FileFilterTest.tlog\".
2026-08-20T10:19:31.4908894Z        InitializeBuildStatus:
2026-08-20T10:19:31.4909916Z          Creating "ARM64\Release\FileFilterTest.tlog\unsuccessfulbuild" because "AlwaysCreate" was specified.
2026-08-20T10:19:31.4910404Z      6>InitializeBuildStatus:
2026-08-20T10:19:31.4911951Z          Creating "ARM64\Release\CppCoverage.tlog\unsuccessfulbuild" because "AlwaysCreate" was specified.
2026-08-20T10:19:31.4912837Z     14>InitializeBuildStatus:
2026-08-20T10:19:31.4913763Z          Touching "ARM64\Release\FileFilterTest.tlog\unsuccessfulbuild".
2026-08-20T10:19:31.4914257Z      6>InitializeBuildStatus:
2026-08-20T10:19:31.4914911Z          Touching "ARM64\Release\CppCoverage.tlog\unsuccessfulbuild".
2026-08-20T10:19:31.5391570Z     14>VcpkgTripletSelection:
2026-08-20T10:19:31.5394591Z          Using triplet "arm64-windows" from "C:\a\OpenCppCoverage-ARM64\OpenCppCoverage-ARM64\vcpkg_installed\arm64-windows\"
2026-08-20T10:19:31.5395344Z          Using normalized configuration "Release"
2026-08-20T10:19:31.5397183Z        VcpkgBootstrap:
2026-08-20T10:19:31.5461492Z        Skipping target "VcpkgBootstrap" because all output files are up-to-date with respect to the input files.
2026-08-20T10:19:31.5466525Z        VcpkgInstallManifestDependencies:
2026-08-20T10:19:31.5507802Z        Skipping target "VcpkgInstallManifestDependencies" because all output files are up-to-date with respect to the input files.
2026-08-20T10:19:31.5522105Z        ClCompile:
2026-08-20T10:19:31.5529580Z          C:\Program Files\Microsoft Visual Studio\2022\Enterprise\VC\Tools\MSVC\14.44.35207\bin\HostArm64\arm64\CL.exe /c /I"C:\a\OpenCppCoverage-ARM64\OpenCppCoverage-ARM64\\" /I"C:\a\OpenCppCoverage-ARM64\OpenCppCoverage-ARM64\FileFilterTest\\" /I"C:\a\OpenCppCoverage-ARM64\OpenCppCoverage-ARM64\vcpkg_installed\arm64-windows\include" /Zi /nologo /W3 /WX /diagnostics:column /sdl /O2 /Oi /Oy- /GL /D NDEBUG /D _CONSOLE /D GTEST_LINKED_AS_SHARED_LIBRARY=1 /D _SILENCE_TR1_NAMESPACE_DEPRECATION_WARNING /D BOOST_CONFIG_SUPPRESS_OUTDATED_MESSAGE /D "OPENCPPCOVERAGE_VERSION=\"0.9.9.0\"" /D _CRT_SECURE_NO_WARNINGS /D "PROJECT_DIR=R\"|(C:\a\OpenCppCoverage-ARM64\OpenCppCoverage-ARM64\FileFilterTest\)|\"" /D "SOLUTION_DIR=R\"|(C:\a\OpenCppCoverage-ARM64\OpenCppCoverage-ARM64\)|\"" /D "TARGET_FILE_NAME=R\"|(FileFilterTest.exe)|\"" /D "OUT_DIR=R\"|(C:\a\OpenCppCoverage-ARM64\OpenCppCoverage-ARM64\ARM64\Release\)|\"" /D NOMINMAX /D _ARM64_WINAPI_PARTITION_DESKTOP_SDK_AVAILABLE=1 /D _UNICODE /D UNICODE /Gm- /EHsc /MD /GS /Gy /fp:precise /Zc:wchar_t /Zc:forScope /Zc:inline /std:c++17 /permissive- /Yc"stdafx.h" /Fp"ARM64\Release\FileFilterTest.pch" /Fo"ARM64\Release\\" /Fd"ARM64\Release\vc143.pdb" /external:W3 /Gd /TP /wd4251 /wd4275 /analyze- /FC /errorReport:queue stdafx.cpp
2026-08-20T10:19:31.5573133Z      6>VcpkgTripletSelection:
2026-08-20T10:19:31.5574316Z          Using triplet "arm64-windows" from "C:\a\OpenCppCoverage-ARM64\OpenCppCoverage-ARM64\vcpkg_installed\arm64-windows\"
2026-08-20T10:19:31.5581428Z          Using normalized configuration "Release"
2026-08-20T10:19:31.5637764Z        VcpkgBootstrap:
2026-08-20T10:19:31.5638494Z        Skipping target "VcpkgBootstrap" because all output files are up-to-date with respect to the input files.
2026-08-20T10:19:31.5646405Z        VcpkgInstallManifestDependencies:
2026-08-20T10:19:31.5647051Z        Skipping target "VcpkgInstallManifestDependencies" because all output files are up-to-date with respect to the input files.
2026-08-20T10:19:31.5754760Z     14>ClCompile:
2026-08-20T10:19:31.5755579Z          stdafx.cpp
2026-08-20T10:19:31.5764166Z      6>ClCompile:
2026-08-20T10:19:31.5772738Z          C:\Program Files\Microsoft Visual Studio\2022\Enterprise\VC\Tools\MSVC\14.44.35207\bin\HostArm64\arm64\CL.exe /c /I"C:\a\OpenCppCoverage-ARM64\OpenCppCoverage-ARM64\\" /I"C:\a\OpenCppCoverage-ARM64\OpenCppCoverage-ARM64\CppCoverage\\" /I"C:\Program Files\Microsoft Visual Studio\2022\Enterprise\DIA SDK\include" /I"C:\a\OpenCppCoverage-ARM64\OpenCppCoverage-ARM64\vcpkg_installed\arm64-windows\include" /Zi /nologo /W3 /WX /diagnostics:column /sdl /O2 /Oi /Oy- /GL /D WIN32 /D NDEBUG /D _WINDOWS /D _USRDLL /D CPPCOVERAGE_EXPORTS /D BOOST_CONFIG_SUPPRESS_OUTDATED_MESSAGE /D "OPENCPPCOVERAGE_VERSION=\"0.9.9.0\"" /D _CRT_SECURE_NO_WARNINGS /D "PROJECT_DIR=R\"|(C:\a\OpenCppCoverage-ARM64\OpenCppCoverage-ARM64\CppCoverage\)|\"" /D "SOLUTION_DIR=R\"|(C:\a\OpenCppCoverage-ARM64\OpenCppCoverage-ARM64\)|\"" /D "TARGET_FILE_NAME=R\"|(CppCoverage.dll)|\"" /D "OUT_DIR=R\"|(C:\a\OpenCppCoverage-ARM64\OpenCppCoverage-ARM64\ARM64\Release\)|\"" /D NOMINMAX /D _ARM64_WINAPI_PARTITION_DESKTOP_SDK_AVAILABLE=1 /D _WINDLL /D _UNICODE /D UNICODE /Gm- /EHsc /MD /GS /Gy /fp:precise /Zc:wchar_t /Zc:forScope /Zc:inline /std:c++17 /permissive- /Yc"stdafx.h" /Fp"ARM64\Release\CppCoverage.pch" /Fo"ARM64\Release\\" /Fd"ARM64\Release\vc143.pdb" /external:W3 /Gd /TP /analyze- /FC /errorReport:queue stdafx.cpp
2026-08-20T10:19:31.5819857Z          stdafx.cpp
2026-08-20T10:19:32.2388673Z          C:\Program Files\Microsoft Visual Studio\2022\Enterprise\VC\Tools\MSVC\14.44.35207\bin\HostArm64\arm64\CL.exe /c /I"C:\a\OpenCppCoverage-ARM64\OpenCppCoverage-ARM64\\" /I"C:\a\OpenCppCoverage-ARM64\OpenCppCoverage-ARM64\CppCoverage\\" /I"C:\Program Files\Microsoft Visual Studio\2022\Enterprise\DIA SDK\include" /I"C:\a\OpenCppCoverage-ARM64\OpenCppCoverage-ARM64\vcpkg_installed\arm64-windows\include" /Zi /nologo /W3 /WX /diagnostics:column /sdl /O2 /Oi /Oy- /GL /D WIN32 /D NDEBUG /D _WINDOWS /D _USRDLL /D CPPCOVERAGE_EXPORTS /D BOOST_CONFIG_SUPPRESS_OUTDATED_MESSAGE /D "OPENCPPCOVERAGE_VERSION=\"0.9.9.0\"" /D _CRT_SECURE_NO_WARNINGS /D "PROJECT_DIR=R\"|(C:\a\OpenCppCoverage-ARM64\OpenCppCoverage-ARM64\CppCoverage\)|\"" /D "SOLUTION_DIR=R\"|(C:\a\OpenCppCoverage-ARM64\OpenCppCoverage-ARM64\)|\"" /D "TARGET_FILE_NAME=R\"|(CppCoverage.dll)|\"" /D "OUT_DIR=R\"|(C:\a\OpenCppCoverage-ARM64\OpenCppCoverage-ARM64\ARM64\Release\)|\"" /D NOMINMAX /D _ARM64_WINAPI_PARTITION_DESKTOP_SDK_AVAILABLE=1 /D _WINDLL /D _UNICODE /D UNICODE /Gm- /EHsc /MD /GS /Gy /fp:precise /Zc:wchar_t /Zc:forScope /Zc:inline /std:c++17 /permissive- /Yu"stdafx.h" /Fp"ARM64\Release\CppCoverage.pch" /Fo"ARM64\Release\\" /Fd"ARM64\Release\vc143.pdb" /external:W3 /Gd /TP /analyze- /FC /errorReport:queue Address.cpp BreakPoint.cpp CodeCoverageRunner.cpp CoverageDataMerger.cpp CoverageFilterManager.cpp DebugInformationEnumerator.cpp ExportOptionParser.cpp FileSystem.cpp FilterAssistant.cpp MonitoredLineRegister.cpp RunCoverageSettings.cpp UnifiedDiffCoverageFilterManager.cpp UnifiedDiffSettings.cpp WildcardCoverageFilter.cpp CoverageRate.cpp CoverageRateComputer.cpp CoverageFilterSettings.cpp CppCoverageException.cpp Debugger.cpp ExceptionHandler.cpp ExecutedAddressManager.cpp HandleInformation.cpp IDebugEventsHandler.cpp Options.cpp OptionsExport.cpp OptionsParser.cpp Patterns.cpp Process.cpp ProgramOptions.cpp StartInfo.cpp Wildcards.cpp
2026-08-20T10:19:32.2835167Z          Address.cpp
2026-08-20T10:19:32.6176793Z          BreakPoint.cpp
2026-08-20T10:19:33.4050096Z     14>ClCompile:
2026-08-20T10:19:33.4055339Z          C:\Program Files\Microsoft Visual Studio\2022\Enterprise\VC\Tools\MSVC\14.44.35207\bin\HostArm64\arm64\CL.exe /c /I"C:\a\OpenCppCoverage-ARM64\OpenCppCoverage-ARM64\\" /I"C:\a\OpenCppCoverage-ARM64\OpenCppCoverage-ARM64\FileFilterTest\\" /I"C:\a\OpenCppCoverage-ARM64\OpenCppCoverage-ARM64\vcpkg_installed\arm64-windows\include" /Zi /nologo /W3 /WX /diagnostics:column /sdl /O2 /Oi /Oy- /GL /D NDEBUG /D _CONSOLE /D GTEST_LINKED_AS_SHARED_LIBRARY=1 /D _SILENCE_TR1_NAMESPACE_DEPRECATION_WARNING /D BOOST_CONFIG_SUPPRESS_OUTDATED_MESSAGE /D "OPENCPPCOVERAGE_VERSION=\"0.9.9.0\"" /D _CRT_SECURE_NO_WARNINGS /D "PROJECT_DIR=R\"|(C:\a\OpenCppCoverage-ARM64\OpenCppCoverage-ARM64\FileFilterTest\)|\"" /D "SOLUTION_DIR=R\"|(C:\a\OpenCppCoverage-ARM64\OpenCppCoverage-ARM64\)|\"" /D "TARGET_FILE_NAME=R\"|(FileFilterTest.exe)|\"" /D "OUT_DIR=R\"|(C:\a\OpenCppCoverage-ARM64\OpenCppCoverage-ARM64\ARM64\Release\)|\"" /D NOMINMAX /D _ARM64_WINAPI_PARTITION_DESKTOP_SDK_AVAILABLE=1 /D _UNICODE /D UNICODE /Gm- /EHsc /MD /GS /Gy /fp:precise /Zc:wchar_t /Zc:forScope /Zc:inline /std:c++17 /permissive- /Yu"stdafx.h" /Fp"ARM64\Release\FileFilterTest.pch" /Fo"ARM64\Release\\" /Fd"ARM64\Release\vc143.pdb" /external:W3 /Gd /TP /wd4251 /wd4275 /analyze- /FC /errorReport:queue FileFilterTest.cpp LineFilterTest.cpp PathMatcherTest.cpp RelocationsExtractorTest.cpp Tools.cpp UnifiedDiffCoverageFilterTest.cpp UnifiedDiffParserTest.cpp
2026-08-20T10:19:33.4518218Z          FileFilterTest.cpp
2026-08-20T10:19:33.4722561Z          LineFilterTest.cpp
2026-08-20T10:19:33.9192831Z          PathMatcherTest.cpp
2026-08-20T10:19:34.1635132Z      6>ClCompile:
2026-08-20T10:19:34.1635760Z          CodeCoverageRunner.cpp
2026-08-20T10:19:34.3880137Z     14>ClCompile:
2026-08-20T10:19:34.3880412Z          RelocationsExtractorTest.cpp
2026-08-20T10:19:35.9771212Z      6>ClCompile:
2026-08-20T10:19:35.9771491Z          CoverageDataMerger.cpp
2026-08-20T10:19:35.9966011Z     14>ClCompile:
2026-08-20T10:19:35.9966562Z          Tools.cpp
2026-08-20T10:19:36.3412128Z          UnifiedDiffCoverageFilterTest.cpp
2026-08-20T10:19:36.7668123Z          UnifiedDiffParserTest.cpp
2026-08-20T10:19:36.9420925Z      6>ClCompile:
2026-08-20T10:19:36.9421255Z          CoverageFilterManager.cpp
2026-08-20T10:19:37.3983968Z     14>Link:
2026-08-20T10:19:37.3988361Z          C:\Program Files\Microsoft Visual Studio\2022\Enterprise\VC\Tools\MSVC\14.44.35207\bin\HostArm64\arm64\link.exe /ERRORREPORT:QUEUE /OUT:"C:\a\OpenCppCoverage-ARM64\OpenCppCoverage-ARM64\ARM64\Release\FileFilterTest.exe" /INCREMENTAL:NO /NOLOGO /LIBPATH:"C:\a\OpenCppCoverage-ARM64\OpenCppCoverage-ARM64\vcpkg_installed\arm64-windows\lib" /LIBPATH:"C:\a\OpenCppCoverage-ARM64\OpenCppCoverage-ARM64\vcpkg_installed\arm64-windows\lib\manual-link" gmock.lib gtest.lib bcrypt.lib kernel32.lib user32.lib gdi32.lib winspool.lib comdlg32.lib advapi32.lib shell32.lib ole32.lib oleaut32.lib uuid.lib odbc32.lib odbccp32.lib "C:\a\OpenCppCoverage-ARM64\OpenCppCoverage-ARM64\vcpkg_installed\arm64-windows\lib\*.lib" /MANIFEST /MANIFESTUAC:"level='asInvoker' uiAccess='false'" /manifest:embed /DEBUG /PDB:"C:\a\OpenCppCoverage-ARM64\OpenCppCoverage-ARM64\ARM64\Release\FileFilterTest.pdb" /SUBSYSTEM:CONSOLE /OPT:REF /OPT:ICF /LTCG /LTCGOUT:"ARM64\Release\FileFilterTest.iobj" /TLBID:1 /DYNAMICBASE /NXCOMPAT /IMPLIB:"C:\a\OpenCppCoverage-ARM64\OpenCppCoverage-ARM64\ARM64\Release\FileFilterTest.lib" /MACHINE:ARM64 ARM64\Release\FileFilterTest.obj
2026-08-20T10:19:37.3993220Z          ARM64\Release\LineFilterTest.obj
2026-08-20T10:19:37.3993503Z          ARM64\Release\PathMatcherTest.obj
2026-08-20T10:19:37.3993814Z          ARM64\Release\RelocationsExtractorTest.obj
2026-08-20T10:19:37.3994096Z          ARM64\Release\stdafx.obj
2026-08-20T10:19:37.3994328Z          ARM64\Release\Tools.obj
2026-08-20T10:19:37.3994984Z          ARM64\Release\UnifiedDiffCoverageFilterTest.obj
2026-08-20T10:19:37.3995299Z          ARM64\Release\UnifiedDiffParserTest.obj
2026-08-20T10:19:37.3996153Z          "C:\a\OpenCppCoverage-ARM64\OpenCppCoverage-ARM64\ARM64\Release\FileFilter.lib"
2026-08-20T10:19:37.3996858Z          "C:\a\OpenCppCoverage-ARM64\OpenCppCoverage-ARM64\ARM64\Release\TestCoverageOptimizedBuild.lib"
2026-08-20T10:19:37.3998066Z          "C:\a\OpenCppCoverage-ARM64\OpenCppCoverage-ARM64\ARM64\Release\TestHelper.lib"
2026-08-20T10:19:37.3998604Z          "C:\a\OpenCppCoverage-ARM64\OpenCppCoverage-ARM64\ARM64\Release\Tools.lib"
2026-08-20T10:19:37.5555530Z          Generating code
2026-08-20T10:19:39.5737270Z      6>ClCompile:
2026-08-20T10:19:39.5738400Z          DebugInformationEnumerator.cpp
2026-08-20T10:19:39.9523494Z     14>Link:
2026-08-20T10:19:39.9524170Z          Finished generating code
2026-08-20T10:19:40.3165302Z          FileFilterTest.vcxproj -> C:\a\OpenCppCoverage-ARM64\OpenCppCoverage-ARM64\ARM64\Release\FileFilterTest.exe
2026-08-20T10:19:40.3187660Z        AppLocalFromInstalled:
2026-08-20T10:19:40.3189266Z          "C:\Users\runneradmin\AppData\Local\OpenCppCoverage\vcpkg\vcpkg.exe" z-applocal --target-binary="C:\a\OpenCppCoverage-ARM64\OpenCppCoverage-ARM64\ARM64\Release\FileFilterTest.exe" --installed-bin-dir="C:\a\OpenCppCoverage-ARM64\OpenCppCoverage-ARM64\vcpkg_installed\arm64-windows\bin" --tlog-file="ARM64\Release\FileFilterTest.tlog\FileFilterTest.write.1u.tlog" --copied-files-log="ARM64\Release\vcpkg.applocal.log"
2026-08-20T10:19:40.4115515Z          C:\a\OpenCppCoverage-ARM64\OpenCppCoverage-ARM64\vcpkg_installed\arm64-windows\bin\gmock.dll
2026-08-20T10:19:40.4127284Z          C:\a\OpenCppCoverage-ARM64\OpenCppCoverage-ARM64\vcpkg_installed\arm64-windows\bin\boost_log-vc143-mt-a64-1_91.dll
2026-08-20T10:19:40.4132670Z          C:\a\OpenCppCoverage-ARM64\OpenCppCoverage-ARM64\vcpkg_installed\arm64-windows\bin\boost_filesystem-vc143-mt-a64-1_91.dll
2026-08-20T10:19:40.4136694Z          C:\a\OpenCppCoverage-ARM64\OpenCppCoverage-ARM64\vcpkg_installed\arm64-windows\bin\boost_thread-vc143-mt-a64-1_91.dll
2026-08-20T10:19:40.4140205Z          C:\a\OpenCppCoverage-ARM64\OpenCppCoverage-ARM64\vcpkg_installed\arm64-windows\bin\boost_iostreams-vc143-mt-a64-1_91.dll
2026-08-20T10:19:40.4143923Z          C:\a\OpenCppCoverage-ARM64\OpenCppCoverage-ARM64\vcpkg_installed\arm64-windows\bin\z.dll
2026-08-20T10:19:40.4146996Z          C:\a\OpenCppCoverage-ARM64\OpenCppCoverage-ARM64\vcpkg_installed\arm64-windows\bin\bz2.dll
2026-08-20T10:19:40.4150329Z          C:\a\OpenCppCoverage-ARM64\OpenCppCoverage-ARM64\vcpkg_installed\arm64-windows\bin\liblzma.dll
2026-08-20T10:19:40.4153715Z          C:\a\OpenCppCoverage-ARM64\OpenCppCoverage-ARM64\vcpkg_installed\arm64-windows\bin\zstd.dll
2026-08-20T10:19:40.4157820Z          C:\a\OpenCppCoverage-ARM64\OpenCppCoverage-ARM64\vcpkg_installed\arm64-windows\bin\boost_locale-vc143-mt-a64-1_91.dll
2026-08-20T10:19:40.4163730Z          C:\a\OpenCppCoverage-ARM64\OpenCppCoverage-ARM64\vcpkg_installed\arm64-windows\bin\PocoFoundation.dll
2026-08-20T10:19:40.4168006Z          C:\a\OpenCppCoverage-ARM64\OpenCppCoverage-ARM64\vcpkg_installed\arm64-windows\bin\pcre2-8.dll
2026-08-20T10:19:40.4171858Z          C:\a\OpenCppCoverage-ARM64\OpenCppCoverage-ARM64\vcpkg_installed\arm64-windows\bin\utf8proc.dll
2026-08-20T10:19:40.4540169Z        FinalizeBuildStatus:
2026-08-20T10:19:40.4541431Z          Deleting file "ARM64\Release\FileFilterTest.tlog\unsuccessfulbuild".
2026-08-20T10:19:40.4543908Z          Touching "ARM64\Release\FileFilterTest.tlog\FileFilterTest.lastbuildstate".
2026-08-20T10:19:40.4557051Z     14>Done Building Project "C:\a\OpenCppCoverage-ARM64\OpenCppCoverage-ARM64\FileFilterTest\FileFilterTest.vcxproj" (default targets).
2026-08-20T10:19:41.4861697Z      6>ClCompile:
2026-08-20T10:19:41.4862066Z          ExportOptionParser.cpp
2026-08-20T10:19:42.7526415Z          FileSystem.cpp
2026-08-20T10:19:43.5171111Z          FilterAssistant.cpp
2026-08-20T10:19:44.6118424Z          MonitoredLineRegister.cpp
2026-08-20T10:19:46.2220194Z          RunCoverageSettings.cpp
2026-08-20T10:19:47.0325169Z          UnifiedDiffCoverageFilterManager.cpp
2026-08-20T10:19:48.8336424Z          UnifiedDiffSettings.cpp
2026-08-20T10:19:49.6050477Z          WildcardCoverageFilter.cpp
2026-08-20T10:19:51.5130417Z          CoverageRate.cpp
2026-08-20T10:19:51.5241734Z          CoverageRateComputer.cpp
2026-08-20T10:19:52.4098430Z          CoverageFilterSettings.cpp
2026-08-20T10:19:53.7801312Z          CppCoverageException.cpp
2026-08-20T10:19:54.5443443Z          Debugger.cpp
2026-08-20T10:19:56.1368976Z          ExceptionHandler.cpp
2026-08-20T10:19:57.5087938Z          Compiling...
2026-08-20T10:19:57.5089080Z          ExecutedAddressManager.cpp
2026-08-20T10:19:59.3763486Z          HandleInformation.cpp
2026-08-20T10:20:01.3574673Z          IDebugEventsHandler.cpp
2026-08-20T10:20:01.3669571Z          Options.cpp
2026-08-20T10:20:02.2907082Z          OptionsExport.cpp
2026-08-20T10:20:02.6493359Z          OptionsParser.cpp
2026-08-20T10:20:04.9920423Z          Patterns.cpp
2026-08-20T10:20:05.3204711Z          Process.cpp
2026-08-20T10:20:06.8058410Z          ProgramOptions.cpp
2026-08-20T10:20:08.0166299Z          StartInfo.cpp
2026-08-20T10:20:08.8387487Z          Wildcards.cpp
2026-08-20T10:20:10.8731282Z        Link:
2026-08-20T10:20:10.8739133Z          C:\Program Files\Microsoft Visual Studio\2022\Enterprise\VC\Tools\MSVC\14.44.35207\bin\HostArm64\arm64\link.exe /ERRORREPORT:QUEUE /OUT:"C:\a\OpenCppCoverage-ARM64\OpenCppCoverage-ARM64\ARM64\Release\CppCoverage.dll" /INCREMENTAL:NO /NOLOGO /LIBPATH:"C:\a\OpenCppCoverage-ARM64\OpenCppCoverage-ARM64\vcpkg_installed\arm64-windows\lib" /LIBPATH:"C:\a\OpenCppCoverage-ARM64\OpenCppCoverage-ARM64\vcpkg_installed\arm64-windows\lib\manual-link" Dbghelp.lib bcrypt.lib "C:\Program Files\Microsoft Visual Studio\2022\Enterprise\DIA SDK\lib\arm64\diaguids.lib" kernel32.lib user32.lib gdi32.lib winspool.lib comdlg32.lib advapi32.lib shell32.lib ole32.lib oleaut32.lib uuid.lib odbc32.lib odbccp32.lib "C:\a\OpenCppCoverage-ARM64\OpenCppCoverage-ARM64\vcpkg_installed\arm64-windows\lib\*.lib" /MANIFEST /MANIFESTUAC:"level='asInvoker' uiAccess='false'" /manifest:embed /DEBUG /PDB:"C:\a\OpenCppCoverage-ARM64\OpenCppCoverage-ARM64\ARM64\Release\CppCoverage.pdb" /SUBSYSTEM:WINDOWS /OPT:REF /OPT:ICF /LTCG /LTCGOUT:"ARM64\Release\CppCoverage.iobj" /TLBID:1 /DYNAMICBASE /NXCOMPAT /IMPLIB:"C:\a\OpenCppCoverage-ARM64\OpenCppCoverage-ARM64\ARM64\Release\CppCoverage.lib" /MACHINE:ARM64 /DLL ARM64\Release\Address.obj
2026-08-20T10:20:10.8744035Z          ARM64\Release\BreakPoint.obj
2026-08-20T10:20:10.8744374Z          ARM64\Release\CodeCoverageRunner.obj
2026-08-20T10:20:10.8744718Z          ARM64\Release\CoverageDataMerger.obj
2026-08-20T10:20:10.8745829Z          ARM64\Release\CoverageFilterManager.obj
2026-08-20T10:20:10.8746769Z          ARM64\Release\DebugInformationEnumerator.obj
2026-08-20T10:20:10.8747809Z          ARM64\Release\ExportOptionParser.obj
2026-08-20T10:20:10.8748410Z          ARM64\Release\FileSystem.obj
2026-08-20T10:20:10.8749323Z          ARM64\Release\FilterAssistant.obj
2026-08-20T10:20:10.8749988Z          ARM64\Release\MonitoredLineRegister.obj
2026-08-20T10:20:10.8750492Z          ARM64\Release\RunCoverageSettings.obj
2026-08-20T10:20:10.8750884Z          ARM64\Release\UnifiedDiffCoverageFilterManager.obj
2026-08-20T10:20:10.8751282Z          ARM64\Release\UnifiedDiffSettings.obj
2026-08-20T10:20:10.8751657Z          ARM64\Release\WildcardCoverageFilter.obj
2026-08-20T10:20:10.8751995Z          ARM64\Release\CoverageRate.obj
2026-08-20T10:20:10.8752332Z          ARM64\Release\CoverageRateComputer.obj
2026-08-20T10:20:10.8752688Z          ARM64\Release\CoverageFilterSettings.obj
2026-08-20T10:20:10.8753072Z          ARM64\Release\CppCoverageException.obj
2026-08-20T10:20:10.8753433Z          ARM64\Release\Debugger.obj
2026-08-20T10:20:10.8753734Z          ARM64\Release\ExceptionHandler.obj
2026-08-20T10:20:10.8754439Z          ARM64\Release\ExecutedAddressManager.obj
2026-08-20T10:20:10.8754784Z          ARM64\Release\HandleInformation.obj
2026-08-20T10:20:10.8755140Z          ARM64\Release\IDebugEventsHandler.obj
2026-08-20T10:20:10.8755464Z          ARM64\Release\Options.obj
2026-08-20T10:20:10.8755756Z          ARM64\Release\OptionsExport.obj
2026-08-20T10:20:10.8756173Z          ARM64\Release\OptionsParser.obj
2026-08-20T10:20:10.8756659Z          ARM64\Release\Patterns.obj
2026-08-20T10:20:10.8756961Z          ARM64\Release\Process.obj
2026-08-20T10:20:10.8757261Z          ARM64\Release\ProgramOptions.obj
2026-08-20T10:20:10.8757581Z          ARM64\Release\StartInfo.obj
2026-08-20T10:20:10.8757897Z          ARM64\Release\stdafx.obj
2026-08-20T10:20:10.8759181Z          ARM64\Release\Wildcards.obj
2026-08-20T10:20:10.8760004Z          "C:\a\OpenCppCoverage-ARM64\OpenCppCoverage-ARM64\ARM64\Release\FileFilter.lib"
2026-08-20T10:20:10.8761178Z          "C:\a\OpenCppCoverage-ARM64\OpenCppCoverage-ARM64\ARM64\Release\Plugin.lib"
2026-08-20T10:20:10.8762445Z          "C:\a\OpenCppCoverage-ARM64\OpenCppCoverage-ARM64\ARM64\Release\Tools.lib"
2026-08-20T10:20:11.2614922Z             Creating library C:\a\OpenCppCoverage-ARM64\OpenCppCoverage-ARM64\ARM64\Release\CppCoverage.lib and object C:\a\OpenCppCoverage-ARM64\OpenCppCoverage-ARM64\ARM64\Release\CppCoverage.exp
2026-08-20T10:20:11.3007231Z          Generating code
2026-08-20T10:20:16.0630275Z          Finished generating code
2026-08-20T10:20:16.5811836Z          CppCoverage.vcxproj -> C:\a\OpenCppCoverage-ARM64\OpenCppCoverage-ARM64\ARM64\Release\CppCoverage.dll
2026-08-20T10:20:16.5854784Z        AppLocalFromInstalled:
2026-08-20T10:20:16.5856686Z          "C:\Users\runneradmin\AppData\Local\OpenCppCoverage\vcpkg\vcpkg.exe" z-applocal --target-binary="C:\a\OpenCppCoverage-ARM64\OpenCppCoverage-ARM64\ARM64\Release\CppCoverage.dll" --installed-bin-dir="C:\a\OpenCppCoverage-ARM64\OpenCppCoverage-ARM64\vcpkg_installed\arm64-windows\bin" --tlog-file="ARM64\Release\CppCoverage.tlog\CppCoverage.write.1u.tlog" --copied-files-log="ARM64\Release\vcpkg.applocal.log"
2026-08-20T10:20:16.6650526Z          C:\a\OpenCppCoverage-ARM64\OpenCppCoverage-ARM64\vcpkg_installed\arm64-windows\bin\boost_program_options-vc143-mt-a64-1_91.dll -> C:\a\OpenCppCoverage-ARM64\OpenCppCoverage-ARM64\ARM64\Release\boost_program_options-vc143-mt-a64-1_91.dll done
2026-08-20T10:20:16.6817856Z          C:\a\OpenCppCoverage-ARM64\OpenCppCoverage-ARM64\vcpkg_installed\arm64-windows\bin\boost_log-vc143-mt-a64-1_91.dll
2026-08-20T10:20:16.6819758Z          C:\a\OpenCppCoverage-ARM64\OpenCppCoverage-ARM64\vcpkg_installed\arm64-windows\bin\boost_filesystem-vc143-mt-a64-1_91.dll
2026-08-20T10:20:16.6823969Z          C:\a\OpenCppCoverage-ARM64\OpenCppCoverage-ARM64\vcpkg_installed\arm64-windows\bin\boost_thread-vc143-mt-a64-1_91.dll
2026-08-20T10:20:16.6825666Z          C:\a\OpenCppCoverage-ARM64\OpenCppCoverage-ARM64\vcpkg_installed\arm64-windows\bin\boost_program_options-vc143-mt-a64-1_91.dll
2026-08-20T10:20:16.6832213Z          C:\a\OpenCppCoverage-ARM64\OpenCppCoverage-ARM64\vcpkg_installed\arm64-windows\bin\boost_iostreams-vc143-mt-a64-1_91.dll
2026-08-20T10:20:16.6834809Z          C:\a\OpenCppCoverage-ARM64\OpenCppCoverage-ARM64\vcpkg_installed\arm64-windows\bin\z.dll
2026-08-20T10:20:16.6836350Z          C:\a\OpenCppCoverage-ARM64\OpenCppCoverage-ARM64\vcpkg_installed\arm64-windows\bin\bz2.dll
2026-08-20T10:20:16.6839165Z          C:\a\OpenCppCoverage-ARM64\OpenCppCoverage-ARM64\vcpkg_installed\arm64-windows\bin\liblzma.dll
2026-08-20T10:20:16.6841966Z          C:\a\OpenCppCoverage-ARM64\OpenCppCoverage-ARM64\vcpkg_installed\arm64-windows\bin\zstd.dll
2026-08-20T10:20:16.6845326Z          C:\a\OpenCppCoverage-ARM64\OpenCppCoverage-ARM64\vcpkg_installed\arm64-windows\bin\boost_locale-vc143-mt-a64-1_91.dll
2026-08-20T10:20:16.7134354Z        PostBuildEvent:
2026-08-20T10:20:16.7135164Z          xcopy /y "C:\Program Files\Microsoft Visual Studio\2022\Enterprise\DIA SDK\bin\arm64\msdia140.dll" "C:\a\OpenCppCoverage-ARM64\OpenCppCoverage-ARM64\ARM64\Release\"
2026-08-20T10:20:16.7136934Z          :VCEnd
2026-08-20T10:20:16.7661990Z          C:\Program Files\Microsoft Visual Studio\2022\Enterprise\DIA SDK\bin\arm64\msdia140.dll
2026-08-20T10:20:16.7699856Z          1 File(s) copied
2026-08-20T10:20:16.7862629Z        FinalizeBuildStatus:
2026-08-20T10:20:16.7863076Z          Deleting file "ARM64\Release\CppCoverage.tlog\unsuccessfulbuild".
2026-08-20T10:20:16.7866672Z          Touching "ARM64\Release\CppCoverage.tlog\CppCoverage.lastbuildstate".
2026-08-20T10:20:16.7879551Z      6>Done Building Project "C:\a\OpenCppCoverage-ARM64\OpenCppCoverage-ARM64\CppCoverage\CppCoverage.vcxproj" (default targets).
2026-08-20T10:20:16.8682407Z      1>Project "C:\a\OpenCppCoverage-ARM64\OpenCppCoverage-ARM64\CppCoverage.sln" (1) is building "C:\a\OpenCppCoverage-ARM64\OpenCppCoverage-ARM64\ExporterTest\ExporterTest.vcxproj.metaproj" (3) on node 1 (default targets).
2026-08-20T10:20:16.8684082Z      3>Project "C:\a\OpenCppCoverage-ARM64\OpenCppCoverage-ARM64\ExporterTest\ExporterTest.vcxproj.metaproj" (3) is building "C:\a\OpenCppCoverage-ARM64\OpenCppCoverage-ARM64\Exporter\Exporter.vcxproj" (13) on node 1 (default targets).
2026-08-20T10:20:16.8685124Z     13>PrepareForBuild:
2026-08-20T10:20:16.8685417Z          Creating directory "ARM64\Release\".
2026-08-20T10:20:16.8838508Z          Structured output is enabled. The formatting of compiler diagnostics will reflect the error hierarchy. See https://aka.ms/cpp/structured-output for more details.
2026-08-20T10:20:16.8840827Z          Creating directory "ARM64\Release\Exporter.tlog\".
2026-08-20T10:20:16.8937021Z        InitializeBuildStatus:
2026-08-20T10:20:16.8937934Z          Creating "ARM64\Release\Exporter.tlog\unsuccessfulbuild" because "AlwaysCreate" was specified.
2026-08-20T10:20:16.8943316Z          Touching "ARM64\Release\Exporter.tlog\unsuccessfulbuild".
2026-08-20T10:20:16.9106761Z        PreBuildEvent:
2026-08-20T10:20:16.9108126Z          "C:\a\OpenCppCoverage-ARM64\OpenCppCoverage-ARM64\vcpkg_installed\arm64-windows\tools\protobuf\protoc.exe" -I="C:\a\OpenCppCoverage-ARM64\OpenCppCoverage-ARM64\Exporter\Binary" --cpp_out="C:\a\OpenCppCoverage-ARM64\OpenCppCoverage-ARM64\Exporter\Binary" "C:\a\OpenCppCoverage-ARM64\OpenCppCoverage-ARM64\Exporter\Binary\CoverageData.proto"
2026-08-20T10:20:16.9109518Z          :VCEnd
2026-08-20T10:20:17.0087868Z      1>Project "C:\a\OpenCppCoverage-ARM64\OpenCppCoverage-ARM64\CppCoverage.sln" (1) is building "C:\a\OpenCppCoverage-ARM64\OpenCppCoverage-ARM64\CppCoverageTest\CppCoverageTest.vcxproj.metaproj" (2) on node 1 (default targets).
2026-08-20T10:20:17.0090618Z      2>Project "C:\a\OpenCppCoverage-ARM64\OpenCppCoverage-ARM64\CppCoverageTest\CppCoverageTest.vcxproj.metaproj" (2) is building "C:\a\OpenCppCoverage-ARM64\OpenCppCoverage-ARM64\CppCoverageTest\CppCoverageTest.vcxproj" (18) on node 1 (default targets).
2026-08-20T10:20:17.0092271Z     18>PrepareForBuild:
2026-08-20T10:20:17.0092786Z          Creating directory "ARM64\Release\".
2026-08-20T10:20:17.0109458Z          Structured output is enabled. The formatting of compiler diagnostics will reflect the error hierarchy. See https://aka.ms/cpp/structured-output for more details.
2026-08-20T10:20:17.0111376Z          Creating directory "ARM64\Release\CppCoverageTest.tlog\".
2026-08-20T10:20:17.0160158Z        InitializeBuildStatus:
2026-08-20T10:20:17.0160743Z          Creating "ARM64\Release\CppCoverageTest.tlog\unsuccessfulbuild" because "AlwaysCreate" was specified.
2026-08-20T10:20:17.0162186Z          Touching "ARM64\Release\CppCoverageTest.tlog\unsuccessfulbuild".
2026-08-20T10:20:17.0451994Z     13>VcpkgTripletSelection:
2026-08-20T10:20:17.0452929Z          Using triplet "arm64-windows" from "C:\a\OpenCppCoverage-ARM64\OpenCppCoverage-ARM64\vcpkg_installed\arm64-windows\"
2026-08-20T10:20:17.0453582Z          Using normalized configuration "Release"
2026-08-20T10:20:17.0514081Z        VcpkgBootstrap:
2026-08-20T10:20:17.0514665Z        Skipping target "VcpkgBootstrap" because all output files are up-to-date with respect to the input files.
2026-08-20T10:20:17.0550666Z        VcpkgInstallManifestDependencies:
2026-08-20T10:20:17.0551340Z        Skipping target "VcpkgInstallManifestDependencies" because all output files are up-to-date with respect to the input files.
2026-08-20T10:20:17.1266843Z        ClCompile:
2026-08-20T10:20:17.1271274Z          C:\Program Files\Microsoft Visual Studio\2022\Enterprise\VC\Tools\MSVC\14.44.35207\bin\HostArm64\arm64\CL.exe /c /I"C:\a\OpenCppCoverage-ARM64\OpenCppCoverage-ARM64\\" /I"C:\a\OpenCppCoverage-ARM64\OpenCppCoverage-ARM64\Exporter\\" /I"C:\a\OpenCppCoverage-ARM64\OpenCppCoverage-ARM64\vcpkg_installed\arm64-windows\include" /Zi /nologo /W3 /WX /diagnostics:column /sdl /O2 /Oi /Oy- /GL /D EXPORTER_EXPORTS /D _SILENCE_CXX17_ITERATOR_BASE_CLASS_DEPRECATION_WARNING /D BOOST_CONFIG_SUPPRESS_OUTDATED_MESSAGE /D "OPENCPPCOVERAGE_VERSION=\"0.9.9.0\"" /D _CRT_SECURE_NO_WARNINGS /D "PROJECT_DIR=R\"|(C:\a\OpenCppCoverage-ARM64\OpenCppCoverage-ARM64\Exporter\)|\"" /D "SOLUTION_DIR=R\"|(C:\a\OpenCppCoverage-ARM64\OpenCppCoverage-ARM64\)|\"" /D "TARGET_FILE_NAME=R\"|(Exporter.dll)|\"" /D "OUT_DIR=R\"|(C:\a\OpenCppCoverage-ARM64\OpenCppCoverage-ARM64\ARM64\Release\)|\"" /D NOMINMAX /D _ARM64_WINAPI_PARTITION_DESKTOP_SDK_AVAILABLE=1 /D _WINDLL /D _UNICODE /D UNICODE /Gm- /EHsc /MD /GS /Gy /fp:precise /Zc:wchar_t /Zc:forScope /Zc:inline /std:c++17 /permissive- /Yc"stdafx.h" /Fp"ARM64\Release\Exporter.pch" /Fo"ARM64\Release\\" /Fd"ARM64\Release\vc143.pdb" /external:W0 /Gd /TP /wd4251 /analyze- /FC /errorReport:queue /external:I"C:\a\OpenCppCoverage-ARM64\OpenCppCoverage-ARM64\vcpkg_installed\arm64-windows\include" stdafx.cpp
2026-08-20T10:20:17.1667250Z     18>VcpkgTripletSelection:
2026-08-20T10:20:17.1668453Z          Using triplet "arm64-windows" from "C:\a\OpenCppCoverage-ARM64\OpenCppCoverage-ARM64\vcpkg_installed\arm64-windows\"
2026-08-20T10:20:17.1670114Z          Using normalized configuration "Release"
2026-08-20T10:20:17.1670478Z        VcpkgBootstrap:
2026-08-20T10:20:17.1670998Z        Skipping target "VcpkgBootstrap" because all output files are up-to-date with respect to the input files.
2026-08-20T10:20:17.1671898Z        VcpkgInstallManifestDependencies:
2026-08-20T10:20:17.1672724Z        Skipping target "VcpkgInstallManifestDependencies" because all output files are up-to-date with respect to the input files.
2026-08-20T10:20:17.1721387Z        ClCompile:
2026-08-20T10:20:17.1726487Z          C:\Program Files\Microsoft Visual Studio\2022\Enterprise\VC\Tools\MSVC\14.44.35207\bin\HostArm64\arm64\CL.exe /c /I"C:\a\OpenCppCoverage-ARM64\OpenCppCoverage-ARM64\\" /I"C:\a\OpenCppCoverage-ARM64\OpenCppCoverage-ARM64\CppCoverageTest\\" /I"C:\a\OpenCppCoverage-ARM64\OpenCppCoverage-ARM64\vcpkg_installed\arm64-windows\include" /Zi /nologo /W3 /WX /diagnostics:column /sdl /O2 /Oi /Oy- /GL /D WIN32 /D NDEBUG /D _CONSOLE /D _LIB /D GTEST_LINKED_AS_SHARED_LIBRARY=1 /D _SILENCE_TR1_NAMESPACE_DEPRECATION_WARNING /D BOOST_CONFIG_SUPPRESS_OUTDATED_MESSAGE /D "OPENCPPCOVERAGE_VERSION=\"0.9.9.0\"" /D _CRT_SECURE_NO_WARNINGS /D "PROJECT_DIR=R\"|(C:\a\OpenCppCoverage-ARM64\OpenCppCoverage-ARM64\CppCoverageTest\)|\"" /D "SOLUTION_DIR=R\"|(C:\a\OpenCppCoverage-ARM64\OpenCppCoverage-ARM64\)|\"" /D "TARGET_FILE_NAME=R\"|(CppCoverageTest.exe)|\"" /D "OUT_DIR=R\"|(C:\a\OpenCppCoverage-ARM64\OpenCppCoverage-ARM64\ARM64\Release\)|\"" /D NOMINMAX /D _ARM64_WINAPI_PARTITION_DESKTOP_SDK_AVAILABLE=1 /D _UNICODE /D UNICODE /D "SOLUTION_DIR=C:\a\OpenCppCoverage-ARM64\OpenCppCoverage-ARM64\\" /D "SOLUTION_DIR=\"C:\a\OpenCppCoverage-ARM64\OpenCppCoverage-ARM64\\\"" /D "SOLUTION_DIR=#\"C:\a\OpenCppCoverage-ARM64\OpenCppCoverage-ARM64\\\"" /Gm- /EHsc /MD /GS /Gy /fp:precise /Zc:wchar_t /Zc:forScope /Zc:inline /std:c++17 /permissive- /Yc"stdafx.h" /Fp"ARM64\Release\CppCoverageTest.pch" /Fo"ARM64\Release\\" /Fd"ARM64\Release\vc143.pdb" /external:W3 /Gd /TP /wd4251 /wd4275 /analyze- /FC /errorReport:queue stdafx.cpp
2026-08-20T10:20:17.2005294Z     13>ClCompile:
2026-08-20T10:20:17.2005583Z          stdafx.cpp
2026-08-20T10:20:17.2245022Z     18>ClCompile:
2026-08-20T10:20:17.2245328Z          stdafx.cpp
2026-08-20T10:20:17.9113719Z     13>ClCompile:
2026-08-20T10:20:17.9119857Z          C:\Program Files\Microsoft Visual Studio\2022\Enterprise\VC\Tools\MSVC\14.44.35207\bin\HostArm64\arm64\CL.exe /c /I"C:\a\OpenCppCoverage-ARM64\OpenCppCoverage-ARM64\\" /I"C:\a\OpenCppCoverage-ARM64\OpenCppCoverage-ARM64\Exporter\\" /I"C:\a\OpenCppCoverage-ARM64\OpenCppCoverage-ARM64\vcpkg_installed\arm64-windows\include" /Zi /nologo /W3 /WX /diagnostics:column /sdl /O2 /Oi /Oy- /GL /D EXPORTER_EXPORTS /D _SILENCE_CXX17_ITERATOR_BASE_CLASS_DEPRECATION_WARNING /D BOOST_CONFIG_SUPPRESS_OUTDATED_MESSAGE /D "OPENCPPCOVERAGE_VERSION=\"0.9.9.0\"" /D _CRT_SECURE_NO_WARNINGS /D "PROJECT_DIR=R\"|(C:\a\OpenCppCoverage-ARM64\OpenCppCoverage-ARM64\Exporter\)|\"" /D "SOLUTION_DIR=R\"|(C:\a\OpenCppCoverage-ARM64\OpenCppCoverage-ARM64\)|\"" /D "TARGET_FILE_NAME=R\"|(Exporter.dll)|\"" /D "OUT_DIR=R\"|(C:\a\OpenCppCoverage-ARM64\OpenCppCoverage-ARM64\ARM64\Release\)|\"" /D NOMINMAX /D _ARM64_WINAPI_PARTITION_DESKTOP_SDK_AVAILABLE=1 /D _WINDLL /D _UNICODE /D UNICODE /Gm- /EHsc /MD /GS /Gy /fp:precise /Zc:wchar_t /Zc:forScope /Zc:inline /std:c++17 /permissive- /Yu"stdafx.h" /Fp"ARM64\Release\Exporter.pch" /Fo"ARM64\Release\\" /Fd"ARM64\Release\vc143.pdb" /external:W0 /Gd /TP /wd4251 /analyze- /FC /errorReport:queue /external:I"C:\a\OpenCppCoverage-ARM64\OpenCppCoverage-ARM64\vcpkg_installed\arm64-windows\include" Binary\BinaryExporter.cpp CoberturaExporter.cpp Binary\CoverageDataSerializer.cpp Binary\CoverageDataDeserializer.cpp Html\HtmlExporter.cpp Html\HtmlFile.cpp Html\HtmlFileCoverageExporter.cpp Html\HtmlFolderStructure.cpp Html\TemplateHtmlExporter.cpp InvalidOutputFileException.cpp Plugin\ExporterPluginManager.cpp
2026-08-20T10:20:17.9631718Z          BinaryExporter.cpp
2026-08-20T10:20:18.7858045Z          CoberturaExporter.cpp
2026-08-20T10:20:19.1210260Z     18>ClCompile:
2026-08-20T10:20:19.1218057Z          C:\Program Files\Microsoft Visual Studio\2022\Enterprise\VC\Tools\MSVC\14.44.35207\bin\HostArm64\arm64\CL.exe /c /I"C:\a\OpenCppCoverage-ARM64\OpenCppCoverage-ARM64\\" /I"C:\a\OpenCppCoverage-ARM64\OpenCppCoverage-ARM64\CppCoverageTest\\" /I"C:\a\OpenCppCoverage-ARM64\OpenCppCoverage-ARM64\vcpkg_installed\arm64-windows\include" /Zi /nologo /W3 /WX /diagnostics:column /sdl /O2 /Oi /Oy- /GL /D WIN32 /D NDEBUG /D _CONSOLE /D _LIB /D GTEST_LINKED_AS_SHARED_LIBRARY=1 /D _SILENCE_TR1_NAMESPACE_DEPRECATION_WARNING /D BOOST_CONFIG_SUPPRESS_OUTDATED_MESSAGE /D "OPENCPPCOVERAGE_VERSION=\"0.9.9.0\"" /D _CRT_SECURE_NO_WARNINGS /D "PROJECT_DIR=R\"|(C:\a\OpenCppCoverage-ARM64\OpenCppCoverage-ARM64\CppCoverageTest\)|\"" /D "SOLUTION_DIR=R\"|(C:\a\OpenCppCoverage-ARM64\OpenCppCoverage-ARM64\)|\"" /D "TARGET_FILE_NAME=R\"|(CppCoverageTest.exe)|\"" /D "OUT_DIR=R\"|(C:\a\OpenCppCoverage-ARM64\OpenCppCoverage-ARM64\ARM64\Release\)|\"" /D NOMINMAX /D _ARM64_WINAPI_PARTITION_DESKTOP_SDK_AVAILABLE=1 /D _UNICODE /D UNICODE /D "SOLUTION_DIR=C:\a\OpenCppCoverage-ARM64\OpenCppCoverage-ARM64\\" /D "SOLUTION_DIR=\"C:\a\OpenCppCoverage-ARM64\OpenCppCoverage-ARM64\\\"" /D "SOLUTION_DIR=#\"C:\a\OpenCppCoverage-ARM64\OpenCppCoverage-ARM64\\\"" /Gm- /EHsc /MD /GS /Gy /fp:precise /Zc:wchar_t /Zc:forScope /Zc:inline /std:c++17 /permissive- /Yu"stdafx.h" /Fp"ARM64\Release\CppCoverageTest.pch" /Fo"ARM64\Release\\" /Fd"ARM64\Release\vc143.pdb" /external:W3 /Gd /TP /wd4251 /wd4275 /analyze- /FC /errorReport:queue BreakPointTest.cpp CodeCoverageRunnerTest.cpp CoverageDataMergerRandomTest.cpp CoverageDataMergerTest.cpp DebugInformationEnumeratorTest.cpp FilterAssistantTest.cpp UnifiedDiffCoverageFilterManagerTest.cpp OptionsParserUnifiedDiffTest.cpp WildcardCoverageFilterTest.cpp CoverageRateComputerTest.cpp CoverageRateTest.cpp CppCoverageExceptionTest.cpp CppCoverageTest.cpp DebuggerTest.cpp ExceptionHandlerTest.cpp ExecutedAddressManagerTest.cpp HandleInformationTest.cpp OptionsParserConfigTest.cpp OptionsParserExportTest.cpp OptionsParserPatternTest.cpp OptionsParserTest.cpp ProcessTest.cpp StartInfoTest.cpp TestTools.cpp WildcardsTest.cpp
2026-08-20T10:20:19.1725509Z          BreakPointTest.cpp
2026-08-20T10:20:19.9564296Z          CodeCoverageRunnerTest.cpp
2026-08-20T10:20:20.5353018Z     13>ClCompile:
2026-08-20T10:20:20.5353440Z          CoverageDataSerializer.cpp
2026-08-20T10:20:22.2224838Z     18>ClCompile:
2026-08-20T10:20:22.2225209Z          CoverageDataMergerRandomTest.cpp
2026-08-20T10:20:22.8125009Z          CoverageDataMergerTest.cpp
2026-08-20T10:20:23.3480791Z          DebugInformationEnumeratorTest.cpp
2026-08-20T10:20:23.4246582Z     13>ClCompile:
2026-08-20T10:20:23.4246957Z          CoverageDataDeserializer.cpp
2026-08-20T10:20:23.7576755Z     18>ClCompile:
2026-08-20T10:20:23.7577147Z          FilterAssistantTest.cpp
2026-08-20T10:20:24.4964406Z          UnifiedDiffCoverageFilterManagerTest.cpp
2026-08-20T10:20:25.4210109Z          OptionsParserUnifiedDiffTest.cpp
2026-08-20T10:20:26.2042357Z     13>ClCompile:
2026-08-20T10:20:26.2042696Z          HtmlExporter.cpp
2026-08-20T10:20:26.5972980Z     18>ClCompile:
2026-08-20T10:20:26.5973433Z          WildcardCoverageFilterTest.cpp
2026-08-20T10:20:26.6651237Z          CoverageRateComputerTest.cpp
2026-08-20T10:20:27.0923155Z          CoverageRateTest.cpp
2026-08-20T10:20:27.1270668Z          CppCoverageExceptionTest.cpp
2026-08-20T10:20:27.1647134Z          CppCoverageTest.cpp
2026-08-20T10:20:28.0488896Z     13>ClCompile:
2026-08-20T10:20:28.0489275Z          HtmlFile.cpp
2026-08-20T10:20:28.1210664Z     18>ClCompile:
2026-08-20T10:20:28.1210979Z          DebuggerTest.cpp
2026-08-20T10:20:28.7780778Z     13>ClCompile:
2026-08-20T10:20:28.7781213Z          HtmlFileCoverageExporter.cpp
2026-08-20T10:20:29.6606480Z     18>ClCompile:
2026-08-20T10:20:29.6607012Z          ExceptionHandlerTest.cpp
2026-08-20T10:20:30.4582500Z     13>ClCompile:
2026-08-20T10:20:30.4583274Z          HtmlFolderStructure.cpp
2026-08-20T10:20:30.5772027Z     18>ClCompile:
2026-08-20T10:20:30.5772428Z          ExecutedAddressManagerTest.cpp
2026-08-20T10:20:31.4661278Z          HandleInformationTest.cpp
2026-08-20T10:20:31.8815076Z     13>ClCompile:
2026-08-20T10:20:31.8815445Z          TemplateHtmlExporter.cpp
2026-08-20T10:20:32.3239699Z     18>ClCompile:
2026-08-20T10:20:32.3240342Z          OptionsParserConfigTest.cpp
2026-08-20T10:20:33.5048530Z          OptionsParserExportTest.cpp
2026-08-20T10:20:33.6069735Z     13>ClCompile:
2026-08-20T10:20:33.6070111Z          InvalidOutputFileException.cpp
2026-08-20T10:20:34.3457802Z          ExporterPluginManager.cpp
2026-08-20T10:20:34.5030243Z     18>ClCompile:
2026-08-20T10:20:34.5030575Z          OptionsParserPatternTest.cpp
2026-08-20T10:20:35.6467540Z     13>ClCompile:
2026-08-20T10:20:35.6471940Z          C:\Program Files\Microsoft Visual Studio\2022\Enterprise\VC\Tools\MSVC\14.44.35207\bin\HostArm64\arm64\CL.exe /c /I"C:\a\OpenCppCoverage-ARM64\OpenCppCoverage-ARM64\\" /I"C:\a\OpenCppCoverage-ARM64\OpenCppCoverage-ARM64\Exporter\\" /I"C:\a\OpenCppCoverage-ARM64\OpenCppCoverage-ARM64\vcpkg_installed\arm64-windows\include" /Zi /nologo /W0 /WX /diagnostics:column /sdl /O2 /Oi /Oy- /GL /D EXPORTER_EXPORTS /D _SILENCE_CXX17_ITERATOR_BASE_CLASS_DEPRECATION_WARNING /D BOOST_CONFIG_SUPPRESS_OUTDATED_MESSAGE /D "OPENCPPCOVERAGE_VERSION=\"0.9.9.0\"" /D _CRT_SECURE_NO_WARNINGS /D "PROJECT_DIR=R\"|(C:\a\OpenCppCoverage-ARM64\OpenCppCoverage-ARM64\Exporter\)|\"" /D "SOLUTION_DIR=R\"|(C:\a\OpenCppCoverage-ARM64\OpenCppCoverage-ARM64\)|\"" /D "TARGET_FILE_NAME=R\"|(Exporter.dll)|\"" /D "OUT_DIR=R\"|(C:\a\OpenCppCoverage-ARM64\OpenCppCoverage-ARM64\ARM64\Release\)|\"" /D NOMINMAX /D _ARM64_WINAPI_PARTITION_DESKTOP_SDK_AVAILABLE=1 /D _WINDLL /D _UNICODE /D UNICODE /Gm- /EHsc /MD /GS /Gy /fp:precise /Zc:wchar_t /Zc:forScope /Zc:inline /std:c++17 /permissive- /Fo"ARM64\Release\\" /Fd"ARM64\Release\vc143.pdb" /external:W0 /Gd /TP /wd4146 /wd4251 /analyze- /FC /errorReport:queue /external:I"C:\a\OpenCppCoverage-ARM64\OpenCppCoverage-ARM64\vcpkg_installed\arm64-windows\include" Binary\CoverageData.pb.cc
2026-08-20T10:20:35.7255138Z          CoverageData.pb.cc
2026-08-20T10:20:35.7572519Z     18>ClCompile:
2026-08-20T10:20:35.7573243Z          Compiling...
2026-08-20T10:20:35.7573674Z          OptionsParserTest.cpp
2026-08-20T10:20:37.0704540Z          ProcessTest.cpp
2026-08-20T10:20:38.3614527Z          StartInfoTest.cpp
2026-08-20T10:20:38.7157439Z          TestTools.cpp
2026-08-20T10:20:38.9875546Z     13>Link:
2026-08-20T10:20:38.9879425Z          C:\Program Files\Microsoft Visual Studio\2022\Enterprise\VC\Tools\MSVC\14.44.35207\bin\HostArm64\arm64\link.exe /ERRORREPORT:QUEUE /OUT:"C:\a\OpenCppCoverage-ARM64\OpenCppCoverage-ARM64\ARM64\Release\Exporter.dll" /NOLOGO /LIBPATH:"C:\a\OpenCppCoverage-ARM64\OpenCppCoverage-ARM64\vcpkg_installed\arm64-windows\lib" /LIBPATH:"C:\a\OpenCppCoverage-ARM64\OpenCppCoverage-ARM64\vcpkg_installed\arm64-windows\lib\manual-link" bcrypt.lib kernel32.lib user32.lib gdi32.lib winspool.lib comdlg32.lib advapi32.lib shell32.lib ole32.lib oleaut32.lib uuid.lib odbc32.lib odbccp32.lib "C:\a\OpenCppCoverage-ARM64\OpenCppCoverage-ARM64\vcpkg_installed\arm64-windows\lib\*.lib" /MANIFEST /MANIFESTUAC:"level='asInvoker' uiAccess='false'" /manifest:embed /DEBUG /PDB:"C:\a\OpenCppCoverage-ARM64\OpenCppCoverage-ARM64\ARM64\Release\Exporter.pdb" /OPT:REF /OPT:ICF /LTCG /LTCGOUT:"ARM64\Release\Exporter.iobj" /TLBID:1 /DYNAMICBASE /NXCOMPAT /IMPLIB:"C:\a\OpenCppCoverage-ARM64\OpenCppCoverage-ARM64\ARM64\Release\Exporter.lib" /MACHINE:ARM64 /DLL ARM64\Release\BinaryExporter.obj
2026-08-20T10:20:38.9883425Z          ARM64\Release\CoverageData.pb.obj
2026-08-20T10:20:38.9883763Z          ARM64\Release\CoberturaExporter.obj
2026-08-20T10:20:38.9884445Z          ARM64\Release\CoverageDataSerializer.obj
2026-08-20T10:20:38.9884840Z          ARM64\Release\CoverageDataDeserializer.obj
2026-08-20T10:20:38.9885230Z          ARM64\Release\HtmlExporter.obj
2026-08-20T10:20:38.9885549Z          ARM64\Release\HtmlFile.obj
2026-08-20T10:20:38.9885878Z          ARM64\Release\HtmlFileCoverageExporter.obj
2026-08-20T10:20:38.9886232Z          ARM64\Release\HtmlFolderStructure.obj
2026-08-20T10:20:38.9886608Z          ARM64\Release\TemplateHtmlExporter.obj
2026-08-20T10:20:38.9886982Z          ARM64\Release\InvalidOutputFileException.obj
2026-08-20T10:20:38.9887358Z          ARM64\Release\ExporterPluginManager.obj
2026-08-20T10:20:38.9887689Z          ARM64\Release\stdafx.obj
2026-08-20T10:20:38.9888148Z          "C:\a\OpenCppCoverage-ARM64\OpenCppCoverage-ARM64\ARM64\Release\CppCoverage.lib"
2026-08-20T10:20:38.9888737Z          "C:\a\OpenCppCoverage-ARM64\OpenCppCoverage-ARM64\ARM64\Release\Plugin.lib"
2026-08-20T10:20:38.9889307Z          "C:\a\OpenCppCoverage-ARM64\OpenCppCoverage-ARM64\ARM64\Release\Tools.lib"
2026-08-20T10:20:39.2732874Z             Creating library C:\a\OpenCppCoverage-ARM64\OpenCppCoverage-ARM64\ARM64\Release\Exporter.lib and object C:\a\OpenCppCoverage-ARM64\OpenCppCoverage-ARM64\ARM64\Release\Exporter.exp
2026-08-20T10:20:39.3023485Z          Generating code
2026-08-20T10:20:40.6009792Z     18>ClCompile:
2026-08-20T10:20:40.6207419Z          WildcardsTest.cpp
2026-08-20T10:20:41.2164947Z        Link:
2026-08-20T10:20:41.2172993Z          C:\Program Files\Microsoft Visual Studio\2022\Enterprise\VC\Tools\MSVC\14.44.35207\bin\HostArm64\arm64\link.exe /ERRORREPORT:QUEUE /OUT:"C:\a\OpenCppCoverage-ARM64\OpenCppCoverage-ARM64\ARM64\Release\CppCoverageTest.exe" /INCREMENTAL:NO /NOLOGO /LIBPATH:"C:\a\OpenCppCoverage-ARM64\OpenCppCoverage-ARM64\vcpkg_installed\arm64-windows\lib" /LIBPATH:"C:\a\OpenCppCoverage-ARM64\OpenCppCoverage-ARM64\vcpkg_installed\arm64-windows\lib\manual-link" gmock.lib gtest.lib bcrypt.lib kernel32.lib user32.lib gdi32.lib winspool.lib comdlg32.lib advapi32.lib shell32.lib ole32.lib oleaut32.lib uuid.lib odbc32.lib odbccp32.lib "C:\a\OpenCppCoverage-ARM64\OpenCppCoverage-ARM64\vcpkg_installed\arm64-windows\lib\*.lib" /MANIFEST /MANIFESTUAC:"level='asInvoker' uiAccess='false'" /manifest:embed /DEBUG /PDB:"C:\a\OpenCppCoverage-ARM64\OpenCppCoverage-ARM64\ARM64\Release\CppCoverageTest.pdb" /SUBSYSTEM:CONSOLE /OPT:REF /OPT:ICF /LTCG /LTCGOUT:"ARM64\Release\CppCoverageTest.iobj" /TLBID:1 /DYNAMICBASE /NXCOMPAT /IMPLIB:"C:\a\OpenCppCoverage-ARM64\OpenCppCoverage-ARM64\ARM64\Release\CppCoverageTest.lib" /MACHINE:ARM64 ARM64\Release\BreakPointTest.obj
2026-08-20T10:20:41.2396025Z          ARM64\Release\CodeCoverageRunnerTest.obj
2026-08-20T10:20:41.2415933Z          ARM64\Release\CoverageDataMergerRandomTest.obj
2026-08-20T10:20:41.2499752Z          ARM64\Release\CoverageDataMergerTest.obj
2026-08-20T10:20:41.2565564Z          ARM64\Release\DebugInformationEnumeratorTest.obj
2026-08-20T10:20:41.2737591Z          ARM64\Release\FilterAssistantTest.obj
2026-08-20T10:20:41.2792006Z          ARM64\Release\UnifiedDiffCoverageFilterManagerTest.obj
2026-08-20T10:20:41.2922670Z          ARM64\Release\OptionsParserUnifiedDiffTest.obj
2026-08-20T10:20:41.3016001Z          ARM64\Release\WildcardCoverageFilterTest.obj
2026-08-20T10:20:41.3064227Z          ARM64\Release\CoverageRateComputerTest.obj
2026-08-20T10:20:41.3123581Z          ARM64\Release\CoverageRateTest.obj
2026-08-20T10:20:41.3345988Z          ARM64\Release\CppCoverageExceptionTest.obj
2026-08-20T10:20:41.3368362Z          ARM64\Release\CppCoverageTest.obj
2026-08-20T10:20:41.3452349Z          ARM64\Release\DebuggerTest.obj
2026-08-20T10:20:41.3727761Z          ARM64\Release\ExceptionHandlerTest.obj
2026-08-20T10:20:41.3808139Z          ARM64\Release\ExecutedAddressManagerTest.obj
2026-08-20T10:20:41.3821555Z          ARM64\Release\HandleInformationTest.obj
2026-08-20T10:20:41.4150417Z          ARM64\Release\OptionsParserConfigTest.obj
2026-08-20T10:20:41.4294507Z          ARM64\Release\OptionsParserExportTest.obj
2026-08-20T10:20:41.4476432Z          ARM64\Release\OptionsParserPatternTest.obj
2026-08-20T10:20:41.4615985Z          ARM64\Release\OptionsParserTest.obj
2026-08-20T10:20:41.4793181Z          ARM64\Release\ProcessTest.obj
2026-08-20T10:20:41.4938192Z          ARM64\Release\StartInfoTest.obj
2026-08-20T10:20:41.5056122Z          ARM64\Release\stdafx.obj
2026-08-20T10:20:41.5136380Z          ARM64\Release\TestTools.obj
2026-08-20T10:20:41.5386819Z          ARM64\Release\WildcardsTest.obj
2026-08-20T10:20:41.5441154Z          "C:\a\OpenCppCoverage-ARM64\OpenCppCoverage-ARM64\ARM64\Release\CppCoverage.lib"
2026-08-20T10:20:41.5458263Z          "C:\a\OpenCppCoverage-ARM64\OpenCppCoverage-ARM64\ARM64\Release\FileFilter.lib"
2026-08-20T10:20:41.5539366Z          "C:\a\OpenCppCoverage-ARM64\OpenCppCoverage-ARM64\ARM64\Release\Plugin.lib"
2026-08-20T10:20:41.5723145Z          "C:\a\OpenCppCoverage-ARM64\OpenCppCoverage-ARM64\ARM64\Release\TestCoverageOptimizedBuild.lib"
2026-08-20T10:20:41.5781071Z          "C:\a\OpenCppCoverage-ARM64\OpenCppCoverage-ARM64\ARM64\Release\TestCoverageSharedLib.lib"
2026-08-20T10:20:41.5781901Z          "C:\a\OpenCppCoverage-ARM64\OpenCppCoverage-ARM64\ARM64\Release\TestHelper.lib"
2026-08-20T10:20:41.5862479Z          "C:\a\OpenCppCoverage-ARM64\OpenCppCoverage-ARM64\ARM64\Release\Tools.lib"
2026-08-20T10:20:41.7100478Z          Generating code
2026-08-20T10:20:42.6457668Z     13>Link:
2026-08-20T10:20:42.6556417Z          Finished generating code
2026-08-20T10:20:43.4548087Z          Exporter.vcxproj -> C:\a\OpenCppCoverage-ARM64\OpenCppCoverage-ARM64\ARM64\Release\Exporter.dll
2026-08-20T10:20:43.4604747Z        AppLocalFromInstalled:
2026-08-20T10:20:43.4655475Z          "C:\Users\runneradmin\AppData\Local\OpenCppCoverage\vcpkg\vcpkg.exe" z-applocal --target-binary="C:\a\OpenCppCoverage-ARM64\OpenCppCoverage-ARM64\ARM64\Release\Exporter.dll" --installed-bin-dir="C:\a\OpenCppCoverage-ARM64\OpenCppCoverage-ARM64\vcpkg_installed\arm64-windows\bin" --tlog-file="ARM64\Release\Exporter.tlog\Exporter.write.1u.tlog" --copied-files-log="ARM64\Release\vcpkg.applocal.log"
2026-08-20T10:20:43.8407318Z          C:\a\OpenCppCoverage-ARM64\OpenCppCoverage-ARM64\vcpkg_installed\arm64-windows\bin\abseil_dll.dll -> C:\a\OpenCppCoverage-ARM64\OpenCppCoverage-ARM64\ARM64\Release\abseil_dll.dll done
2026-08-20T10:20:43.8420037Z          C:\a\OpenCppCoverage-ARM64\OpenCppCoverage-ARM64\vcpkg_installed\arm64-windows\bin\libctemplate.dll -> C:\a\OpenCppCoverage-ARM64\OpenCppCoverage-ARM64\ARM64\Release\libctemplate.dll done
2026-08-20T10:20:43.8425778Z          C:\a\OpenCppCoverage-ARM64\OpenCppCoverage-ARM64\vcpkg_installed\arm64-windows\bin\libprotobuf-lite.dll -> C:\a\OpenCppCoverage-ARM64\OpenCppCoverage-ARM64\ARM64\Release\libprotobuf-lite.dll done
2026-08-20T10:20:43.8565484Z          C:\a\OpenCppCoverage-ARM64\OpenCppCoverage-ARM64\vcpkg_installed\arm64-windows\bin\libprotobuf.dll -> C:\a\OpenCppCoverage-ARM64\OpenCppCoverage-ARM64\ARM64\Release\libprotobuf.dll done
2026-08-20T10:20:43.9588374Z          C:\a\OpenCppCoverage-ARM64\OpenCppCoverage-ARM64\vcpkg_installed\arm64-windows\bin\abseil_dll.dll
2026-08-20T10:20:43.9754839Z          C:\a\OpenCppCoverage-ARM64\OpenCppCoverage-ARM64\vcpkg_installed\arm64-windows\bin\libctemplate.dll
2026-08-20T10:20:43.9805055Z          C:\a\OpenCppCoverage-ARM64\OpenCppCoverage-ARM64\vcpkg_installed\arm64-windows\bin\libprotobuf-lite.dll
2026-08-20T10:20:43.9940924Z          C:\a\OpenCppCoverage-ARM64\OpenCppCoverage-ARM64\vcpkg_installed\arm64-windows\bin\libprotobuf.dll
2026-08-20T10:20:43.9974280Z          C:\a\OpenCppCoverage-ARM64\OpenCppCoverage-ARM64\vcpkg_installed\arm64-windows\bin\boost_log-vc143-mt-a64-1_91.dll
2026-08-20T10:20:44.0112757Z          C:\a\OpenCppCoverage-ARM64\OpenCppCoverage-ARM64\vcpkg_installed\arm64-windows\bin\boost_filesystem-vc143-mt-a64-1_91.dll
2026-08-20T10:20:44.0244321Z          C:\a\OpenCppCoverage-ARM64\OpenCppCoverage-ARM64\vcpkg_installed\arm64-windows\bin\boost_thread-vc143-mt-a64-1_91.dll
2026-08-20T10:20:44.0277102Z          C:\a\OpenCppCoverage-ARM64\OpenCppCoverage-ARM64\vcpkg_installed\arm64-windows\bin\boost_program_options-vc143-mt-a64-1_91.dll
2026-08-20T10:20:44.0308587Z          C:\a\OpenCppCoverage-ARM64\OpenCppCoverage-ARM64\vcpkg_installed\arm64-windows\bin\boost_iostreams-vc143-mt-a64-1_91.dll
2026-08-20T10:20:44.0437026Z          C:\a\OpenCppCoverage-ARM64\OpenCppCoverage-ARM64\vcpkg_installed\arm64-windows\bin\z.dll
2026-08-20T10:20:44.0605374Z          C:\a\OpenCppCoverage-ARM64\OpenCppCoverage-ARM64\vcpkg_installed\arm64-windows\bin\bz2.dll
2026-08-20T10:20:44.0608019Z          C:\a\OpenCppCoverage-ARM64\OpenCppCoverage-ARM64\vcpkg_installed\arm64-windows\bin\liblzma.dll
2026-08-20T10:20:44.0633048Z          C:\a\OpenCppCoverage-ARM64\OpenCppCoverage-ARM64\vcpkg_installed\arm64-windows\bin\zstd.dll
2026-08-20T10:20:44.0772510Z          C:\a\OpenCppCoverage-ARM64\OpenCppCoverage-ARM64\vcpkg_installed\arm64-windows\bin\boost_locale-vc143-mt-a64-1_91.dll
2026-08-20T10:20:44.1448161Z        PostBuildEvent:
2026-08-20T10:20:44.1704939Z          if not exist "C:\a\OpenCppCoverage-ARM64\OpenCppCoverage-ARM64\ARM64\Release\Template" mkdir "C:\a\OpenCppCoverage-ARM64\OpenCppCoverage-ARM64\ARM64\Release\Template" && xcopy /s /y "C:\a\OpenCppCoverage-ARM64\OpenCppCoverage-ARM64\Exporter\Html\Template" "C:\a\OpenCppCoverage-ARM64\OpenCppCoverage-ARM64\ARM64\Release\Template"
2026-08-20T10:20:44.1738677Z          :VCEnd
2026-08-20T10:20:44.3475567Z          C:\a\OpenCppCoverage-ARM64\OpenCppCoverage-ARM64\Exporter\Html\Template\MainTemplate.html
2026-08-20T10:20:44.3622606Z          C:\a\OpenCppCoverage-ARM64\OpenCppCoverage-ARM64\Exporter\Html\Template\SourceTemplate.html
2026-08-20T10:20:44.3730342Z          C:\a\OpenCppCoverage-ARM64\OpenCppCoverage-ARM64\Exporter\Html\Template\third-party\css\style.css
2026-08-20T10:20:44.3815536Z          C:\a\OpenCppCoverage-ARM64\OpenCppCoverage-ARM64\Exporter\Html\Template\third-party\css\table-images\botleft.png
2026-08-20T10:20:44.3821420Z          C:\a\OpenCppCoverage-ARM64\OpenCppCoverage-ARM64\Exporter\Html\Template\third-party\css\table-images\botright.png
2026-08-20T10:20:44.3832068Z          C:\a\OpenCppCoverage-ARM64\OpenCppCoverage-ARM64\Exporter\Html\Template\third-party\css\table-images\left.png
2026-08-20T10:20:44.3977858Z          C:\a\OpenCppCoverage-ARM64\OpenCppCoverage-ARM64\Exporter\Html\Template\third-party\css\table-images\right.png
2026-08-20T10:20:44.4004351Z          C:\a\OpenCppCoverage-ARM64\OpenCppCoverage-ARM64\Exporter\Html\Template\third-party\google-code-prettify\prettify-CppCoverage.css
2026-08-20T10:20:44.4159965Z          C:\a\OpenCppCoverage-ARM64\OpenCppCoverage-ARM64\Exporter\Html\Template\third-party\google-code-prettify\prettify.js
2026-08-20T10:20:44.4192145Z          C:\a\OpenCppCoverage-ARM64\OpenCppCoverage-ARM64\Exporter\Html\Template\third-party\google-code-prettify\run_prettify.js
2026-08-20T10:20:44.4290722Z          C:\a\OpenCppCoverage-ARM64\OpenCppCoverage-ARM64\Exporter\Html\Template\third-party\JQuery\jquery-3.4.1.min.js
2026-08-20T10:20:44.4363710Z          C:\a\OpenCppCoverage-ARM64\OpenCppCoverage-ARM64\Exporter\Html\Template\third-party\RGraph\license.txt
2026-08-20T10:20:44.4474570Z          C:\a\OpenCppCoverage-ARM64\OpenCppCoverage-ARM64\Exporter\Html\Template\third-party\RGraph\libraries\RGraph.common.core.js
2026-08-20T10:20:44.4555061Z          C:\a\OpenCppCoverage-ARM64\OpenCppCoverage-ARM64\Exporter\Html\Template\third-party\RGraph\libraries\RGraph.common.dynamic.js
2026-08-20T10:20:44.4651543Z          C:\a\OpenCppCoverage-ARM64\OpenCppCoverage-ARM64\Exporter\Html\Template\third-party\RGraph\libraries\RGraph.common.tooltips.js
2026-08-20T10:20:44.4703230Z          C:\a\OpenCppCoverage-ARM64\OpenCppCoverage-ARM64\Exporter\Html\Template\third-party\RGraph\libraries\RGraph.pie.js
2026-08-20T10:20:44.4765757Z          16 File(s) copied
2026-08-20T10:20:44.4836794Z        FinalizeBuildStatus:
2026-08-20T10:20:44.4877515Z          Deleting file "ARM64\Release\Exporter.tlog\unsuccessfulbuild".
2026-08-20T10:20:44.5004076Z          Touching "ARM64\Release\Exporter.tlog\Exporter.lastbuildstate".
2026-08-20T10:20:44.5013068Z     13>Done Building Project "C:\a\OpenCppCoverage-ARM64\OpenCppCoverage-ARM64\Exporter\Exporter.vcxproj" (default targets).
2026-08-20T10:20:44.5057977Z      3>Project "C:\a\OpenCppCoverage-ARM64\OpenCppCoverage-ARM64\ExporterTest\ExporterTest.vcxproj.metaproj" (3) is building "C:\a\OpenCppCoverage-ARM64\OpenCppCoverage-ARM64\ExporterTest\ExporterTest.vcxproj" (19) on node 1 (default targets).
2026-08-20T10:20:44.5120552Z     19>PrepareForBuild:
2026-08-20T10:20:44.5135698Z          Creating directory "ARM64\Release\".
2026-08-20T10:20:44.5275547Z          Structured output is enabled. The formatting of compiler diagnostics will reflect the error hierarchy. See https://aka.ms/cpp/structured-output for more details.
2026-08-20T10:20:44.5299545Z          Creating directory "ARM64\Release\ExporterTest.tlog\".
2026-08-20T10:20:44.5300052Z        InitializeBuildStatus:
2026-08-20T10:20:44.5428966Z          Creating "ARM64\Release\ExporterTest.tlog\unsuccessfulbuild" because "AlwaysCreate" was specified.
2026-08-20T10:20:44.5461024Z          Touching "ARM64\Release\ExporterTest.tlog\unsuccessfulbuild".
2026-08-20T10:20:44.5521828Z        VcpkgTripletSelection:
2026-08-20T10:20:44.5614108Z          Using triplet "arm64-windows" from "C:\a\OpenCppCoverage-ARM64\OpenCppCoverage-ARM64\vcpkg_installed\arm64-windows\"
2026-08-20T10:20:44.5657625Z          Using normalized configuration "Release"
2026-08-20T10:20:44.5728144Z        VcpkgBootstrap:
2026-08-20T10:20:44.5868214Z        Skipping target "VcpkgBootstrap" because all output files are up-to-date with respect to the input files.
2026-08-20T10:20:44.5963526Z        VcpkgInstallManifestDependencies:
2026-08-20T10:20:44.6026647Z        Skipping target "VcpkgInstallManifestDependencies" because all output files are up-to-date with respect to the input files.
2026-08-20T10:20:44.6030535Z        ClCompile:
2026-08-20T10:20:44.6070928Z          C:\Program Files\Microsoft Visual Studio\2022\Enterprise\VC\Tools\MSVC\14.44.35207\bin\HostArm64\arm64\CL.exe /c /I"C:\a\OpenCppCoverage-ARM64\OpenCppCoverage-ARM64\\" /I"C:\a\OpenCppCoverage-ARM64\OpenCppCoverage-ARM64\ExporterTest\\" /I"C:\a\OpenCppCoverage-ARM64\OpenCppCoverage-ARM64\vcpkg_installed\arm64-windows\include" /Zi /nologo /W3 /WX /diagnostics:column /sdl /O2 /Oi /Oy- /GL /D WIN32 /D NDEBUG /D _CONSOLE /D _LIB /D GTEST_LINKED_AS_SHARED_LIBRARY=1 /D _SILENCE_TR1_NAMESPACE_DEPRECATION_WARNING /D BOOST_CONFIG_SUPPRESS_OUTDATED_MESSAGE /D "OPENCPPCOVERAGE_VERSION=\"0.9.9.0\"" /D _CRT_SECURE_NO_WARNINGS /D "PROJECT_DIR=R\"|(C:\a\OpenCppCoverage-ARM64\OpenCppCoverage-ARM64\ExporterTest\)|\"" /D "SOLUTION_DIR=R\"|(C:\a\OpenCppCoverage-ARM64\OpenCppCoverage-ARM64\)|\"" /D "TARGET_FILE_NAME=R\"|(ExporterTest.exe)|\"" /D "OUT_DIR=R\"|(C:\a\OpenCppCoverage-ARM64\OpenCppCoverage-ARM64\ARM64\Release\)|\"" /D NOMINMAX /D _ARM64_WINAPI_PARTITION_DESKTOP_SDK_AVAILABLE=1 /D _UNICODE /D UNICODE /Gm- /EHsc /MD /GS /Gy /fp:precise /Zc:wchar_t /Zc:forScope /Zc:inline /std:c++17 /permissive- /Yc"stdafx.h" /Fp"ARM64\Release\ExporterTest.pch" /Fo"ARM64\Release\\" /Fd"ARM64\Release\vc143.pdb" /external:W3 /Gd /TP /wd4251 /wd4275 /analyze- /FC /errorReport:queue stdafx.cpp
2026-08-20T10:20:44.6539186Z          stdafx.cpp
2026-08-20T10:20:46.7537711Z          C:\Program Files\Microsoft Visual Studio\2022\Enterprise\VC\Tools\MSVC\14.44.35207\bin\HostArm64\arm64\CL.exe /c /I"C:\a\OpenCppCoverage-ARM64\OpenCppCoverage-ARM64\\" /I"C:\a\OpenCppCoverage-ARM64\OpenCppCoverage-ARM64\ExporterTest\\" /I"C:\a\OpenCppCoverage-ARM64\OpenCppCoverage-ARM64\vcpkg_installed\arm64-windows\include" /Zi /nologo /W3 /WX /diagnostics:column /sdl /O2 /Oi /Oy- /GL /D WIN32 /D NDEBUG /D _CONSOLE /D _LIB /D GTEST_LINKED_AS_SHARED_LIBRARY=1 /D _SILENCE_TR1_NAMESPACE_DEPRECATION_WARNING /D BOOST_CONFIG_SUPPRESS_OUTDATED_MESSAGE /D "OPENCPPCOVERAGE_VERSION=\"0.9.9.0\"" /D _CRT_SECURE_NO_WARNINGS /D "PROJECT_DIR=R\"|(C:\a\OpenCppCoverage-ARM64\OpenCppCoverage-ARM64\ExporterTest\)|\"" /D "SOLUTION_DIR=R\"|(C:\a\OpenCppCoverage-ARM64\OpenCppCoverage-ARM64\)|\"" /D "TARGET_FILE_NAME=R\"|(ExporterTest.exe)|\"" /D "OUT_DIR=R\"|(C:\a\OpenCppCoverage-ARM64\OpenCppCoverage-ARM64\ARM64\Release\)|\"" /D NOMINMAX /D _ARM64_WINAPI_PARTITION_DESKTOP_SDK_AVAILABLE=1 /D _UNICODE /D UNICODE /Gm- /EHsc /MD /GS /Gy /fp:precise /Zc:wchar_t /Zc:forScope /Zc:inline /std:c++17 /permissive- /Yu"stdafx.h" /Fp"ARM64\Release\ExporterTest.pch" /Fo"ARM64\Release\\" /Fd"ARM64\Release\vc143.pdb" /external:W3 /Gd /TP /wd4251 /wd4275 /analyze- /FC /errorReport:queue BinaryExporterTest.cpp CoberturaExporterTest.cpp CoverageDataSerializerTest.cpp ExporterPluginManagerTest.cpp ExporterTest.cpp HtmlExporterTest.cpp HtmlFileCoverageExporterTest.cpp HtmlFolderStructureTest.cpp TemplateHtmlExporterTest.cpp
2026-08-20T10:20:46.8937858Z          BinaryExporterTest.cpp
2026-08-20T10:20:47.2173728Z      5>PrepareForBuild:
2026-08-20T10:20:47.2216090Z          Creating directory "ARM64\Release\".
2026-08-20T10:20:47.4118163Z     19>ClCompile:
2026-08-20T10:20:47.4199790Z          CoberturaExporterTest.cpp
2026-08-20T10:20:47.7335395Z      5>PrepareForBuild:
2026-08-20T10:20:47.7337159Z          Structured output is enabled. The formatting of compiler diagnostics will reflect the error hierarchy. See https://aka.ms/cpp/structured-output for more details.
2026-08-20T10:20:47.7345366Z          Creating directory "ARM64\Release\OpenCppCoverage.tlog\".
2026-08-20T10:20:47.7412538Z        InitializeBuildStatus:
2026-08-20T10:20:47.7413895Z          Creating "ARM64\Release\OpenCppCoverage.tlog\unsuccessfulbuild" because "AlwaysCreate" was specified.
2026-08-20T10:20:47.7419093Z          Touching "ARM64\Release\OpenCppCoverage.tlog\unsuccessfulbuild".
2026-08-20T10:20:48.4391536Z        VcpkgTripletSelection:
2026-08-20T10:20:48.4427230Z          Using triplet "arm64-windows" from "C:\a\OpenCppCoverage-ARM64\OpenCppCoverage-ARM64\vcpkg_installed\arm64-windows\"
2026-08-20T10:20:48.4449186Z          Using normalized configuration "Release"
2026-08-20T10:20:48.4494199Z        VcpkgBootstrap:
2026-08-20T10:20:48.4495559Z        Skipping target "VcpkgBootstrap" because all output files are up-to-date with respect to the input files.
2026-08-20T10:20:48.4518388Z        VcpkgInstallManifestDependencies:
2026-08-20T10:20:48.4520174Z        Skipping target "VcpkgInstallManifestDependencies" because all output files are up-to-date with respect to the input files.
2026-08-20T10:20:48.4621438Z        ClCompile:
2026-08-20T10:20:48.4626463Z          C:\Program Files\Microsoft Visual Studio\2022\Enterprise\VC\Tools\MSVC\14.44.35207\bin\HostArm64\arm64\CL.exe /c /I"C:\a\OpenCppCoverage-ARM64\OpenCppCoverage-ARM64\\" /I"C:\a\OpenCppCoverage-ARM64\OpenCppCoverage-ARM64\OpenCppCoverage\\" /I"C:\a\OpenCppCoverage-ARM64\OpenCppCoverage-ARM64\vcpkg_installed\arm64-windows\include" /Zi /nologo /W3 /WX /diagnostics:column /sdl /O2 /Oi /Oy- /GL /D WIN32 /D OPEN_CPP_COVERAGE_EXPORTS /D NDEBUG /D _CONSOLE /D _LIB /D BOOST_CONFIG_SUPPRESS_OUTDATED_MESSAGE /D "OPENCPPCOVERAGE_VERSION=\"0.9.9.0\"" /D _CRT_SECURE_NO_WARNINGS /D "PROJECT_DIR=R\"|(C:\a\OpenCppCoverage-ARM64\OpenCppCoverage-ARM64\OpenCppCoverage\)|\"" /D "SOLUTION_DIR=R\"|(C:\a\OpenCppCoverage-ARM64\OpenCppCoverage-ARM64\)|\"" /D "TARGET_FILE_NAME=R\"|(OpenCppCoverage.exe)|\"" /D "OUT_DIR=R\"|(C:\a\OpenCppCoverage-ARM64\OpenCppCoverage-ARM64\ARM64\Release\)|\"" /D NOMINMAX /D _ARM64_WINAPI_PARTITION_DESKTOP_SDK_AVAILABLE=1 /D _UNICODE /D UNICODE /Gm- /EHsc /MD /GS /Gy /fp:precise /Zc:wchar_t /Zc:forScope /Zc:inline /std:c++17 /permissive- /Yc"stdafx.h" /Fp"ARM64\Release\OpenCppCoverage.pch" /Fo"ARM64\Release\\" /Fd"ARM64\Release\vc143.pdb" /external:W3 /Gd /TP /analyze- /FC /errorReport:queue stdafx.cpp
2026-08-20T10:20:48.4810366Z          stdafx.cpp
2026-08-20T10:20:48.6373125Z          C:\Program Files\Microsoft Visual Studio\2022\Enterprise\VC\Tools\MSVC\14.44.35207\bin\HostArm64\arm64\CL.exe /c /I"C:\a\OpenCppCoverage-ARM64\OpenCppCoverage-ARM64\\" /I"C:\a\OpenCppCoverage-ARM64\OpenCppCoverage-ARM64\OpenCppCoverage\\" /I"C:\a\OpenCppCoverage-ARM64\OpenCppCoverage-ARM64\vcpkg_installed\arm64-windows\include" /Zi /nologo /W3 /WX /diagnostics:column /sdl /O2 /Oi /Oy- /GL /D WIN32 /D OPEN_CPP_COVERAGE_EXPORTS /D NDEBUG /D _CONSOLE /D _LIB /D BOOST_CONFIG_SUPPRESS_OUTDATED_MESSAGE /D "OPENCPPCOVERAGE_VERSION=\"0.9.9.0\"" /D _CRT_SECURE_NO_WARNINGS /D "PROJECT_DIR=R\"|(C:\a\OpenCppCoverage-ARM64\OpenCppCoverage-ARM64\OpenCppCoverage\)|\"" /D "SOLUTION_DIR=R\"|(C:\a\OpenCppCoverage-ARM64\OpenCppCoverage-ARM64\)|\"" /D "TARGET_FILE_NAME=R\"|(OpenCppCoverage.exe)|\"" /D "OUT_DIR=R\"|(C:\a\OpenCppCoverage-ARM64\OpenCppCoverage-ARM64\ARM64\Release\)|\"" /D NOMINMAX /D _ARM64_WINAPI_PARTITION_DESKTOP_SDK_AVAILABLE=1 /D _UNICODE /D UNICODE /Gm- /EHsc /MD /GS /Gy /fp:precise /Zc:wchar_t /Zc:forScope /Zc:inline /std:c++17 /permissive- /Yu"stdafx.h" /Fp"ARM64\Release\OpenCppCoverage.pch" /Fo"ARM64\Release\\" /Fd"ARM64\Release\vc143.pdb" /external:W3 /Gd /TP /analyze- /FC /errorReport:queue main.cpp OpenCppCoverage.cpp
2026-08-20T10:20:48.6624389Z     19>ClCompile:
2026-08-20T10:20:48.6625439Z          CoverageDataSerializerTest.cpp
2026-08-20T10:20:48.6864515Z      5>ClCompile:
2026-08-20T10:20:48.6865539Z          main.cpp
2026-08-20T10:20:49.1396611Z     19>ClCompile:
2026-08-20T10:20:49.1397235Z          ExporterPluginManagerTest.cpp
2026-08-20T10:20:49.2110725Z      5>ClCompile:
2026-08-20T10:20:49.2113239Z          OpenCppCoverage.cpp
2026-08-20T10:20:49.4986002Z     18>Link:
2026-08-20T10:20:49.4986962Z          Finished generating code
2026-08-20T10:20:50.2267799Z          CppCoverageTest.vcxproj -> C:\a\OpenCppCoverage-ARM64\OpenCppCoverage-ARM64\ARM64\Release\CppCoverageTest.exe
2026-08-20T10:20:50.2285893Z        AppLocalFromInstalled:
2026-08-20T10:20:50.2287949Z          "C:\Users\runneradmin\AppData\Local\OpenCppCoverage\vcpkg\vcpkg.exe" z-applocal --target-binary="C:\a\OpenCppCoverage-ARM64\OpenCppCoverage-ARM64\ARM64\Release\CppCoverageTest.exe" --installed-bin-dir="C:\a\OpenCppCoverage-ARM64\OpenCppCoverage-ARM64\vcpkg_installed\arm64-windows\bin" --tlog-file="ARM64\Release\CppCoverageTest.tlog\CppCoverageTest.write.1u.tlog" --copied-files-log="ARM64\Release\vcpkg.applocal.log"
2026-08-20T10:20:50.3274840Z          C:\a\OpenCppCoverage-ARM64\OpenCppCoverage-ARM64\vcpkg_installed\arm64-windows\bin\gmock.dll
2026-08-20T10:20:50.3277028Z          C:\a\OpenCppCoverage-ARM64\OpenCppCoverage-ARM64\vcpkg_installed\arm64-windows\bin\boost_log-vc143-mt-a64-1_91.dll
2026-08-20T10:20:50.3282855Z          C:\a\OpenCppCoverage-ARM64\OpenCppCoverage-ARM64\vcpkg_installed\arm64-windows\bin\boost_filesystem-vc143-mt-a64-1_91.dll
2026-08-20T10:20:50.3287659Z          C:\a\OpenCppCoverage-ARM64\OpenCppCoverage-ARM64\vcpkg_installed\arm64-windows\bin\boost_thread-vc143-mt-a64-1_91.dll
2026-08-20T10:20:50.3291275Z          C:\a\OpenCppCoverage-ARM64\OpenCppCoverage-ARM64\vcpkg_installed\arm64-windows\bin\boost_program_options-vc143-mt-a64-1_91.dll
2026-08-20T10:20:50.3292435Z          C:\a\OpenCppCoverage-ARM64\OpenCppCoverage-ARM64\vcpkg_installed\arm64-windows\bin\boost_iostreams-vc143-mt-a64-1_91.dll
2026-08-20T10:20:50.3293427Z          C:\a\OpenCppCoverage-ARM64\OpenCppCoverage-ARM64\vcpkg_installed\arm64-windows\bin\z.dll
2026-08-20T10:20:50.3294250Z          C:\a\OpenCppCoverage-ARM64\OpenCppCoverage-ARM64\vcpkg_installed\arm64-windows\bin\bz2.dll
2026-08-20T10:20:50.3296163Z          C:\a\OpenCppCoverage-ARM64\OpenCppCoverage-ARM64\vcpkg_installed\arm64-windows\bin\liblzma.dll
2026-08-20T10:20:50.3297740Z          C:\a\OpenCppCoverage-ARM64\OpenCppCoverage-ARM64\vcpkg_installed\arm64-windows\bin\zstd.dll
2026-08-20T10:20:50.3299227Z          C:\a\OpenCppCoverage-ARM64\OpenCppCoverage-ARM64\vcpkg_installed\arm64-windows\bin\boost_locale-vc143-mt-a64-1_91.dll
2026-08-20T10:20:50.3302425Z          C:\a\OpenCppCoverage-ARM64\OpenCppCoverage-ARM64\vcpkg_installed\arm64-windows\bin\PocoFoundation.dll
2026-08-20T10:20:50.3303711Z          C:\a\OpenCppCoverage-ARM64\OpenCppCoverage-ARM64\vcpkg_installed\arm64-windows\bin\pcre2-8.dll
2026-08-20T10:20:50.3304665Z          C:\a\OpenCppCoverage-ARM64\OpenCppCoverage-ARM64\vcpkg_installed\arm64-windows\bin\utf8proc.dll
2026-08-20T10:20:50.3515775Z        FinalizeBuildStatus:
2026-08-20T10:20:50.3517378Z          Deleting file "ARM64\Release\CppCoverageTest.tlog\unsuccessfulbuild".
2026-08-20T10:20:50.3521541Z          Touching "ARM64\Release\CppCoverageTest.tlog\CppCoverageTest.lastbuildstate".
2026-08-20T10:20:50.3522561Z     18>Done Building Project "C:\a\OpenCppCoverage-ARM64\OpenCppCoverage-ARM64\CppCoverageTest\CppCoverageTest.vcxproj" (default targets).
2026-08-20T10:20:50.3524362Z      2>Done Building Project "C:\a\OpenCppCoverage-ARM64\OpenCppCoverage-ARM64\CppCoverageTest\CppCoverageTest.vcxproj.metaproj" (default targets).
2026-08-20T10:20:50.9324419Z     19>ClCompile:
2026-08-20T10:20:50.9324831Z          ExporterTest.cpp
2026-08-20T10:20:51.9674049Z          HtmlExporterTest.cpp
2026-08-20T10:20:52.1892147Z      5>Link:
2026-08-20T10:20:52.1896698Z          C:\Program Files\Microsoft Visual Studio\2022\Enterprise\VC\Tools\MSVC\14.44.35207\bin\HostArm64\arm64\link.exe /ERRORREPORT:QUEUE /OUT:"C:\a\OpenCppCoverage-ARM64\OpenCppCoverage-ARM64\ARM64\Release\OpenCppCoverage.exe" /INCREMENTAL:NO /NOLOGO /LIBPATH:"C:\a\OpenCppCoverage-ARM64\OpenCppCoverage-ARM64\vcpkg_installed\arm64-windows\lib" /LIBPATH:"C:\a\OpenCppCoverage-ARM64\OpenCppCoverage-ARM64\vcpkg_installed\arm64-windows\lib\manual-link" bcrypt.lib kernel32.lib user32.lib gdi32.lib winspool.lib comdlg32.lib advapi32.lib shell32.lib ole32.lib oleaut32.lib uuid.lib odbc32.lib odbccp32.lib "C:\a\OpenCppCoverage-ARM64\OpenCppCoverage-ARM64\vcpkg_installed\arm64-windows\lib\*.lib" /MANIFEST /MANIFESTUAC:"level='asInvoker' uiAccess='false'" /manifest:embed /DEBUG /PDB:"C:\a\OpenCppCoverage-ARM64\OpenCppCoverage-ARM64\ARM64\Release\OpenCppCoverage.pdb" /SUBSYSTEM:CONSOLE /OPT:REF /OPT:ICF /LTCG /LTCGOUT:"ARM64\Release\OpenCppCoverage.iobj" /TLBID:1 /DYNAMICBASE /NXCOMPAT /IMPLIB:"C:\a\OpenCppCoverage-ARM64\OpenCppCoverage-ARM64\ARM64\Release\OpenCppCoverage.lib" /MACHINE:ARM64 ARM64\Release\main.obj
2026-08-20T10:20:52.1901268Z          ARM64\Release\OpenCppCoverage.obj
2026-08-20T10:20:52.1901614Z          ARM64\Release\stdafx.obj
2026-08-20T10:20:52.1902056Z          "C:\a\OpenCppCoverage-ARM64\OpenCppCoverage-ARM64\ARM64\Release\CppCoverage.lib"
2026-08-20T10:20:52.1902649Z          "C:\a\OpenCppCoverage-ARM64\OpenCppCoverage-ARM64\ARM64\Release\Exporter.lib"
2026-08-20T10:20:52.1903224Z          "C:\a\OpenCppCoverage-ARM64\OpenCppCoverage-ARM64\ARM64\Release\Plugin.lib"
2026-08-20T10:20:52.1903817Z          "C:\a\OpenCppCoverage-ARM64\OpenCppCoverage-ARM64\ARM64\Release\Tools.lib"
2026-08-20T10:20:52.3194767Z          Generating code
2026-08-20T10:20:52.9229263Z          Finished generating code
2026-08-20T10:20:52.9543214Z     19>ClCompile:
2026-08-20T10:20:52.9543598Z          HtmlFileCoverageExporterTest.cpp
2026-08-20T10:20:53.2331881Z      5>Link:
2026-08-20T10:20:53.2342251Z          OpenCppCoverage.vcxproj -> C:\a\OpenCppCoverage-ARM64\OpenCppCoverage-ARM64\ARM64\Release\OpenCppCoverage.exe
2026-08-20T10:20:53.2364521Z        AppLocalFromInstalled:
2026-08-20T10:20:53.2366356Z          "C:\Users\runneradmin\AppData\Local\OpenCppCoverage\vcpkg\vcpkg.exe" z-applocal --target-binary="C:\a\OpenCppCoverage-ARM64\OpenCppCoverage-ARM64\ARM64\Release\OpenCppCoverage.exe" --installed-bin-dir="C:\a\OpenCppCoverage-ARM64\OpenCppCoverage-ARM64\vcpkg_installed\arm64-windows\bin" --tlog-file="ARM64\Release\OpenCppCoverage.tlog\OpenCppCoverage.write.1u.tlog" --copied-files-log="ARM64\Release\vcpkg.applocal.log"
2026-08-20T10:20:53.3238257Z          C:\a\OpenCppCoverage-ARM64\OpenCppCoverage-ARM64\vcpkg_installed\arm64-windows\bin\boost_log-vc143-mt-a64-1_91.dll
2026-08-20T10:20:53.3259938Z          C:\a\OpenCppCoverage-ARM64\OpenCppCoverage-ARM64\vcpkg_installed\arm64-windows\bin\boost_filesystem-vc143-mt-a64-1_91.dll
2026-08-20T10:20:53.3261602Z          C:\a\OpenCppCoverage-ARM64\OpenCppCoverage-ARM64\vcpkg_installed\arm64-windows\bin\boost_thread-vc143-mt-a64-1_91.dll
2026-08-20T10:20:53.3263614Z          C:\a\OpenCppCoverage-ARM64\OpenCppCoverage-ARM64\vcpkg_installed\arm64-windows\bin\boost_program_options-vc143-mt-a64-1_91.dll
2026-08-20T10:20:53.3265890Z          C:\a\OpenCppCoverage-ARM64\OpenCppCoverage-ARM64\vcpkg_installed\arm64-windows\bin\boost_iostreams-vc143-mt-a64-1_91.dll
2026-08-20T10:20:53.3267539Z          C:\a\OpenCppCoverage-ARM64\OpenCppCoverage-ARM64\vcpkg_installed\arm64-windows\bin\z.dll
2026-08-20T10:20:53.3269343Z          C:\a\OpenCppCoverage-ARM64\OpenCppCoverage-ARM64\vcpkg_installed\arm64-windows\bin\bz2.dll
2026-08-20T10:20:53.3270735Z          C:\a\OpenCppCoverage-ARM64\OpenCppCoverage-ARM64\vcpkg_installed\arm64-windows\bin\liblzma.dll
2026-08-20T10:20:53.3272327Z          C:\a\OpenCppCoverage-ARM64\OpenCppCoverage-ARM64\vcpkg_installed\arm64-windows\bin\zstd.dll
2026-08-20T10:20:53.3273764Z          C:\a\OpenCppCoverage-ARM64\OpenCppCoverage-ARM64\vcpkg_installed\arm64-windows\bin\boost_locale-vc143-mt-a64-1_91.dll
2026-08-20T10:20:53.3275371Z          C:\a\OpenCppCoverage-ARM64\OpenCppCoverage-ARM64\vcpkg_installed\arm64-windows\bin\abseil_dll.dll
2026-08-20T10:20:53.3291130Z          C:\a\OpenCppCoverage-ARM64\OpenCppCoverage-ARM64\vcpkg_installed\arm64-windows\bin\libctemplate.dll
2026-08-20T10:20:53.3302855Z          C:\a\OpenCppCoverage-ARM64\OpenCppCoverage-ARM64\vcpkg_installed\arm64-windows\bin\libprotobuf-lite.dll
2026-08-20T10:20:53.3315072Z          C:\a\OpenCppCoverage-ARM64\OpenCppCoverage-ARM64\vcpkg_installed\arm64-windows\bin\libprotobuf.dll
2026-08-20T10:20:53.3591418Z        PostBuildEvent:
2026-08-20T10:20:53.3592301Z          if not exist "C:\a\OpenCppCoverage-ARM64\OpenCppCoverage-ARM64\ARM64\Release\Plugins\Exporter" mkdir "C:\a\OpenCppCoverage-ARM64\OpenCppCoverage-ARM64\ARM64\Release\Plugins\Exporter"
2026-08-20T10:20:53.3593119Z          :VCEnd
2026-08-20T10:20:53.4096544Z        FinalizeBuildStatus:
2026-08-20T10:20:53.4097216Z          Deleting file "ARM64\Release\OpenCppCoverage.tlog\unsuccessfulbuild".
2026-08-20T10:20:53.4099168Z          Touching "ARM64\Release\OpenCppCoverage.tlog\OpenCppCoverage.lastbuildstate".
2026-08-20T10:20:53.4112687Z      5>Done Building Project "C:\a\OpenCppCoverage-ARM64\OpenCppCoverage-ARM64\OpenCppCoverage\OpenCppCoverage.vcxproj" (default targets).
2026-08-20T10:20:54.0668764Z     19>ClCompile:
2026-08-20T10:20:54.0669111Z          HtmlFolderStructureTest.cpp
2026-08-20T10:20:54.4254015Z          TemplateHtmlExporterTest.cpp
2026-08-20T10:20:55.3691780Z        Link:
2026-08-20T10:20:55.3695892Z          C:\Program Files\Microsoft Visual Studio\2022\Enterprise\VC\Tools\MSVC\14.44.35207\bin\HostArm64\arm64\link.exe /ERRORREPORT:QUEUE /OUT:"C:\a\OpenCppCoverage-ARM64\OpenCppCoverage-ARM64\ARM64\Release\ExporterTest.exe" /INCREMENTAL:NO /NOLOGO /LIBPATH:"C:\a\OpenCppCoverage-ARM64\OpenCppCoverage-ARM64\vcpkg_installed\arm64-windows\lib" /LIBPATH:"C:\a\OpenCppCoverage-ARM64\OpenCppCoverage-ARM64\vcpkg_installed\arm64-windows\lib\manual-link" gmock.lib gtest.lib bcrypt.lib kernel32.lib user32.lib gdi32.lib winspool.lib comdlg32.lib advapi32.lib shell32.lib ole32.lib oleaut32.lib uuid.lib odbc32.lib odbccp32.lib "C:\a\OpenCppCoverage-ARM64\OpenCppCoverage-ARM64\vcpkg_installed\arm64-windows\lib\*.lib" /MANIFEST /MANIFESTUAC:"level='asInvoker' uiAccess='false'" /manifest:embed /DEBUG /PDB:"C:\a\OpenCppCoverage-ARM64\OpenCppCoverage-ARM64\ARM64\Release\ExporterTest.pdb" /SUBSYSTEM:CONSOLE /OPT:REF /OPT:ICF /LTCG /LTCGOUT:"ARM64\Release\ExporterTest.iobj" /TLBID:1 /DYNAMICBASE /NXCOMPAT /IMPLIB:"C:\a\OpenCppCoverage-ARM64\OpenCppCoverage-ARM64\ARM64\Release\ExporterTest.lib" /MACHINE:ARM64 ARM64\Release\BinaryExporterTest.obj
2026-08-20T10:20:55.3700134Z          ARM64\Release\CoberturaExporterTest.obj
2026-08-20T10:20:55.3700537Z          ARM64\Release\CoverageDataSerializerTest.obj
2026-08-20T10:20:55.3701269Z          ARM64\Release\ExporterPluginManagerTest.obj
2026-08-20T10:20:55.3701671Z          ARM64\Release\ExporterTest.obj
2026-08-20T10:20:55.3701992Z          ARM64\Release\HtmlExporterTest.obj
2026-08-20T10:20:55.3702347Z          ARM64\Release\HtmlFileCoverageExporterTest.obj
2026-08-20T10:20:55.3702748Z          ARM64\Release\HtmlFolderStructureTest.obj
2026-08-20T10:20:55.3703079Z          ARM64\Release\stdafx.obj
2026-08-20T10:20:55.3703399Z          ARM64\Release\TemplateHtmlExporterTest.obj
2026-08-20T10:20:55.3703882Z          "C:\a\OpenCppCoverage-ARM64\OpenCppCoverage-ARM64\ARM64\Release\CppCoverage.lib"
2026-08-20T10:20:55.3704501Z          "C:\a\OpenCppCoverage-ARM64\OpenCppCoverage-ARM64\ARM64\Release\Exporter.lib"
2026-08-20T10:20:55.3705072Z          "C:\a\OpenCppCoverage-ARM64\OpenCppCoverage-ARM64\ARM64\Release\Plugin.lib"
2026-08-20T10:20:55.3705653Z          "C:\a\OpenCppCoverage-ARM64\OpenCppCoverage-ARM64\ARM64\Release\TestHelper.lib"
2026-08-20T10:20:55.3706258Z          "C:\a\OpenCppCoverage-ARM64\OpenCppCoverage-ARM64\ARM64\Release\Tools.lib"
2026-08-20T10:20:55.5792671Z             Creating library C:\a\OpenCppCoverage-ARM64\OpenCppCoverage-ARM64\ARM64\Release\ExporterTest.lib and object C:\a\OpenCppCoverage-ARM64\OpenCppCoverage-ARM64\ARM64\Release\ExporterTest.exp
2026-08-20T10:20:55.6108830Z          Generating code
2026-08-20T10:20:59.4894244Z          Finished generating code
2026-08-20T10:21:00.0356211Z          ExporterTest.vcxproj -> C:\a\OpenCppCoverage-ARM64\OpenCppCoverage-ARM64\ARM64\Release\ExporterTest.exe
2026-08-20T10:21:00.0371387Z        AppLocalFromInstalled:
2026-08-20T10:21:00.0373066Z          "C:\Users\runneradmin\AppData\Local\OpenCppCoverage\vcpkg\vcpkg.exe" z-applocal --target-binary="C:\a\OpenCppCoverage-ARM64\OpenCppCoverage-ARM64\ARM64\Release\ExporterTest.exe" --installed-bin-dir="C:\a\OpenCppCoverage-ARM64\OpenCppCoverage-ARM64\vcpkg_installed\arm64-windows\bin" --tlog-file="ARM64\Release\ExporterTest.tlog\ExporterTest.write.1u.tlog" --copied-files-log="ARM64\Release\vcpkg.applocal.log"
2026-08-20T10:21:00.1327104Z          C:\a\OpenCppCoverage-ARM64\OpenCppCoverage-ARM64\vcpkg_installed\arm64-windows\bin\gmock.dll
2026-08-20T10:21:00.1328294Z          C:\a\OpenCppCoverage-ARM64\OpenCppCoverage-ARM64\vcpkg_installed\arm64-windows\bin\libctemplate.dll
2026-08-20T10:21:00.1329112Z          C:\a\OpenCppCoverage-ARM64\OpenCppCoverage-ARM64\vcpkg_installed\arm64-windows\bin\boost_log-vc143-mt-a64-1_91.dll
2026-08-20T10:21:00.1330005Z          C:\a\OpenCppCoverage-ARM64\OpenCppCoverage-ARM64\vcpkg_installed\arm64-windows\bin\boost_filesystem-vc143-mt-a64-1_91.dll
2026-08-20T10:21:00.1330874Z          C:\a\OpenCppCoverage-ARM64\OpenCppCoverage-ARM64\vcpkg_installed\arm64-windows\bin\boost_thread-vc143-mt-a64-1_91.dll
2026-08-20T10:21:00.1331758Z          C:\a\OpenCppCoverage-ARM64\OpenCppCoverage-ARM64\vcpkg_installed\arm64-windows\bin\boost_program_options-vc143-mt-a64-1_91.dll
2026-08-20T10:21:00.1332669Z          C:\a\OpenCppCoverage-ARM64\OpenCppCoverage-ARM64\vcpkg_installed\arm64-windows\bin\boost_iostreams-vc143-mt-a64-1_91.dll
2026-08-20T10:21:00.1333467Z          C:\a\OpenCppCoverage-ARM64\OpenCppCoverage-ARM64\vcpkg_installed\arm64-windows\bin\z.dll
2026-08-20T10:21:00.1334134Z          C:\a\OpenCppCoverage-ARM64\OpenCppCoverage-ARM64\vcpkg_installed\arm64-windows\bin\bz2.dll
2026-08-20T10:21:00.1334817Z          C:\a\OpenCppCoverage-ARM64\OpenCppCoverage-ARM64\vcpkg_installed\arm64-windows\bin\liblzma.dll
2026-08-20T10:21:00.1335528Z          C:\a\OpenCppCoverage-ARM64\OpenCppCoverage-ARM64\vcpkg_installed\arm64-windows\bin\zstd.dll
2026-08-20T10:21:00.1336286Z          C:\a\OpenCppCoverage-ARM64\OpenCppCoverage-ARM64\vcpkg_installed\arm64-windows\bin\boost_locale-vc143-mt-a64-1_91.dll
2026-08-20T10:21:00.1337065Z          C:\a\OpenCppCoverage-ARM64\OpenCppCoverage-ARM64\vcpkg_installed\arm64-windows\bin\abseil_dll.dll
2026-08-20T10:21:00.1338022Z          C:\a\OpenCppCoverage-ARM64\OpenCppCoverage-ARM64\vcpkg_installed\arm64-windows\bin\libprotobuf-lite.dll
2026-08-20T10:21:00.1338854Z          C:\a\OpenCppCoverage-ARM64\OpenCppCoverage-ARM64\vcpkg_installed\arm64-windows\bin\libprotobuf.dll
2026-08-20T10:21:00.1339601Z          C:\a\OpenCppCoverage-ARM64\OpenCppCoverage-ARM64\vcpkg_installed\arm64-windows\bin\PocoFoundation.dll
2026-08-20T10:21:00.1340325Z          C:\a\OpenCppCoverage-ARM64\OpenCppCoverage-ARM64\vcpkg_installed\arm64-windows\bin\pcre2-8.dll
2026-08-20T10:21:00.1341051Z          C:\a\OpenCppCoverage-ARM64\OpenCppCoverage-ARM64\vcpkg_installed\arm64-windows\bin\utf8proc.dll
2026-08-20T10:21:00.1484053Z        FinalizeBuildStatus:
2026-08-20T10:21:00.1484506Z          Deleting file "ARM64\Release\ExporterTest.tlog\unsuccessfulbuild".
2026-08-20T10:21:00.1488069Z          Touching "ARM64\Release\ExporterTest.tlog\ExporterTest.lastbuildstate".
2026-08-20T10:21:00.1494409Z     19>Done Building Project "C:\a\OpenCppCoverage-ARM64\OpenCppCoverage-ARM64\ExporterTest\ExporterTest.vcxproj" (default targets).
2026-08-20T10:21:00.1502412Z      3>Done Building Project "C:\a\OpenCppCoverage-ARM64\OpenCppCoverage-ARM64\ExporterTest\ExporterTest.vcxproj.metaproj" (default targets).
2026-08-20T10:21:00.1964060Z      1>Project "C:\a\OpenCppCoverage-ARM64\OpenCppCoverage-ARM64\CppCoverage.sln" (1) is building "C:\a\OpenCppCoverage-ARM64\OpenCppCoverage-ARM64\OpenCppCoverageTest\OpenCppCoverageTest.vcxproj.metaproj" (4) on node 1 (default targets).
2026-08-20T10:21:00.1965971Z      4>Project "C:\a\OpenCppCoverage-ARM64\OpenCppCoverage-ARM64\OpenCppCoverageTest\OpenCppCoverageTest.vcxproj.metaproj" (4) is building "C:\a\OpenCppCoverage-ARM64\OpenCppCoverage-ARM64\OpenCppCoverageTest\OpenCppCoverageTest.vcxproj" (20) on node 1 (default targets).
2026-08-20T10:21:00.1967210Z     20>PrepareForBuild:
2026-08-20T10:21:00.1967528Z          Creating directory "ARM64\Release\".
2026-08-20T10:21:00.1992516Z          Structured output is enabled. The formatting of compiler diagnostics will reflect the error hierarchy. See https://aka.ms/cpp/structured-output for more details.
2026-08-20T10:21:00.1994154Z          Creating directory "ARM64\Release\OpenCppC.F892B2B1.tlog\".
2026-08-20T10:21:00.2021973Z        InitializeBuildStatus:
2026-08-20T10:21:00.2022611Z          Creating "ARM64\Release\OpenCppC.F892B2B1.tlog\unsuccessfulbuild" because "AlwaysCreate" was specified.
2026-08-20T10:21:00.2023263Z          Touching "ARM64\Release\OpenCppC.F892B2B1.tlog\unsuccessfulbuild".
2026-08-20T10:21:00.2196101Z        VcpkgTripletSelection:
2026-08-20T10:21:00.2196788Z          Using triplet "arm64-windows" from "C:\a\OpenCppCoverage-ARM64\OpenCppCoverage-ARM64\vcpkg_installed\arm64-windows\"
2026-08-20T10:21:00.2197418Z          Using normalized configuration "Release"
2026-08-20T10:21:00.2198640Z        VcpkgBootstrap:
2026-08-20T10:21:00.2199162Z        Skipping target "VcpkgBootstrap" because all output files are up-to-date with respect to the input files.
2026-08-20T10:21:00.2200958Z        VcpkgInstallManifestDependencies:
2026-08-20T10:21:00.2201665Z        Skipping target "VcpkgInstallManifestDependencies" because all output files are up-to-date with respect to the input files.
2026-08-20T10:21:00.2246275Z        ClCompile:
2026-08-20T10:21:00.2251319Z          C:\Program Files\Microsoft Visual Studio\2022\Enterprise\VC\Tools\MSVC\14.44.35207\bin\HostArm64\arm64\CL.exe /c /I"C:\a\OpenCppCoverage-ARM64\OpenCppCoverage-ARM64\\" /I"C:\a\OpenCppCoverage-ARM64\OpenCppCoverage-ARM64\OpenCppCoverageTest\\" /I"C:\a\OpenCppCoverage-ARM64\OpenCppCoverage-ARM64\vcpkg_installed\arm64-windows\include" /Zi /nologo /W3 /WX /diagnostics:column /sdl /O2 /Oi /Oy- /GL /D WIN32 /D NDEBUG /D _CONSOLE /D _LIB /D GTEST_LINKED_AS_SHARED_LIBRARY=1 /D _SILENCE_TR1_NAMESPACE_DEPRECATION_WARNING /D BOOST_CONFIG_SUPPRESS_OUTDATED_MESSAGE /D "OPENCPPCOVERAGE_VERSION=\"0.9.9.0\"" /D _CRT_SECURE_NO_WARNINGS /D "PROJECT_DIR=R\"|(C:\a\OpenCppCoverage-ARM64\OpenCppCoverage-ARM64\OpenCppCoverageTest\)|\"" /D "SOLUTION_DIR=R\"|(C:\a\OpenCppCoverage-ARM64\OpenCppCoverage-ARM64\)|\"" /D "TARGET_FILE_NAME=R\"|(OpenCppCoverageTest.exe)|\"" /D "OUT_DIR=R\"|(C:\a\OpenCppCoverage-ARM64\OpenCppCoverage-ARM64\ARM64\Release\)|\"" /D NOMINMAX /D _ARM64_WINAPI_PARTITION_DESKTOP_SDK_AVAILABLE=1 /D _UNICODE /D UNICODE /Gm- /EHsc /MD /GS /Gy /fp:precise /Zc:wchar_t /Zc:forScope /Zc:inline /std:c++17 /permissive- /Fo"ARM64\Release\\" /Fd"ARM64\Release\vc143.pdb" /external:W3 /Gd /TP /wd4251 /wd4275 /analyze- /FC /errorReport:queue CommandLineOptionsTest.cpp ImportExportTests.cpp OpenCppCoverageConsoleTest.cpp OpenCppCoverageTest.cpp OpenCppCoverageTestTools.cpp stdafx.cpp WarningManagerTests.cpp
2026-08-20T10:21:00.2773336Z          CommandLineOptionsTest.cpp
2026-08-20T10:21:02.9830009Z          ImportExportTests.cpp
2026-08-20T10:21:05.1959927Z          OpenCppCoverageConsoleTest.cpp
2026-08-20T10:21:08.3147537Z          OpenCppCoverageTest.cpp
2026-08-20T10:21:09.9214829Z          OpenCppCoverageTestTools.cpp
2026-08-20T10:21:12.3072814Z          stdafx.cpp
2026-08-20T10:21:13.9017251Z          WarningManagerTests.cpp
2026-08-20T10:21:16.6758255Z        Link:
2026-08-20T10:21:16.6762431Z          C:\Program Files\Microsoft Visual Studio\2022\Enterprise\VC\Tools\MSVC\14.44.35207\bin\HostArm64\arm64\link.exe /ERRORREPORT:QUEUE /OUT:"C:\a\OpenCppCoverage-ARM64\OpenCppCoverage-ARM64\ARM64\Release\OpenCppCoverageTest.exe" /INCREMENTAL:NO /NOLOGO /LIBPATH:"C:\a\OpenCppCoverage-ARM64\OpenCppCoverage-ARM64\vcpkg_installed\arm64-windows\lib" /LIBPATH:"C:\a\OpenCppCoverage-ARM64\OpenCppCoverage-ARM64\vcpkg_installed\arm64-windows\lib\manual-link" gmock.lib gtest.lib bcrypt.lib kernel32.lib user32.lib gdi32.lib winspool.lib comdlg32.lib advapi32.lib shell32.lib ole32.lib oleaut32.lib uuid.lib odbc32.lib odbccp32.lib "C:\a\OpenCppCoverage-ARM64\OpenCppCoverage-ARM64\vcpkg_installed\arm64-windows\lib\*.lib" /MANIFEST /MANIFESTUAC:"level='asInvoker' uiAccess='false'" /manifest:embed /DEBUG /PDB:"C:\a\OpenCppCoverage-ARM64\OpenCppCoverage-ARM64\ARM64\Release\OpenCppCoverageTest.pdb" /SUBSYSTEM:CONSOLE /OPT:REF /OPT:ICF /LTCG /LTCGOUT:"ARM64\Release\OpenCppCoverageTest.iobj" /TLBID:1 /DYNAMICBASE /NXCOMPAT /IMPLIB:"C:\a\OpenCppCoverage-ARM64\OpenCppCoverage-ARM64\ARM64\Release\OpenCppCoverageTest.lib" /MACHINE:ARM64 ARM64\Release\CommandLineOptionsTest.obj
2026-08-20T10:21:16.6767177Z          ARM64\Release\ImportExportTests.obj
2026-08-20T10:21:16.6767533Z          ARM64\Release\OpenCppCoverageConsoleTest.obj
2026-08-20T10:21:16.6767915Z          ARM64\Release\OpenCppCoverageTest.obj
2026-08-20T10:21:16.6768266Z          ARM64\Release\OpenCppCoverageTestTools.obj
2026-08-20T10:21:16.6768602Z          ARM64\Release\stdafx.obj
2026-08-20T10:21:16.6768909Z          ARM64\Release\WarningManagerTests.obj
2026-08-20T10:21:16.6769398Z          "C:\a\OpenCppCoverage-ARM64\OpenCppCoverage-ARM64\ARM64\Release\CppCoverage.lib"
2026-08-20T10:21:16.6769992Z          "C:\a\OpenCppCoverage-ARM64\OpenCppCoverage-ARM64\ARM64\Release\Exporter.lib"
2026-08-20T10:21:16.6770573Z          "C:\a\OpenCppCoverage-ARM64\OpenCppCoverage-ARM64\ARM64\Release\Plugin.lib"
2026-08-20T10:21:16.6771195Z          "C:\a\OpenCppCoverage-ARM64\OpenCppCoverage-ARM64\ARM64\Release\TestCoverageSharedLib.lib"
2026-08-20T10:21:16.6771856Z          "C:\a\OpenCppCoverage-ARM64\OpenCppCoverage-ARM64\ARM64\Release\TestHelper.lib"
2026-08-20T10:21:16.6772426Z          "C:\a\OpenCppCoverage-ARM64\OpenCppCoverage-ARM64\ARM64\Release\Tools.lib"
2026-08-20T10:21:16.8969748Z          Generating code
2026-08-20T10:21:18.2979123Z          Finished generating code
2026-08-20T10:21:18.6326351Z          OpenCppCoverageTest.vcxproj -> C:\a\OpenCppCoverage-ARM64\OpenCppCoverage-ARM64\ARM64\Release\OpenCppCoverageTest.exe
2026-08-20T10:21:18.6342337Z        AppLocalFromInstalled:
2026-08-20T10:21:18.6344475Z          "C:\Users\runneradmin\AppData\Local\OpenCppCoverage\vcpkg\vcpkg.exe" z-applocal --target-binary="C:\a\OpenCppCoverage-ARM64\OpenCppCoverage-ARM64\ARM64\Release\OpenCppCoverageTest.exe" --installed-bin-dir="C:\a\OpenCppCoverage-ARM64\OpenCppCoverage-ARM64\vcpkg_installed\arm64-windows\bin" --tlog-file="ARM64\Release\OpenCppC.F892B2B1.tlog\OpenCppCoverageTest.write.1u.tlog" --copied-files-log="ARM64\Release\vcpkg.applocal.log"
2026-08-20T10:21:18.7248894Z          C:\a\OpenCppCoverage-ARM64\OpenCppCoverage-ARM64\vcpkg_installed\arm64-windows\bin\gmock.dll
2026-08-20T10:21:18.7249710Z          C:\a\OpenCppCoverage-ARM64\OpenCppCoverage-ARM64\vcpkg_installed\arm64-windows\bin\PocoFoundation.dll
2026-08-20T10:21:18.7250501Z          C:\a\OpenCppCoverage-ARM64\OpenCppCoverage-ARM64\vcpkg_installed\arm64-windows\bin\pcre2-8.dll
2026-08-20T10:21:18.7251194Z          C:\a\OpenCppCoverage-ARM64\OpenCppCoverage-ARM64\vcpkg_installed\arm64-windows\bin\z.dll
2026-08-20T10:21:18.7251886Z          C:\a\OpenCppCoverage-ARM64\OpenCppCoverage-ARM64\vcpkg_installed\arm64-windows\bin\utf8proc.dll
2026-08-20T10:21:18.7252725Z          C:\a\OpenCppCoverage-ARM64\OpenCppCoverage-ARM64\vcpkg_installed\arm64-windows\bin\boost_log-vc143-mt-a64-1_91.dll
2026-08-20T10:21:18.7253603Z          C:\a\OpenCppCoverage-ARM64\OpenCppCoverage-ARM64\vcpkg_installed\arm64-windows\bin\boost_filesystem-vc143-mt-a64-1_91.dll
2026-08-20T10:21:18.7254492Z          C:\a\OpenCppCoverage-ARM64\OpenCppCoverage-ARM64\vcpkg_installed\arm64-windows\bin\boost_thread-vc143-mt-a64-1_91.dll
2026-08-20T10:21:18.7255453Z          C:\a\OpenCppCoverage-ARM64\OpenCppCoverage-ARM64\vcpkg_installed\arm64-windows\bin\boost_program_options-vc143-mt-a64-1_91.dll
2026-08-20T10:21:18.7256389Z          C:\a\OpenCppCoverage-ARM64\OpenCppCoverage-ARM64\vcpkg_installed\arm64-windows\bin\boost_iostreams-vc143-mt-a64-1_91.dll
2026-08-20T10:21:18.7257159Z          C:\a\OpenCppCoverage-ARM64\OpenCppCoverage-ARM64\vcpkg_installed\arm64-windows\bin\bz2.dll
2026-08-20T10:21:18.7257870Z          C:\a\OpenCppCoverage-ARM64\OpenCppCoverage-ARM64\vcpkg_installed\arm64-windows\bin\liblzma.dll
2026-08-20T10:21:18.7258606Z          C:\a\OpenCppCoverage-ARM64\OpenCppCoverage-ARM64\vcpkg_installed\arm64-windows\bin\zstd.dll
2026-08-20T10:21:18.7259372Z          C:\a\OpenCppCoverage-ARM64\OpenCppCoverage-ARM64\vcpkg_installed\arm64-windows\bin\boost_locale-vc143-mt-a64-1_91.dll
2026-08-20T10:21:18.7261141Z          C:\a\OpenCppCoverage-ARM64\OpenCppCoverage-ARM64\vcpkg_installed\arm64-windows\bin\abseil_dll.dll
2026-08-20T10:21:18.7261914Z          C:\a\OpenCppCoverage-ARM64\OpenCppCoverage-ARM64\vcpkg_installed\arm64-windows\bin\libctemplate.dll
2026-08-20T10:21:18.7262675Z          C:\a\OpenCppCoverage-ARM64\OpenCppCoverage-ARM64\vcpkg_installed\arm64-windows\bin\libprotobuf-lite.dll
2026-08-20T10:21:18.7263425Z          C:\a\OpenCppCoverage-ARM64\OpenCppCoverage-ARM64\vcpkg_installed\arm64-windows\bin\libprotobuf.dll
2026-08-20T10:21:18.7440126Z        PostBuildEvent:
2026-08-20T10:21:18.7440989Z          xcopy /y "C:\a\OpenCppCoverage-ARM64\OpenCppCoverage-ARM64\ARM64\Release\TestCoverageSharedLib.dll" "C:\a\OpenCppCoverage-ARM64\OpenCppCoverage-ARM64\ARM64\Release\Plugins\Exporter"
2026-08-20T10:21:18.7441822Z          :VCEnd
2026-08-20T10:21:18.7994569Z          C:\a\OpenCppCoverage-ARM64\OpenCppCoverage-ARM64\ARM64\Release\TestCoverageSharedLib.dll
2026-08-20T10:21:18.8016968Z          1 File(s) copied
2026-08-20T10:21:18.8110031Z        FinalizeBuildStatus:
2026-08-20T10:21:18.8110488Z          Deleting file "ARM64\Release\OpenCppC.F892B2B1.tlog\unsuccessfulbuild".
2026-08-20T10:21:18.8114542Z          Touching "ARM64\Release\OpenCppC.F892B2B1.tlog\OpenCppCoverageTest.lastbuildstate".
2026-08-20T10:21:18.8120792Z     20>Done Building Project "C:\a\OpenCppCoverage-ARM64\OpenCppCoverage-ARM64\OpenCppCoverageTest\OpenCppCoverageTest.vcxproj" (default targets).
2026-08-20T10:21:18.8127974Z      4>Done Building Project "C:\a\OpenCppCoverage-ARM64\OpenCppCoverage-ARM64\OpenCppCoverageTest\OpenCppCoverageTest.vcxproj.metaproj" (default targets).
2026-08-20T10:21:18.8134593Z      1>Done Building Project "C:\a\OpenCppCoverage-ARM64\OpenCppCoverage-ARM64\CppCoverage.sln" (default targets).
2026-08-20T10:21:18.8523153Z Deferred Messages
2026-08-20T10:21:18.8523732Z          
2026-08-20T10:21:18.8523985Z          Detailed Build Summary
2026-08-20T10:21:18.8524295Z          ======================
2026-08-20T10:21:18.8524596Z              
2026-08-20T10:21:18.8524834Z          
2026-08-20T10:21:18.8525291Z          ============================== Build Hierarchy (IDs represent configurations) =====================================================
2026-08-20T10:21:18.8525868Z          Id                  : Exclusive Time   Total Time   Path (Targets)
2026-08-20T10:21:18.8526466Z          -----------------------------------------------------------------------------------------------------------------------------------
2026-08-20T10:21:18.8530380Z          0                   : 0.222s           147.988s       C:\a\OpenCppCoverage-ARM64\OpenCppCoverage-ARM64\CppCoverage.sln () 
2026-08-20T10:21:18.8531368Z          | 15                : 0.000s           0.000s       C:\a\OpenCppCoverage-ARM64\OpenCppCoverage-ARM64\Plugin\Plugin.vcxproj () 
2026-08-20T10:21:18.8532332Z          | 14                : 0.000s           0.000s       C:\a\OpenCppCoverage-ARM64\OpenCppCoverage-ARM64\TestCoverageOptimizedBuild\TestCoverageOptimizedBuild.vcxproj () 
2026-08-20T10:21:18.8533323Z          | 11                : 0.000s           0.000s       C:\a\OpenCppCoverage-ARM64\OpenCppCoverage-ARM64\FileFilter\FileFilter.vcxproj () 
2026-08-20T10:21:18.8534098Z          | 9                 : 0.000s           0.000s       C:\a\OpenCppCoverage-ARM64\OpenCppCoverage-ARM64\Tools\Tools.vcxproj () 
2026-08-20T10:21:18.8534985Z          | 7                 : 0.000s           0.000s       C:\a\OpenCppCoverage-ARM64\OpenCppCoverage-ARM64\TestCoverageSharedLib\TestCoverageSharedLib.vcxproj () 
2026-08-20T10:21:18.8535854Z          | 5                 : 0.000s           0.000s       C:\a\OpenCppCoverage-ARM64\OpenCppCoverage-ARM64\Exporter\Exporter.vcxproj () 
2026-08-20T10:21:18.8536770Z          | 3                 : 0.033s           119.312s       C:\a\OpenCppCoverage-ARM64\OpenCppCoverage-ARM64\CppCoverageTest\CppCoverageTest.vcxproj.metaproj () 
2026-08-20T10:21:18.8538126Z          | | 4               : 0.000s           0.000s       C:\a\OpenCppCoverage-ARM64\OpenCppCoverage-ARM64\TestCoverageConsole\TestCoverageConsole.vcxproj () 
2026-08-20T10:21:18.8539000Z          | | 1               : 0.000s           0.000s       C:\a\OpenCppCoverage-ARM64\OpenCppCoverage-ARM64\CppCoverage\CppCoverage.vcxproj () 
2026-08-20T10:21:18.8540062Z          | . 45              : 1.994s           2.286s       C:\a\OpenCppCoverage-ARM64\OpenCppCoverage-ARM64\CppCoverageTest\CppCoverageTest.vcxproj () 
2026-08-20T10:21:18.8541084Z          | | | 46            : 0.000s           0.000s       C:\a\OpenCppCoverage-ARM64\OpenCppCoverage-ARM64\TestCoverageConsole\TestCoverageConsole.vcxproj (GetNativeManifest) 
2026-08-20T10:21:18.8542204Z          | | | 48            : 0.011s           0.011s       C:\a\OpenCppCoverage-ARM64\OpenCppCoverage-ARM64\TestCoverageConsole\TestCoverageConsole.vcxproj (GetProjectInfoForReference) 
2026-08-20T10:21:18.8543438Z          | | | 59            : 0.002s           0.002s       C:\a\OpenCppCoverage-ARM64\OpenCppCoverage-ARM64\TestCoverageOptimizedBuild\TestCoverageOptimizedBuild.vcxproj (GetCopyToOutputDirectoryItems) 
2026-08-20T10:21:18.8544761Z          | | . 60            : 0.000s           0.000s       C:\a\OpenCppCoverage-ARM64\OpenCppCoverage-ARM64\TestCoverageConsole\TestCoverageConsole.vcxproj (GetCopyToOutputDirectoryItems) 
2026-08-20T10:21:18.8545850Z          | 4                 : 0.866s           24.309s       C:\a\OpenCppCoverage-ARM64\OpenCppCoverage-ARM64\TestCoverageConsole\TestCoverageConsole.vcxproj () 
2026-08-20T10:21:18.8546691Z          | | 9               : 0.000s           0.000s       C:\a\OpenCppCoverage-ARM64\OpenCppCoverage-ARM64\Tools\Tools.vcxproj () 
2026-08-20T10:21:18.8547708Z          | | 20              : 0.000s           0.000s       C:\a\OpenCppCoverage-ARM64\OpenCppCoverage-ARM64\Tools\Tools.vcxproj (GetNativeManifest) 
2026-08-20T10:21:18.8548653Z          | | 23              : 0.000s           0.000s       C:\a\OpenCppCoverage-ARM64\OpenCppCoverage-ARM64\Tools\Tools.vcxproj (GetProjectInfoForReference) 
2026-08-20T10:21:18.8549680Z          | | 14              : 0.784s           0.784s       C:\a\OpenCppCoverage-ARM64\OpenCppCoverage-ARM64\TestCoverageOptimizedBuild\TestCoverageOptimizedBuild.vcxproj () 
2026-08-20T10:21:18.8551051Z          | | 7               : 0.847s           5.281s       C:\a\OpenCppCoverage-ARM64\OpenCppCoverage-ARM64\TestCoverageSharedLib\TestCoverageSharedLib.vcxproj () 
2026-08-20T10:21:18.8552196Z          | | | 15            : 0.000s           0.000s       C:\a\OpenCppCoverage-ARM64\OpenCppCoverage-ARM64\Plugin\Plugin.vcxproj () 
2026-08-20T10:21:18.8553008Z          | | | 17            : 0.004s           0.004s       C:\a\OpenCppCoverage-ARM64\OpenCppCoverage-ARM64\Plugin\Plugin.vcxproj (GetNativeManifest) 
2026-08-20T10:21:18.8553955Z          | | . 18            : 0.016s           0.016s       C:\a\OpenCppCoverage-ARM64\OpenCppCoverage-ARM64\Plugin\Plugin.vcxproj (GetProjectInfoForReference) 
2026-08-20T10:21:18.8554987Z          | | 22              : 0.003s           0.003s       C:\a\OpenCppCoverage-ARM64\OpenCppCoverage-ARM64\TestCoverageSharedLib\TestCoverageSharedLib.vcxproj (GetNativeManifest) 
2026-08-20T10:21:18.8556155Z          | | 21              : 0.003s           0.003s       C:\a\OpenCppCoverage-ARM64\OpenCppCoverage-ARM64\TestCoverageOptimizedBuild\TestCoverageOptimizedBuild.vcxproj (GetNativeManifest) 
2026-08-20T10:21:18.8557380Z          | | 25              : 0.006s           0.006s       C:\a\OpenCppCoverage-ARM64\OpenCppCoverage-ARM64\TestCoverageSharedLib\TestCoverageSharedLib.vcxproj (GetProjectInfoForReference) 
2026-08-20T10:21:18.8558655Z          | | 24              : 0.006s           0.006s       C:\a\OpenCppCoverage-ARM64\OpenCppCoverage-ARM64\TestCoverageOptimizedBuild\TestCoverageOptimizedBuild.vcxproj (GetProjectInfoForReference) 
2026-08-20T10:21:18.8560025Z          | . 29              : 0.000s           0.000s       C:\a\OpenCppCoverage-ARM64\OpenCppCoverage-ARM64\TestCoverageSharedLib\TestCoverageSharedLib.vcxproj (GetCopyToOutputDirectoryItems) 
2026-08-20T10:21:18.8561417Z          | 2                 : 4.510s           117.696s       C:\a\OpenCppCoverage-ARM64\OpenCppCoverage-ARM64\OpenCppCoverage\OpenCppCoverage.vcxproj () 
2026-08-20T10:21:18.8562240Z          | | 9               : 0.000s           0.000s       C:\a\OpenCppCoverage-ARM64\OpenCppCoverage-ARM64\Tools\Tools.vcxproj () 
2026-08-20T10:21:18.8562988Z          | | 5               : 0.000s           0.000s       C:\a\OpenCppCoverage-ARM64\OpenCppCoverage-ARM64\Exporter\Exporter.vcxproj () 
2026-08-20T10:21:18.8563817Z          | | 1               : 0.000s           0.000s       C:\a\OpenCppCoverage-ARM64\OpenCppCoverage-ARM64\CppCoverage\CppCoverage.vcxproj () 
2026-08-20T10:21:18.8564755Z          | . 15              : 0.861s           1.027s       C:\a\OpenCppCoverage-ARM64\OpenCppCoverage-ARM64\Plugin\Plugin.vcxproj () 
2026-08-20T10:21:18.8565591Z          | 1                 : 0.706s           40.876s       C:\a\OpenCppCoverage-ARM64\OpenCppCoverage-ARM64\CppCoverage\CppCoverage.vcxproj () 
2026-08-20T10:21:18.8566383Z          | | 9               : 0.000s           0.000s       C:\a\OpenCppCoverage-ARM64\OpenCppCoverage-ARM64\Tools\Tools.vcxproj () 
2026-08-20T10:21:18.8567121Z          | | 15              : 0.000s           0.000s       C:\a\OpenCppCoverage-ARM64\OpenCppCoverage-ARM64\Plugin\Plugin.vcxproj () 
2026-08-20T10:21:18.8567938Z          | | 11              : 0.698s           24.115s       C:\a\OpenCppCoverage-ARM64\OpenCppCoverage-ARM64\FileFilter\FileFilter.vcxproj () 
2026-08-20T10:21:18.8568704Z          | | | 9             : 1.282s           1.369s       C:\a\OpenCppCoverage-ARM64\OpenCppCoverage-ARM64\Tools\Tools.vcxproj () 
2026-08-20T10:21:18.8569705Z          | | | 20            : 0.005s           0.005s       C:\a\OpenCppCoverage-ARM64\OpenCppCoverage-ARM64\Tools\Tools.vcxproj (GetNativeManifest) 
2026-08-20T10:21:18.8570673Z          | | . 23            : 0.017s           0.017s       C:\a\OpenCppCoverage-ARM64\OpenCppCoverage-ARM64\Tools\Tools.vcxproj (GetProjectInfoForReference) 
2026-08-20T10:21:18.8571603Z          | | 32              : 0.000s           0.000s       C:\a\OpenCppCoverage-ARM64\OpenCppCoverage-ARM64\FileFilter\FileFilter.vcxproj (GetNativeManifest) 
2026-08-20T10:21:18.8572573Z          | . 36              : 0.016s           0.016s       C:\a\OpenCppCoverage-ARM64\OpenCppCoverage-ARM64\FileFilter\FileFilter.vcxproj (GetProjectInfoForReference) 
2026-08-20T10:21:18.8573614Z          | 8                 : 0.005s           147.734s       C:\a\OpenCppCoverage-ARM64\OpenCppCoverage-ARM64\OpenCppCoverageTest\OpenCppCoverageTest.vcxproj.metaproj () 
2026-08-20T10:21:18.8574581Z          | | 2               : 0.000s           0.000s       C:\a\OpenCppCoverage-ARM64\OpenCppCoverage-ARM64\OpenCppCoverage\OpenCppCoverage.vcxproj () 
2026-08-20T10:21:18.8575529Z          | | 3               : 0.000s           0.000s       C:\a\OpenCppCoverage-ARM64\OpenCppCoverage-ARM64\CppCoverageTest\CppCoverageTest.vcxproj.metaproj () 
2026-08-20T10:21:18.8576503Z          | | 6               : 0.000s           0.000s       C:\a\OpenCppCoverage-ARM64\OpenCppCoverage-ARM64\ExporterTest\ExporterTest.vcxproj.metaproj () 
2026-08-20T10:21:18.8577429Z          | . 64              : 0.321s           0.337s       C:\a\OpenCppCoverage-ARM64\OpenCppCoverage-ARM64\OpenCppCoverageTest\OpenCppCoverageTest.vcxproj () 
2026-08-20T10:21:18.8578853Z          | | | 67            : 0.016s           0.016s       C:\a\OpenCppCoverage-ARM64\OpenCppCoverage-ARM64\OpenCppCoverage\OpenCppCoverage.vcxproj (GetNativeManifest) 
2026-08-20T10:21:18.8579983Z          | | | 65            : 0.016s           0.016s       C:\a\OpenCppCoverage-ARM64\OpenCppCoverage-ARM64\ExporterTest\ExporterTest.vcxproj (GetNativeManifest) 
2026-08-20T10:21:18.8580997Z          | | | 66            : 0.000s           0.000s       C:\a\OpenCppCoverage-ARM64\OpenCppCoverage-ARM64\CppCoverageTest\CppCoverageTest.vcxproj (GetNativeManifest) 
2026-08-20T10:21:18.8582414Z          | | | 70            : 0.000s           0.000s       C:\a\OpenCppCoverage-ARM64\OpenCppCoverage-ARM64\OpenCppCoverage\OpenCppCoverage.vcxproj (GetProjectInfoForReference) 
2026-08-20T10:21:18.8583535Z          | | | 69            : 0.000s           0.000s       C:\a\OpenCppCoverage-ARM64\OpenCppCoverage-ARM64\CppCoverageTest\CppCoverageTest.vcxproj (GetProjectInfoForReference) 
2026-08-20T10:21:18.8584601Z          | | | 68            : 0.000s           0.000s       C:\a\OpenCppCoverage-ARM64\OpenCppCoverage-ARM64\ExporterTest\ExporterTest.vcxproj (GetProjectInfoForReference) 
2026-08-20T10:21:18.8585686Z          | | . 71            : 0.000s           0.000s       C:\a\OpenCppCoverage-ARM64\OpenCppCoverage-ARM64\OpenCppCoverage\OpenCppCoverage.vcxproj (GetCopyToOutputDirectoryItems) 
2026-08-20T10:21:18.8586726Z          | 6                 : 0.008s           129.076s       C:\a\OpenCppCoverage-ARM64\OpenCppCoverage-ARM64\ExporterTest\ExporterTest.vcxproj.metaproj () 
2026-08-20T10:21:18.8587796Z          | | 1               : 0.000s           0.000s       C:\a\OpenCppCoverage-ARM64\OpenCppCoverage-ARM64\CppCoverage\CppCoverage.vcxproj () 
2026-08-20T10:21:18.8588616Z          | | 5               : 3.516s           87.982s       C:\a\OpenCppCoverage-ARM64\OpenCppCoverage-ARM64\Exporter\Exporter.vcxproj () 
2026-08-20T10:21:18.8589387Z          | | | 9             : 0.000s           0.000s       C:\a\OpenCppCoverage-ARM64\OpenCppCoverage-ARM64\Tools\Tools.vcxproj () 
2026-08-20T10:21:18.8590129Z          | | | 15            : 0.000s           0.000s       C:\a\OpenCppCoverage-ARM64\OpenCppCoverage-ARM64\Plugin\Plugin.vcxproj () 
2026-08-20T10:21:18.8591099Z          | | | 1             : 0.000s           0.000s       C:\a\OpenCppCoverage-ARM64\OpenCppCoverage-ARM64\CppCoverage\CppCoverage.vcxproj () 
2026-08-20T10:21:18.8592061Z          | | | 44            : 0.000s           0.000s       C:\a\OpenCppCoverage-ARM64\OpenCppCoverage-ARM64\CppCoverage\CppCoverage.vcxproj (GetNativeManifest) 
2026-08-20T10:21:18.8593062Z          | | | 47            : 0.010s           0.010s       C:\a\OpenCppCoverage-ARM64\OpenCppCoverage-ARM64\CppCoverage\CppCoverage.vcxproj (GetProjectInfoForReference) 
2026-08-20T10:21:18.8594086Z          | | . 49            : 0.034s           0.034s       C:\a\OpenCppCoverage-ARM64\OpenCppCoverage-ARM64\CppCoverage\CppCoverage.vcxproj (GetCopyToOutputDirectoryItems) 
2026-08-20T10:21:18.8595020Z          | . 50              : 4.153s           4.159s       C:\a\OpenCppCoverage-ARM64\OpenCppCoverage-ARM64\ExporterTest\ExporterTest.vcxproj () 
2026-08-20T10:21:18.8595905Z          | | | 51            : 0.004s           0.004s       C:\a\OpenCppCoverage-ARM64\OpenCppCoverage-ARM64\Exporter\Exporter.vcxproj (GetNativeManifest) 
2026-08-20T10:21:18.8596838Z          | | . 52            : 0.002s           0.002s       C:\a\OpenCppCoverage-ARM64\OpenCppCoverage-ARM64\Exporter\Exporter.vcxproj (GetProjectInfoForReference) 
2026-08-20T10:21:18.8597730Z          | 10                : 0.798s           23.508s       C:\a\OpenCppCoverage-ARM64\OpenCppCoverage-ARM64\TestHelper\TestHelper.vcxproj () 
2026-08-20T10:21:18.8598522Z          | | 9               : 0.000s           0.000s       C:\a\OpenCppCoverage-ARM64\OpenCppCoverage-ARM64\Tools\Tools.vcxproj () 
2026-08-20T10:21:18.8599255Z          | | 15              : 0.000s           0.000s       C:\a\OpenCppCoverage-ARM64\OpenCppCoverage-ARM64\Plugin\Plugin.vcxproj () 
2026-08-20T10:21:18.8600048Z          | | 20              : 0.000s           0.000s       C:\a\OpenCppCoverage-ARM64\OpenCppCoverage-ARM64\Tools\Tools.vcxproj (GetNativeManifest) 
2026-08-20T10:21:18.8600968Z          | | 23              : 0.000s           0.000s       C:\a\OpenCppCoverage-ARM64\OpenCppCoverage-ARM64\Tools\Tools.vcxproj (GetProjectInfoForReference) 
2026-08-20T10:21:18.8601910Z          | . 26              : 0.012s           0.012s       C:\a\OpenCppCoverage-ARM64\OpenCppCoverage-ARM64\Tools\Tools.vcxproj (GetCopyToOutputDirectoryItems) 
2026-08-20T10:21:18.8603025Z          | 12                : 0.470s           39.860s       C:\a\OpenCppCoverage-ARM64\OpenCppCoverage-ARM64\FileFilterTest\FileFilterTest.vcxproj () 
2026-08-20T10:21:18.8603842Z          | | 9               : 0.000s           0.000s       C:\a\OpenCppCoverage-ARM64\OpenCppCoverage-ARM64\Tools\Tools.vcxproj () 
2026-08-20T10:21:18.8604603Z          | | 10              : 0.000s           0.000s       C:\a\OpenCppCoverage-ARM64\OpenCppCoverage-ARM64\TestHelper\TestHelper.vcxproj () 
2026-08-20T10:21:18.8605535Z          | | 14              : 0.000s           0.000s       C:\a\OpenCppCoverage-ARM64\OpenCppCoverage-ARM64\TestCoverageOptimizedBuild\TestCoverageOptimizedBuild.vcxproj () 
2026-08-20T10:21:18.8606498Z          | | 11              : 0.000s           0.000s       C:\a\OpenCppCoverage-ARM64\OpenCppCoverage-ARM64\FileFilter\FileFilter.vcxproj () 
2026-08-20T10:21:18.8607356Z          | | 32              : 0.000s           0.000s       C:\a\OpenCppCoverage-ARM64\OpenCppCoverage-ARM64\FileFilter\FileFilter.vcxproj (GetNativeManifest) 
2026-08-20T10:21:18.8608508Z          | | 36              : 0.000s           0.000s       C:\a\OpenCppCoverage-ARM64\OpenCppCoverage-ARM64\FileFilter\FileFilter.vcxproj (GetProjectInfoForReference) 
2026-08-20T10:21:18.8609541Z          | . 40              : 0.002s           0.002s       C:\a\OpenCppCoverage-ARM64\OpenCppCoverage-ARM64\FileFilter\FileFilter.vcxproj (GetCopyToOutputDirectoryItems) 
2026-08-20T10:21:18.8610439Z          | 13                : 1.279s           30.853s       C:\a\OpenCppCoverage-ARM64\OpenCppCoverage-ARM64\ToolsTest\ToolsTest.vcxproj () 
2026-08-20T10:21:18.8611189Z          | | 9               : 0.000s           0.000s       C:\a\OpenCppCoverage-ARM64\OpenCppCoverage-ARM64\Tools\Tools.vcxproj () 
2026-08-20T10:21:18.8612124Z          | | 10              : 0.000s           0.000s       C:\a\OpenCppCoverage-ARM64\OpenCppCoverage-ARM64\TestHelper\TestHelper.vcxproj () 
2026-08-20T10:21:18.8613027Z          | | 27              : 0.007s           0.007s       C:\a\OpenCppCoverage-ARM64\OpenCppCoverage-ARM64\TestHelper\TestHelper.vcxproj (GetNativeManifest) 
2026-08-20T10:21:18.8613988Z          | | 28              : 0.016s           0.016s       C:\a\OpenCppCoverage-ARM64\OpenCppCoverage-ARM64\TestHelper\TestHelper.vcxproj (GetProjectInfoForReference) 
2026-08-20T10:21:18.8615017Z          | . 31              : 0.002s           0.002s       C:\a\OpenCppCoverage-ARM64\OpenCppCoverage-ARM64\TestHelper\TestHelper.vcxproj (GetCopyToOutputDirectoryItems) 
2026-08-20T10:21:18.8615933Z          . 16                : 0.978s           4.840s       C:\a\OpenCppCoverage-ARM64\OpenCppCoverage-ARM64\PluginTest\PluginTest.vcxproj () 
2026-08-20T10:21:18.8616702Z          | | 15              : 0.000s           0.000s       C:\a\OpenCppCoverage-ARM64\OpenCppCoverage-ARM64\Plugin\Plugin.vcxproj () 
2026-08-20T10:21:18.8617505Z          | | 17              : 0.000s           0.000s       C:\a\OpenCppCoverage-ARM64\OpenCppCoverage-ARM64\Plugin\Plugin.vcxproj (GetNativeManifest) 
2026-08-20T10:21:18.8618434Z          | | 18              : 0.000s           0.000s       C:\a\OpenCppCoverage-ARM64\OpenCppCoverage-ARM64\Plugin\Plugin.vcxproj (GetProjectInfoForReference) 
2026-08-20T10:21:18.8619385Z          | . 19              : 0.000s           0.000s       C:\a\OpenCppCoverage-ARM64\OpenCppCoverage-ARM64\Plugin\Plugin.vcxproj (GetCopyToOutputDirectoryItems) 
2026-08-20T10:21:18.8620003Z          
2026-08-20T10:21:18.8620470Z          ============================== Node Utilization (IDs represent configurations) ====================================================
2026-08-20T10:21:18.8621067Z          Timestamp:            1       2       4       3        Duration   Cumulative
2026-08-20T10:21:18.8621656Z          -----------------------------------------------------------------------------------------------------------------------------------
2026-08-20T10:21:18.8622531Z          639228179308181949:   0       x       x       x        0.222s     0.222s ....
2026-08-20T10:21:18.8623055Z          639228179310400143:   3       x       x       x        0.024s     0.246s 
2026-08-20T10:21:18.8623517Z          639228179310640536:   |       1       2       4        0.008s     0.253s 
2026-08-20T10:21:18.8623975Z          639228179310716152:   8       |       |       |        0.005s     0.258s 
2026-08-20T10:21:18.8624459Z          639228179310762757:   5       |       |       |        0.159s     0.417s ...
2026-08-20T10:21:18.8625014Z          639228179312347999:   |       |       15      |        0.048s     0.464s 
2026-08-20T10:21:18.8625515Z          639228179312825037:   |       11      |       |        0.063s     0.527s .
2026-08-20T10:21:18.8625976Z          639228179313456179:   |       |       |       14       0.040s     0.567s 
2026-08-20T10:21:18.8626444Z          639228179313852925:   |       9       |       |        0.182s     0.749s ...
2026-08-20T10:21:18.8626941Z          639228179315670537:   |       |       7       |        0.352s     1.101s .......
2026-08-20T10:21:18.8627406Z          639228179319191620:   |       |       10      |        0.006s     1.107s 
2026-08-20T10:21:18.8628013Z          639228179319249448:   |       |       |       |        0.016s     1.123s 
2026-08-20T10:21:18.8628474Z          639228179319407442:   |       |       |       12       0.059s     1.182s .
2026-08-20T10:21:18.8628958Z          639228179320001938:   |       13      |       |        0.063s     1.245s .
2026-08-20T10:21:18.8629412Z          639228179320634446:   |       |       |       16       0.024s     1.269s 
2026-08-20T10:21:18.8629858Z          639228179320870281:   |       9       |       |        0.004s     1.273s 
2026-08-20T10:21:18.8630532Z          639228179320910505:   |       |       15      |        0.338s     1.611s ......
2026-08-20T10:21:18.8631059Z          639228179324289663:   x       |       |       |        0.004s     1.615s 
2026-08-20T10:21:18.8631524Z          639228179324327306:   x       |       |       |        0.024s     1.638s 
2026-08-20T10:21:18.8631982Z          639228179324565964:   x       |       |       |        0.034s     1.672s 
2026-08-20T10:21:18.8632473Z          639228179324902766:   x       |       |       14       0.012s     1.684s 
2026-08-20T10:21:18.8632942Z          639228179325020849:   x       |       |       |        0.126s     1.810s ..
2026-08-20T10:21:18.8633411Z          639228179326279403:   x       |       |       |        0.044s     1.853s 
2026-08-20T10:21:18.8633898Z          639228179326716658:   x       |       |       |        1.031s     2.884s ....................
2026-08-20T10:21:18.8634418Z          639228179337025458:   x       |       |       |        0.143s     3.028s ..
2026-08-20T10:21:18.8634934Z          639228179338459809:   x       |       |       x        1.581s     4.609s ...............................
2026-08-20T10:21:18.8635443Z          639228179354268517:   x       |       |       x        0.041s     4.649s 
2026-08-20T10:21:18.8635928Z          639228179354676096:   x       |       |       x        0.743s     5.393s ..............
2026-08-20T10:21:18.8636436Z          639228179362110898:   x       |       |       x        0.122s     5.515s ..
2026-08-20T10:21:18.8636895Z          639228179363333650:   x       |       7       16       0.012s     5.527s 
2026-08-20T10:21:18.8637343Z          639228179363449365:   x       |       17      x        0.004s     5.531s 
2026-08-20T10:21:18.8637823Z          639228179363487330:   x       |       7       16       0.047s     5.577s 
2026-08-20T10:21:18.8638280Z          639228179363956593:   x       |       18      x        0.016s     5.593s 
2026-08-20T10:21:18.8638734Z          639228179364112998:   x       |       7       16       0.210s     5.803s ....
2026-08-20T10:21:18.8639196Z          639228179366212489:   x       |       |       |        0.012s     5.815s 
2026-08-20T10:21:18.8639685Z          639228179366332897:   x       |       |       |        0.126s     5.941s ..
2026-08-20T10:21:18.8640389Z          639228179367590535:   x       |       |       |        0.026s     5.967s 
2026-08-20T10:21:18.8640885Z          639228179367847430:   x       |       |       |        1.493s     7.459s .............................
2026-08-20T10:21:18.8641382Z          639228179382776462:   x       |       |       |        0.044s     7.503s 
2026-08-20T10:21:18.8641886Z          639228179383214250:   x       |       |       |        0.710s     8.213s ..............
2026-08-20T10:21:18.8642365Z          639228179390310596:   x       |       |       |        0.049s     8.262s 
2026-08-20T10:21:18.8642823Z          639228179390798077:   x       |       |       |        0.162s     8.423s ...
2026-08-20T10:21:18.8643304Z          639228179392413545:   x       |       |       |        0.089s     8.512s .
2026-08-20T10:21:18.8643776Z          639228179393305615:   x       |       |       |        0.380s     8.892s .......
2026-08-20T10:21:18.8644253Z          639228179397104567:   x       |       |       |        0.140s     9.032s ..
2026-08-20T10:21:18.8644728Z          639228179398506137:   x       |       x       |        0.330s     9.363s ......
2026-08-20T10:21:18.8645212Z          639228179401808917:   x       |       x       |        0.126s     9.488s ..
2026-08-20T10:21:18.8645665Z          639228179403064168:   x       |       19      |        0.024s     9.512s 
2026-08-20T10:21:18.8646152Z          639228179403301282:   x       |       |       x        11.899s     21.411s ++ (scale 1:100)
2026-08-20T10:21:18.8646635Z          639228179522293740:   x       |       |       x        0.079s     21.490s .
2026-08-20T10:21:18.8647197Z          639228179523085182:   x       |       |       x        2.298s     23.789s .............................................
2026-08-20T10:21:18.8648729Z          639228179546068915:   x       |       |       x        0.173s     23.961s ...
2026-08-20T10:21:18.8649351Z          639228179547796307:   x       11      10      4        0.008s     23.970s 
2026-08-20T10:21:18.8649845Z          639228179547877958:   x       20      |       |        0.002s     23.972s 
2026-08-20T10:21:18.8650302Z          639228179547898051:   x       |       22      21       0.003s     23.975s 
2026-08-20T10:21:18.8650769Z          639228179547930359:   x       11      10      4        0.057s     24.032s .
2026-08-20T10:21:18.8651238Z          639228179548497263:   x       23      |       |        0.011s     24.042s 
2026-08-20T10:21:18.8651729Z          639228179548604737:   x       |       25      24       0.006s     24.049s 
2026-08-20T10:21:18.8652197Z          639228179548668648:   x       11      10      4        0.272s     24.321s .....
2026-08-20T10:21:18.8652663Z          639228179551392036:   x       |       |       |        0.010s     24.331s 
2026-08-20T10:21:18.8653177Z          639228179551489944:   x       |       |       |        0.440s     24.771s ........
2026-08-20T10:21:18.8653651Z          639228179555891133:   x       |       |       |        0.030s     24.801s 
2026-08-20T10:21:18.8654150Z          639228179556187922:   x       |       |       |        1.169s     25.970s .......................
2026-08-20T10:21:18.8654648Z          639228179567881551:   x       |       |       |        0.030s     26.000s 
2026-08-20T10:21:18.8655248Z          639228179568180871:   x       |       |       |        2.895s     28.895s .........................................................
2026-08-20T10:21:18.8655808Z          639228179597135233:   x       |       |       |        0.085s     28.981s .
2026-08-20T10:21:18.8656309Z          639228179597989851:   x       |       |       |        1.665s     30.646s .................................
2026-08-20T10:21:18.8656829Z          639228179614639653:   x       |       |       |        0.136s     30.782s ..
2026-08-20T10:21:18.8657335Z          639228179616000084:   x       26      x       |        0.012s     30.793s 
2026-08-20T10:21:18.8657798Z          639228179616116390:   x       11      10      |        0.025s     30.818s 
2026-08-20T10:21:18.8658491Z          639228179616366402:   x       13      27      |        0.007s     30.825s 
2026-08-20T10:21:18.8658967Z          639228179616435992:   x       |       x       |        0.032s     30.857s 
2026-08-20T10:21:18.8659417Z          639228179616753210:   x       11      28      |        0.016s     30.873s 
2026-08-20T10:21:18.8659902Z          639228179616913933:   x       13      x       |        0.935s     31.808s ..................
2026-08-20T10:21:18.8660392Z          639228179626262236:   x       |       x       |        0.036s     31.844s 
2026-08-20T10:21:18.8660880Z          639228179626619536:   x       |       x       |        0.069s     31.913s .
2026-08-20T10:21:18.8661364Z          639228179627312740:   x       |       x       |        0.564s     32.477s ...........
2026-08-20T10:21:18.8661846Z          639228179632950450:   x       |       x       |        0.125s     32.602s ..
2026-08-20T10:21:18.8662317Z          639228179634199097:   x       |       29      |        0.035s     32.637s 
2026-08-20T10:21:18.8662802Z          639228179634551038:   x       |       |       x        0.202s     32.839s ....
2026-08-20T10:21:18.8663268Z          639228179636572443:   x       |       |       x        0.029s     32.868s 
2026-08-20T10:21:18.8663772Z          639228179636858426:   x       |       |       x        1.405s     34.273s ............................
2026-08-20T10:21:18.8664301Z          639228179650912255:   x       |       |       x        0.041s     34.314s 
2026-08-20T10:21:18.8664795Z          639228179651318459:   x       |       |       x        1.057s     35.371s .....................
2026-08-20T10:21:18.8665292Z          639228179661893381:   x       |       |       x        0.137s     35.508s ..
2026-08-20T10:21:18.8665950Z          639228179663261228:   x       11      31      x        0.002s     35.510s 
2026-08-20T10:21:18.8666479Z          639228179663281380:   x       13      x       x        0.019s     35.529s 
2026-08-20T10:21:18.8667000Z          639228179663474007:   x       11      x       x        1.730s     37.259s ..................................
2026-08-20T10:21:18.8667521Z          639228179680774243:   x       |       x       x        0.061s     37.320s .
2026-08-20T10:21:18.8668320Z          639228179681380450:   x       |       x       x        3.140s     40.460s ..............................................................
2026-08-20T10:21:18.8668901Z          639228179712780711:   x       |       x       x        0.158s     40.618s ...
2026-08-20T10:21:18.8669373Z          639228179714363886:   x       1       x       12       0.006s     40.625s 
2026-08-20T10:21:18.8669828Z          639228179714427394:   x       |       x       |        0.056s     40.681s .
2026-08-20T10:21:18.8670330Z          639228179714992171:   x       36      x       x        0.016s     40.697s 
2026-08-20T10:21:18.8670784Z          639228179715148498:   x       1       x       12       0.036s     40.732s 
2026-08-20T10:21:18.8671245Z          639228179715504429:   x       |       x       |        0.026s     40.758s 
2026-08-20T10:21:18.8671713Z          639228179715766929:   x       |       x       |        0.626s     41.385s ............
2026-08-20T10:21:18.8672219Z          639228179722028837:   x       |       x       |        0.040s     41.425s 
2026-08-20T10:21:18.8672723Z          639228179722428993:   x       |       x       |        1.137s     42.562s ......................
2026-08-20T10:21:18.8673229Z          639228179733800095:   x       |       x       |        0.030s     42.592s 
2026-08-20T10:21:18.8673860Z          639228179734099489:   x       |       x       |        3.925s     46.517s ..............................................................................
2026-08-20T10:21:18.8674469Z          639228179773351558:   x       |       x       |        0.061s     46.578s .
2026-08-20T10:21:18.8675047Z          639228179773966285:   x       |       x       |        2.896s     49.475s .........................................................
2026-08-20T10:21:18.8675882Z          639228179802930075:   x       |       x       |        0.141s     49.616s ..
2026-08-20T10:21:18.8676381Z          639228179804343455:   x       40      x       x        0.002s     49.618s 
2026-08-20T10:21:18.8676837Z          639228179804360993:   x       1       x       12       0.016s     49.634s 
2026-08-20T10:21:18.8677332Z          639228179804517704:   x       |       x       x        30.312s     79.945s ++++++ (scale 1:100)
2026-08-20T10:21:18.8677872Z          639228180107634907:   x       |       x       x        0.107s     80.052s ..
2026-08-20T10:21:18.8678357Z          639228180108706843:   x       |       x       x        5.696s     85.748s + (scale 1:100)
2026-08-20T10:21:18.8678851Z          639228180165665881:   x       |       x       x        0.221s     85.969s ....
2026-08-20T10:21:18.8679330Z          639228180167874346:   45      44      x       x        0.063s     86.032s .
2026-08-20T10:21:18.8679825Z          639228180168504403:   5       |       x       46       0.152s     86.185s ...
2026-08-20T10:21:18.8680287Z          639228180170028153:   45      47      x       |        0.010s     86.195s 
2026-08-20T10:21:18.8680749Z          639228180170130456:   5       x       x       48       0.011s     86.206s 
2026-08-20T10:21:18.8681218Z          639228180170243683:   |       x       x       x        0.127s     86.333s ..
2026-08-20T10:21:18.8681731Z          639228180171511575:   45      x       x       x        0.682s     87.014s .............
2026-08-20T10:21:18.8682211Z          639228180178326579:   |       x       x       x        0.006s     87.021s 
2026-08-20T10:21:18.8682690Z          639228180178388209:   5       x       x       x        0.741s     87.762s ..............
2026-08-20T10:21:18.8683388Z          639228180185798784:   |       x       x       x        0.509s     88.271s ..........
2026-08-20T10:21:18.8683960Z          639228180190890697:   45      x       x       x        0.983s     89.254s ...................
2026-08-20T10:21:18.8684496Z          639228180200718189:   |       x       x       x        15.503s     104.757s +++ (scale 1:100)
2026-08-20T10:21:18.8684987Z          639228180355748081:   5       x       x       x        0.081s     104.838s .
2026-08-20T10:21:18.8685588Z          639228180356562215:   |       x       x       x        3.262s     108.100s .................................................................
2026-08-20T10:21:18.8686166Z          639228180389179167:   |       x       x       x        0.074s     108.173s .
2026-08-20T10:21:18.8686708Z          639228180389914495:   |       x       x       x        2.129s     110.302s ..........................................
2026-08-20T10:21:18.8687270Z          639228180411205231:   45      x       x       x        0.119s     110.421s ..
2026-08-20T10:21:18.8687828Z          639228180412395036:   |       x       x       x        2.171s     112.592s ...........................................
2026-08-20T10:21:18.8688645Z          639228180434104994:   5       x       x       x        0.690s     113.282s .............
2026-08-20T10:21:18.8689132Z          639228180441001862:   45      49      x       x        0.034s     113.316s 
2026-08-20T10:21:18.8689606Z          639228180441339141:   5       x       x       x        0.287s     113.603s .....
2026-08-20T10:21:18.8690068Z          639228180444211284:   6       x       2       x        0.008s     113.611s 
2026-08-20T10:21:18.8690527Z          639228180444289273:   50      x       |       x        0.049s     113.660s 
2026-08-20T10:21:18.8691012Z          639228180444784115:   51      x       |       x        0.004s     113.664s 
2026-08-20T10:21:18.8691470Z          639228180444824345:   50      x       |       x        0.022s     113.686s 
2026-08-20T10:21:18.8691938Z          639228180445043027:   52      x       |       x        0.002s     113.688s 
2026-08-20T10:21:18.8692475Z          639228180445063148:   50      x       |       x        2.203s     115.891s ............................................
2026-08-20T10:21:18.8693290Z          639228180467094685:   |       x       |       x        0.018s     115.909s 
2026-08-20T10:21:18.8693812Z          639228180467270643:   |       x       |       x        1.695s     117.604s .................................
2026-08-20T10:21:18.8694326Z          639228180484224803:   |       x       |       x        0.043s     117.647s 
2026-08-20T10:21:18.8694798Z          639228180484656839:   |       x       |       x        0.147s     117.794s ..
2026-08-20T10:21:18.8695282Z          639228180486122760:   |       x       |       x        0.034s     117.828s 
2026-08-20T10:21:18.8695788Z          639228180486462429:   |       x       |       x        1.566s     119.394s ...............................
2026-08-20T10:21:18.8696298Z          639228180502118717:   45      x       |       x        0.124s     119.518s ..
2026-08-20T10:21:18.8696782Z          639228180503359775:   50      x       |       59       0.002s     119.520s 
2026-08-20T10:21:18.8697251Z          639228180503379855:   45      x       |       x        0.002s     119.522s 
2026-08-20T10:21:18.8697713Z          639228180503400036:   |       x       |       60       0.011s     119.533s 
2026-08-20T10:21:18.8698176Z          639228180503509638:   3       x       |       |        0.001s     119.534s 
2026-08-20T10:21:18.8698723Z          639228180503519707:   50      x       |       |        1.762s     121.296s ...................................
2026-08-20T10:21:18.8699253Z          639228180521140848:   |       x       |       |        0.074s     121.369s .
2026-08-20T10:21:18.8699751Z          639228180521876174:   |       x       |       |        1.032s     122.401s ....................
2026-08-20T10:21:18.8700437Z          639228180532191655:   |       x       |       |        0.192s     122.593s ...
2026-08-20T10:21:18.8701045Z          639228180534111154:   |       x       x       |        1.910s     124.503s ......................................
2026-08-20T10:21:18.8701572Z          639228180553212681:   |       x       x       |        0.050s     124.553s 
2026-08-20T10:21:18.8702192Z          639228180553709768:   |       x       x       |        4.644s     129.196s ............................................................................................
2026-08-20T10:21:18.8702830Z          639228180600145740:   |       x       x       |        0.133s     129.329s ..
2026-08-20T10:21:18.8703293Z          639228180601476492:   64      x       x       |        0.023s     129.352s 
2026-08-20T10:21:18.8703751Z          639228180601705445:   65      x       67      |        0.016s     129.368s 
2026-08-20T10:21:18.8704261Z          639228180601862552:   64      x       x       |        0.016s     129.384s 
2026-08-20T10:21:18.8704721Z          639228180602019163:   |       x       70      |        0.032s     129.415s 
2026-08-20T10:21:18.8705201Z          639228180602335221:   |       x       |       |        16.386s     145.802s +++ (scale 1:100)
2026-08-20T10:21:18.8705694Z          639228180766199595:   |       x       |       |        0.063s     145.865s .
2026-08-20T10:21:18.8706239Z          639228180766832858:   |       x       |       |        1.935s     147.800s ......................................
2026-08-20T10:21:18.8706779Z          639228180786178271:   |       x       |       |        0.117s     147.917s ..
2026-08-20T10:21:18.8707237Z          639228180787347789:   |       x       71      |        0.071s     147.988s .
2026-08-20T10:21:18.8707704Z          639228180787347789:   0       x       |       |        0.071s     148.059s .
2026-08-20T10:21:18.8708560Z          -----------------------------------------------------------------------------------------------------------------------------------
2026-08-20T10:21:18.8709179Z          Utilization:          65.4    61.2    16.9    16.9     Average Utilization: 40.1
2026-08-20T10:21:18.8709746Z 
2026-08-20T10:21:18.8709844Z Build succeeded.
2026-08-20T10:21:18.8710104Z     0 Warning(s)
2026-08-20T10:21:18.8710324Z     0 Error(s)
2026-08-20T10:21:18.8710438Z 
2026-08-20T10:21:18.8710549Z Time Elapsed 00:02:28.64
2026-08-20T10:21:19.0395117Z ##[group]Run & .\Build\Scripts\Assert-BuildToolchain.ps1 `
2026-08-20T10:21:19.0395733Z [36;1m& .\Build\Scripts\Assert-BuildToolchain.ps1 `[0m
2026-08-20T10:21:19.0396158Z [36;1m  -BuildLog artifacts\logs\build-Release-ARM64.log `[0m
2026-08-20T10:21:19.0396540Z [36;1m  -ExpectedHost Hostarm64 `[0m
2026-08-20T10:21:19.0396979Z [36;1m  -SummaryPath artifacts\logs\build-toolchain-Release-ARM64.json[0m
2026-08-20T10:21:19.0397441Z [36;1mif ($LASTEXITCODE -ne 0) { exit $LASTEXITCODE }[0m
2026-08-20T10:21:19.0452423Z shell: C:\Program Files\PowerShell\7\pwsh.EXE -command ". '{0}'"
2026-08-20T10:21:19.0452815Z env:
2026-08-20T10:21:19.0453269Z   MSBUILD_EXE: C:\Program Files\Microsoft Visual Studio\2022\Enterprise\MSBuild\Current\Bin\arm64\MSBuild.exe
2026-08-20T10:21:19.0453939Z   VCPKG_ROOT: C:\Users\runneradmin\AppData\Local\OpenCppCoverage\vcpkg
2026-08-20T10:21:19.0454330Z ##[endgroup]
2026-08-20T10:21:19.4781464Z cl     HostArm64\arm64 toolset 14.44.35207 x31
2026-08-20T10:21:19.4786199Z link   HostArm64\arm64 toolset 14.44.35207 x16
2026-08-20T10:21:19.4797286Z Build host toolchain verified: every compiler and linker invocation came from Hostarm64.
2026-08-20T10:21:19.5542630Z ##[group]Run & .\Build\Scripts\RunTests.ps1 -Platform ARM64 `
2026-08-20T10:21:19.5543273Z [36;1m& .\Build\Scripts\RunTests.ps1 -Platform ARM64 `[0m
2026-08-20T10:21:19.5543733Z [36;1m  -Configuration Release -LogDirectory artifacts\logs[0m
2026-08-20T10:21:19.5544156Z [36;1mif ($LASTEXITCODE -ne 0) { exit $LASTEXITCODE }[0m
2026-08-20T10:21:19.5596349Z shell: C:\Program Files\PowerShell\7\pwsh.EXE -command ". '{0}'"
2026-08-20T10:21:19.5596741Z env:
2026-08-20T10:21:19.5597386Z   MSBUILD_EXE: C:\Program Files\Microsoft Visual Studio\2022\Enterprise\MSBuild\Current\Bin\arm64\MSBuild.exe
2026-08-20T10:21:19.5598098Z   VCPKG_ROOT: C:\Users\runneradmin\AppData\Local\OpenCppCoverage\vcpkg
2026-08-20T10:21:19.5598495Z ##[endgroup]
2026-08-20T10:21:20.0773894Z Running CppCoverageTest --gtest_filter=-CodeCoverageRunnerTest.OptimizedBuild:CppCliTest.ManagedUnManagedModule
2026-08-20T10:21:22.6162115Z Running ExporterTest 
2026-08-20T10:21:22.9530039Z Running FileFilterTest 
2026-08-20T10:21:23.2196951Z Running OpenCppCoverageTest 
2026-08-20T10:21:28.3268044Z Running PluginTest 
2026-08-20T10:21:28.3502196Z Running ToolsTest 
2026-08-20T10:21:28.4028164Z Test summary written to artifacts\logs\test-summary-ARM64-Release.json
2026-08-20T10:21:28.4091146Z 
2026-08-20T10:21:28.4091540Z Name                ExitCode Ran Passed
2026-08-20T10:21:28.4091914Z ----                -------- --- ------
2026-08-20T10:21:28.4092232Z CppCoverageTest            0 116    116
2026-08-20T10:21:28.4092545Z ExporterTest               0  34     34
2026-08-20T10:21:28.4092936Z FileFilterTest             0  29     29
2026-08-20T10:21:28.4093248Z OpenCppCoverageTest        0  19     19
2026-08-20T10:21:28.4093572Z PluginTest                 0   5      5
2026-08-20T10:21:28.4093882Z ToolsTest                  0  12     12
2026-08-20T10:21:28.4094088Z 
2026-08-20T10:21:28.4094092Z 
2026-08-20T10:21:28.4105312Z All test suites passed for ARM64|Release.
2026-08-20T10:21:28.4928094Z ##[group]Run & .\Build\Scripts\RunEndToEnd.ps1 -Platform ARM64 `
2026-08-20T10:21:28.4928761Z [36;1m& .\Build\Scripts\RunEndToEnd.ps1 -Platform ARM64 `[0m
2026-08-20T10:21:28.4929213Z [36;1m  -Configuration Release -LogDirectory artifacts\logs[0m
2026-08-20T10:21:28.4929629Z [36;1mif ($LASTEXITCODE -ne 0) { exit $LASTEXITCODE }[0m
2026-08-20T10:21:28.4996972Z shell: C:\Program Files\PowerShell\7\pwsh.EXE -command ". '{0}'"
2026-08-20T10:21:28.4997374Z env:
2026-08-20T10:21:28.4997825Z   MSBUILD_EXE: C:\Program Files\Microsoft Visual Studio\2022\Enterprise\MSBuild\Current\Bin\arm64\MSBuild.exe
2026-08-20T10:21:28.4998755Z   VCPKG_ROOT: C:\Users\runneradmin\AppData\Local\OpenCppCoverage\vcpkg
2026-08-20T10:21:28.4999159Z ##[endgroup]
2026-08-20T10:21:28.9008351Z Running: C:\a\OpenCppCoverage-ARM64\OpenCppCoverage-ARM64\ARM64\Release\OpenCppCoverage.exe --sources TestCoverageConsole --export_type=cobertura:artifacts\logs\e2e-cobertura-ARM64-Release.xml -- C:\a\OpenCppCoverage-ARM64\OpenCppCoverage-ARM64\ARM64\Release\TestCoverageConsole.exe TestBasic
2026-08-20T10:21:28.9826784Z [31;1m[info] Start Program:[0m
2026-08-20T10:21:28.9833355Z [31;1mPath:"C:\\a\\OpenCppCoverage-ARM64\\OpenCppCoverage-ARM64\\ARM64\\Release\\TestCoverageConsole.exe"[0m
2026-08-20T10:21:28.9841729Z [31;1mArguments:TestBasic [0m
2026-08-20T10:21:28.9851060Z [31;1mWorking directory: not set.[0m
2026-08-20T10:21:28.9859347Z [31;1mModules: Selected: * Excluded: [0m
2026-08-20T10:21:28.9867542Z [31;1mSources: Selected: TestCoverageConsole Excluded: [0m
2026-08-20T10:21:28.9877024Z [31;1mLog Level: Normal[0m
2026-08-20T10:21:28.9886963Z [31;1mCover Children: 0[0m
2026-08-20T10:21:28.9901476Z [31;1mAggregate by file: 1[0m
2026-08-20T10:21:28.9909791Z [31;1mContinue after C++ exception: 0[0m
2026-08-20T10:21:28.9921281Z [31;1mOptimized build support: 0[0m
2026-08-20T10:21:28.9929939Z [31;1mExport: cobertura artifacts\logs\e2e-cobertura-ARM64-Release.xml [0m
2026-08-20T10:21:28.9939674Z [31;1mInput coverage: [0m
2026-08-20T10:21:28.9947315Z [31;1mUnified diff: [0m
2026-08-20T10:21:28.9959197Z [31;1mExcluded line regular expressions: [0m
2026-08-20T10:21:28.9968353Z [31;1mSubstitute pdb source paths: [0m
2026-08-20T10:21:29.0010564Z [31;1m[info] Module: C:\a\OpenCppCoverage-ARM64\OpenCppCoverage-ARM64\ARM64\Release\TestCoverageConsole.exe is selected because it matches selected pattern: *[0m
2026-08-20T10:21:29.0019936Z [31;1m[info] Module: C:\Windows\System32\ntdll.dll is selected because it matches selected pattern: *[0m
2026-08-20T10:21:29.0028745Z [31;1m[info] Module: C:\Windows\System32\kernel32.dll is selected because it matches selected pattern: *[0m
2026-08-20T10:21:29.0036461Z [31;1m[info] Module: C:\Windows\System32\KernelBase.dll is selected because it matches selected pattern: *[0m
2026-08-20T10:21:29.0044357Z [31;1m[info] Module: C:\Windows\System32\ucrtbase.dll is selected because it matches selected pattern: *[0m
2026-08-20T10:21:29.0058319Z [31;1m[info] Module: C:\a\OpenCppCoverage-ARM64\OpenCppCoverage-ARM64\ARM64\Release\TestCoverageSharedLib.dll is selected because it matches selected pattern: *[0m
2026-08-20T10:21:29.0067056Z [31;1m[info] Module: C:\a\OpenCppCoverage-ARM64\OpenCppCoverage-ARM64\ARM64\Release\TestCoverageOptimizedBuild.dll is selected because it matches selected pattern: *[0m
2026-08-20T10:21:29.0077333Z [31;1m[info] Module: C:\a\OpenCppCoverage-ARM64\OpenCppCoverage-ARM64\ARM64\Release\Tools.dll is selected because it matches selected pattern: *[0m
2026-08-20T10:21:29.0091818Z [31;1m[info] Module: C:\Windows\System32\vcruntime140.dll is selected because it matches selected pattern: *[0m
2026-08-20T10:21:29.0105489Z [31;1m[info] Module: C:\Windows\System32\msvcp140.dll is selected because it matches selected pattern: *[0m
2026-08-20T10:21:29.0117115Z [31;1m[info] Module: C:\Windows\System32\msvcp140.dll is selected because it matches selected pattern: *[0m
2026-08-20T10:21:29.0128929Z [31;1m[info] Module: C:\a\OpenCppCoverage-ARM64\OpenCppCoverage-ARM64\ARM64\Release\PocoFoundation.dll is selected because it matches selected pattern: *[0m
2026-08-20T10:21:29.0137376Z [31;1m[info] Module: C:\a\OpenCppCoverage-ARM64\OpenCppCoverage-ARM64\ARM64\Release\Plugin.dll is selected because it matches selected pattern: *[0m
2026-08-20T10:21:29.0145668Z [31;1m[info] Module: C:\Windows\System32\dbghelp.dll is selected because it matches selected pattern: *[0m
2026-08-20T10:21:29.0154111Z [31;1m[info] Module: C:\a\OpenCppCoverage-ARM64\OpenCppCoverage-ARM64\ARM64\Release\boost_iostreams-vc143-mt-a64-1_91.dll is selected because it matches selected pattern: *[0m
2026-08-20T10:21:29.0162550Z [31;1m[info] Module: C:\a\OpenCppCoverage-ARM64\OpenCppCoverage-ARM64\ARM64\Release\boost_locale-vc143-mt-a64-1_91.dll is selected because it matches selected pattern: *[0m
2026-08-20T10:21:29.0197620Z [31;1m[info] Module: C:\Windows\System32\advapi32.dll is selected because it matches selected pattern: *[0m
2026-08-20T10:21:29.0221734Z [31;1m[info] Module: C:\a\OpenCppCoverage-ARM64\OpenCppCoverage-ARM64\ARM64\Release\boost_thread-vc143-mt-a64-1_91.dll is selected because it matches selected pattern: *[0m
2026-08-20T10:21:29.0358937Z [31;1m[info] Module: C:\Windows\System32\combase.dll is selected because it matches selected pattern: *[0m
2026-08-20T10:21:29.0372774Z [31;1m[info] Module: C:\a\OpenCppCoverage-ARM64\OpenCppCoverage-ARM64\ARM64\Release\boost_log-vc143-mt-a64-1_91.dll is selected because it matches selected pattern: *[0m
2026-08-20T10:21:29.0379330Z [31;1m[info] Module: C:\Windows\System32\rpcrt4.dll is selected because it matches selected pattern: *[0m
2026-08-20T10:21:29.0383466Z [31;1m[info] Module: C:\Windows\System32\msvcrt.dll is selected because it matches selected pattern: *[0m
2026-08-20T10:21:29.0391147Z [31;1m[info] Module: C:\Windows\System32\oleaut32.dll is selected because it matches selected pattern: *[0m
2026-08-20T10:21:29.0398728Z [31;1m[info] Module: C:\Windows\System32\sechost.dll is selected because it matches selected pattern: *[0m
2026-08-20T10:21:29.0407019Z [31;1m[info] Module: C:\Windows\System32\msvcp_win.dll is selected because it matches selected pattern: *[0m
2026-08-20T10:21:29.0414953Z [31;1m[info] Module: C:\a\OpenCppCoverage-ARM64\OpenCppCoverage-ARM64\ARM64\Release\z.dll is selected because it matches selected pattern: *[0m
2026-08-20T10:21:29.0422438Z [31;1m[info] Module: C:\Windows\System32\ws2_32.dll is selected because it matches selected pattern: *[0m
2026-08-20T10:21:29.0430783Z [31;1m[info] Module: C:\a\OpenCppCoverage-ARM64\OpenCppCoverage-ARM64\ARM64\Release\bz2.dll is selected because it matches selected pattern: *[0m
2026-08-20T10:21:29.0439437Z [31;1m[info] Module: C:\a\OpenCppCoverage-ARM64\OpenCppCoverage-ARM64\ARM64\Release\liblzma.dll is selected because it matches selected pattern: *[0m
2026-08-20T10:21:29.0446521Z [31;1m[info] Module: C:\a\OpenCppCoverage-ARM64\OpenCppCoverage-ARM64\ARM64\Release\zstd.dll is selected because it matches selected pattern: *[0m
2026-08-20T10:21:29.0454054Z [31;1m[info] Module: C:\a\OpenCppCoverage-ARM64\OpenCppCoverage-ARM64\ARM64\Release\pcre2-8.dll is selected because it matches selected pattern: *[0m
2026-08-20T10:21:29.0461839Z [31;1m[info] Module: C:\Windows\System32\IPHLPAPI.DLL is selected because it matches selected pattern: *[0m
2026-08-20T10:21:29.0470511Z [31;1m[info] Module: C:\a\OpenCppCoverage-ARM64\OpenCppCoverage-ARM64\ARM64\Release\utf8proc.dll is selected because it matches selected pattern: *[0m
2026-08-20T10:21:29.0478589Z [31;1m[info] Module: C:\a\OpenCppCoverage-ARM64\OpenCppCoverage-ARM64\ARM64\Release\boost_filesystem-vc143-mt-a64-1_91.dll is selected because it matches selected pattern: *[0m
2026-08-20T10:21:29.0486473Z [31;1m[info] Module: C:\Windows\System32\secur32.dll is selected because it matches selected pattern: *[0m
2026-08-20T10:21:29.0494942Z [31;1m[info] Module: C:\Windows\System32\msvcp140_codecvt_ids.dll is selected because it matches selected pattern: *[0m
2026-08-20T10:21:29.0501742Z [31;1m[info] Module: C:\Windows\System32\dbgcore.dll is selected because it matches selected pattern: *[0m
2026-08-20T10:21:29.0509601Z [31;1m[info] Module: C:\Windows\System32\sspicli.dll is selected because it matches selected pattern: *[0m
2026-08-20T10:21:29.0516964Z [31;1m[info] Module: C:\Windows\System32\kernel.appcore.dll is selected because it matches selected pattern: *[0m
2026-08-20T10:21:29.0526380Z [31;1m[info] ----------------------------------------------------[0m
2026-08-20T10:21:29.0534834Z [31;1m[info] Cobertura report generated: artifacts\logs\e2e-cobertura-ARM64-Release.xml[0m
2026-08-20T10:21:29.0542283Z [31;1m[info] ----------------------------------------------------[0m
2026-08-20T10:21:29.0550667Z [31;1m[info] The code coverage report is not what you expect? See the FAQ https://github.com/OpenCppCoverage/OpenCppCoverage/wiki/FAQ.[0m
2026-08-20T10:21:29.1009091Z End-to-end coverage verified on ARM64|Release: 2/24 lines executed in TestBasic.cpp, unreachable line 36 correctly reported as not executed.
2026-08-20T10:21:29.1013440Z Summary written to artifacts\logs\e2e-summary-ARM64-Release.json
2026-08-20T10:21:29.1840730Z ##[group]Run & .\CreateRelease.ps1 -Platform ARM64 -Configuration Release 2>&1 |
2026-08-20T10:21:29.1841400Z [36;1m& .\CreateRelease.ps1 -Platform ARM64 -Configuration Release 2>&1 |[0m
2026-08-20T10:21:29.1841819Z [36;1m  Tee-Object artifacts\logs\package-ARM64.log[0m
2026-08-20T10:21:29.1842156Z [36;1mif ($LASTEXITCODE -ne 0) { exit $LASTEXITCODE }[0m
2026-08-20T10:21:29.1895438Z shell: C:\Program Files\PowerShell\7\pwsh.EXE -command ". '{0}'"
2026-08-20T10:21:29.1895790Z env:
2026-08-20T10:21:29.1896178Z   MSBUILD_EXE: C:\Program Files\Microsoft Visual Studio\2022\Enterprise\MSBuild\Current\Bin\arm64\MSBuild.exe
2026-08-20T10:21:29.1896746Z   VCPKG_ROOT: C:\Users\runneradmin\AppData\Local\OpenCppCoverage\vcpkg
2026-08-20T10:21:29.1897077Z ##[endgroup]
2026-08-20T10:21:33.9226189Z {
2026-08-20T10:21:33.9226769Z   "Package": "C:\\a\\OpenCppCoverage-ARM64\\OpenCppCoverage-ARM64\\artifacts\\OpenCppCoverage-0.9.9.0-windows-arm64.zip",
2026-08-20T10:21:33.9227351Z   "Size": 17197315,
2026-08-20T10:21:33.9227680Z   "Sha256": "83f0e1c19d89c534a13a67eef4ebdacb85593aa4696d06ca4925ac03ecfee7a5",
2026-08-20T10:21:33.9228354Z   "Checksum": "C:\\a\\OpenCppCoverage-ARM64\\OpenCppCoverage-ARM64\\artifacts\\OpenCppCoverage-0.9.9.0-windows-arm64.zip.sha256",
2026-08-20T10:21:33.9229178Z   "Staging": "C:\\a\\OpenCppCoverage-ARM64\\OpenCppCoverage-ARM64\\artifacts\\staging\\OpenCppCoverage-0.9.9.0-windows-arm64",
2026-08-20T10:21:33.9230024Z   "Expanded": "C:\\a\\OpenCppCoverage-ARM64\\OpenCppCoverage-ARM64\\artifacts\\expanded\\OpenCppCoverage-0.9.9.0-windows-arm64",
2026-08-20T10:21:33.9230561Z   "PeImageCount": 34,
2026-08-20T10:21:33.9230755Z   "FileCount": 154,
2026-08-20T10:21:33.9230944Z   "DependencyCount": 103,
2026-08-20T10:21:33.9231447Z   "CrtSource": "C:\\Program Files\\Microsoft Visual Studio\\2022\\Enterprise\\VC\\Redist\\MSVC\\14.44.35112\\arm64\\Microsoft.VC143.CRT",
2026-08-20T10:21:33.9231970Z   "CrtStaged": [
2026-08-20T10:21:33.9232152Z     "concrt140.dll",
2026-08-20T10:21:33.9232338Z     "msvcp140_1.dll",
2026-08-20T10:21:33.9232520Z     "msvcp140_2.dll",
2026-08-20T10:21:33.9232719Z     "msvcp140_atomic_wait.dll",
2026-08-20T10:21:33.9232942Z     "msvcp140_codecvt_ids.dll",
2026-08-20T10:21:33.9233157Z     "msvcp140.dll",
2026-08-20T10:21:33.9233448Z     "vccorlib140.dll",
2026-08-20T10:21:33.9233685Z     "vcruntime140_threads.dll",
2026-08-20T10:21:33.9233902Z     "vcruntime140.dll"
2026-08-20T10:21:33.9234095Z   ],
2026-08-20T10:21:33.9234251Z   "CrtNotStaged": [
2026-08-20T10:21:33.9234426Z     {
2026-08-20T10:21:33.9234591Z       "Name": "vcruntime140_1.dll",
2026-08-20T10:21:33.9234828Z       "Architecture": "x64",
2026-08-20T10:21:33.9235038Z       "Machine": "0x8664",
2026-08-20T10:21:33.9235575Z       "Source": "C:\\Program Files\\Microsoft Visual Studio\\2022\\Enterprise\\VC\\Redist\\MSVC\\14.44.35112\\arm64\\Microsoft.VC143.CRT\\vcruntime140_1.dll"
2026-08-20T10:21:33.9236144Z     }
2026-08-20T10:21:33.9236316Z   ]
2026-08-20T10:21:33.9236472Z }
2026-08-20T10:21:34.0144297Z ##[group]Run $packageRoot = Get-ChildItem artifacts\expanded -Directory |
2026-08-20T10:21:34.0145023Z [36;1m$packageRoot = Get-ChildItem artifacts\expanded -Directory |[0m
2026-08-20T10:21:34.0145457Z [36;1m  Select-Object -First 1 -ExpandProperty FullName[0m
2026-08-20T10:21:34.0145872Z [36;1mif (-not $packageRoot) { throw "No re-expanded package was found." }[0m
2026-08-20T10:21:34.0146656Z [36;1m& .\Build\Scripts\RunEndToEnd.ps1 -Platform ARM64 `[0m
2026-08-20T10:21:34.0147034Z [36;1m  -Configuration Release -LogDirectory artifacts\logs `[0m
2026-08-20T10:21:34.0147409Z [36;1m  -PackageRoot $packageRoot -Label packaged 2>&1 |[0m
2026-08-20T10:21:34.0147772Z [36;1m  Tee-Object artifacts\logs\e2e-packaged-ARM64.log[0m
2026-08-20T10:21:34.0148139Z [36;1mif ($LASTEXITCODE -ne 0) { exit $LASTEXITCODE }[0m
2026-08-20T10:21:34.0202514Z shell: C:\Program Files\PowerShell\7\pwsh.EXE -command ". '{0}'"
2026-08-20T10:21:34.0202851Z env:
2026-08-20T10:21:34.0203273Z   MSBUILD_EXE: C:\Program Files\Microsoft Visual Studio\2022\Enterprise\MSBuild\Current\Bin\arm64\MSBuild.exe
2026-08-20T10:21:34.0204072Z   VCPKG_ROOT: C:\Users\runneradmin\AppData\Local\OpenCppCoverage\vcpkg
2026-08-20T10:21:34.0204406Z ##[endgroup]
2026-08-20T10:21:34.4230348Z Running: C:\a\OpenCppCoverage-ARM64\OpenCppCoverage-ARM64\artifacts\expanded\OpenCppCoverage-0.9.9.0-windows-arm64\Binaries\OpenCppCoverage.exe --sources TestCoverageConsole --export_type=cobertura:artifacts\logs\e2e-cobertura-ARM64-Release-packaged.xml -- C:\a\OpenCppCoverage-ARM64\OpenCppCoverage-ARM64\ARM64\Release\TestCoverageConsole.exe TestBasic
2026-08-20T10:21:34.7141791Z [31;1m[info] Start Program:[0m
2026-08-20T10:21:34.7156613Z [31;1mPath:"C:\\a\\OpenCppCoverage-ARM64\\OpenCppCoverage-ARM64\\ARM64\\Release\\TestCoverageConsole.exe"[0m
2026-08-20T10:21:34.7169626Z [31;1mArguments:TestBasic [0m
2026-08-20T10:21:34.7181550Z [31;1mWorking directory: not set.[0m
2026-08-20T10:21:34.7193895Z [31;1mModules: Selected: * Excluded: [0m
2026-08-20T10:21:34.7206746Z [31;1mSources: Selected: TestCoverageConsole Excluded: [0m
2026-08-20T10:21:34.7221183Z [31;1mLog Level: Normal[0m
2026-08-20T10:21:34.7231364Z [31;1mCover Children: 0[0m
2026-08-20T10:21:34.7243437Z [31;1mAggregate by file: 1[0m
2026-08-20T10:21:34.7256580Z [31;1mContinue after C++ exception: 0[0m
2026-08-20T10:21:34.7269062Z [31;1mOptimized build support: 0[0m
2026-08-20T10:21:34.7282258Z [31;1mExport: cobertura artifacts\logs\e2e-cobertura-ARM64-Release-packaged.xml [0m
2026-08-20T10:21:34.7294643Z [31;1mInput coverage: [0m
2026-08-20T10:21:34.7306964Z [31;1mUnified diff: [0m
2026-08-20T10:21:34.7323019Z [31;1mExcluded line regular expressions: [0m
2026-08-20T10:21:34.7336056Z [31;1mSubstitute pdb source paths: [0m
2026-08-20T10:21:34.7397778Z [31;1m[info] Module: C:\a\OpenCppCoverage-ARM64\OpenCppCoverage-ARM64\ARM64\Release\TestCoverageConsole.exe is selected because it matches selected pattern: *[0m
2026-08-20T10:21:34.7409349Z [31;1m[info] Module: C:\Windows\System32\ntdll.dll is selected because it matches selected pattern: *[0m
2026-08-20T10:21:34.7421538Z [31;1m[info] Module: C:\Windows\System32\kernel32.dll is selected because it matches selected pattern: *[0m
2026-08-20T10:21:34.7433778Z [31;1m[info] Module: C:\Windows\System32\KernelBase.dll is selected because it matches selected pattern: *[0m
2026-08-20T10:21:34.7448460Z [31;1m[info] Module: C:\Windows\System32\ucrtbase.dll is selected because it matches selected pattern: *[0m
2026-08-20T10:21:34.7461617Z [31;1m[info] Module: C:\a\OpenCppCoverage-ARM64\OpenCppCoverage-ARM64\ARM64\Release\TestCoverageSharedLib.dll is selected because it matches selected pattern: *[0m
2026-08-20T10:21:34.7476192Z [31;1m[info] Module: C:\a\OpenCppCoverage-ARM64\OpenCppCoverage-ARM64\ARM64\Release\Tools.dll is selected because it matches selected pattern: *[0m
2026-08-20T10:21:34.7490263Z [31;1m[info] Module: C:\a\OpenCppCoverage-ARM64\OpenCppCoverage-ARM64\ARM64\Release\PocoFoundation.dll is selected because it matches selected pattern: *[0m
2026-08-20T10:21:34.7503012Z [31;1m[info] Module: C:\a\OpenCppCoverage-ARM64\OpenCppCoverage-ARM64\ARM64\Release\TestCoverageOptimizedBuild.dll is selected because it matches selected pattern: *[0m
2026-08-20T10:21:34.7516941Z [31;1m[info] Module: C:\Windows\System32\advapi32.dll is selected because it matches selected pattern: *[0m
2026-08-20T10:21:34.7531563Z [31;1m[info] Module: C:\Windows\System32\msvcp140.dll is selected because it matches selected pattern: *[0m
2026-08-20T10:21:34.7541682Z [31;1m[info] Module: C:\Windows\System32\vcruntime140.dll is selected because it matches selected pattern: *[0m
2026-08-20T10:21:34.7552793Z [31;1m[info] Module: C:\Windows\System32\msvcrt.dll is selected because it matches selected pattern: *[0m
2026-08-20T10:21:34.7566619Z [31;1m[info] Module: C:\Windows\System32\dbghelp.dll is selected because it matches selected pattern: *[0m
2026-08-20T10:21:34.7578833Z [31;1m[info] Module: C:\Windows\System32\sechost.dll is selected because it matches selected pattern: *[0m
2026-08-20T10:21:34.7592944Z [31;1m[info] Module: C:\a\OpenCppCoverage-ARM64\OpenCppCoverage-ARM64\ARM64\Release\boost_iostreams-vc143-mt-a64-1_91.dll is selected because it matches selected pattern: *[0m
2026-08-20T10:21:34.7636818Z [31;1m[info] Module: C:\Windows\System32\combase.dll is selected because it matches selected pattern: *[0m
2026-08-20T10:21:34.7664999Z [31;1m[info] Module: C:\Windows\System32\rpcrt4.dll is selected because it matches selected pattern: *[0m
2026-08-20T10:21:34.7740096Z [31;1m[info] Module: C:\Windows\System32\rpcrt4.dll is selected because it matches selected pattern: *[0m
2026-08-20T10:21:34.7757145Z [31;1m[info] Module: C:\Windows\System32\oleaut32.dll is selected because it matches selected pattern: *[0m
2026-08-20T10:21:34.7813160Z [31;1m[info] Module: C:\a\OpenCppCoverage-ARM64\OpenCppCoverage-ARM64\ARM64\Release\boost_locale-vc143-mt-a64-1_91.dll is selected because it matches selected pattern: *[0m
2026-08-20T10:21:34.7840014Z [31;1m[info] Module: C:\a\OpenCppCoverage-ARM64\OpenCppCoverage-ARM64\ARM64\Release\boost_log-vc143-mt-a64-1_91.dll is selected because it matches selected pattern: *[0m
2026-08-20T10:21:34.7924075Z [31;1m[info] Module: C:\Windows\System32\msvcp_win.dll is selected because it matches selected pattern: *[0m
2026-08-20T10:21:34.7955479Z [31;1m[info] Module: C:\a\OpenCppCoverage-ARM64\OpenCppCoverage-ARM64\ARM64\Release\boost_thread-vc143-mt-a64-1_91.dll is selected because it matches selected pattern: *[0m
2026-08-20T10:21:34.7983983Z [31;1m[info] Module: C:\Windows\System32\ws2_32.dll is selected because it matches selected pattern: *[0m
2026-08-20T10:21:34.8017468Z [31;1m[info] Module: C:\a\OpenCppCoverage-ARM64\OpenCppCoverage-ARM64\ARM64\Release\Plugin.dll is selected because it matches selected pattern: *[0m
2026-08-20T10:21:34.8031887Z [31;1m[info] Module: C:\a\OpenCppCoverage-ARM64\OpenCppCoverage-ARM64\ARM64\Release\pcre2-8.dll is selected because it matches selected pattern: *[0m
2026-08-20T10:21:34.8046788Z [31;1m[info] Module: C:\a\OpenCppCoverage-ARM64\OpenCppCoverage-ARM64\ARM64\Release\z.dll is selected because it matches selected pattern: *[0m
2026-08-20T10:21:34.8060218Z [31;1m[info] Module: C:\a\OpenCppCoverage-ARM64\OpenCppCoverage-ARM64\ARM64\Release\utf8proc.dll is selected because it matches selected pattern: *[0m
2026-08-20T10:21:34.8073985Z [31;1m[info] Module: C:\Windows\System32\IPHLPAPI.DLL is selected because it matches selected pattern: *[0m
2026-08-20T10:21:34.8087965Z [31;1m[info] Module: C:\a\OpenCppCoverage-ARM64\OpenCppCoverage-ARM64\ARM64\Release\bz2.dll is selected because it matches selected pattern: *[0m
2026-08-20T10:21:34.8102825Z [31;1m[info] Module: C:\a\OpenCppCoverage-ARM64\OpenCppCoverage-ARM64\ARM64\Release\liblzma.dll is selected because it matches selected pattern: *[0m
2026-08-20T10:21:34.8111305Z [31;1m[info] Module: C:\a\OpenCppCoverage-ARM64\OpenCppCoverage-ARM64\ARM64\Release\zstd.dll is selected because it matches selected pattern: *[0m
2026-08-20T10:21:34.8117615Z [31;1m[info] Module: C:\a\OpenCppCoverage-ARM64\OpenCppCoverage-ARM64\ARM64\Release\boost_filesystem-vc143-mt-a64-1_91.dll is selected because it matches selected pattern: *[0m
2026-08-20T10:21:34.8129327Z [31;1m[info] Module: C:\Windows\System32\secur32.dll is selected because it matches selected pattern: *[0m
2026-08-20T10:21:34.8140144Z [31;1m[info] Module: C:\Windows\System32\dbgcore.dll is selected because it matches selected pattern: *[0m
2026-08-20T10:21:34.8150731Z [31;1m[info] Module: C:\Windows\System32\msvcp140_codecvt_ids.dll is selected because it matches selected pattern: *[0m
2026-08-20T10:21:34.8161548Z [31;1m[info] Module: C:\Windows\System32\sspicli.dll is selected because it matches selected pattern: *[0m
2026-08-20T10:21:34.8172900Z [31;1m[info] Module: C:\Windows\System32\kernel.appcore.dll is selected because it matches selected pattern: *[0m
2026-08-20T10:21:34.8183669Z [31;1m[info] ----------------------------------------------------[0m
2026-08-20T10:21:34.8194344Z [31;1m[info] Cobertura report generated: artifacts\logs\e2e-cobertura-ARM64-Release-packaged.xml[0m
2026-08-20T10:21:34.8205083Z [31;1m[info] ----------------------------------------------------[0m
2026-08-20T10:21:34.8215880Z [31;1m[info] The code coverage report is not what you expect? See the FAQ https://github.com/OpenCppCoverage/OpenCppCoverage/wiki/FAQ.[0m
2026-08-20T10:21:34.8639487Z End-to-end coverage verified on ARM64|Release: 2/24 lines executed in TestBasic.cpp, unreachable line 36 correctly reported as not executed.
2026-08-20T10:21:34.8643768Z Summary written to artifacts\logs\e2e-summary-ARM64-Release-packaged.json
2026-08-20T10:21:34.9452956Z ##[group]Run & .\Build\Scripts\Assert-Results.ps1 -Platform ARM64 `
2026-08-20T10:21:34.9453658Z [36;1m& .\Build\Scripts\Assert-Results.ps1 -Platform ARM64 `[0m
2026-08-20T10:21:34.9454087Z [36;1m  -LogDirectory artifacts\logs[0m
2026-08-20T10:21:34.9454441Z [36;1mif ($LASTEXITCODE -ne 0) { exit $LASTEXITCODE }[0m
2026-08-20T10:21:34.9508051Z shell: C:\Program Files\PowerShell\7\pwsh.EXE -command ". '{0}'"
2026-08-20T10:21:34.9508418Z env:
2026-08-20T10:21:34.9508864Z   MSBUILD_EXE: C:\Program Files\Microsoft Visual Studio\2022\Enterprise\MSBuild\Current\Bin\arm64\MSBuild.exe
2026-08-20T10:21:34.9509492Z   VCPKG_ROOT: C:\Users\runneradmin\AppData\Local\OpenCppCoverage\vcpkg
2026-08-20T10:21:34.9509890Z ##[endgroup]
2026-08-20T10:21:35.3251431Z All recorded results for ARM64 are complete and fully passing (Debug, Release plus end-to-end).
2026-08-20T10:21:35.3943618Z Node 20 is being deprecated. This workflow is running with Node 24 by default. If you need to temporarily use Node 20, you can set the ACTIONS_ALLOW_USE_UNSECURE_NODE_VERSION=true environment variable. For more information see: https://github.blog/changelog/2025-09-19-deprecation-of-node-20-on-github-actions-runners/
2026-08-20T10:21:35.3945109Z ##[group]Run actions/upload-artifact@v4
2026-08-20T10:21:35.3945401Z with:
2026-08-20T10:21:35.3945653Z   name: logs-windows-arm64
2026-08-20T10:21:35.3945916Z   path: artifacts/logs
2026-08-20T10:21:35.3946168Z   if-no-files-found: warn
2026-08-20T10:21:35.3946429Z   compression-level: 6
2026-08-20T10:21:35.3946675Z   overwrite: false
2026-08-20T10:21:35.3946942Z   include-hidden-files: false
2026-08-20T10:21:35.3947205Z env:
2026-08-20T10:21:35.3947660Z   MSBUILD_EXE: C:\Program Files\Microsoft Visual Studio\2022\Enterprise\MSBuild\Current\Bin\arm64\MSBuild.exe
2026-08-20T10:21:35.3948342Z   VCPKG_ROOT: C:\Users\runneradmin\AppData\Local\OpenCppCoverage\vcpkg
2026-08-20T10:21:35.3948722Z ##[endgroup]
2026-08-20T10:21:35.6574175Z (node:5208) [DEP0040] DeprecationWarning: The `punycode` module is deprecated. Please use a userland alternative instead.
2026-08-20T10:21:35.6574841Z (Use `node --trace-deprecation ...` to show where the warning was created)
2026-08-20T10:21:35.6782090Z With the provided path, there will be 36 files uploaded
2026-08-20T10:21:35.6787484Z Artifact name is valid!
2026-08-20T10:21:35.6789587Z Root directory input is valid!
2026-08-20T10:21:35.9271058Z Beginning upload of artifact content to blob storage
2026-08-20T10:21:36.0427984Z (node:5208) [DEP0169] DeprecationWarning: `url.parse()` behavior is not standardized and prone to errors that have security implications. Use the WHATWG URL API instead. CVEs are not issued for `url.parse()` vulnerabilities.
2026-08-20T10:21:36.3327218Z Uploaded bytes 1641093
2026-08-20T10:21:36.3689256Z Finished uploading artifact content to blob storage!
2026-08-20T10:21:36.3692881Z SHA256 digest of uploaded artifact zip is ffdf6563b660e42c11a90268b97985403d19d18e349c4d6f3eaa2b74ffbd023d
2026-08-20T10:21:36.3695338Z Finalizing artifact upload
2026-08-20T10:21:36.5818439Z Artifact logs-windows-arm64.zip successfully finalized. Artifact ID 9402599925
2026-08-20T10:21:36.5819421Z Artifact logs-windows-arm64 has been successfully uploaded! Final size is 1641093 bytes. Artifact ID is 9402599925
2026-08-20T10:21:36.5836882Z Artifact download URL: https://github.com/LynnSingoei/OpenCppCoverage-ARM64/actions/runs/32357865925/artifacts/9402599925
2026-08-20T10:21:36.6219438Z Node 20 is being deprecated. This workflow is running with Node 24 by default. If you need to temporarily use Node 20, you can set the ACTIONS_ALLOW_USE_UNSECURE_NODE_VERSION=true environment variable. For more information see: https://github.blog/changelog/2025-09-19-deprecation-of-node-20-on-github-actions-runners/
2026-08-20T10:21:36.6220859Z ##[group]Run actions/upload-artifact@v4
2026-08-20T10:21:36.6221110Z with:
2026-08-20T10:21:36.6221301Z   name: OpenCppCoverage-windows-arm64
2026-08-20T10:21:36.6221720Z   path: artifacts/*.zip
artifacts/*.sha256
artifacts/*-expanded-pe-manifest.json

2026-08-20T10:21:36.6222110Z   if-no-files-found: warn
2026-08-20T10:21:36.6222328Z   compression-level: 6
2026-08-20T10:21:36.6222524Z   overwrite: false
2026-08-20T10:21:36.6222722Z   include-hidden-files: false
2026-08-20T10:21:36.6222938Z env:
2026-08-20T10:21:36.6223347Z   MSBUILD_EXE: C:\Program Files\Microsoft Visual Studio\2022\Enterprise\MSBuild\Current\Bin\arm64\MSBuild.exe
2026-08-20T10:21:36.6223913Z   VCPKG_ROOT: C:\Users\runneradmin\AppData\Local\OpenCppCoverage\vcpkg
2026-08-20T10:21:36.6224252Z ##[endgroup]
2026-08-20T10:21:36.8872237Z (node:2752) [DEP0040] DeprecationWarning: The `punycode` module is deprecated. Please use a userland alternative instead.
2026-08-20T10:21:36.8872960Z (Use `node --trace-deprecation ...` to show where the warning was created)
2026-08-20T10:21:36.8998225Z With the provided path, there will be 3 files uploaded
2026-08-20T10:21:36.9003151Z Artifact name is valid!
2026-08-20T10:21:36.9005880Z Root directory input is valid!
2026-08-20T10:21:37.1795061Z Beginning upload of artifact content to blob storage
2026-08-20T10:21:37.4576453Z (node:2752) [DEP0169] DeprecationWarning: `url.parse()` behavior is not standardized and prone to errors that have security implications. Use the WHATWG URL API instead. CVEs are not issued for `url.parse()` vulnerabilities.
2026-08-20T10:21:37.9773101Z Uploaded bytes 8388608
2026-08-20T10:21:38.1493557Z Uploaded bytes 16777216
2026-08-20T10:21:38.2183875Z Uploaded bytes 17065228
2026-08-20T10:21:38.2501071Z Finished uploading artifact content to blob storage!
2026-08-20T10:21:38.2504898Z SHA256 digest of uploaded artifact zip is 7a55d5637f2d0ddb3589b2db1129dd7194437ad44bc740cbddd3148d10e58d8f
2026-08-20T10:21:38.2507467Z Finalizing artifact upload
2026-08-20T10:21:38.4809946Z Artifact OpenCppCoverage-windows-arm64.zip successfully finalized. Artifact ID 9402601002
2026-08-20T10:21:38.4810749Z Artifact OpenCppCoverage-windows-arm64 has been successfully uploaded! Final size is 17065228 bytes. Artifact ID is 9402601002
2026-08-20T10:21:38.4827016Z Artifact download URL: https://github.com/LynnSingoei/OpenCppCoverage-ARM64/actions/runs/32357865925/artifacts/9402601002
2026-08-20T10:21:38.6882273Z Node 20 is being deprecated. This workflow is running with Node 24 by default. If you need to temporarily use Node 20, you can set the ACTIONS_ALLOW_USE_UNSECURE_NODE_VERSION=true environment variable. For more information see: https://github.blog/changelog/2025-09-19-deprecation-of-node-20-on-github-actions-runners/
2026-08-20T10:21:38.6883653Z Post job cleanup.
2026-08-20T10:21:38.8978461Z Cache hit occurred on the primary key vcpkg-Windows-ARM64-arm64-windows-e9073cbba490b47646cd34a400c0f939662f8d5e71d819b4641152c3a200eb94, not saving cache.
2026-08-20T10:21:38.8984016Z (node:1844) [DEP0040] DeprecationWarning: The `punycode` module is deprecated. Please use a userland alternative instead.
2026-08-20T10:21:38.8984671Z (Use `node --trace-deprecation ...` to show where the warning was created)
2026-08-20T10:21:38.9323307Z Node 20 is being deprecated. This workflow is running with Node 24 by default. If you need to temporarily use Node 20, you can set the ACTIONS_ALLOW_USE_UNSECURE_NODE_VERSION=true environment variable. For more information see: https://github.blog/changelog/2025-09-19-deprecation-of-node-20-on-github-actions-runners/
2026-08-20T10:21:38.9324703Z Post job cleanup.
2026-08-20T10:21:39.2153939Z [command]"C:\Program Files\Git\bin\git.exe" version
2026-08-20T10:21:39.2614285Z git version 2.55.0.windows.3
2026-08-20T10:21:39.2697709Z Temporarily overriding HOME='C:\a\_temp\38cecc5d-cf3e-4560-b888-f958a1c2b4dd' before making global git config changes
2026-08-20T10:21:39.2698454Z Adding repository directory to the temporary git global config as a safe directory
2026-08-20T10:21:39.2707673Z [command]"C:\Program Files\Git\bin\git.exe" config --global --add safe.directory C:\a\OpenCppCoverage-ARM64\OpenCppCoverage-ARM64
2026-08-20T10:21:39.3225349Z [command]"C:\Program Files\Git\bin\git.exe" config --local --name-only --get-regexp core\.sshCommand
2026-08-20T10:21:39.3730522Z [command]"C:\Program Files\Git\bin\git.exe" submodule foreach --recursive "sh -c \"git config --local --name-only --get-regexp 'core\.sshCommand' && git config --local --unset-all 'core.sshCommand' || :\""
2026-08-20T10:21:40.5087894Z [command]"C:\Program Files\Git\bin\git.exe" config --local --name-only --get-regexp http\.https\:\/\/github\.com\/\.extraheader
2026-08-20T10:21:40.5533215Z http.https://github.com/.extraheader
2026-08-20T10:21:40.5582081Z [command]"C:\Program Files\Git\bin\git.exe" config --local --unset-all http.https://github.com/.extraheader
2026-08-20T10:21:40.6065145Z [command]"C:\Program Files\Git\bin\git.exe" submodule foreach --recursive "sh -c \"git config --local --name-only --get-regexp 'http\.https\:\/\/github\.com\/\.extraheader' && git config --local --unset-all 'http.https://github.com/.extraheader' || :\""
2026-08-20T10:21:41.7264838Z [command]"C:\Program Files\Git\bin\git.exe" config --local --name-only --get-regexp ^includeIf\.gitdir:
2026-08-20T10:21:41.7742058Z [command]"C:\Program Files\Git\bin\git.exe" submodule foreach --recursive "git config --local --show-origin --name-only --get-regexp remote.origin.url"
2026-08-20T10:21:42.9057229Z Cleaning up orphan processes
2026-08-20T10:21:42.9155673Z Terminate orphan process: pid (3100) (MSBuild)
2026-08-20T10:21:42.9192185Z Terminate orphan process: pid (916) (MSBuild)
2026-08-20T10:21:42.9361249Z Terminate orphan process: pid (5240) (MSBuild)
2026-08-20T10:21:42.9400964Z Terminate orphan process: pid (7516) (conhost)
2026-08-20T10:21:42.9552167Z Terminate orphan process: pid (3712) (vctip)
2026-08-20T10:21:42.9644487Z ##[warning]Node.js 20 is deprecated. The following actions target Node.js 20 but are being forced to run on Node.js 24: actions/cache@v4, actions/checkout@v4, actions/upload-artifact@v4, microsoft/setup-msbuild@v2. For more information see: https://github.blog/changelog/2025-09-19-deprecation-of-node-20-on-github-actions-runners/
