2026-08-20T10:13:30.6397385Z Current runner version: '2.336.0'
2026-08-20T10:13:30.6423555Z ##[group]Runner Image Provisioner
2026-08-20T10:13:30.6424452Z Hosted Compute Agent
2026-08-20T10:13:30.6425046Z Version: 20260729.566
2026-08-20T10:13:30.6425699Z Commit: cf7153fe6e25b664e8693c24944bf2b00355d109
2026-08-20T10:13:30.6426425Z Build Date: 2026-07-29T19:17:02Z
2026-08-20T10:13:30.6427094Z Worker ID: {d87907bb-b4cc-44f2-9962-0f954158f7d8}
2026-08-20T10:13:30.6427865Z Azure Region: westcentralus
2026-08-20T10:13:30.6428505Z ##[endgroup]
2026-08-20T10:13:30.6429767Z ##[group]Operating System
2026-08-20T10:13:30.6430454Z Microsoft Windows Server 2022
2026-08-20T10:13:30.6431017Z 10.0.20348
2026-08-20T10:13:30.6431529Z Datacenter
2026-08-20T10:13:30.6432042Z ##[endgroup]
2026-08-20T10:13:30.6432576Z ##[group]Runner Image
2026-08-20T10:13:30.6433182Z Image: windows-2022
2026-08-20T10:13:30.6433720Z Version: 20260802.262.1
2026-08-20T10:13:30.6435185Z Included Software: https://github.com/actions/runner-images/blob/win22/20260802.262/images/windows/Windows2022-Readme.md
2026-08-20T10:13:30.6436680Z Image Release: https://github.com/actions/runner-images/releases/tag/win22%2F20260802.262
2026-08-20T10:13:30.6437659Z ##[endgroup]
2026-08-20T10:13:30.6438813Z ##[group]GITHUB_TOKEN Permissions
2026-08-20T10:13:30.6440681Z Contents: read
2026-08-20T10:13:30.6441267Z Metadata: read
2026-08-20T10:13:30.6441813Z Packages: read
2026-08-20T10:13:30.6442359Z ##[endgroup]
2026-08-20T10:13:30.6444302Z Secret source: Actions
2026-08-20T10:13:30.6445220Z Prepare workflow directory
2026-08-20T10:13:30.6752914Z Prepare all required actions
2026-08-20T10:13:30.6818452Z Getting action download info
2026-08-20T10:13:31.0551168Z Download action repository 'actions/checkout@v4' (SHA:11d5960a326750d5838078e36cf38b85af677262)
2026-08-20T10:13:31.1591512Z Download action repository 'microsoft/setup-msbuild@v2' (SHA:6fb02220983dee41ce7ae257b6f4d8f9bf5ed4ce)
2026-08-20T10:13:31.5912531Z Download action repository 'actions/cache@v4' (SHA:0057852bfaa89a56745cba8c7296529d2fc39830)
2026-08-20T10:13:31.7087787Z Download action repository 'actions/upload-artifact@v4' (SHA:ea165f8d65b6e75b540449e92b4886f43607fa02)
2026-08-20T10:13:32.0165379Z Complete job name: Windows x64 compatibility
2026-08-20T10:13:32.1621102Z Node 20 is being deprecated. This workflow is running with Node 24 by default. If you need to temporarily use Node 20, you can set the ACTIONS_ALLOW_USE_UNSECURE_NODE_VERSION=true environment variable. For more information see: https://github.blog/changelog/2025-09-19-deprecation-of-node-20-on-github-actions-runners/
2026-08-20T10:13:32.1630549Z ##[group]Run actions/checkout@v4
2026-08-20T10:13:32.1631270Z with:
2026-08-20T10:13:32.1631818Z   repository: LynnSingoei/OpenCppCoverage-ARM64
2026-08-20T10:13:32.1636087Z   token: ***
2026-08-20T10:13:32.1636620Z   ssh-strict: true
2026-08-20T10:13:32.1637115Z   ssh-user: git
2026-08-20T10:13:32.1637606Z   persist-credentials: true
2026-08-20T10:13:32.1638122Z   clean: true
2026-08-20T10:13:32.1638660Z   sparse-checkout-cone-mode: true
2026-08-20T10:13:32.1639246Z   fetch-depth: 1
2026-08-20T10:13:32.1639699Z   fetch-tags: false
2026-08-20T10:13:32.1640187Z   show-progress: true
2026-08-20T10:13:32.1640691Z   lfs: false
2026-08-20T10:13:32.1641266Z   submodules: false
2026-08-20T10:13:32.1641765Z   set-safe-directory: true
2026-08-20T10:13:32.1642307Z   allow-unsafe-pr-checkout: false
2026-08-20T10:13:32.1643042Z ##[endgroup]
2026-08-20T10:13:32.3095528Z Syncing repository: LynnSingoei/OpenCppCoverage-ARM64
2026-08-20T10:13:32.3097451Z ##[group]Getting Git version info
2026-08-20T10:13:32.3098287Z Working directory is 'D:\a\OpenCppCoverage-ARM64\OpenCppCoverage-ARM64'
2026-08-20T10:13:32.4374328Z [command]"C:\Program Files\Git\bin\git.exe" version
2026-08-20T10:13:32.8663886Z git version 2.55.0.windows.3
2026-08-20T10:13:32.8708615Z ##[endgroup]
2026-08-20T10:13:32.8732609Z Temporarily overriding HOME='D:\a\_temp\e2f24e75-8d90-4951-8390-10fac90eb9da' before making global git config changes
2026-08-20T10:13:32.8738688Z Adding repository directory to the temporary git global config as a safe directory
2026-08-20T10:13:32.8745404Z [command]"C:\Program Files\Git\bin\git.exe" config --global --add safe.directory D:\a\OpenCppCoverage-ARM64\OpenCppCoverage-ARM64
2026-08-20T10:13:32.9301677Z Deleting the contents of 'D:\a\OpenCppCoverage-ARM64\OpenCppCoverage-ARM64'
2026-08-20T10:13:32.9307126Z ##[group]Initializing the repository
2026-08-20T10:13:32.9316939Z [command]"C:\Program Files\Git\bin\git.exe" init D:\a\OpenCppCoverage-ARM64\OpenCppCoverage-ARM64
2026-08-20T10:13:33.0367995Z Initialized empty Git repository in D:/a/OpenCppCoverage-ARM64/OpenCppCoverage-ARM64/.git/
2026-08-20T10:13:33.0411759Z [command]"C:\Program Files\Git\bin\git.exe" remote add origin https://github.com/LynnSingoei/OpenCppCoverage-ARM64
2026-08-20T10:13:33.0944519Z ##[endgroup]
2026-08-20T10:13:33.0945456Z ##[group]Disabling automatic garbage collection
2026-08-20T10:13:33.0953973Z [command]"C:\Program Files\Git\bin\git.exe" config --local gc.auto 0
2026-08-20T10:13:33.1178421Z ##[endgroup]
2026-08-20T10:13:33.1179253Z ##[group]Setting up auth
2026-08-20T10:13:33.1190831Z [command]"C:\Program Files\Git\bin\git.exe" config --local --name-only --get-regexp core\.sshCommand
2026-08-20T10:13:33.1417941Z [command]"C:\Program Files\Git\bin\git.exe" submodule foreach --recursive "sh -c \"git config --local --name-only --get-regexp 'core\.sshCommand' && git config --local --unset-all 'core.sshCommand' || :\""
2026-08-20T10:13:34.4916934Z [command]"C:\Program Files\Git\bin\git.exe" config --local --name-only --get-regexp http\.https\:\/\/github\.com\/\.extraheader
2026-08-20T10:13:34.5147135Z [command]"C:\Program Files\Git\bin\git.exe" submodule foreach --recursive "sh -c \"git config --local --name-only --get-regexp 'http\.https\:\/\/github\.com\/\.extraheader' && git config --local --unset-all 'http.https://github.com/.extraheader' || :\""
2026-08-20T10:13:34.9397909Z [command]"C:\Program Files\Git\bin\git.exe" config --local --name-only --get-regexp ^includeIf\.gitdir:
2026-08-20T10:13:34.9643554Z [command]"C:\Program Files\Git\bin\git.exe" submodule foreach --recursive "git config --local --show-origin --name-only --get-regexp remote.origin.url"
2026-08-20T10:13:35.3788224Z [command]"C:\Program Files\Git\bin\git.exe" config --local http.https://github.com/.extraheader "AUTHORIZATION: basic ***"
2026-08-20T10:13:35.4019373Z ##[endgroup]
2026-08-20T10:13:35.4020054Z ##[group]Fetching the repository
2026-08-20T10:13:35.4032798Z [command]"C:\Program Files\Git\bin\git.exe" -c protocol.version=2 fetch --no-tags --prune --no-recurse-submodules --depth=1 origin +7c49ad404a9ef37c9fbe2c943fdd3a2065ca1640:refs/remotes/pull/1/merge
2026-08-20T10:13:36.8488576Z From https://github.com/LynnSingoei/OpenCppCoverage-ARM64
2026-08-20T10:13:36.8489508Z  * [new ref]         7c49ad404a9ef37c9fbe2c943fdd3a2065ca1640 -> pull/1/merge
2026-08-20T10:13:36.8531190Z ##[endgroup]
2026-08-20T10:13:36.8531961Z ##[group]Determining the checkout info
2026-08-20T10:13:36.8532903Z ##[endgroup]
2026-08-20T10:13:36.8544949Z [command]"C:\Program Files\Git\bin\git.exe" sparse-checkout disable
2026-08-20T10:13:36.8907097Z [command]"C:\Program Files\Git\bin\git.exe" config --local --unset-all extensions.worktreeConfig
2026-08-20T10:13:36.9159605Z ##[group]Checking out the ref
2026-08-20T10:13:36.9168657Z [command]"C:\Program Files\Git\bin\git.exe" checkout --progress --force refs/remotes/pull/1/merge
2026-08-20T10:13:37.0325282Z Note: switching to 'refs/remotes/pull/1/merge'.
2026-08-20T10:13:37.0325712Z 
2026-08-20T10:13:37.0326033Z You are in 'detached HEAD' state. You can look around, make experimental
2026-08-20T10:13:37.0326678Z changes and commit them, and you can discard any commits you make in this
2026-08-20T10:13:37.0327279Z state without impacting any branches by switching back to a branch.
2026-08-20T10:13:37.0327596Z 
2026-08-20T10:13:37.0327886Z If you want to create a new branch to retain commits you create, you may
2026-08-20T10:13:37.0329419Z do so (now or later) by using -c with the switch command. Example:
2026-08-20T10:13:37.0329719Z 
2026-08-20T10:13:37.0329895Z   git switch -c <new-branch-name>
2026-08-20T10:13:37.0330145Z 
2026-08-20T10:13:37.0330306Z Or undo this operation with:
2026-08-20T10:13:37.0330550Z 
2026-08-20T10:13:37.0330670Z   git switch -
2026-08-20T10:13:37.0330835Z 
2026-08-20T10:13:37.0331114Z Turn off this advice by setting config variable advice.detachedHead to false
2026-08-20T10:13:37.0331439Z 
2026-08-20T10:13:37.0331901Z HEAD is now at 7c49ad4 Merge 81376baeda1b5453c1fcfe6fc0a09ccec3f892c8 into 3e518697ea761935574af486bacd5fcc1aeab363
2026-08-20T10:13:37.0392793Z ##[endgroup]
2026-08-20T10:13:37.0794702Z [command]"C:\Program Files\Git\bin\git.exe" log -1 --format=%H
2026-08-20T10:13:37.0996028Z 7c49ad404a9ef37c9fbe2c943fdd3a2065ca1640
2026-08-20T10:13:37.1393587Z Node 20 is being deprecated. This workflow is running with Node 24 by default. If you need to temporarily use Node 20, you can set the ACTIONS_ALLOW_USE_UNSECURE_NODE_VERSION=true environment variable. For more information see: https://github.blog/changelog/2025-09-19-deprecation-of-node-20-on-github-actions-runners/
2026-08-20T10:13:37.1395893Z ##[group]Run microsoft/setup-msbuild@v2
2026-08-20T10:13:37.1396295Z with:
2026-08-20T10:13:37.1396716Z   msbuild-architecture: x86
2026-08-20T10:13:37.1397030Z ##[endgroup]
2026-08-20T10:13:37.2658941Z [command]C:\ProgramData\Chocolatey\bin\vswhere.exe -products * -requires Microsoft.Component.MSBuild -property installationPath -latest
2026-08-20T10:13:37.7591092Z C:\Program Files\Microsoft Visual Studio\2022\Enterprise
2026-08-20T10:13:37.7911802Z ##[group]Run & .\Build\Scripts\ResolveMSBuild.ps1 `
2026-08-20T10:13:37.7912486Z [36;1m& .\Build\Scripts\ResolveMSBuild.ps1 `[0m
2026-08-20T10:13:37.7912878Z [36;1m  -HostArchitecture x64 `[0m
2026-08-20T10:13:37.7913221Z [36;1m  -Project Tools\Tools.vcxproj `[0m
2026-08-20T10:13:37.7913575Z [36;1m  -Configuration Debug `[0m
2026-08-20T10:13:37.7913925Z [36;1m  -Platform x64 `[0m
2026-08-20T10:13:37.7914298Z [36;1m  -SummaryPath artifacts\logs\msbuild-host-x64.json[0m
2026-08-20T10:13:37.7914735Z [36;1mif ($LASTEXITCODE -ne 0) { exit $LASTEXITCODE }[0m
2026-08-20T10:13:37.8389179Z shell: C:\Program Files\PowerShell\7\pwsh.EXE -command ". '{0}'"
2026-08-20T10:13:37.8389658Z ##[endgroup]
2026-08-20T10:13:39.9820593Z MSBuild (x64): C:\Program Files\Microsoft Visual Studio\2022\Enterprise\MSBuild\Current\Bin\amd64\MSBuild.exe
2026-08-20T10:13:39.9893519Z MSBuild version: 17.14.51.32402
2026-08-20T10:13:43.7955231Z   PreferredToolArchitecture    x64
2026-08-20T10:13:43.7972978Z   VCToolArchitecture           Native64Bit
2026-08-20T10:13:43.7991097Z   VCToolsInstallDir            C:\Program Files\Microsoft Visual Studio\2022\Enterprise\VC\Tools\MSVC\14.44.35207\
2026-08-20T10:13:43.8008883Z   VCToolsVersion               14.44.35207
2026-08-20T10:13:43.8025878Z   WindowsTargetPlatformVersion 10.0
2026-08-20T10:13:43.8057834Z   ExecutablePath               C:\Program Files\Microsoft Visual Studio\2022\Enterprise\VC\Tools\MSVC\14.44.35207\bin\HostX64\x64;C:\Program Files (x86)\Windows Kits\10\bin\10.0.26100.0\x64;;C:\Program Files (x86)\Microsoft SDKs\Windows\v10.0A\bin\NETFX 4.8.1 Tools\x64;C:\Program Files (x86)\Windows Kits\10\bin\10.0.26100.0\x86;;C:\Program Files (x86)\Microsoft SDKs\Windows\v10.0A\bin\NETFX 4.8.1 Tools;C:\Program Files\Microsoft Visual Studio\2022\Enterprise\Common7\tools;C:\Program Files\Microsoft Visual Studio\2022\Enterprise\Common7\ide;C:\Program Files (x86)\HTML Help Workshop;;C:\Program Files\Microsoft Visual Studio\2022\Enterprise\MSBuild\Current\Bin\amd64;C:\Windows\Microsoft.NET\Framework64\v4.0.30319\;C:\Windows\Microsoft.NET\Framework\v4.0.30319\;C:\Program Files\Microsoft Visual Studio\2022\Enterprise\MSBuild\Current\Bin;C:\Windows\Microsoft.NET\Framework\v4.0.30319\;;C:\Program Files\PowerShell\7;C:\Program Files\Microsoft Visual Studio\2022\Enterprise\MSBuild\Current\Bin;C:\Program Files\MongoDB\Server\7.0\bin;C:\aliyun-cli;C:\vcpkg;C:\Program Files (x86)\NSIS\;C:\tools\zstd;C:\Program Files\Mercurial\;C:\hostedtoolcache\windows\stack\3.11.1\x64;C:\cabal\bin;C:\\ghcup\bin;C:\mingw64\bin;C:\Program Files\dotnet;C:\Program Files\MySQL\MySQL Server 8.0\bin;C:\Program Files\R\R-4.6.1\bin\x64;C:\SeleniumWebDrivers\GeckoDriver;C:\SeleniumWebDrivers\EdgeDriver\;C:\SeleniumWebDrivers\ChromeDriver;C:\Program Files (x86)\sbt\bin;C:\Program Files (x86)\GitHub CLI;C:\Program Files\Git\bin;C:\Program Files (x86)\pipx_bin;C:\npm\prefix;C:\hostedtoolcache\windows\go\1.24.13\x64\bin;C:\hostedtoolcache\windows\Python\3.12.10\x64\Scripts;C:\hostedtoolcache\windows\Python\3.12.10\x64;C:\hostedtoolcache\windows\Ruby\3.3.12\x64\bin;C:\Program Files\OpenSSL\bin;C:\tools\kotlinc\bin;C:\hostedtoolcache\windows\Java_Temurin-Hotspot_jdk\8.0.502-7\x64\bin;C:\Program Files\ImageMagick-7.1.2-Q16-HDRI;C:\Program Files\Microsoft SDKs\Azure\CLI2\wbin;C:\ProgramData\kind;C:\ProgramData\Chocolatey\bin;C:\Windows\system32;C:\Windows;C:\Windows\System32\Wbem;C:\Windows\System32\WindowsPowerShell\v1.0\;C:\Windows\System32\OpenSSH\;C:\Program Files\dotnet\;C:\Program Files\PowerShell\7\;C:\Program Files\Microsoft\Web Platform Installer\;C:\Program Files\TortoiseSVN\bin;C:\Program Files\Microsoft SQL Server\Client SDK\ODBC\170\Tools\Binn\;C:\Program Files\Microsoft SQL Server\150\Tools\Binn\;C:\Program Files (x86)\Windows Kits\10\Windows Performance Toolkit\;C:\Program Files (x86)\WiX Toolset v3.14\bin;C:\Program Files\Microsoft SQL Server\130\DTS\Binn\;C:\Program Files\Microsoft SQL Server\140\DTS\Binn\;C:\Program Files\Microsoft SQL Server\150\DTS\Binn\;C:\Program Files\Microsoft SQL Server\160\DTS\Binn\;C:\Program Files\Microsoft SQL Server\170\DTS\Binn\;C:\Strawberry\c\bin;C:\Strawberry\perl\site\bin;C:\Strawberry\perl\bin;C:\ProgramData\chocolatey\lib\pulumi\tools\Pulumi\bin;C:\Program Files\CMake\bin;C:\ProgramData\chocolatey\lib\maven\apache-maven-3.9.16\bin;C:\Program Files\Microsoft Service Fabric\bin\Fabric\Fabric.Code;C:\Program Files\Microsoft SDKs\Service Fabric\Tools\ServiceFabricLocalClusterManager;C:\Program Files\nodejs\;C:\Program Files\Git\cmd;C:\Program Files\Git\mingw64\bin;C:\Program Files\Git\usr\bin;C:\Program Files\GitHub CLI\;c:\tools\php;C:\Program Files (x86)\sbt\bin;C:\Program Files\Amazon\AWSCLIV2\;C:\Program Files\Amazon\SessionManagerPlugin\bin\;C:\Program Files\Amazon\AWSSAMCLI\bin\;C:\Program Files\Microsoft SQL Server\130\Tools\Binn\;C:\Program Files\mongosh\;C:\Program Files\LLVM\bin;C:\Program Files (x86)\LLVM\bin;C:\Users\runneradmin\.dotnet\tools;C:\Users\runneradmin\.cargo\bin;C:\Users\runneradmin\AppData\Local\Microsoft\WindowsApps;
2026-08-20T10:13:43.8338023Z Resolved Native64Bit MSBuild host.
2026-08-20T10:13:43.8928610Z ##[group]Run New-Item -ItemType Directory -Force artifacts\logs | Out-Null
2026-08-20T10:13:43.8929292Z [36;1mNew-Item -ItemType Directory -Force artifacts\logs | Out-Null[0m
2026-08-20T10:13:43.8929734Z [36;1m@([0m
2026-08-20T10:13:43.8930164Z [36;1m  "OS=$([System.Runtime.InteropServices.RuntimeInformation]::OSDescription)"[0m
2026-08-20T10:13:43.8930905Z [36;1m  "OSArchitecture=$([System.Runtime.InteropServices.RuntimeInformation]::OSArchitecture)"[0m
2026-08-20T10:13:43.8931658Z [36;1m  "ProcessArchitecture=$([System.Runtime.InteropServices.RuntimeInformation]::ProcessArchitecture)"[0m
2026-08-20T10:13:43.8932327Z [36;1m  "PROCESSOR_ARCHITECTURE=$env:PROCESSOR_ARCHITECTURE"[0m
2026-08-20T10:13:43.8932787Z [36;1m) | Tee-Object artifacts\logs\environment-x64.txt[0m
2026-08-20T10:13:43.8933176Z [36;1mif ("x64" -eq "ARM64" -and[0m
2026-08-20T10:13:43.8933797Z [36;1m    [System.Runtime.InteropServices.RuntimeInformation]::OSArchitecture -ne "Arm64") {[0m
2026-08-20T10:13:43.8934416Z [36;1m  throw "The ARM64 job is not running on a native ARM64 operating system."[0m
2026-08-20T10:13:43.8934866Z [36;1m}[0m
2026-08-20T10:13:43.8964809Z shell: C:\Program Files\PowerShell\7\pwsh.EXE -command ". '{0}'"
2026-08-20T10:13:43.8965258Z env:
2026-08-20T10:13:43.8965961Z   MSBUILD_EXE: C:\Program Files\Microsoft Visual Studio\2022\Enterprise\MSBuild\Current\Bin\amd64\MSBuild.exe
2026-08-20T10:13:43.8966548Z ##[endgroup]
2026-08-20T10:13:44.1698082Z OS=Microsoft Windows 10.0.20348
2026-08-20T10:13:44.1700732Z OSArchitecture=X64
2026-08-20T10:13:44.1702249Z ProcessArchitecture=X64
2026-08-20T10:13:44.1703727Z PROCESSOR_ARCHITECTURE=AMD64
2026-08-20T10:13:44.2197811Z ##[group]Run & .\Build\Scripts\Test-ProjectToolsets.ps1
2026-08-20T10:13:44.2198369Z [36;1m& .\Build\Scripts\Test-ProjectToolsets.ps1[0m
2026-08-20T10:13:44.2198814Z [36;1mif ($LASTEXITCODE -ne 0) { exit $LASTEXITCODE }[0m
2026-08-20T10:13:44.2228662Z shell: C:\Program Files\PowerShell\7\pwsh.EXE -command ". '{0}'"
2026-08-20T10:13:44.2229131Z env:
2026-08-20T10:13:44.2229688Z   MSBUILD_EXE: C:\Program Files\Microsoft Visual Studio\2022\Enterprise\MSBuild\Current\Bin\amd64\MSBuild.exe
2026-08-20T10:13:44.2230277Z ##[endgroup]
2026-08-20T10:13:44.5686892Z Checked 17 project file(s) for hardcoded platform toolsets.
2026-08-20T10:13:44.5717882Z No project pins a legacy platform toolset.
2026-08-20T10:13:44.6257605Z ##[group]Run & .\Build\Scripts\Test-FailClosed.ps1
2026-08-20T10:13:44.6258300Z [36;1m& .\Build\Scripts\Test-FailClosed.ps1[0m
2026-08-20T10:13:44.6258700Z [36;1mif ($LASTEXITCODE -ne 0) { exit $LASTEXITCODE }[0m
2026-08-20T10:13:44.6288722Z shell: C:\Program Files\PowerShell\7\pwsh.EXE -command ". '{0}'"
2026-08-20T10:13:44.6289147Z env:
2026-08-20T10:13:44.6289935Z   MSBUILD_EXE: C:\Program Files\Microsoft Visual Studio\2022\Enterprise\MSBuild\Current\Bin\amd64\MSBuild.exe
2026-08-20T10:13:44.6290474Z ##[endgroup]
2026-08-20T10:13:44.9384619Z Fail-closed regression passed: failing, crashed, empty and partially passing suites are all rejected.
2026-08-20T10:13:44.9898508Z ##[group]Run & .\Build\Scripts\Test-SourceEncoding.ps1
2026-08-20T10:13:44.9899060Z [36;1m& .\Build\Scripts\Test-SourceEncoding.ps1[0m
2026-08-20T10:13:44.9899473Z [36;1mif ($LASTEXITCODE -ne 0) { exit $LASTEXITCODE }[0m
2026-08-20T10:13:44.9930370Z shell: C:\Program Files\PowerShell\7\pwsh.EXE -command ". '{0}'"
2026-08-20T10:13:44.9930814Z env:
2026-08-20T10:13:44.9931397Z   MSBUILD_EXE: C:\Program Files\Microsoft Visual Studio\2022\Enterprise\MSBuild\Current\Bin\amd64\MSBuild.exe
2026-08-20T10:13:44.9931940Z ##[endgroup]
2026-08-20T10:13:45.4524902Z Source encoding gate passed for 3 files.
2026-08-20T10:13:49.8767922Z Source encoding gate passed for 286 files.
2026-08-20T10:13:51.9656177Z Non-ASCII source inventory matches 6 reviewed files.
2026-08-20T10:13:51.9717607Z All source encoding gate regression cases passed.
2026-08-20T10:13:52.1642270Z Node 20 is being deprecated. This workflow is running with Node 24 by default. If you need to temporarily use Node 20, you can set the ACTIONS_ALLOW_USE_UNSECURE_NODE_VERSION=true environment variable. For more information see: https://github.blog/changelog/2025-09-19-deprecation-of-node-20-on-github-actions-runners/
2026-08-20T10:13:52.1643689Z ##[group]Run actions/cache@v4
2026-08-20T10:13:52.1644015Z with:
2026-08-20T10:13:52.1644273Z   path: vcpkg_installed
2026-08-20T10:13:52.1644810Z   key: vcpkg-Windows-X64-x64-windows-e9073cbba490b47646cd34a400c0f939662f8d5e71d819b4641152c3a200eb94
2026-08-20T10:13:52.1645409Z   enableCrossOsArchive: false
2026-08-20T10:13:52.1645793Z   fail-on-cache-miss: false
2026-08-20T10:13:52.1646113Z   lookup-only: false
2026-08-20T10:13:52.1646395Z   save-always: false
2026-08-20T10:13:52.1646718Z env:
2026-08-20T10:13:52.1647324Z   MSBUILD_EXE: C:\Program Files\Microsoft Visual Studio\2022\Enterprise\MSBuild\Current\Bin\amd64\MSBuild.exe
2026-08-20T10:13:52.1647884Z ##[endgroup]
2026-08-20T10:13:52.2933756Z (node:2688) [DEP0040] DeprecationWarning: The `punycode` module is deprecated. Please use a userland alternative instead.
2026-08-20T10:13:52.2934549Z (Use `node --trace-deprecation ...` to show where the warning was created)
2026-08-20T10:13:52.6574312Z Cache hit for: vcpkg-Windows-X64-x64-windows-e9073cbba490b47646cd34a400c0f939662f8d5e71d819b4641152c3a200eb94
2026-08-20T10:13:52.6680027Z (node:2688) [DEP0169] DeprecationWarning: `url.parse()` behavior is not standardized and prone to errors that have security implications. Use the WHATWG URL API instead. CVEs are not issued for `url.parse()` vulnerabilities.
2026-08-20T10:13:53.8626935Z Received 67108864 of 205842640 (32.6%), 63.7 MBs/sec
2026-08-20T10:13:54.8740200Z Received 142606336 of 205842640 (69.3%), 67.4 MBs/sec
2026-08-20T10:13:55.6773369Z Received 205842640 of 205842640 (100.0%), 69.6 MBs/sec
2026-08-20T10:13:55.6778182Z Cache Size: ~196 MB (205842640 B)
2026-08-20T10:13:55.6911331Z [command]"C:\Program Files\Git\usr\bin\tar.exe" -xf D:/a/_temp/4ebd5e67-7fde-41e2-a20e-62e5eecb056e/cache.tzst -P -C D:/a/OpenCppCoverage-ARM64/OpenCppCoverage-ARM64 --force-local --use-compress-program "zstd -d"
2026-08-20T10:14:00.0754063Z Cache restored successfully
2026-08-20T10:14:00.1043973Z Cache restored from key: vcpkg-Windows-X64-x64-windows-e9073cbba490b47646cd34a400c0f939662f8d5e71d819b4641152c3a200eb94
2026-08-20T10:14:00.1298161Z ##[group]Run & .\InstallThirdPartyLibraries.ps1 -Triplet x64-windows 2>&1 |
2026-08-20T10:14:00.1298960Z [36;1m& .\InstallThirdPartyLibraries.ps1 -Triplet x64-windows 2>&1 |[0m
2026-08-20T10:14:00.1299507Z [36;1m  Tee-Object artifacts\logs\restore-x64.log[0m
2026-08-20T10:14:00.1299947Z [36;1mif ($LASTEXITCODE -ne 0) { exit $LASTEXITCODE }[0m
2026-08-20T10:14:00.1331403Z shell: C:\Program Files\PowerShell\7\pwsh.EXE -command ". '{0}'"
2026-08-20T10:14:00.1331853Z env:
2026-08-20T10:14:00.1332370Z   MSBUILD_EXE: C:\Program Files\Microsoft Visual Studio\2022\Enterprise\MSBuild\Current\Bin\amd64\MSBuild.exe
2026-08-20T10:14:00.1332930Z ##[endgroup]
2026-08-20T10:14:00.5300835Z [31;1mCloning into 'C:\Users\runneradmin\AppData\Local\OpenCppCoverage\vcpkg'...[0m
2026-08-20T10:14:10.6760321Z [31;1mUpdating files:   0% (1/14271)[0m
2026-08-20T10:14:10.7418221Z [31;1mUpdating files:   1% (143/14271)[0m
2026-08-20T10:14:10.8522425Z [31;1mUpdating files:   2% (286/14271)[0m
2026-08-20T10:14:10.9652347Z [31;1mUpdating files:   3% (429/14271)[0m
2026-08-20T10:14:10.9977640Z [31;1mUpdating files:   3% (463/14271)[0m
2026-08-20T10:14:11.1698448Z [31;1mUpdating files:   4% (571/14271)[0m
2026-08-20T10:14:11.2943776Z [31;1mUpdating files:   5% (714/14271)[0m
2026-08-20T10:14:11.4103305Z [31;1mUpdating files:   6% (857/14271)[0m
2026-08-20T10:14:11.5223172Z [31;1mUpdating files:   7% (999/14271)[0m
2026-08-20T10:14:11.6698415Z [31;1mUpdating files:   8% (1142/14271)[0m
2026-08-20T10:14:11.8210430Z [31;1mUpdating files:   9% (1285/14271)[0m
2026-08-20T10:14:11.9253075Z [31;1mUpdating files:  10% (1428/14271)[0m
2026-08-20T10:14:11.9998411Z [31;1mUpdating files:  10% (1483/14271)[0m
2026-08-20T10:14:12.1245731Z [31;1mUpdating files:  11% (1570/14271)[0m
2026-08-20T10:14:12.2341266Z [31;1mUpdating files:  12% (1713/14271)[0m
2026-08-20T10:14:12.3547511Z [31;1mUpdating files:  13% (1856/14271)[0m
2026-08-20T10:14:12.5683833Z [31;1mUpdating files:  14% (1998/14271)[0m
2026-08-20T10:14:12.7867925Z [31;1mUpdating files:  15% (2141/14271)[0m
2026-08-20T10:14:12.8892781Z [31;1mUpdating files:  16% (2284/14271)[0m
2026-08-20T10:14:13.4872141Z [31;1mUpdating files:  16% (2377/14271)[0m
2026-08-20T10:14:13.8696624Z [31;1mUpdating files:  17% (2427/14271)[0m
2026-08-20T10:14:14.0056070Z [31;1mUpdating files:  17% (2520/14271)[0m
2026-08-20T10:14:14.1338011Z [31;1mUpdating files:  18% (2569/14271)[0m
2026-08-20T10:14:14.4390931Z [31;1mUpdating files:  19% (2712/14271)[0m
2026-08-20T10:14:14.6792288Z [31;1mUpdating files:  20% (2855/14271)[0m
2026-08-20T10:14:14.8122900Z [31;1mUpdating files:  21% (2997/14271)[0m
2026-08-20T10:14:14.9705168Z [31;1mUpdating files:  22% (3140/14271)[0m
2026-08-20T10:14:15.0105543Z [31;1mUpdating files:  22% (3171/14271)[0m
2026-08-20T10:14:16.0920861Z [31;1mUpdating files:  22% (3203/14271)[0m
2026-08-20T10:14:16.2181193Z [31;1mUpdating files:  23% (3283/14271)[0m
2026-08-20T10:14:16.4797814Z [31;1mUpdating files:  24% (3426/14271)[0m
2026-08-20T10:14:16.7948688Z [31;1mUpdating files:  25% (3568/14271)[0m
2026-08-20T10:14:16.9597461Z [31;1mUpdating files:  26% (3711/14271)[0m
2026-08-20T10:14:17.0183090Z [31;1mUpdating files:  26% (3808/14271)[0m
2026-08-20T10:14:17.0470105Z [31;1mUpdating files:  27% (3854/14271)[0m
2026-08-20T10:14:17.2143316Z [31;1mUpdating files:  28% (3996/14271)[0m
2026-08-20T10:14:17.3408135Z [31;1mUpdating files:  29% (4139/14271)[0m
2026-08-20T10:14:17.4769362Z [31;1mUpdating files:  30% (4282/14271)[0m
2026-08-20T10:14:17.5888748Z [31;1mUpdating files:  31% (4425/14271)[0m
2026-08-20T10:14:17.6815890Z [31;1mUpdating files:  32% (4567/14271)[0m
2026-08-20T10:14:17.7804426Z [31;1mUpdating files:  33% (4710/14271)[0m
2026-08-20T10:14:17.8686442Z [31;1mUpdating files:  34% (4853/14271)[0m
2026-08-20T10:14:17.9651747Z [31;1mUpdating files:  35% (4995/14271)[0m
2026-08-20T10:14:18.0210644Z [31;1mUpdating files:  35% (5077/14271)[0m
2026-08-20T10:14:18.0558084Z [31;1mUpdating files:  36% (5138/14271)[0m
2026-08-20T10:14:18.1560159Z [31;1mUpdating files:  37% (5281/14271)[0m
2026-08-20T10:14:18.2433970Z [31;1mUpdating files:  38% (5423/14271)[0m
2026-08-20T10:14:18.3357769Z [31;1mUpdating files:  39% (5566/14271)[0m
2026-08-20T10:14:18.4311503Z [31;1mUpdating files:  40% (5709/14271)[0m
2026-08-20T10:14:18.5317402Z [31;1mUpdating files:  41% (5852/14271)[0m
2026-08-20T10:14:19.0276957Z [31;1mUpdating files:  41% (5920/14271)[0m
2026-08-20T10:14:19.0824499Z [31;1mUpdating files:  42% (5994/14271)[0m
2026-08-20T10:14:19.1672915Z [31;1mUpdating files:  43% (6137/14271)[0m
2026-08-20T10:14:19.2490987Z [31;1mUpdating files:  44% (6280/14271)[0m
2026-08-20T10:14:19.3355479Z [31;1mUpdating files:  45% (6422/14271)[0m
2026-08-20T10:14:19.4389955Z [31;1mUpdating files:  46% (6565/14271)[0m
2026-08-20T10:14:19.5291086Z [31;1mUpdating files:  47% (6708/14271)[0m
2026-08-20T10:14:19.6252806Z [31;1mUpdating files:  48% (6851/14271)[0m
2026-08-20T10:14:19.7278925Z [31;1mUpdating files:  49% (6993/14271)[0m
2026-08-20T10:14:19.8082477Z [31;1mUpdating files:  50% (7136/14271)[0m
2026-08-20T10:14:19.9014469Z [31;1mUpdating files:  51% (7279/14271)[0m
2026-08-20T10:14:19.9846245Z [31;1mUpdating files:  52% (7421/14271)[0m
2026-08-20T10:14:20.0305661Z [31;1mUpdating files:  52% (7497/14271)[0m
2026-08-20T10:14:20.1112256Z [31;1mUpdating files:  53% (7564/14271)[0m
2026-08-20T10:14:20.2052781Z [31;1mUpdating files:  54% (7707/14271)[0m
2026-08-20T10:14:20.3006487Z [31;1mUpdating files:  55% (7850/14271)[0m
2026-08-20T10:14:20.3920327Z [31;1mUpdating files:  56% (7992/14271)[0m
2026-08-20T10:14:20.4844708Z [31;1mUpdating files:  57% (8135/14271)[0m
2026-08-20T10:14:20.5745803Z [31;1mUpdating files:  58% (8278/14271)[0m
2026-08-20T10:14:20.6650595Z [31;1mUpdating files:  59% (8420/14271)[0m
2026-08-20T10:14:20.7542431Z [31;1mUpdating files:  60% (8563/14271)[0m
2026-08-20T10:14:20.8475400Z [31;1mUpdating files:  61% (8706/14271)[0m
2026-08-20T10:14:21.9128248Z [31;1mUpdating files:  61% (8811/14271)[0m
2026-08-20T10:14:21.9419301Z [31;1mUpdating files:  62% (8849/14271)[0m
2026-08-20T10:14:22.0347704Z [31;1mUpdating files:  63% (8991/14271)[0m
2026-08-20T10:14:22.0370933Z [31;1mUpdating files:  63% (8997/14271)[0m
2026-08-20T10:14:22.1261128Z [31;1mUpdating files:  64% (9134/14271)[0m
2026-08-20T10:14:22.2179200Z [31;1mUpdating files:  65% (9277/14271)[0m
2026-08-20T10:14:22.3104034Z [31;1mUpdating files:  66% (9419/14271)[0m
2026-08-20T10:14:22.3970406Z [31;1mUpdating files:  67% (9562/14271)[0m
2026-08-20T10:14:22.5000850Z [31;1mUpdating files:  68% (9705/14271)[0m
2026-08-20T10:14:22.6173651Z [31;1mUpdating files:  69% (9847/14271)[0m
2026-08-20T10:14:22.7039504Z [31;1mUpdating files:  70% (9990/14271)[0m
2026-08-20T10:14:22.7977851Z [31;1mUpdating files:  71% (10133/14271)[0m
2026-08-20T10:14:22.8865122Z [31;1mUpdating files:  72% (10276/14271)[0m
2026-08-20T10:14:22.9690377Z [31;1mUpdating files:  73% (10418/14271)[0m
2026-08-20T10:14:23.0419707Z [31;1mUpdating files:  73% (10543/14271)[0m
2026-08-20T10:14:23.0544102Z [31;1mUpdating files:  74% (10561/14271)[0m
2026-08-20T10:14:23.1407935Z [31;1mUpdating files:  75% (10704/14271)[0m
2026-08-20T10:14:23.2197794Z [31;1mUpdating files:  76% (10846/14271)[0m
2026-08-20T10:14:23.2979591Z [31;1mUpdating files:  77% (10989/14271)[0m
2026-08-20T10:14:23.3764670Z [31;1mUpdating files:  78% (11132/14271)[0m
2026-08-20T10:14:23.4500023Z [31;1mUpdating files:  79% (11275/14271)[0m
2026-08-20T10:14:23.5297064Z [31;1mUpdating files:  80% (11417/14271)[0m
2026-08-20T10:14:23.5952499Z [31;1mUpdating files:  81% (11560/14271)[0m
2026-08-20T10:14:23.6623094Z [31;1mUpdating files:  82% (11703/14271)[0m
2026-08-20T10:14:23.7209456Z [31;1mUpdating files:  83% (11845/14271)[0m
2026-08-20T10:14:23.7980223Z [31;1mUpdating files:  84% (11988/14271)[0m
2026-08-20T10:14:23.8683009Z [31;1mUpdating files:  85% (12131/14271)[0m
2026-08-20T10:14:23.9691265Z [31;1mUpdating files:  86% (12274/14271)[0m
2026-08-20T10:14:24.0404197Z [31;1mUpdating files:  87% (12416/14271)[0m
2026-08-20T10:14:24.0433026Z [31;1mUpdating files:  87% (12417/14271)[0m
2026-08-20T10:14:24.1179079Z [31;1mUpdating files:  88% (12559/14271)[0m
2026-08-20T10:14:24.4278999Z [31;1mUpdating files:  89% (12702/14271)[0m
2026-08-20T10:14:24.4852834Z [31;1mUpdating files:  90% (12844/14271)[0m
2026-08-20T10:14:24.5501964Z [31;1mUpdating files:  91% (12987/14271)[0m
2026-08-20T10:14:24.6216777Z [31;1mUpdating files:  92% (13130/14271)[0m
2026-08-20T10:14:24.7010544Z [31;1mUpdating files:  93% (13273/14271)[0m
2026-08-20T10:14:24.7671262Z [31;1mUpdating files:  94% (13415/14271)[0m
2026-08-20T10:14:24.8399552Z [31;1mUpdating files:  95% (13558/14271)[0m
2026-08-20T10:14:24.9143305Z [31;1mUpdating files:  96% (13701/14271)[0m
2026-08-20T10:14:24.9732280Z [31;1mUpdating files:  97% (13843/14271)[0m
2026-08-20T10:14:25.0598249Z [31;1mUpdating files:  97% (13955/14271)[0m
2026-08-20T10:14:25.0739354Z [31;1mUpdating files:  98% (13986/14271)[0m
2026-08-20T10:14:25.1658582Z [31;1mUpdating files:  99% (14129/14271)[0m
2026-08-20T10:14:25.2406880Z [31;1mUpdating files: 100% (14271/14271)[0m
2026-08-20T10:14:25.2408431Z [31;1mUpdating files: 100% (14271/14271), done.[0m
2026-08-20T10:14:26.0337040Z [31;1mFrom https://github.com/microsoft/vcpkg[0m
2026-08-20T10:14:26.0339281Z [31;1m * branch                06d00ffa491e4668627728f14b891d22c6fea146 -> FETCH_HEAD[0m
2026-08-20T10:14:26.7638665Z [31;1mHEAD is now at 06d00ffa4 [stdgpu] add new port (#53264)[0m
2026-08-20T10:14:33.6406703Z Downloading https://github.com/microsoft/vcpkg-tool/releases/download/2026-07-27/vcpkg.exe -> C:\Users\runneradmin\AppData\Local\OpenCppCoverage\vcpkg\vcpkg.exe... done.
2026-08-20T10:14:33.7707105Z Validating signature... done.
2026-08-20T10:14:33.7827965Z 
2026-08-20T10:14:33.9030910Z vcpkg package management program version 2026-07-27-98d7cb0cf1f4686a3e43aa5672b6230c1d56bce8
2026-08-20T10:14:33.9031969Z 
2026-08-20T10:14:33.9032221Z See LICENSE.txt for license information.
2026-08-20T10:14:36.5936373Z A suitable version of cmake was not found (required v4.4.0).
2026-08-20T10:14:36.5937458Z Downloading https://github.com/Kitware/CMake/releases/download/v4.4.0/cmake-4.4.0-windows-x86_64.zip -> cmake-4.4.0-windows-x86_64.zip
2026-08-20T10:14:37.4938975Z Successfully downloaded cmake-4.4.0-windows-x86_64.zip
2026-08-20T10:14:37.4939669Z Extracting cmake...
2026-08-20T10:14:53.6074570Z Detecting compiler hash for triplet x64-windows...
2026-08-20T10:15:04.8974873Z Compiler found: C:/Program Files/Microsoft Visual Studio/2022/Enterprise/VC/Tools/MSVC/14.44.35207/bin/Hostx64/x64/cl.exe
2026-08-20T10:15:05.0401056Z The following packages are already installed:
2026-08-20T10:15:05.0401879Z   * abseil:x64-windows@20260107.1#3
2026-08-20T10:15:05.0402773Z     boost-algorithm:x64-windows@1.91.0
2026-08-20T10:15:05.0403301Z   * boost-align:x64-windows@1.91.0
2026-08-20T10:15:05.0405986Z   * boost-any:x64-windows@1.91.0
2026-08-20T10:15:05.0406502Z   * boost-array:x64-windows@1.91.0
2026-08-20T10:15:05.0407790Z   * boost-asio[core,spawn,deadline-timer]:x64-windows@1.91.0
2026-08-20T10:15:05.0408553Z   * boost-assert:x64-windows@1.91.0
2026-08-20T10:15:05.0409075Z   * boost-atomic:x64-windows@1.91.0
2026-08-20T10:15:05.0409545Z   * boost-bind:x64-windows@1.91.0
2026-08-20T10:15:05.0410019Z   * boost-charconv:x64-windows@1.91.0
2026-08-20T10:15:05.0410630Z   * boost-chrono:x64-windows@1.91.0
2026-08-20T10:15:05.0411117Z   * boost-cmake:x64-windows@1.91.0
2026-08-20T10:15:05.0412073Z   * boost-compat:x64-windows@1.91.0
2026-08-20T10:15:05.0412626Z   * boost-concept-check:x64-windows@1.91.0
2026-08-20T10:15:05.0413194Z   * boost-config:x64-windows@1.91.0
2026-08-20T10:15:05.0413728Z     boost-container:x64-windows@1.91.0
2026-08-20T10:15:05.0414490Z   * boost-container-hash:x64-windows@1.91.0
2026-08-20T10:15:05.0415067Z   * boost-context:x64-windows@1.91.0
2026-08-20T10:15:05.0415668Z   * boost-conversion:x64-windows@1.91.0
2026-08-20T10:15:05.0416164Z   * boost-core:x64-windows@1.91.0
2026-08-20T10:15:05.0416727Z   * boost-date-time:x64-windows@1.91.0
2026-08-20T10:15:05.0417270Z   * boost-describe:x64-windows@1.91.0
2026-08-20T10:15:05.0417871Z   * boost-detail:x64-windows@1.91.0
2026-08-20T10:15:05.0418418Z   * boost-dynamic-bitset:x64-windows@1.91.0
2026-08-20T10:15:05.0418955Z   * boost-endian:x64-windows@1.91.0
2026-08-20T10:15:05.0419576Z   * boost-exception:x64-windows@1.91.0
2026-08-20T10:15:05.0420104Z     boost-filesystem:x64-windows@1.91.0
2026-08-20T10:15:05.0420669Z   * boost-function:x64-windows@1.91.0
2026-08-20T10:15:05.0421205Z   * boost-function-types:x64-windows@1.91.0
2026-08-20T10:15:05.0421796Z   * boost-functional:x64-windows@1.91.0
2026-08-20T10:15:05.0422341Z   * boost-fusion:x64-windows@1.91.0
2026-08-20T10:15:05.0423148Z   * boost-headers:x64-windows@1.91.0
2026-08-20T10:15:05.0423779Z   * boost-integer:x64-windows@1.91.0
2026-08-20T10:15:05.0424381Z   * boost-interprocess:x64-windows@1.91.0
2026-08-20T10:15:05.0424939Z   * boost-intrusive:x64-windows@1.91.0
2026-08-20T10:15:05.0425477Z   * boost-io:x64-windows@1.91.0
2026-08-20T10:15:05.0426074Z     boost-iostreams[core,zstd,zlib,lzma,bzip2]:x64-windows@1.91.0
2026-08-20T10:15:05.0426808Z   * boost-iterator:x64-windows@1.91.0
2026-08-20T10:15:05.0427356Z   * boost-lexical-cast:x64-windows@1.91.0
2026-08-20T10:15:05.0428465Z     boost-locale:x64-windows@1.91.0
2026-08-20T10:15:05.0429144Z     boost-log:x64-windows@1.91.0
2026-08-20T10:15:05.0429645Z   * boost-move:x64-windows@1.91.0
2026-08-20T10:15:05.0430179Z   * boost-mp11:x64-windows@1.91.0
2026-08-20T10:15:05.0430692Z   * boost-mpl:x64-windows@1.91.0
2026-08-20T10:15:05.0431362Z   * boost-multi-index:x64-windows@1.91.0
2026-08-20T10:15:05.0431984Z   * boost-numeric-conversion:x64-windows@1.91.0
2026-08-20T10:15:05.0432656Z     boost-optional:x64-windows@1.91.0
2026-08-20T10:15:05.0433642Z   * boost-parameter:x64-windows@1.91.0
2026-08-20T10:15:05.0434229Z   * boost-phoenix:x64-windows@1.91.0
2026-08-20T10:15:05.0434771Z   * boost-pool:x64-windows@1.91.0
2026-08-20T10:15:05.0435381Z   * boost-predef:x64-windows@1.91.0
2026-08-20T10:15:05.0435878Z   * boost-preprocessor:x64-windows@1.91.0
2026-08-20T10:15:05.0436512Z     boost-program-options:x64-windows@1.91.0
2026-08-20T10:15:05.0437379Z     boost-property-tree:x64-windows@1.91.0
2026-08-20T10:15:05.0437932Z   * boost-proto:x64-windows@1.91.0
2026-08-20T10:15:05.0438806Z   * boost-random:x64-windows@1.91.0
2026-08-20T10:15:05.0439459Z     boost-range:x64-windows@1.91.0
2026-08-20T10:15:05.0439989Z   * boost-ratio:x64-windows@1.91.0
2026-08-20T10:15:05.0440470Z     boost-regex:x64-windows@1.91.0
2026-08-20T10:15:05.0440998Z   * boost-scope:x64-windows@1.91.0
2026-08-20T10:15:05.0441608Z   * boost-serialization:x64-windows@1.91.0
2026-08-20T10:15:05.0443547Z   * boost-smart-ptr:x64-windows@1.91.0
2026-08-20T10:15:05.0444192Z     boost-spirit:x64-windows@1.91.0
2026-08-20T10:15:05.0444732Z   * boost-static-assert:x64-windows@1.91.0
2026-08-20T10:15:05.0445231Z   * boost-system:x64-windows@1.91.0
2026-08-20T10:15:05.0446118Z   * boost-thread:x64-windows@1.91.0
2026-08-20T10:15:05.0447136Z   * boost-throw-exception:x64-windows@1.91.0
2026-08-20T10:15:05.0447974Z   * boost-tokenizer:x64-windows@1.91.0
2026-08-20T10:15:05.0449172Z   * boost-tuple:x64-windows@1.91.0
2026-08-20T10:15:05.0449742Z   * boost-type-index:x64-windows@1.91.0
2026-08-20T10:15:05.0450538Z   * boost-type-traits:x64-windows@1.91.0
2026-08-20T10:15:05.0451432Z   * boost-typeof:x64-windows@1.91.0
2026-08-20T10:15:05.0452455Z   * boost-uninstall:x64-windows@1.91.0
2026-08-20T10:15:05.0454197Z   * boost-unordered:x64-windows@1.91.0
2026-08-20T10:15:05.0454794Z   * boost-utility:x64-windows@1.91.0
2026-08-20T10:15:05.0455414Z     boost-uuid:x64-windows@1.91.0
2026-08-20T10:15:05.0456461Z   * boost-variant:x64-windows@1.91.0
2026-08-20T10:15:05.0457506Z   * boost-variant2:x64-windows@1.91.0
2026-08-20T10:15:05.0458780Z   * boost-winapi:x64-windows@1.91.0
2026-08-20T10:15:05.0459751Z   * boost-xpressive:x64-windows@1.91.0
2026-08-20T10:15:05.0461081Z   * bzip2[core,tool]:x64-windows@1.0.8#6
2026-08-20T10:15:05.0462119Z     ctemplate:x64-windows@2020-09-14#6
2026-08-20T10:15:05.0462658Z     gtest:x64-windows@1.18.0
2026-08-20T10:15:05.0464649Z   * liblzma:x64-windows@5.8.3
2026-08-20T10:15:05.0465569Z   * pcre2[core,platform-default-features,jit]:x64-windows@10.47#1
2026-08-20T10:15:05.0466532Z     poco:x64-windows@1.14.1#2
2026-08-20T10:15:05.0467831Z     protobuf:x64-windows@6.33.4#2
2026-08-20T10:15:05.0469294Z   * utf8-range:x64-windows@6.33.4
2026-08-20T10:15:05.0470464Z   * utf8proc:x64-windows@2.11.3
2026-08-20T10:15:05.0471392Z   * vcpkg-boost:x64-windows@2025-03-29
2026-08-20T10:15:05.0471956Z   * vcpkg-cmake:x64-windows@2025-08-07
2026-08-20T10:15:05.0473148Z   * vcpkg-cmake-config:x64-windows@2026-07-21
2026-08-20T10:15:05.0473928Z   * zlib:x64-windows@1.3.2#2
2026-08-20T10:15:05.0475287Z   * zstd:x64-windows@1.5.7
2026-08-20T10:15:05.0476590Z The package boost-regex is compatible with built-in CMake targets of FindBoost.cmake:
2026-08-20T10:15:05.0477254Z 
2026-08-20T10:15:05.0478530Z     find_package(Boost REQUIRED COMPONENTS regex)
2026-08-20T10:15:05.0485731Z     target_link_libraries(main PRIVATE Boost::regex)
2026-08-20T10:15:05.0486183Z 
2026-08-20T10:15:05.0486624Z or the generated cmake configs via:
2026-08-20T10:15:05.0487034Z 
2026-08-20T10:15:05.0487258Z     find_package( REQUIRED CONFIG)
2026-08-20T10:15:05.0487855Z     target_link_libraries(main PRIVATE Boost::regex)
2026-08-20T10:15:05.0488302Z 
2026-08-20T10:15:05.0488802Z The package boost-optional is compatible with built-in CMake targets of FindBoost.cmake:
2026-08-20T10:15:05.0489337Z 
2026-08-20T10:15:05.0489627Z     find_package(Boost REQUIRED COMPONENTS optional)
2026-08-20T10:15:05.0490283Z     target_link_libraries(main PRIVATE Boost::optional)
2026-08-20T10:15:05.0490671Z 
2026-08-20T10:15:05.0490833Z or the generated cmake configs via:
2026-08-20T10:15:05.0491171Z 
2026-08-20T10:15:05.0491384Z     find_package( REQUIRED CONFIG)
2026-08-20T10:15:05.0492045Z     target_link_libraries(main PRIVATE Boost::optional)
2026-08-20T10:15:05.0492558Z 
2026-08-20T10:15:05.0494265Z The package boost-range is compatible with built-in CMake targets of FindBoost.cmake:
2026-08-20T10:15:05.0494964Z 
2026-08-20T10:15:05.0495862Z     find_package(Boost REQUIRED COMPONENTS range)
2026-08-20T10:15:05.0496425Z     target_link_libraries(main PRIVATE Boost::range)
2026-08-20T10:15:05.0496986Z 
2026-08-20T10:15:05.0497652Z or the generated cmake configs via:
2026-08-20T10:15:05.0498070Z 
2026-08-20T10:15:05.0499168Z     find_package( REQUIRED CONFIG)
2026-08-20T10:15:05.0499910Z     target_link_libraries(main PRIVATE Boost::range)
2026-08-20T10:15:05.0500647Z 
2026-08-20T10:15:05.0502370Z The package boost-algorithm is compatible with built-in CMake targets of FindBoost.cmake:
2026-08-20T10:15:05.0502947Z 
2026-08-20T10:15:05.0503472Z     find_package(Boost REQUIRED COMPONENTS algorithm)
2026-08-20T10:15:05.0504165Z     target_link_libraries(main PRIVATE Boost::algorithm)
2026-08-20T10:15:05.0504755Z 
2026-08-20T10:15:05.0505256Z or the generated cmake configs via:
2026-08-20T10:15:05.0505581Z 
2026-08-20T10:15:05.0507356Z     find_package( REQUIRED CONFIG)
2026-08-20T10:15:05.0508214Z     target_link_libraries(main PRIVATE Boost::algorithm)
2026-08-20T10:15:05.0509329Z 
2026-08-20T10:15:05.0510790Z The package boost-container is compatible with built-in CMake targets of FindBoost.cmake:
2026-08-20T10:15:05.0511661Z 
2026-08-20T10:15:05.0513028Z     find_package(Boost REQUIRED COMPONENTS container)
2026-08-20T10:15:05.0513674Z     target_link_libraries(main PRIVATE Boost::container)
2026-08-20T10:15:05.0513971Z 
2026-08-20T10:15:05.0514312Z or the generated cmake configs via:
2026-08-20T10:15:05.0515972Z 
2026-08-20T10:15:05.0516388Z     find_package( REQUIRED CONFIG)
2026-08-20T10:15:05.0516987Z     target_link_libraries(main PRIVATE Boost::container)
2026-08-20T10:15:05.0517299Z 
2026-08-20T10:15:05.0519039Z The package boost-filesystem is compatible with built-in CMake targets of FindBoost.cmake:
2026-08-20T10:15:05.0519896Z 
2026-08-20T10:15:05.0520496Z     find_package(Boost REQUIRED COMPONENTS filesystem)
2026-08-20T10:15:05.0522003Z     target_link_libraries(main PRIVATE Boost::filesystem)
2026-08-20T10:15:05.0522430Z 
2026-08-20T10:15:05.0522958Z or the generated cmake configs via:
2026-08-20T10:15:05.0523880Z 
2026-08-20T10:15:05.0525426Z     find_package( REQUIRED CONFIG)
2026-08-20T10:15:05.0526179Z     target_link_libraries(main PRIVATE Boost::filesystem)
2026-08-20T10:15:05.0526584Z 
2026-08-20T10:15:05.0528134Z The package boost-iostreams is compatible with built-in CMake targets of FindBoost.cmake:
2026-08-20T10:15:05.0528922Z 
2026-08-20T10:15:05.0529400Z     find_package(Boost REQUIRED COMPONENTS iostreams)
2026-08-20T10:15:05.0531074Z     target_link_libraries(main PRIVATE Boost::iostreams)
2026-08-20T10:15:05.0531612Z 
2026-08-20T10:15:05.0532145Z or the generated cmake configs via:
2026-08-20T10:15:05.0533062Z 
2026-08-20T10:15:05.0534116Z     find_package( REQUIRED CONFIG)
2026-08-20T10:15:05.0535466Z     target_link_libraries(main PRIVATE Boost::iostreams)
2026-08-20T10:15:05.0535913Z 
2026-08-20T10:15:05.0537631Z The package boost-locale is compatible with built-in CMake targets of FindBoost.cmake:
2026-08-20T10:15:05.0538195Z 
2026-08-20T10:15:05.0538541Z     find_package(Boost REQUIRED COMPONENTS locale)
2026-08-20T10:15:05.0539540Z     target_link_libraries(main PRIVATE Boost::locale)
2026-08-20T10:15:05.0540022Z 
2026-08-20T10:15:05.0541877Z or the generated cmake configs via:
2026-08-20T10:15:05.0542361Z 
2026-08-20T10:15:05.0543816Z     find_package( REQUIRED CONFIG)
2026-08-20T10:15:05.0544610Z     target_link_libraries(main PRIVATE Boost::locale)
2026-08-20T10:15:05.0545334Z 
2026-08-20T10:15:05.0547030Z The package boost-spirit is compatible with built-in CMake targets of FindBoost.cmake:
2026-08-20T10:15:05.0547618Z 
2026-08-20T10:15:05.0547866Z     find_package(Boost REQUIRED COMPONENTS spirit)
2026-08-20T10:15:05.0549532Z     target_link_libraries(main PRIVATE Boost::spirit)
2026-08-20T10:15:05.0549928Z 
2026-08-20T10:15:05.0551035Z or the generated cmake configs via:
2026-08-20T10:15:05.0551366Z 
2026-08-20T10:15:05.0553032Z     find_package( REQUIRED CONFIG)
2026-08-20T10:15:05.0553706Z     target_link_libraries(main PRIVATE Boost::spirit)
2026-08-20T10:15:05.0554045Z 
2026-08-20T10:15:05.0554546Z The package boost-property-tree is compatible with built-in CMake targets of FindBoost.cmake:
2026-08-20T10:15:05.0555171Z 
2026-08-20T10:15:05.0556686Z     find_package(Boost REQUIRED COMPONENTS property_tree)
2026-08-20T10:15:05.0557877Z     target_link_libraries(main PRIVATE Boost::property_tree)
2026-08-20T10:15:05.0558474Z 
2026-08-20T10:15:05.0558841Z or the generated cmake configs via:
2026-08-20T10:15:05.0559898Z 
2026-08-20T10:15:05.0561371Z     find_package( REQUIRED CONFIG)
2026-08-20T10:15:05.0562135Z     target_link_libraries(main PRIVATE Boost::property_tree)
2026-08-20T10:15:05.0563130Z 
2026-08-20T10:15:05.0564423Z The package boost-log is compatible with built-in CMake targets of FindBoost.cmake:
2026-08-20T10:15:05.0567495Z 
2026-08-20T10:15:05.0569599Z     find_package(Boost REQUIRED COMPONENTS log)
2026-08-20T10:15:05.0570372Z     target_link_libraries(main PRIVATE Boost::log)
2026-08-20T10:15:05.0570977Z 
2026-08-20T10:15:05.0571586Z or the generated cmake configs via:
2026-08-20T10:15:05.0572156Z 
2026-08-20T10:15:05.0573863Z     find_package( REQUIRED CONFIG)
2026-08-20T10:15:05.0575831Z     target_link_libraries(main PRIVATE Boost::log)
2026-08-20T10:15:05.0576503Z 
2026-08-20T10:15:05.0577578Z The package boost-program-options is compatible with built-in CMake targets of FindBoost.cmake:
2026-08-20T10:15:05.0578665Z 
2026-08-20T10:15:05.0579005Z     find_package(Boost REQUIRED COMPONENTS program_options)
2026-08-20T10:15:05.0579798Z     target_link_libraries(main PRIVATE Boost::program_options)
2026-08-20T10:15:05.0580331Z 
2026-08-20T10:15:05.0581344Z or the generated cmake configs via:
2026-08-20T10:15:05.0582982Z 
2026-08-20T10:15:05.0584861Z     find_package( REQUIRED CONFIG)
2026-08-20T10:15:05.0585914Z     target_link_libraries(main PRIVATE Boost::program_options)
2026-08-20T10:15:05.0587141Z 
2026-08-20T10:15:05.0588559Z The package boost-uuid is compatible with built-in CMake targets of FindBoost.cmake:
2026-08-20T10:15:05.0589246Z 
2026-08-20T10:15:05.0589830Z     find_package(Boost REQUIRED COMPONENTS uuid)
2026-08-20T10:15:05.0591511Z     target_link_libraries(main PRIVATE Boost::uuid)
2026-08-20T10:15:05.0592463Z 
2026-08-20T10:15:05.0593028Z or the generated cmake configs via:
2026-08-20T10:15:05.0593414Z 
2026-08-20T10:15:05.0594653Z     find_package( REQUIRED CONFIG)
2026-08-20T10:15:05.0595383Z     target_link_libraries(main PRIVATE Boost::uuid)
2026-08-20T10:15:05.0596715Z 
2026-08-20T10:15:05.0598089Z The package gtest is compatible with built-in CMake targets:
2026-08-20T10:15:05.0598748Z 
2026-08-20T10:15:05.0600278Z     enable_testing()
2026-08-20T10:15:05.0601223Z     
2026-08-20T10:15:05.0602333Z     find_package(GTest CONFIG REQUIRED)
2026-08-20T10:15:05.0603819Z     target_link_libraries(main PRIVATE GTest::gtest GTest::gtest_main GTest::gmock GTest::gmock_main)
2026-08-20T10:15:05.0604712Z     
2026-08-20T10:15:05.0605111Z     add_test(AllTestsInMain main)
2026-08-20T10:15:05.0605954Z 
2026-08-20T10:15:05.0607607Z The package poco is compatible with built-in CMake targets:
2026-08-20T10:15:05.0608097Z 
2026-08-20T10:15:05.0609632Z     find_package(Poco REQUIRED [COMPONENTS <libs>...])
2026-08-20T10:15:05.0610241Z     target_link_libraries(main PRIVATE Poco::<libs>)
2026-08-20T10:15:05.0610609Z 
2026-08-20T10:15:05.0610912Z protobuf provides CMake targets:
2026-08-20T10:15:05.0611379Z 
2026-08-20T10:15:05.0612854Z   # this is heuristically generated, and may not be correct
2026-08-20T10:15:05.0613631Z   find_package(protobuf CONFIG REQUIRED)
2026-08-20T10:15:05.0615488Z   target_link_libraries(main PRIVATE protobuf::libupb protobuf::libprotoc protobuf::libprotobuf protobuf::libprotobuf-lite)
2026-08-20T10:15:05.0616338Z 
2026-08-20T10:15:05.0616634Z protobuf provides pkg-config modules:
2026-08-20T10:15:05.0617385Z 
2026-08-20T10:15:05.0617604Z   # Google's Data Interchange Format
2026-08-20T10:15:05.0618782Z   protobuf-lite
2026-08-20T10:15:05.0619144Z 
2026-08-20T10:15:05.0620580Z   # Google's Data Interchange Format
2026-08-20T10:15:05.0621428Z   protobuf
2026-08-20T10:15:05.0622458Z 
2026-08-20T10:15:05.0623639Z   # Google's Data Interchange Format
2026-08-20T10:15:05.0624264Z   upb
2026-08-20T10:15:05.0624508Z 
2026-08-20T10:15:05.0625635Z All requested installations completed successfully in: 2.9 ms
2026-08-20T10:15:05.0688474Z VCPKG_ROOT=C:\Users\runneradmin\AppData\Local\OpenCppCoverage\vcpkg
2026-08-20T10:15:05.1043220Z ##[group]Run & .\Build\Scripts\ToolchainPreflight.ps1 -Platform x64 `
2026-08-20T10:15:05.1043984Z [36;1m& .\Build\Scripts\ToolchainPreflight.ps1 -Platform x64 `[0m
2026-08-20T10:15:05.1044583Z [36;1m  -Configuration Debug -LogDirectory artifacts\logs -RequireVcpkgComparison 2>&1 |[0m
2026-08-20T10:15:05.1045216Z [36;1m  Tee-Object artifacts\logs\preflight-x64.log[0m
2026-08-20T10:15:05.1045696Z [36;1mif ($LASTEXITCODE -ne 0) { exit $LASTEXITCODE }[0m
2026-08-20T10:15:05.1096083Z shell: C:\Program Files\PowerShell\7\pwsh.EXE -command ". '{0}'"
2026-08-20T10:15:05.1096560Z env:
2026-08-20T10:15:05.1097096Z   MSBUILD_EXE: C:\Program Files\Microsoft Visual Studio\2022\Enterprise\MSBuild\Current\Bin\amd64\MSBuild.exe
2026-08-20T10:15:05.1097794Z   VCPKG_ROOT: C:\Users\runneradmin\AppData\Local\OpenCppCoverage\vcpkg
2026-08-20T10:15:05.1098279Z ##[endgroup]
2026-08-20T10:15:11.7320023Z Platform                : x64
2026-08-20T10:15:11.7329213Z Configuration           : Debug
2026-08-20T10:15:11.7338132Z Project                 : D:\a\OpenCppCoverage-ARM64\OpenCppCoverage-ARM64\Tools\Tools.vcxproj
2026-08-20T10:15:11.7346038Z HostArchitecture        : x64
2026-08-20T10:15:11.7355292Z TargetArchitecture      : x64
2026-08-20T10:15:11.7365995Z OSArchitecture          : X64
2026-08-20T10:15:11.7371306Z ProcessArchitecture     : X64
2026-08-20T10:15:11.7379695Z MSBuildPath             : C:\Program Files\Microsoft Visual Studio\2022\Enterprise\MSBuild\Current\Bin\MSBuild.exe
2026-08-20T10:15:11.7386051Z PlatformToolset         : v143
2026-08-20T10:15:11.7392604Z DefaultPlatformToolset  : v143
2026-08-20T10:15:11.7399126Z VCToolsVersion          : 14.44.35207
2026-08-20T10:15:11.7404609Z VCToolsInstallDir       : C:\Program Files\Microsoft Visual Studio\2022\Enterprise\VC\Tools\MSVC\14.44.35207\
2026-08-20T10:15:11.7410252Z WindowsSdkVersion       : 10.0
2026-08-20T10:15:11.7418397Z ClPath                  : C:\Program Files\Microsoft Visual Studio\2022\Enterprise\VC\Tools\MSVC\14.44.35207\bin\Hostx64\x64\cl.exe
2026-08-20T10:15:11.7424305Z ClVersion               : 19.44.35228
2026-08-20T10:15:11.7430694Z ClTarget                : x64
2026-08-20T10:15:11.7439368Z ClBanner                : Microsoft (R) C/C++ Optimizing Compiler Version 19.44.35228 for x64
2026-08-20T10:15:11.7448687Z LinkPath                : C:\Program Files\Microsoft Visual Studio\2022\Enterprise\VC\Tools\MSVC\14.44.35207\bin\Hostx64\x64\link.exe
2026-08-20T10:15:11.7455595Z CrtImportLibrary        : C:\Program Files\Microsoft Visual Studio\2022\Enterprise\VC\Tools\MSVC\14.44.35207\lib\x64\libcpmt.lib
2026-08-20T10:15:11.7462787Z VcpkgCompilerVersion    : 14.44.35207
2026-08-20T10:15:11.7471319Z VcpkgCompilerPath       : C:/Program Files/Microsoft Visual Studio/2022/Enterprise/VC/Tools/MSVC/14.44.35207/bin/Hostx64/x64/cl.exe
2026-08-20T10:15:11.7478011Z VcpkgCompilerBannerVersion: 19.44.35228.0
2026-08-20T10:15:11.7486293Z VcpkgCompilerSource     : C:\Users\runneradmin\AppData\Local\OpenCppCoverage\vcpkg\buildtrees\detect_compiler\stdout-x64-windows.log
2026-08-20T10:15:11.7493743Z ForeignLibraryPaths     : System.Object[]
2026-08-20T10:15:11.7501507Z Succeeded               : True
2026-08-20T10:15:11.7523284Z Toolchain preflight succeeded. Report: artifacts\logs\toolchain-preflight-x64-Debug.json
2026-08-20T10:15:11.8110706Z ##[group]Run & "$env:MSBUILD_EXE" /m CppCoverage.sln /p:Configuration=Debug /p:Platform=x64 `
2026-08-20T10:15:11.8111731Z [36;1m& "$env:MSBUILD_EXE" /m CppCoverage.sln /p:Configuration=Debug /p:Platform=x64 `[0m
2026-08-20T10:15:11.8112298Z [36;1m  /p:PreferredToolArchitecture=x64 `[0m
2026-08-20T10:15:11.8112706Z [36;1m  /bl:artifacts\logs\build-Debug-x64.binlog `[0m
2026-08-20T10:15:11.8113249Z [36;1m  /fl "/flp:logfile=artifacts\logs\build-Debug-x64.log;verbosity=normal"[0m
2026-08-20T10:15:11.8144876Z shell: C:\Program Files\PowerShell\7\pwsh.EXE -command ". '{0}'"
2026-08-20T10:15:11.8145316Z env:
2026-08-20T10:15:11.8145864Z   MSBUILD_EXE: C:\Program Files\Microsoft Visual Studio\2022\Enterprise\MSBuild\Current\Bin\amd64\MSBuild.exe
2026-08-20T10:15:11.8146476Z   VCPKG_ROOT: C:\Users\runneradmin\AppData\Local\OpenCppCoverage\vcpkg
2026-08-20T10:15:11.8146872Z ##[endgroup]
2026-08-20T10:15:12.1086569Z MSBuild version 17.14.51+25f168cee for .NET Framework
2026-08-20T10:15:12.4636167Z Build started 8/20/2026 10:15:12 AM.
2026-08-20T10:15:12.4739145Z 
2026-08-20T10:15:13.0562352Z      1>Project "D:\a\OpenCppCoverage-ARM64\OpenCppCoverage-ARM64\CppCoverage.sln" on node 1 (default targets).
2026-08-20T10:15:13.0564324Z      1>ValidateSolutionConfiguration:
2026-08-20T10:15:13.0564877Z          Building solution configuration "Debug|x64".
2026-08-20T10:15:13.7422513Z      1>Project "D:\a\OpenCppCoverage-ARM64\OpenCppCoverage-ARM64\CppCoverage.sln" (1) is building "D:\a\OpenCppCoverage-ARM64\OpenCppCoverage-ARM64\TestCoverageConsole\TestCoverageConsole.vcxproj" (7) on node 2 (default targets).
2026-08-20T10:15:13.7469943Z      7>Project "D:\a\OpenCppCoverage-ARM64\OpenCppCoverage-ARM64\TestCoverageConsole\TestCoverageConsole.vcxproj" (7) is building "D:\a\OpenCppCoverage-ARM64\OpenCppCoverage-ARM64\TestCoverageOptimizedBuild\TestCoverageOptimizedBuild.vcxproj" (9) on node 2 (default targets).
2026-08-20T10:15:13.7476321Z      9>PrepareForBuild:
2026-08-20T10:15:13.7478599Z          Creating directory "x64\Debug\".
2026-08-20T10:15:13.7753459Z          Structured output is enabled. The formatting of compiler diagnostics will reflect the error hierarchy. See https://aka.ms/cpp/structured-output for more details.
2026-08-20T10:15:13.7764438Z          Creating directory "D:\a\OpenCppCoverage-ARM64\OpenCppCoverage-ARM64\x64\Debug\".
2026-08-20T10:15:13.7825334Z          Creating directory "x64\Debug\TestCove.2FD17BA1.tlog\".
2026-08-20T10:15:13.7846432Z        InitializeBuildStatus:
2026-08-20T10:15:13.7849059Z          Creating "x64\Debug\TestCove.2FD17BA1.tlog\unsuccessfulbuild" because "AlwaysCreate" was specified.
2026-08-20T10:15:13.8694873Z          Touching "x64\Debug\TestCove.2FD17BA1.tlog\unsuccessfulbuild".
2026-08-20T10:15:13.8720126Z      1>Project "D:\a\OpenCppCoverage-ARM64\OpenCppCoverage-ARM64\CppCoverage.sln" (1) is building "D:\a\OpenCppCoverage-ARM64\OpenCppCoverage-ARM64\ExporterTest\ExporterTest.vcxproj.metaproj" (3) on node 1 (default targets).
2026-08-20T10:15:13.8765131Z      3>Project "D:\a\OpenCppCoverage-ARM64\OpenCppCoverage-ARM64\ExporterTest\ExporterTest.vcxproj.metaproj" (3) is building "D:\a\OpenCppCoverage-ARM64\OpenCppCoverage-ARM64\Exporter\Exporter.vcxproj" (5) on node 1 (default targets).
2026-08-20T10:15:13.8789453Z      5>Project "D:\a\OpenCppCoverage-ARM64\OpenCppCoverage-ARM64\Exporter\Exporter.vcxproj" (5) is building "D:\a\OpenCppCoverage-ARM64\OpenCppCoverage-ARM64\Tools\Tools.vcxproj" (10) on node 1 (default targets).
2026-08-20T10:15:13.8802706Z     10>PrepareForBuild:
2026-08-20T10:15:13.8808702Z          Creating directory "x64\Debug\".
2026-08-20T10:15:13.8819089Z          Structured output is enabled. The formatting of compiler diagnostics will reflect the error hierarchy. See https://aka.ms/cpp/structured-output for more details.
2026-08-20T10:15:13.8827602Z          Creating directory "x64\Debug\Tools.tlog\".
2026-08-20T10:15:13.8836690Z        InitializeBuildStatus:
2026-08-20T10:15:13.8852746Z          Creating "x64\Debug\Tools.tlog\unsuccessfulbuild" because "AlwaysCreate" was specified.
2026-08-20T10:15:13.8865956Z          Touching "x64\Debug\Tools.tlog\unsuccessfulbuild".
2026-08-20T10:15:13.8875317Z        VcpkgTripletSelection:
2026-08-20T10:15:13.8876386Z          Using triplet "x64-windows" from "D:\a\OpenCppCoverage-ARM64\OpenCppCoverage-ARM64\vcpkg_installed\x64-windows\"
2026-08-20T10:15:13.8877178Z          Using normalized configuration "Debug"
2026-08-20T10:15:13.8877650Z        VcpkgBootstrap:
2026-08-20T10:15:13.8878280Z        Skipping target "VcpkgBootstrap" because all output files are up-to-date with respect to the input files.
2026-08-20T10:15:13.8879323Z      9>VcpkgTripletSelection:
2026-08-20T10:15:13.8880137Z          Using triplet "x64-windows" from "D:\a\OpenCppCoverage-ARM64\OpenCppCoverage-ARM64\vcpkg_installed\x64-windows\"
2026-08-20T10:15:13.8883247Z          Using normalized configuration "Debug"
2026-08-20T10:15:13.8885213Z        VcpkgBootstrap:
2026-08-20T10:15:13.8885988Z        Skipping target "VcpkgBootstrap" because all output files are up-to-date with respect to the input files.
2026-08-20T10:15:13.8907026Z      1>Project "D:\a\OpenCppCoverage-ARM64\OpenCppCoverage-ARM64\CppCoverage.sln" (1) is building "D:\a\OpenCppCoverage-ARM64\OpenCppCoverage-ARM64\OpenCppCoverage\OpenCppCoverage.vcxproj" (6) on node 4 (default targets).
2026-08-20T10:15:13.8909062Z      6>Project "D:\a\OpenCppCoverage-ARM64\OpenCppCoverage-ARM64\OpenCppCoverage\OpenCppCoverage.vcxproj" (6) is building "D:\a\OpenCppCoverage-ARM64\OpenCppCoverage-ARM64\Plugin\Plugin.vcxproj" (13) on node 4 (default targets).
2026-08-20T10:15:13.8910307Z     13>PrepareForBuild:
2026-08-20T10:15:13.8910636Z          Creating directory "x64\Debug\".
2026-08-20T10:15:13.9087190Z          Structured output is enabled. The formatting of compiler diagnostics will reflect the error hierarchy. See https://aka.ms/cpp/structured-output for more details.
2026-08-20T10:15:13.9119934Z          Creating directory "x64\Debug\Plugin.tlog\".
2026-08-20T10:15:13.9128472Z        InitializeBuildStatus:
2026-08-20T10:15:13.9131915Z          Creating "x64\Debug\Plugin.tlog\unsuccessfulbuild" because "AlwaysCreate" was specified.
2026-08-20T10:15:13.9133966Z          Touching "x64\Debug\Plugin.tlog\unsuccessfulbuild".
2026-08-20T10:15:13.9328883Z        VcpkgTripletSelection:
2026-08-20T10:15:13.9331587Z          Using triplet "x64-windows" from "D:\a\OpenCppCoverage-ARM64\OpenCppCoverage-ARM64\vcpkg_installed\x64-windows\"
2026-08-20T10:15:13.9335485Z          Using normalized configuration "Debug"
2026-08-20T10:15:13.9352822Z        VcpkgBootstrap:
2026-08-20T10:15:13.9354944Z        Skipping target "VcpkgBootstrap" because all output files are up-to-date with respect to the input files.
2026-08-20T10:15:24.6412257Z     10>Project "D:\a\OpenCppCoverage-ARM64\OpenCppCoverage-ARM64\Tools\Tools.vcxproj" (10) is building "C:\Users\runneradmin\AppData\Local\OpenCppCoverage\vcpkg\scripts\buildsystems\msbuild\support\InstallImplementation.targets" (19) on node 1 (VcpkgInstallImplementation target(s)).
2026-08-20T10:15:24.6418499Z     19>VcpkgInstallImplementation:
2026-08-20T10:15:24.6419765Z          Installing vcpkg dependencies to D:\a\OpenCppCoverage-ARM64\OpenCppCoverage-ARM64\vcpkg_installed\
2026-08-20T10:15:24.8642267Z          "C:\Users\runneradmin\AppData\Local\OpenCppCoverage\vcpkg\vcpkg.exe" install  --x-wait-for-lock --triplet "x64-windows" --vcpkg-root "C:\Users\runneradmin\AppData\Local\OpenCppCoverage\vcpkg\\" "--x-manifest-root=D:\a\OpenCppCoverage-ARM64\OpenCppCoverage-ARM64\\" "--x-install-root=D:\a\OpenCppCoverage-ARM64\OpenCppCoverage-ARM64\vcpkg_installed\\" 
2026-08-20T10:15:24.8756025Z          "C:\Users\runneradmin\AppData\Local\OpenCppCoverage\vcpkg\vcpkg.exe" install  --x-wait-for-lock --triplet "x64-windows" --vcpkg-root "C:\Users\runneradmin\AppData\Local\OpenCppCoverage\vcpkg\\" "--x-manifest-root=D:\a\OpenCppCoverage-ARM64\OpenCppCoverage-ARM64\\" "--x-install-root=D:\a\OpenCppCoverage-ARM64\OpenCppCoverage-ARM64\vcpkg_installed\\" 
2026-08-20T10:15:25.3298479Z          Detecting compiler hash for triplet x64-windows...
2026-08-20T10:15:27.5167869Z          Compiler found: C:/Program Files/Microsoft Visual Studio/2022/Enterprise/VC/Tools/MSVC/14.44.35207/bin/Hostx64/x64/cl.exe
2026-08-20T10:15:27.5619151Z          The following packages are already installed:
2026-08-20T10:15:27.5620199Z            * abseil:x64-windows@20260107.1#3
2026-08-20T10:15:27.5620661Z              boost-algorithm:x64-windows@1.91.0
2026-08-20T10:15:27.5621304Z            * boost-align:x64-windows@1.91.0
2026-08-20T10:15:27.5621642Z            * boost-any:x64-windows@1.91.0
2026-08-20T10:15:27.5621979Z            * boost-array:x64-windows@1.91.0
2026-08-20T10:15:27.5622445Z            * boost-asio[core,spawn,deadline-timer]:x64-windows@1.91.0
2026-08-20T10:15:27.5622922Z            * boost-assert:x64-windows@1.91.0
2026-08-20T10:15:27.5623306Z            * boost-atomic:x64-windows@1.91.0
2026-08-20T10:15:27.5623676Z            * boost-bind:x64-windows@1.91.0
2026-08-20T10:15:27.5624016Z            * boost-charconv:x64-windows@1.91.0
2026-08-20T10:15:27.5624416Z            * boost-chrono:x64-windows@1.91.0
2026-08-20T10:15:27.5624778Z            * boost-cmake:x64-windows@1.91.0
2026-08-20T10:15:27.5625113Z            * boost-compat:x64-windows@1.91.0
2026-08-20T10:15:27.5625513Z            * boost-concept-check:x64-windows@1.91.0
2026-08-20T10:15:27.5625909Z            * boost-config:x64-windows@1.91.0
2026-08-20T10:15:27.5626293Z              boost-container:x64-windows@1.91.0
2026-08-20T10:15:27.5626696Z            * boost-container-hash:x64-windows@1.91.0
2026-08-20T10:15:27.5627095Z            * boost-context:x64-windows@1.91.0
2026-08-20T10:15:27.5627471Z            * boost-conversion:x64-windows@1.91.0
2026-08-20T10:15:27.5627803Z            * boost-core:x64-windows@1.91.0
2026-08-20T10:15:27.5628162Z            * boost-date-time:x64-windows@1.91.0
2026-08-20T10:15:27.5628510Z            * boost-describe:x64-windows@1.91.0
2026-08-20T10:15:27.5628892Z            * boost-detail:x64-windows@1.91.0
2026-08-20T10:15:27.5629273Z            * boost-dynamic-bitset:x64-windows@1.91.0
2026-08-20T10:15:27.5629641Z            * boost-endian:x64-windows@1.91.0
2026-08-20T10:15:27.5629996Z            * boost-exception:x64-windows@1.91.0
2026-08-20T10:15:27.5630386Z              boost-filesystem:x64-windows@1.91.0
2026-08-20T10:15:27.5630744Z            * boost-function:x64-windows@1.91.0
2026-08-20T10:15:27.5631093Z            * boost-function-types:x64-windows@1.91.0
2026-08-20T10:15:27.5631464Z            * boost-functional:x64-windows@1.91.0
2026-08-20T10:15:27.5631800Z            * boost-fusion:x64-windows@1.91.0
2026-08-20T10:15:27.5632173Z            * boost-headers:x64-windows@1.91.0
2026-08-20T10:15:27.5632626Z            * boost-integer:x64-windows@1.91.0
2026-08-20T10:15:27.5632914Z            * boost-interprocess:x64-windows@1.91.0
2026-08-20T10:15:27.5633215Z            * boost-intrusive:x64-windows@1.91.0
2026-08-20T10:15:27.5633499Z            * boost-io:x64-windows@1.91.0
2026-08-20T10:15:27.5633824Z              boost-iostreams[core,zstd,zlib,lzma,bzip2]:x64-windows@1.91.0
2026-08-20T10:15:27.5634176Z            * boost-iterator:x64-windows@1.91.0
2026-08-20T10:15:27.5634449Z            * boost-lexical-cast:x64-windows@1.91.0
2026-08-20T10:15:27.5634728Z              boost-locale:x64-windows@1.91.0
2026-08-20T10:15:27.5634974Z              boost-log:x64-windows@1.91.0
2026-08-20T10:15:27.5635229Z            * boost-move:x64-windows@1.91.0
2026-08-20T10:15:27.5635490Z            * boost-mp11:x64-windows@1.91.0
2026-08-20T10:15:27.5635747Z            * boost-mpl:x64-windows@1.91.0
2026-08-20T10:15:27.5636020Z            * boost-multi-index:x64-windows@1.91.0
2026-08-20T10:15:27.5636326Z            * boost-numeric-conversion:x64-windows@1.91.0
2026-08-20T10:15:27.5636617Z              boost-optional:x64-windows@1.91.0
2026-08-20T10:15:27.5637099Z            * boost-parameter:x64-windows@1.91.0
2026-08-20T10:15:27.5637380Z            * boost-phoenix:x64-windows@1.91.0
2026-08-20T10:15:27.5637640Z            * boost-pool:x64-windows@1.91.0
2026-08-20T10:15:27.5637895Z            * boost-predef:x64-windows@1.91.0
2026-08-20T10:15:27.5638172Z            * boost-preprocessor:x64-windows@1.91.0
2026-08-20T10:15:27.5638488Z              boost-program-options:x64-windows@1.91.0
2026-08-20T10:15:27.5638796Z              boost-property-tree:x64-windows@1.91.0
2026-08-20T10:15:27.5639082Z            * boost-proto:x64-windows@1.91.0
2026-08-20T10:15:27.5639455Z            * boost-random:x64-windows@1.91.0
2026-08-20T10:15:27.5639721Z              boost-range:x64-windows@1.91.0
2026-08-20T10:15:27.5639968Z            * boost-ratio:x64-windows@1.91.0
2026-08-20T10:15:27.5640213Z              boost-regex:x64-windows@1.91.0
2026-08-20T10:15:27.5640454Z            * boost-scope:x64-windows@1.91.0
2026-08-20T10:15:27.5640747Z            * boost-serialization:x64-windows@1.91.0
2026-08-20T10:15:27.5641033Z            * boost-smart-ptr:x64-windows@1.91.0
2026-08-20T10:15:27.5641298Z              boost-spirit:x64-windows@1.91.0
2026-08-20T10:15:27.5641556Z            * boost-static-assert:x64-windows@1.91.0
2026-08-20T10:15:27.5641829Z            * boost-system:x64-windows@1.91.0
2026-08-20T10:15:27.5642069Z            * boost-thread:x64-windows@1.91.0
2026-08-20T10:15:27.5642338Z            * boost-throw-exception:x64-windows@1.91.0
2026-08-20T10:15:27.5642608Z            * boost-tokenizer:x64-windows@1.91.0
2026-08-20T10:15:27.5642876Z            * boost-tuple:x64-windows@1.91.0
2026-08-20T10:15:27.5643136Z            * boost-type-index:x64-windows@1.91.0
2026-08-20T10:15:27.5643412Z            * boost-type-traits:x64-windows@1.91.0
2026-08-20T10:15:27.5643683Z            * boost-typeof:x64-windows@1.91.0
2026-08-20T10:15:27.5643955Z            * boost-uninstall:x64-windows@1.91.0
2026-08-20T10:15:27.5644227Z            * boost-unordered:x64-windows@1.91.0
2026-08-20T10:15:27.5644499Z            * boost-utility:x64-windows@1.91.0
2026-08-20T10:15:27.5644759Z              boost-uuid:x64-windows@1.91.0
2026-08-20T10:15:27.5645025Z            * boost-variant:x64-windows@1.91.0
2026-08-20T10:15:27.5645280Z            * boost-variant2:x64-windows@1.91.0
2026-08-20T10:15:27.5645560Z            * boost-winapi:x64-windows@1.91.0
2026-08-20T10:15:27.5645818Z            * boost-xpressive:x64-windows@1.91.0
2026-08-20T10:15:27.5646116Z            * bzip2[core,tool]:x64-windows@1.0.8#6
2026-08-20T10:15:27.5646393Z              ctemplate:x64-windows@2020-09-14#6
2026-08-20T10:15:27.5646659Z              gtest:x64-windows@1.18.0
2026-08-20T10:15:27.5646908Z            * liblzma:x64-windows@5.8.3
2026-08-20T10:15:27.5647251Z            * pcre2[core,platform-default-features,jit]:x64-windows@10.47#1
2026-08-20T10:15:27.5647595Z              poco:x64-windows@1.14.1#2
2026-08-20T10:15:27.5647857Z              protobuf:x64-windows@6.33.4#2
2026-08-20T10:15:27.5648105Z            * utf8-range:x64-windows@6.33.4
2026-08-20T10:15:27.5648365Z            * utf8proc:x64-windows@2.11.3
2026-08-20T10:15:27.5648617Z            * vcpkg-boost:x64-windows@2025-03-29
2026-08-20T10:15:27.5648874Z            * vcpkg-cmake:x64-windows@2025-08-07
2026-08-20T10:15:27.5649286Z            * vcpkg-cmake-config:x64-windows@2026-07-21
2026-08-20T10:15:27.5649771Z            * zlib:x64-windows@1.3.2#2
2026-08-20T10:15:27.5650007Z            * zstd:x64-windows@1.5.7
2026-08-20T10:15:27.6021362Z          The package boost-regex is compatible with built-in CMake targets of FindBoost.cmake:
2026-08-20T10:15:27.6024546Z          
2026-08-20T10:15:27.6024947Z              find_package(Boost REQUIRED COMPONENTS regex)
2026-08-20T10:15:27.6025493Z              target_link_libraries(main PRIVATE Boost::regex)
2026-08-20T10:15:27.6025898Z          
2026-08-20T10:15:27.6026161Z          or the generated cmake configs via:
2026-08-20T10:15:27.6027342Z          
2026-08-20T10:15:27.6028389Z              find_package( REQUIRED CONFIG)
2026-08-20T10:15:27.6030384Z              target_link_libraries(main PRIVATE Boost::regex)
2026-08-20T10:15:27.6030884Z          
2026-08-20T10:15:27.6032194Z          The package boost-optional is compatible with built-in CMake targets of FindBoost.cmake:
2026-08-20T10:15:27.6033237Z          
2026-08-20T10:15:27.6033746Z              find_package(Boost REQUIRED COMPONENTS optional)
2026-08-20T10:15:27.6034291Z              target_link_libraries(main PRIVATE Boost::optional)
2026-08-20T10:15:27.6034711Z          
2026-08-20T10:15:27.6036112Z          or the generated cmake configs via:
2026-08-20T10:15:27.6036447Z          
2026-08-20T10:15:27.6036699Z              find_package( REQUIRED CONFIG)
2026-08-20T10:15:27.6037183Z              target_link_libraries(main PRIVATE Boost::optional)
2026-08-20T10:15:27.6037599Z          
2026-08-20T10:15:27.6038018Z          The package boost-range is compatible with built-in CMake targets of FindBoost.cmake:
2026-08-20T10:15:27.6039869Z          
2026-08-20T10:15:27.6040241Z              find_package(Boost REQUIRED COMPONENTS range)
2026-08-20T10:15:27.6040764Z              target_link_libraries(main PRIVATE Boost::range)
2026-08-20T10:15:27.6041171Z          
2026-08-20T10:15:27.6041430Z          or the generated cmake configs via:
2026-08-20T10:15:27.6041806Z          
2026-08-20T10:15:27.6042066Z              find_package( REQUIRED CONFIG)
2026-08-20T10:15:27.6042495Z              target_link_libraries(main PRIVATE Boost::range)
2026-08-20T10:15:27.6042883Z          
2026-08-20T10:15:27.6043422Z          The package boost-algorithm is compatible with built-in CMake targets of FindBoost.cmake:
2026-08-20T10:15:27.6044042Z          
2026-08-20T10:15:27.6044381Z              find_package(Boost REQUIRED COMPONENTS algorithm)
2026-08-20T10:15:27.6044923Z              target_link_libraries(main PRIVATE Boost::algorithm)
2026-08-20T10:15:27.6047134Z          
2026-08-20T10:15:27.6047484Z          or the generated cmake configs via:
2026-08-20T10:15:27.6047897Z          
2026-08-20T10:15:27.6048146Z              find_package( REQUIRED CONFIG)
2026-08-20T10:15:27.6048594Z              target_link_libraries(main PRIVATE Boost::algorithm)
2026-08-20T10:15:27.6049029Z          
2026-08-20T10:15:27.6049521Z          The package boost-container is compatible with built-in CMake targets of FindBoost.cmake:
2026-08-20T10:15:27.6050122Z          
2026-08-20T10:15:27.6050451Z              find_package(Boost REQUIRED COMPONENTS container)
2026-08-20T10:15:27.6050968Z              target_link_libraries(main PRIVATE Boost::container)
2026-08-20T10:15:27.6051390Z          
2026-08-20T10:15:27.6051638Z          or the generated cmake configs via:
2026-08-20T10:15:27.6051952Z          
2026-08-20T10:15:27.6052239Z              find_package( REQUIRED CONFIG)
2026-08-20T10:15:27.6052955Z              target_link_libraries(main PRIVATE Boost::container)
2026-08-20T10:15:27.6053567Z          
2026-08-20T10:15:27.6054323Z          The package boost-filesystem is compatible with built-in CMake targets of FindBoost.cmake:
2026-08-20T10:15:27.6054987Z          
2026-08-20T10:15:27.6055314Z              find_package(Boost REQUIRED COMPONENTS filesystem)
2026-08-20T10:15:27.6055856Z              target_link_libraries(main PRIVATE Boost::filesystem)
2026-08-20T10:15:27.6056270Z          
2026-08-20T10:15:27.6056562Z          or the generated cmake configs via:
2026-08-20T10:15:27.6056899Z          
2026-08-20T10:15:27.6057161Z              find_package( REQUIRED CONFIG)
2026-08-20T10:15:27.6057596Z              target_link_libraries(main PRIVATE Boost::filesystem)
2026-08-20T10:15:27.6057988Z          
2026-08-20T10:15:27.6058482Z          The package boost-iostreams is compatible with built-in CMake targets of FindBoost.cmake:
2026-08-20T10:15:27.6059214Z          
2026-08-20T10:15:27.6059553Z              find_package(Boost REQUIRED COMPONENTS iostreams)
2026-08-20T10:15:27.6061108Z              target_link_libraries(main PRIVATE Boost::iostreams)
2026-08-20T10:15:27.6061552Z          
2026-08-20T10:15:27.6061838Z          or the generated cmake configs via:
2026-08-20T10:15:27.6062216Z          
2026-08-20T10:15:27.6062514Z              find_package( REQUIRED CONFIG)
2026-08-20T10:15:27.6062991Z              target_link_libraries(main PRIVATE Boost::iostreams)
2026-08-20T10:15:27.6063427Z          
2026-08-20T10:15:27.6063939Z          The package boost-locale is compatible with built-in CMake targets of FindBoost.cmake:
2026-08-20T10:15:27.6064578Z          
2026-08-20T10:15:27.6065065Z              find_package(Boost REQUIRED COMPONENTS locale)
2026-08-20T10:15:27.6065590Z              target_link_libraries(main PRIVATE Boost::locale)
2026-08-20T10:15:27.6066023Z          
2026-08-20T10:15:27.6066304Z          or the generated cmake configs via:
2026-08-20T10:15:27.6066673Z          
2026-08-20T10:15:27.6066946Z              find_package( REQUIRED CONFIG)
2026-08-20T10:15:27.6067420Z              target_link_libraries(main PRIVATE Boost::locale)
2026-08-20T10:15:27.6067833Z          
2026-08-20T10:15:27.6068347Z          The package boost-spirit is compatible with built-in CMake targets of FindBoost.cmake:
2026-08-20T10:15:27.6068946Z          
2026-08-20T10:15:27.6069263Z              find_package(Boost REQUIRED COMPONENTS spirit)
2026-08-20T10:15:27.6069775Z              target_link_libraries(main PRIVATE Boost::spirit)
2026-08-20T10:15:27.6070323Z          
2026-08-20T10:15:27.6070591Z          or the generated cmake configs via:
2026-08-20T10:15:27.6070966Z          
2026-08-20T10:15:27.6071229Z              find_package( REQUIRED CONFIG)
2026-08-20T10:15:27.6071685Z              target_link_libraries(main PRIVATE Boost::spirit)
2026-08-20T10:15:27.6072038Z          
2026-08-20T10:15:27.6072569Z          The package boost-property-tree is compatible with built-in CMake targets of FindBoost.cmake:
2026-08-20T10:15:27.6073160Z          
2026-08-20T10:15:27.6073529Z              find_package(Boost REQUIRED COMPONENTS property_tree)
2026-08-20T10:15:27.6074098Z              target_link_libraries(main PRIVATE Boost::property_tree)
2026-08-20T10:15:27.6074515Z          
2026-08-20T10:15:27.6074762Z          or the generated cmake configs via:
2026-08-20T10:15:27.6075138Z          
2026-08-20T10:15:27.6075400Z              find_package( REQUIRED CONFIG)
2026-08-20T10:15:27.6075890Z              target_link_libraries(main PRIVATE Boost::property_tree)
2026-08-20T10:15:27.6076355Z          
2026-08-20T10:15:27.6076843Z          The package boost-log is compatible with built-in CMake targets of FindBoost.cmake:
2026-08-20T10:15:27.6077382Z          
2026-08-20T10:15:27.6077683Z              find_package(Boost REQUIRED COMPONENTS log)
2026-08-20T10:15:27.6078150Z              target_link_libraries(main PRIVATE Boost::log)
2026-08-20T10:15:27.6078559Z          
2026-08-20T10:15:27.6079075Z          or the generated cmake configs via:
2026-08-20T10:15:27.6079441Z          
2026-08-20T10:15:27.6079704Z              find_package( REQUIRED CONFIG)
2026-08-20T10:15:27.6080163Z              target_link_libraries(main PRIVATE Boost::log)
2026-08-20T10:15:27.6080580Z          
2026-08-20T10:15:27.6081133Z          The package boost-program-options is compatible with built-in CMake targets of FindBoost.cmake:
2026-08-20T10:15:27.6081779Z          
2026-08-20T10:15:27.6082095Z              find_package(Boost REQUIRED COMPONENTS program_options)
2026-08-20T10:15:27.6082682Z              target_link_libraries(main PRIVATE Boost::program_options)
2026-08-20T10:15:27.6083179Z          
2026-08-20T10:15:27.6083477Z          or the generated cmake configs via:
2026-08-20T10:15:27.6083850Z          
2026-08-20T10:15:27.6084096Z              find_package( REQUIRED CONFIG)
2026-08-20T10:15:27.6084539Z              target_link_libraries(main PRIVATE Boost::program_options)
2026-08-20T10:15:27.6084976Z          
2026-08-20T10:15:27.6085671Z          The package boost-uuid is compatible with built-in CMake targets of FindBoost.cmake:
2026-08-20T10:15:27.6086245Z          
2026-08-20T10:15:27.6086559Z              find_package(Boost REQUIRED COMPONENTS uuid)
2026-08-20T10:15:27.6087041Z              target_link_libraries(main PRIVATE Boost::uuid)
2026-08-20T10:15:27.6087445Z          
2026-08-20T10:15:27.6087689Z          or the generated cmake configs via:
2026-08-20T10:15:27.6087990Z          
2026-08-20T10:15:27.6088247Z              find_package( REQUIRED CONFIG)
2026-08-20T10:15:27.6088708Z              target_link_libraries(main PRIVATE Boost::uuid)
2026-08-20T10:15:27.6089286Z          
2026-08-20T10:15:27.6090089Z          The package gtest is compatible with built-in CMake targets:
2026-08-20T10:15:27.6090710Z          
2026-08-20T10:15:27.6090962Z              enable_testing()
2026-08-20T10:15:27.6091825Z              
2026-08-20T10:15:27.6092337Z              find_package(GTest CONFIG REQUIRED)
2026-08-20T10:15:27.6093539Z              target_link_libraries(main PRIVATE GTest::gtest GTest::gtest_main GTest::gmock GTest::gmock_main)
2026-08-20T10:15:27.6094552Z              
2026-08-20T10:15:27.6094893Z              add_test(AllTestsInMain main)
2026-08-20T10:15:27.6095367Z          
2026-08-20T10:15:27.6095791Z          The package poco is compatible with built-in CMake targets:
2026-08-20T10:15:27.6096215Z          
2026-08-20T10:15:27.6096533Z              find_package(Poco REQUIRED [COMPONENTS <libs>...])
2026-08-20T10:15:27.6096998Z              target_link_libraries(main PRIVATE Poco::<libs>)
2026-08-20T10:15:27.6097398Z          
2026-08-20T10:15:27.6097994Z          protobuf provides CMake targets:
2026-08-20T10:15:27.6098338Z          
2026-08-20T10:15:27.6098592Z            # this is heuristically generated, and may not be correct
2026-08-20T10:15:27.6099019Z            find_package(protobuf CONFIG REQUIRED)
2026-08-20T10:15:27.6099778Z            target_link_libraries(main PRIVATE protobuf::libupb protobuf::libprotoc protobuf::libprotobuf protobuf::libprotobuf-lite)
2026-08-20T10:15:27.6100849Z          
2026-08-20T10:15:27.6101106Z          protobuf provides pkg-config modules:
2026-08-20T10:15:27.6101436Z          
2026-08-20T10:15:27.6101685Z            # Google's Data Interchange Format
2026-08-20T10:15:27.6102031Z            protobuf-lite
2026-08-20T10:15:27.6102391Z          
2026-08-20T10:15:27.6102711Z            # Google's Data Interchange Format
2026-08-20T10:15:27.6102957Z            protobuf
2026-08-20T10:15:27.6103139Z          
2026-08-20T10:15:27.6103316Z            # Google's Data Interchange Format
2026-08-20T10:15:27.6103703Z            upb
2026-08-20T10:15:27.6103906Z          
2026-08-20T10:15:27.6104227Z          All requested installations completed successfully in: 2.2 ms
2026-08-20T10:15:27.6105596Z          Touching "D:\a\OpenCppCoverage-ARM64\OpenCppCoverage-ARM64\vcpkg_installed\.msbuildstamp-x64-windows.stamp".
2026-08-20T10:15:27.6107253Z     19>Done Building Project "C:\Users\runneradmin\AppData\Local\OpenCppCoverage\vcpkg\scripts\buildsystems\msbuild\support\InstallImplementation.targets" (VcpkgInstallImplementation target(s)).
2026-08-20T10:15:27.8613879Z     10>ClCompile:
2026-08-20T10:15:27.8620575Z          C:\Program Files\Microsoft Visual Studio\2022\Enterprise\VC\Tools\MSVC\14.44.35207\bin\HostX64\x64\CL.exe /c /I"D:\a\OpenCppCoverage-ARM64\OpenCppCoverage-ARM64\\" /I"D:\a\OpenCppCoverage-ARM64\OpenCppCoverage-ARM64\Tools\\" /I"D:\a\OpenCppCoverage-ARM64\OpenCppCoverage-ARM64\vcpkg_installed\x64-windows\include" /ZI /JMC /nologo /W3 /WX /diagnostics:column /sdl /Od /D WIN32 /D _DEBUG /D _WINDOWS /D _USRDLL /D TOOLS_EXPORTS /D BOOST_CONFIG_SUPPRESS_OUTDATED_MESSAGE /D "OPENCPPCOVERAGE_VERSION=\"0.9.9.0\"" /D _CRT_SECURE_NO_WARNINGS /D "PROJECT_DIR=R\"|(D:\a\OpenCppCoverage-ARM64\OpenCppCoverage-ARM64\Tools\)|\"" /D "SOLUTION_DIR=R\"|(D:\a\OpenCppCoverage-ARM64\OpenCppCoverage-ARM64\)|\"" /D "TARGET_FILE_NAME=R\"|(Tools.dll)|\"" /D "OUT_DIR=R\"|(D:\a\OpenCppCoverage-ARM64\OpenCppCoverage-ARM64\x64\Debug\)|\"" /D NOMINMAX /D _WINDLL /D _UNICODE /D UNICODE /Gm- /EHsc /RTC1 /MDd /GS /fp:precise /Zc:wchar_t /Zc:forScope /Zc:inline /std:c++17 /permissive- /Yc"stdafx.h" /Fp"x64\Debug\Tools.pch" /Fo"x64\Debug\\" /Fd"x64\Debug\vc143.pdb" /external:W3 /Gd /TP /FC /errorReport:queue stdafx.cpp
2026-08-20T10:15:27.8666096Z     13>ClCompile:
2026-08-20T10:15:27.8672574Z          C:\Program Files\Microsoft Visual Studio\2022\Enterprise\VC\Tools\MSVC\14.44.35207\bin\HostX64\x64\CL.exe /c /I"D:\a\OpenCppCoverage-ARM64\OpenCppCoverage-ARM64\\" /I"D:\a\OpenCppCoverage-ARM64\OpenCppCoverage-ARM64\Plugin\\" /I"D:\a\OpenCppCoverage-ARM64\OpenCppCoverage-ARM64\vcpkg_installed\x64-windows\include" /ZI /JMC /nologo /W3 /WX /diagnostics:column /sdl /Od /D _DEBUG /D PLUGIN_EXPORTS /D _WINDOWS /D _USRDLL /D "OPENCPPCOVERAGE_VERSION=\"0.9.9.0\"" /D _CRT_SECURE_NO_WARNINGS /D "PROJECT_DIR=R\"|(D:\a\OpenCppCoverage-ARM64\OpenCppCoverage-ARM64\Plugin\)|\"" /D "SOLUTION_DIR=R\"|(D:\a\OpenCppCoverage-ARM64\OpenCppCoverage-ARM64\)|\"" /D "TARGET_FILE_NAME=R\"|(Plugin.dll)|\"" /D "OUT_DIR=R\"|(D:\a\OpenCppCoverage-ARM64\OpenCppCoverage-ARM64\x64\Debug\)|\"" /D NOMINMAX /D _WINDLL /D _UNICODE /D UNICODE /Gm- /EHsc /RTC1 /MDd /GS /fp:precise /Zc:wchar_t /Zc:forScope /Zc:inline /std:c++17 /permissive- /Yc"stdafx.h" /Fp"x64\Debug\Plugin.pch" /Fo"x64\Debug\\" /Fd"x64\Debug\vc143.pdb" /external:W3 /Gd /TP /FC /errorReport:queue stdafx.cpp
2026-08-20T10:15:27.8714694Z      9>ClCompile:
2026-08-20T10:15:27.8718860Z          C:\Program Files\Microsoft Visual Studio\2022\Enterprise\VC\Tools\MSVC\14.44.35207\bin\HostX64\x64\CL.exe /c /I"D:\a\OpenCppCoverage-ARM64\OpenCppCoverage-ARM64\\" /I"D:\a\OpenCppCoverage-ARM64\OpenCppCoverage-ARM64\TestCoverageOptimizedBuild\\" /I"D:\a\OpenCppCoverage-ARM64\OpenCppCoverage-ARM64\vcpkg_installed\x64-windows\include" /ZI /JMC /nologo /W3 /WX /diagnostics:column /sdl /O2 /D _DEBUG /D _WINDOWS /D _USRDLL /D TESTCOVERAGERELEASELIB_EXPORTS /D BOOST_CONFIG_SUPPRESS_OUTDATED_MESSAGE /D "OPENCPPCOVERAGE_VERSION=\"0.9.9.0\"" /D _CRT_SECURE_NO_WARNINGS /D "PROJECT_DIR=R\"|(D:\a\OpenCppCoverage-ARM64\OpenCppCoverage-ARM64\TestCoverageOptimizedBuild\)|\"" /D "SOLUTION_DIR=R\"|(D:\a\OpenCppCoverage-ARM64\OpenCppCoverage-ARM64\)|\"" /D "TARGET_FILE_NAME=R\"|(TestCoverageOptimizedBuild.dll)|\"" /D "OUT_DIR=R\"|(D:\a\OpenCppCoverage-ARM64\OpenCppCoverage-ARM64\x64\Debug\)|\"" /D NOMINMAX /D _WINDLL /D _UNICODE /D UNICODE /Gm- /EHsc /MDd /GS /fp:precise /Zc:wchar_t /Zc:forScope /Zc:inline /std:c++17 /permissive- /Fo"x64\Debug\\" /Fd"x64\Debug\vc143.pdb" /external:W3 /Gd /TP /FC /errorReport:queue TestCoverageOptimizedBuild.cpp
2026-08-20T10:15:28.1570626Z     10>ClCompile:
2026-08-20T10:15:28.1571017Z          stdafx.cpp
2026-08-20T10:15:28.1580928Z      9>ClCompile:
2026-08-20T10:15:28.1581276Z          TestCoverageOptimizedBuild.cpp
2026-08-20T10:15:28.1582167Z     13>ClCompile:
2026-08-20T10:15:28.1582452Z          stdafx.cpp
2026-08-20T10:15:30.7171262Z          C:\Program Files\Microsoft Visual Studio\2022\Enterprise\VC\Tools\MSVC\14.44.35207\bin\HostX64\x64\CL.exe /c /I"D:\a\OpenCppCoverage-ARM64\OpenCppCoverage-ARM64\\" /I"D:\a\OpenCppCoverage-ARM64\OpenCppCoverage-ARM64\Plugin\\" /I"D:\a\OpenCppCoverage-ARM64\OpenCppCoverage-ARM64\vcpkg_installed\x64-windows\include" /ZI /JMC /nologo /W3 /WX /diagnostics:column /sdl /Od /D _DEBUG /D PLUGIN_EXPORTS /D _WINDOWS /D _USRDLL /D "OPENCPPCOVERAGE_VERSION=\"0.9.9.0\"" /D _CRT_SECURE_NO_WARNINGS /D "PROJECT_DIR=R\"|(D:\a\OpenCppCoverage-ARM64\OpenCppCoverage-ARM64\Plugin\)|\"" /D "SOLUTION_DIR=R\"|(D:\a\OpenCppCoverage-ARM64\OpenCppCoverage-ARM64\)|\"" /D "TARGET_FILE_NAME=R\"|(Plugin.dll)|\"" /D "OUT_DIR=R\"|(D:\a\OpenCppCoverage-ARM64\OpenCppCoverage-ARM64\x64\Debug\)|\"" /D NOMINMAX /D _WINDLL /D _UNICODE /D UNICODE /Gm- /EHsc /RTC1 /MDd /GS /fp:precise /Zc:wchar_t /Zc:forScope /Zc:inline /std:c++17 /permissive- /Yu"stdafx.h" /Fp"x64\Debug\Plugin.pch" /Fo"x64\Debug\\" /Fd"x64\Debug\vc143.pdb" /external:W3 /Gd /TP /FC /errorReport:queue Exporter\CoverageData.cpp Exporter\FileCoverage.cpp Exporter\LineCoverage.cpp Exporter\ModuleCoverage.cpp
2026-08-20T10:15:30.7179127Z     10>ClCompile:
2026-08-20T10:15:30.7184790Z          C:\Program Files\Microsoft Visual Studio\2022\Enterprise\VC\Tools\MSVC\14.44.35207\bin\HostX64\x64\CL.exe /c /I"D:\a\OpenCppCoverage-ARM64\OpenCppCoverage-ARM64\\" /I"D:\a\OpenCppCoverage-ARM64\OpenCppCoverage-ARM64\Tools\\" /I"D:\a\OpenCppCoverage-ARM64\OpenCppCoverage-ARM64\vcpkg_installed\x64-windows\include" /ZI /JMC /nologo /W3 /WX /diagnostics:column /sdl /Od /D WIN32 /D _DEBUG /D _WINDOWS /D _USRDLL /D TOOLS_EXPORTS /D BOOST_CONFIG_SUPPRESS_OUTDATED_MESSAGE /D "OPENCPPCOVERAGE_VERSION=\"0.9.9.0\"" /D _CRT_SECURE_NO_WARNINGS /D "PROJECT_DIR=R\"|(D:\a\OpenCppCoverage-ARM64\OpenCppCoverage-ARM64\Tools\)|\"" /D "SOLUTION_DIR=R\"|(D:\a\OpenCppCoverage-ARM64\OpenCppCoverage-ARM64\)|\"" /D "TARGET_FILE_NAME=R\"|(Tools.dll)|\"" /D "OUT_DIR=R\"|(D:\a\OpenCppCoverage-ARM64\OpenCppCoverage-ARM64\x64\Debug\)|\"" /D NOMINMAX /D _WINDLL /D _UNICODE /D UNICODE /Gm- /EHsc /RTC1 /MDd /GS /fp:precise /Zc:wchar_t /Zc:forScope /Zc:inline /std:c++17 /permissive- /Fo"x64\Debug\\" /Fd"x64\Debug\vc143.pdb" /external:W3 /Gd /TP /FC /errorReport:queue dllmain.cpp
2026-08-20T10:15:30.7583186Z          dllmain.cpp
2026-08-20T10:15:30.7612002Z     13>ClCompile:
2026-08-20T10:15:30.7612774Z          CoverageData.cpp
2026-08-20T10:15:31.0208076Z     10>ClCompile:
2026-08-20T10:15:31.0214278Z          C:\Program Files\Microsoft Visual Studio\2022\Enterprise\VC\Tools\MSVC\14.44.35207\bin\HostX64\x64\CL.exe /c /I"D:\a\OpenCppCoverage-ARM64\OpenCppCoverage-ARM64\\" /I"D:\a\OpenCppCoverage-ARM64\OpenCppCoverage-ARM64\Tools\\" /I"D:\a\OpenCppCoverage-ARM64\OpenCppCoverage-ARM64\vcpkg_installed\x64-windows\include" /ZI /JMC /nologo /W3 /WX /diagnostics:column /sdl /Od /D WIN32 /D _DEBUG /D _WINDOWS /D _USRDLL /D TOOLS_EXPORTS /D BOOST_CONFIG_SUPPRESS_OUTDATED_MESSAGE /D "OPENCPPCOVERAGE_VERSION=\"0.9.9.0\"" /D _CRT_SECURE_NO_WARNINGS /D "PROJECT_DIR=R\"|(D:\a\OpenCppCoverage-ARM64\OpenCppCoverage-ARM64\Tools\)|\"" /D "SOLUTION_DIR=R\"|(D:\a\OpenCppCoverage-ARM64\OpenCppCoverage-ARM64\)|\"" /D "TARGET_FILE_NAME=R\"|(Tools.dll)|\"" /D "OUT_DIR=R\"|(D:\a\OpenCppCoverage-ARM64\OpenCppCoverage-ARM64\x64\Debug\)|\"" /D NOMINMAX /D _WINDLL /D _UNICODE /D UNICODE /Gm- /EHsc /RTC1 /MDd /GS /fp:precise /Zc:wchar_t /Zc:forScope /Zc:inline /std:c++17 /permissive- /Yu"stdafx.h" /Fp"x64\Debug\Tools.pch" /Fo"x64\Debug\\" /Fd"x64\Debug\vc143.pdb" /external:W3 /Gd /TP /FC /errorReport:queue ExceptionBase.cpp Log.cpp MappedFile.cpp MiniDump.cpp PEFileHeader.cpp ProcessMemory.cpp ScopedAction.cpp Tool.cpp UniquePath.cpp WarningManager.cpp
2026-08-20T10:15:31.0660437Z          ExceptionBase.cpp
2026-08-20T10:15:31.7982399Z      9>Link:
2026-08-20T10:15:31.7988688Z          C:\Program Files\Microsoft Visual Studio\2022\Enterprise\VC\Tools\MSVC\14.44.35207\bin\HostX64\x64\link.exe /ERRORREPORT:QUEUE /OUT:"D:\a\OpenCppCoverage-ARM64\OpenCppCoverage-ARM64\x64\Debug\TestCoverageOptimizedBuild.dll" /INCREMENTAL /ILK:"x64\Debug\TestCoverageOptimizedBuild.ilk" /NOLOGO /LIBPATH:"D:\a\OpenCppCoverage-ARM64\OpenCppCoverage-ARM64\vcpkg_installed\x64-windows\debug\lib" /LIBPATH:"D:\a\OpenCppCoverage-ARM64\OpenCppCoverage-ARM64\vcpkg_installed\x64-windows\debug\lib\manual-link" bcrypt.lib kernel32.lib user32.lib gdi32.lib winspool.lib comdlg32.lib advapi32.lib shell32.lib ole32.lib oleaut32.lib uuid.lib odbc32.lib odbccp32.lib "D:\a\OpenCppCoverage-ARM64\OpenCppCoverage-ARM64\vcpkg_installed\x64-windows\debug\lib\*.lib" /MANIFEST /MANIFESTUAC:"level='asInvoker' uiAccess='false'" /manifest:embed /DEBUG /PDB:"D:\a\OpenCppCoverage-ARM64\OpenCppCoverage-ARM64\x64\Debug\TestCoverageOptimizedBuild.pdb" /SUBSYSTEM:WINDOWS /TLBID:1 /DYNAMICBASE /NXCOMPAT /IMPLIB:"D:\a\OpenCppCoverage-ARM64\OpenCppCoverage-ARM64\x64\Debug\TestCoverageOptimizedBuild.lib" /MACHINE:X64 /DLL x64\Debug\TestCoverageOptimizedBuild.obj
2026-08-20T10:15:32.0511002Z     13>ClCompile:
2026-08-20T10:15:32.0526240Z          FileCoverage.cpp
2026-08-20T10:15:32.3709473Z     10>ClCompile:
2026-08-20T10:15:32.3710744Z          Log.cpp
2026-08-20T10:15:32.3796527Z      9>Link:
2026-08-20T10:15:32.3798356Z             Creating library D:\a\OpenCppCoverage-ARM64\OpenCppCoverage-ARM64\x64\Debug\TestCoverageOptimizedBuild.lib and object D:\a\OpenCppCoverage-ARM64\OpenCppCoverage-ARM64\x64\Debug\TestCoverageOptimizedBuild.exp
2026-08-20T10:15:32.6895356Z          TestCoverageOptimizedBuild.vcxproj -> D:\a\OpenCppCoverage-ARM64\OpenCppCoverage-ARM64\x64\Debug\TestCoverageOptimizedBuild.dll
2026-08-20T10:15:32.6959723Z        AppLocalFromInstalled:
2026-08-20T10:15:32.6962967Z          "C:\Users\runneradmin\AppData\Local\OpenCppCoverage\vcpkg\vcpkg.exe" z-applocal --target-binary="D:\a\OpenCppCoverage-ARM64\OpenCppCoverage-ARM64\x64\Debug\TestCoverageOptimizedBuild.dll" --installed-bin-dir="D:\a\OpenCppCoverage-ARM64\OpenCppCoverage-ARM64\vcpkg_installed\x64-windows\debug\bin" --tlog-file="x64\Debug\TestCove.2FD17BA1.tlog\TestCoverageOptimizedBuild.write.1u.tlog" --copied-files-log="x64\Debug\vcpkg.applocal.log"
2026-08-20T10:15:32.8250935Z        FinalizeBuildStatus:
2026-08-20T10:15:32.8251603Z          Deleting file "x64\Debug\TestCove.2FD17BA1.tlog\unsuccessfulbuild".
2026-08-20T10:15:32.8256097Z          Touching "x64\Debug\TestCove.2FD17BA1.tlog\TestCoverageOptimizedBuild.lastbuildstate".
2026-08-20T10:15:32.8274136Z      9>Done Building Project "D:\a\OpenCppCoverage-ARM64\OpenCppCoverage-ARM64\TestCoverageOptimizedBuild\TestCoverageOptimizedBuild.vcxproj" (default targets).
2026-08-20T10:15:33.2060756Z     13>ClCompile:
2026-08-20T10:15:33.2061213Z          LineCoverage.cpp
2026-08-20T10:15:33.2143927Z          ModuleCoverage.cpp
2026-08-20T10:15:34.2181418Z          Generating Code...
2026-08-20T10:15:34.4089717Z        Link:
2026-08-20T10:15:34.4096422Z          C:\Program Files\Microsoft Visual Studio\2022\Enterprise\VC\Tools\MSVC\14.44.35207\bin\HostX64\x64\link.exe /ERRORREPORT:QUEUE /OUT:"D:\a\OpenCppCoverage-ARM64\OpenCppCoverage-ARM64\x64\Debug\Plugin.dll" /INCREMENTAL /ILK:"x64\Debug\Plugin.ilk" /NOLOGO /LIBPATH:"D:\a\OpenCppCoverage-ARM64\OpenCppCoverage-ARM64\vcpkg_installed\x64-windows\debug\lib" /LIBPATH:"D:\a\OpenCppCoverage-ARM64\OpenCppCoverage-ARM64\vcpkg_installed\x64-windows\debug\lib\manual-link" kernel32.lib user32.lib gdi32.lib winspool.lib comdlg32.lib advapi32.lib shell32.lib ole32.lib oleaut32.lib uuid.lib odbc32.lib odbccp32.lib "D:\a\OpenCppCoverage-ARM64\OpenCppCoverage-ARM64\vcpkg_installed\x64-windows\debug\lib\*.lib" /MANIFEST /MANIFESTUAC:"level='asInvoker' uiAccess='false'" /manifest:embed /DEBUG /PDB:"D:\a\OpenCppCoverage-ARM64\OpenCppCoverage-ARM64\x64\Debug\Plugin.pdb" /SUBSYSTEM:WINDOWS /TLBID:1 /DYNAMICBASE /NXCOMPAT /IMPLIB:"D:\a\OpenCppCoverage-ARM64\OpenCppCoverage-ARM64\x64\Debug\Plugin.lib" /MACHINE:X64 /DLL x64\Debug\CoverageData.obj
2026-08-20T10:15:34.4102813Z          x64\Debug\FileCoverage.obj
2026-08-20T10:15:34.4103070Z          x64\Debug\LineCoverage.obj
2026-08-20T10:15:34.4103321Z          x64\Debug\ModuleCoverage.obj
2026-08-20T10:15:34.4103588Z          x64\Debug\stdafx.obj
2026-08-20T10:15:34.5696954Z             Creating library D:\a\OpenCppCoverage-ARM64\OpenCppCoverage-ARM64\x64\Debug\Plugin.lib and object D:\a\OpenCppCoverage-ARM64\OpenCppCoverage-ARM64\x64\Debug\Plugin.exp
2026-08-20T10:15:34.7035410Z          Plugin.vcxproj -> D:\a\OpenCppCoverage-ARM64\OpenCppCoverage-ARM64\x64\Debug\Plugin.dll
2026-08-20T10:15:34.7059028Z        AppLocalFromInstalled:
2026-08-20T10:15:34.7061250Z          "C:\Users\runneradmin\AppData\Local\OpenCppCoverage\vcpkg\vcpkg.exe" z-applocal --target-binary="D:\a\OpenCppCoverage-ARM64\OpenCppCoverage-ARM64\x64\Debug\Plugin.dll" --installed-bin-dir="D:\a\OpenCppCoverage-ARM64\OpenCppCoverage-ARM64\vcpkg_installed\x64-windows\debug\bin" --tlog-file="x64\Debug\Plugin.tlog\Plugin.write.1u.tlog" --copied-files-log="x64\Debug\vcpkg.applocal.log"
2026-08-20T10:15:34.8011861Z        FinalizeBuildStatus:
2026-08-20T10:15:34.8012889Z          Deleting file "x64\Debug\Plugin.tlog\unsuccessfulbuild".
2026-08-20T10:15:34.8016256Z          Touching "x64\Debug\Plugin.tlog\Plugin.lastbuildstate".
2026-08-20T10:15:34.8030674Z     13>Done Building Project "D:\a\OpenCppCoverage-ARM64\OpenCppCoverage-ARM64\Plugin\Plugin.vcxproj" (default targets).
2026-08-20T10:15:34.8235289Z      1>Project "D:\a\OpenCppCoverage-ARM64\OpenCppCoverage-ARM64\CppCoverage.sln" (1) is building "D:\a\OpenCppCoverage-ARM64\OpenCppCoverage-ARM64\PluginTest\PluginTest.vcxproj" (18) on node 3 (default targets).
2026-08-20T10:15:34.8237151Z     18>PrepareForBuild:
2026-08-20T10:15:34.8238467Z          Creating directory "x64\Debug\".
2026-08-20T10:15:34.8266439Z          Structured output is enabled. The formatting of compiler diagnostics will reflect the error hierarchy. See https://aka.ms/cpp/structured-output for more details.
2026-08-20T10:15:34.8273957Z          Creating directory "x64\Debug\PluginTest.tlog\".
2026-08-20T10:15:34.8326504Z        InitializeBuildStatus:
2026-08-20T10:15:34.8327875Z          Creating "x64\Debug\PluginTest.tlog\unsuccessfulbuild" because "AlwaysCreate" was specified.
2026-08-20T10:15:34.8328745Z          Touching "x64\Debug\PluginTest.tlog\unsuccessfulbuild".
2026-08-20T10:15:34.8619536Z      7>Project "D:\a\OpenCppCoverage-ARM64\OpenCppCoverage-ARM64\TestCoverageConsole\TestCoverageConsole.vcxproj" (7) is building "D:\a\OpenCppCoverage-ARM64\OpenCppCoverage-ARM64\TestCoverageSharedLib\TestCoverageSharedLib.vcxproj" (12) on node 3 (default targets).
2026-08-20T10:15:34.8622082Z     12>PrepareForBuild:
2026-08-20T10:15:34.8622702Z          Creating directory "x64\Debug\".
2026-08-20T10:15:34.8665986Z          Structured output is enabled. The formatting of compiler diagnostics will reflect the error hierarchy. See https://aka.ms/cpp/structured-output for more details.
2026-08-20T10:15:34.8668974Z          Creating directory "x64\Debug\TestCove.0481B51C.tlog\".
2026-08-20T10:15:34.8738187Z        InitializeBuildStatus:
2026-08-20T10:15:34.8739585Z          Creating "x64\Debug\TestCove.0481B51C.tlog\unsuccessfulbuild" because "AlwaysCreate" was specified.
2026-08-20T10:15:34.8741544Z          Touching "x64\Debug\TestCove.0481B51C.tlog\unsuccessfulbuild".
2026-08-20T10:15:34.8982512Z        VcpkgTripletSelection:
2026-08-20T10:15:34.8990109Z          Using triplet "x64-windows" from "D:\a\OpenCppCoverage-ARM64\OpenCppCoverage-ARM64\vcpkg_installed\x64-windows\"
2026-08-20T10:15:34.8991481Z          Using normalized configuration "Debug"
2026-08-20T10:15:34.8999658Z        VcpkgBootstrap:
2026-08-20T10:15:34.9001229Z        Skipping target "VcpkgBootstrap" because all output files are up-to-date with respect to the input files.
2026-08-20T10:15:34.9007940Z        VcpkgInstallManifestDependencies:
2026-08-20T10:15:34.9009561Z        Skipping target "VcpkgInstallManifestDependencies" because all output files are up-to-date with respect to the input files.
2026-08-20T10:15:34.9691728Z        ClCompile:
2026-08-20T10:15:34.9695797Z          C:\Program Files\Microsoft Visual Studio\2022\Enterprise\VC\Tools\MSVC\14.44.35207\bin\HostX64\x64\CL.exe /c /I"D:\a\OpenCppCoverage-ARM64\OpenCppCoverage-ARM64\\" /I"D:\a\OpenCppCoverage-ARM64\OpenCppCoverage-ARM64\TestCoverageSharedLib\\" /I"D:\a\OpenCppCoverage-ARM64\OpenCppCoverage-ARM64\vcpkg_installed\x64-windows\include" /ZI /JMC /nologo /W3 /WX /diagnostics:column /sdl /Od /D WIN32 /D _DEBUG /D _WINDOWS /D BOOST_CONFIG_SUPPRESS_OUTDATED_MESSAGE /D "OPENCPPCOVERAGE_VERSION=\"0.9.9.0\"" /D _CRT_SECURE_NO_WARNINGS /D "PROJECT_DIR=R\"|(D:\a\OpenCppCoverage-ARM64\OpenCppCoverage-ARM64\TestCoverageSharedLib\)|\"" /D "SOLUTION_DIR=R\"|(D:\a\OpenCppCoverage-ARM64\OpenCppCoverage-ARM64\)|\"" /D "TARGET_FILE_NAME=R\"|(TestCoverageSharedLib.dll)|\"" /D "OUT_DIR=R\"|(D:\a\OpenCppCoverage-ARM64\OpenCppCoverage-ARM64\x64\Debug\)|\"" /D NOMINMAX /D _WINDLL /D _UNICODE /D UNICODE /Gm- /EHsc /RTC1 /MDd /GS /fp:precise /Zc:wchar_t /Zc:forScope /Zc:inline /std:c++17 /permissive- /Yc"stdafx.h" /Fp"x64\Debug\TestCoverageSharedLib.pch" /Fo"x64\Debug\\" /Fd"x64\Debug\vc143.pdb" /external:W3 /Gd /TP /FC /errorReport:queue stdafx.cpp
2026-08-20T10:15:34.9965616Z     18>VcpkgTripletSelection:
2026-08-20T10:15:34.9975781Z          Using triplet "x64-windows" from "D:\a\OpenCppCoverage-ARM64\OpenCppCoverage-ARM64\vcpkg_installed\x64-windows\"
2026-08-20T10:15:34.9981477Z          Using normalized configuration "Debug"
2026-08-20T10:15:34.9987120Z        VcpkgBootstrap:
2026-08-20T10:15:34.9995707Z        Skipping target "VcpkgBootstrap" because all output files are up-to-date with respect to the input files.
2026-08-20T10:15:34.9998940Z        VcpkgInstallManifestDependencies:
2026-08-20T10:15:35.0006476Z        Skipping target "VcpkgInstallManifestDependencies" because all output files are up-to-date with respect to the input files.
2026-08-20T10:15:35.0070883Z        ClCompile:
2026-08-20T10:15:35.0079302Z          C:\Program Files\Microsoft Visual Studio\2022\Enterprise\VC\Tools\MSVC\14.44.35207\bin\HostX64\x64\CL.exe /c /I"D:\a\OpenCppCoverage-ARM64\OpenCppCoverage-ARM64\\" /I"D:\a\OpenCppCoverage-ARM64\OpenCppCoverage-ARM64\PluginTest\\" /I"D:\a\OpenCppCoverage-ARM64\OpenCppCoverage-ARM64\vcpkg_installed\x64-windows\include" /ZI /JMC /nologo /W3 /WX /diagnostics:column /sdl /Od /D _DEBUG /D _CONSOLE /D GTEST_LINKED_AS_SHARED_LIBRARY=1 /D _SILENCE_TR1_NAMESPACE_DEPRECATION_WARNING /D "OPENCPPCOVERAGE_VERSION=\"0.9.9.0\"" /D _CRT_SECURE_NO_WARNINGS /D "PROJECT_DIR=R\"|(D:\a\OpenCppCoverage-ARM64\OpenCppCoverage-ARM64\PluginTest\)|\"" /D "SOLUTION_DIR=R\"|(D:\a\OpenCppCoverage-ARM64\OpenCppCoverage-ARM64\)|\"" /D "TARGET_FILE_NAME=R\"|(PluginTest.exe)|\"" /D "OUT_DIR=R\"|(D:\a\OpenCppCoverage-ARM64\OpenCppCoverage-ARM64\x64\Debug\)|\"" /D NOMINMAX /D _UNICODE /D UNICODE /Gm- /EHsc /RTC1 /MDd /GS /fp:precise /Zc:wchar_t /Zc:forScope /Zc:inline /std:c++17 /permissive- /Yc"pch.h" /Fp"x64\Debug\PluginTest.pch" /Fo"x64\Debug\\" /Fd"x64\Debug\vc143.pdb" /external:W3 /Gd /TP /wd4251 /wd4275 /FC /errorReport:queue pch.cpp
2026-08-20T10:15:35.0381003Z     12>ClCompile:
2026-08-20T10:15:35.0382041Z          stdafx.cpp
2026-08-20T10:15:35.0428750Z     18>ClCompile:
2026-08-20T10:15:35.0429251Z          pch.cpp
2026-08-20T10:15:35.3131025Z     12>ClCompile:
2026-08-20T10:15:35.3156636Z          C:\Program Files\Microsoft Visual Studio\2022\Enterprise\VC\Tools\MSVC\14.44.35207\bin\HostX64\x64\CL.exe /c /I"D:\a\OpenCppCoverage-ARM64\OpenCppCoverage-ARM64\\" /I"D:\a\OpenCppCoverage-ARM64\OpenCppCoverage-ARM64\TestCoverageSharedLib\\" /I"D:\a\OpenCppCoverage-ARM64\OpenCppCoverage-ARM64\vcpkg_installed\x64-windows\include" /ZI /JMC /nologo /W3 /WX /diagnostics:column /sdl /Od /D WIN32 /D _DEBUG /D _WINDOWS /D BOOST_CONFIG_SUPPRESS_OUTDATED_MESSAGE /D "OPENCPPCOVERAGE_VERSION=\"0.9.9.0\"" /D _CRT_SECURE_NO_WARNINGS /D "PROJECT_DIR=R\"|(D:\a\OpenCppCoverage-ARM64\OpenCppCoverage-ARM64\TestCoverageSharedLib\)|\"" /D "SOLUTION_DIR=R\"|(D:\a\OpenCppCoverage-ARM64\OpenCppCoverage-ARM64\)|\"" /D "TARGET_FILE_NAME=R\"|(TestCoverageSharedLib.dll)|\"" /D "OUT_DIR=R\"|(D:\a\OpenCppCoverage-ARM64\OpenCppCoverage-ARM64\x64\Debug\)|\"" /D NOMINMAX /D _WINDLL /D _UNICODE /D UNICODE /Gm- /EHsc /RTC1 /MDd /GS /fp:precise /Zc:wchar_t /Zc:forScope /Zc:inline /std:c++17 /permissive- /Yu"stdafx.h" /Fp"x64\Debug\TestCoverageSharedLib.pch" /Fo"x64\Debug\\" /Fd"x64\Debug\vc143.pdb" /external:W3 /Gd /TP /FC /errorReport:queue SimpleTextExport.cpp TestCoverageSharedLib.cpp TestCppCli.cpp
2026-08-20T10:15:35.3622016Z          SimpleTextExport.cpp
2026-08-20T10:15:36.6150430Z          TestCoverageSharedLib.cpp
2026-08-20T10:15:37.0162590Z     18>ClCompile:
2026-08-20T10:15:37.0169635Z          C:\Program Files\Microsoft Visual Studio\2022\Enterprise\VC\Tools\MSVC\14.44.35207\bin\HostX64\x64\CL.exe /c /I"D:\a\OpenCppCoverage-ARM64\OpenCppCoverage-ARM64\\" /I"D:\a\OpenCppCoverage-ARM64\OpenCppCoverage-ARM64\PluginTest\\" /I"D:\a\OpenCppCoverage-ARM64\OpenCppCoverage-ARM64\vcpkg_installed\x64-windows\include" /ZI /JMC /nologo /W3 /WX /diagnostics:column /sdl /Od /D _DEBUG /D _CONSOLE /D GTEST_LINKED_AS_SHARED_LIBRARY=1 /D _SILENCE_TR1_NAMESPACE_DEPRECATION_WARNING /D "OPENCPPCOVERAGE_VERSION=\"0.9.9.0\"" /D _CRT_SECURE_NO_WARNINGS /D "PROJECT_DIR=R\"|(D:\a\OpenCppCoverage-ARM64\OpenCppCoverage-ARM64\PluginTest\)|\"" /D "SOLUTION_DIR=R\"|(D:\a\OpenCppCoverage-ARM64\OpenCppCoverage-ARM64\)|\"" /D "TARGET_FILE_NAME=R\"|(PluginTest.exe)|\"" /D "OUT_DIR=R\"|(D:\a\OpenCppCoverage-ARM64\OpenCppCoverage-ARM64\x64\Debug\)|\"" /D NOMINMAX /D _UNICODE /D UNICODE /Gm- /EHsc /RTC1 /MDd /GS /fp:precise /Zc:wchar_t /Zc:forScope /Zc:inline /std:c++17 /permissive- /Yu"pch.h" /Fp"x64\Debug\PluginTest.pch" /Fo"x64\Debug\\" /Fd"x64\Debug\vc143.pdb" /external:W3 /Gd /TP /wd4251 /wd4275 /FC /errorReport:queue Exporter\CoverageDataTest.cpp Exporter\FileCoverageTest.cpp PluginTest.cpp
2026-08-20T10:15:37.0584737Z          CoverageDataTest.cpp
2026-08-20T10:15:37.4559693Z          FileCoverageTest.cpp
2026-08-20T10:15:37.7870337Z     12>ClCompile:
2026-08-20T10:15:37.7871286Z          TestCppCli.cpp
2026-08-20T10:15:37.7941731Z          Generating Code...
2026-08-20T10:15:37.9079282Z     18>ClCompile:
2026-08-20T10:15:37.9081708Z          PluginTest.cpp
2026-08-20T10:15:37.9548313Z          Generating Code...
2026-08-20T10:15:38.0199112Z     12>Link:
2026-08-20T10:15:38.0212583Z          C:\Program Files\Microsoft Visual Studio\2022\Enterprise\VC\Tools\MSVC\14.44.35207\bin\HostX64\x64\link.exe /ERRORREPORT:QUEUE /OUT:"D:\a\OpenCppCoverage-ARM64\OpenCppCoverage-ARM64\x64\Debug\TestCoverageSharedLib.dll" /INCREMENTAL /ILK:"x64\Debug\TestCoverageSharedLib.ilk" /NOLOGO /LIBPATH:"D:\a\OpenCppCoverage-ARM64\OpenCppCoverage-ARM64\vcpkg_installed\x64-windows\debug\lib" /LIBPATH:"D:\a\OpenCppCoverage-ARM64\OpenCppCoverage-ARM64\vcpkg_installed\x64-windows\debug\lib\manual-link" bcrypt.lib kernel32.lib user32.lib gdi32.lib winspool.lib comdlg32.lib advapi32.lib shell32.lib ole32.lib oleaut32.lib uuid.lib odbc32.lib odbccp32.lib "D:\a\OpenCppCoverage-ARM64\OpenCppCoverage-ARM64\vcpkg_installed\x64-windows\debug\lib\*.lib" /MANIFEST /MANIFESTUAC:"level='asInvoker' uiAccess='false'" /manifest:embed /DEBUG /PDB:"D:\a\OpenCppCoverage-ARM64\OpenCppCoverage-ARM64\x64\Debug\TestCoverageSharedLib.pdb" /SUBSYSTEM:WINDOWS /TLBID:1 /DYNAMICBASE /NXCOMPAT /IMPLIB:"D:\a\OpenCppCoverage-ARM64\OpenCppCoverage-ARM64\x64\Debug\TestCoverageSharedLib.lib" /MACHINE:X64 /DLL x64\Debug\SimpleTextExport.obj
2026-08-20T10:15:38.0220072Z          x64\Debug\TestCoverageSharedLib.obj
2026-08-20T10:15:38.0220680Z          x64\Debug\stdafx.obj
2026-08-20T10:15:38.0221590Z          x64\Debug\TestCppCli.obj
2026-08-20T10:15:38.0222518Z          "D:\a\OpenCppCoverage-ARM64\OpenCppCoverage-ARM64\x64\Debug\Plugin.lib"
2026-08-20T10:15:38.1999891Z             Creating library D:\a\OpenCppCoverage-ARM64\OpenCppCoverage-ARM64\x64\Debug\TestCoverageSharedLib.lib and object D:\a\OpenCppCoverage-ARM64\OpenCppCoverage-ARM64\x64\Debug\TestCoverageSharedLib.exp
2026-08-20T10:15:38.3632608Z          TestCoverageSharedLib.vcxproj -> D:\a\OpenCppCoverage-ARM64\OpenCppCoverage-ARM64\x64\Debug\TestCoverageSharedLib.dll
2026-08-20T10:15:38.3658974Z        AppLocalFromInstalled:
2026-08-20T10:15:38.3660901Z          "C:\Users\runneradmin\AppData\Local\OpenCppCoverage\vcpkg\vcpkg.exe" z-applocal --target-binary="D:\a\OpenCppCoverage-ARM64\OpenCppCoverage-ARM64\x64\Debug\TestCoverageSharedLib.dll" --installed-bin-dir="D:\a\OpenCppCoverage-ARM64\OpenCppCoverage-ARM64\vcpkg_installed\x64-windows\debug\bin" --tlog-file="x64\Debug\TestCove.0481B51C.tlog\TestCoverageSharedLib.write.1u.tlog" --copied-files-log="x64\Debug\vcpkg.applocal.log"
2026-08-20T10:15:38.4842304Z     18>Link:
2026-08-20T10:15:38.4848752Z          C:\Program Files\Microsoft Visual Studio\2022\Enterprise\VC\Tools\MSVC\14.44.35207\bin\HostX64\x64\link.exe /ERRORREPORT:QUEUE /OUT:"D:\a\OpenCppCoverage-ARM64\OpenCppCoverage-ARM64\x64\Debug\PluginTest.exe" /INCREMENTAL /ILK:"x64\Debug\PluginTest.ilk" /NOLOGO /LIBPATH:"D:\a\OpenCppCoverage-ARM64\OpenCppCoverage-ARM64\vcpkg_installed\x64-windows\debug\lib" /LIBPATH:"D:\a\OpenCppCoverage-ARM64\OpenCppCoverage-ARM64\vcpkg_installed\x64-windows\debug\lib\manual-link" gmock.lib gtest.lib kernel32.lib user32.lib gdi32.lib winspool.lib comdlg32.lib advapi32.lib shell32.lib ole32.lib oleaut32.lib uuid.lib odbc32.lib odbccp32.lib "D:\a\OpenCppCoverage-ARM64\OpenCppCoverage-ARM64\vcpkg_installed\x64-windows\debug\lib\*.lib" /MANIFEST /MANIFESTUAC:"level='asInvoker' uiAccess='false'" /manifest:embed /DEBUG /PDB:"D:\a\OpenCppCoverage-ARM64\OpenCppCoverage-ARM64\x64\Debug\PluginTest.pdb" /SUBSYSTEM:CONSOLE /TLBID:1 /DYNAMICBASE /NXCOMPAT /IMPLIB:"D:\a\OpenCppCoverage-ARM64\OpenCppCoverage-ARM64\x64\Debug\PluginTest.lib" /MACHINE:X64 x64\Debug\CoverageDataTest.obj
2026-08-20T10:15:38.4854855Z          x64\Debug\FileCoverageTest.obj
2026-08-20T10:15:38.4855288Z          x64\Debug\pch.obj
2026-08-20T10:15:38.4855637Z          x64\Debug\PluginTest.obj
2026-08-20T10:15:38.4856213Z          "D:\a\OpenCppCoverage-ARM64\OpenCppCoverage-ARM64\x64\Debug\Plugin.lib"
2026-08-20T10:15:38.9129360Z          PluginTest.vcxproj -> D:\a\OpenCppCoverage-ARM64\OpenCppCoverage-ARM64\x64\Debug\PluginTest.exe
2026-08-20T10:15:38.9148913Z        AppLocalFromInstalled:
2026-08-20T10:15:38.9151310Z          "C:\Users\runneradmin\AppData\Local\OpenCppCoverage\vcpkg\vcpkg.exe" z-applocal --target-binary="D:\a\OpenCppCoverage-ARM64\OpenCppCoverage-ARM64\x64\Debug\PluginTest.exe" --installed-bin-dir="D:\a\OpenCppCoverage-ARM64\OpenCppCoverage-ARM64\vcpkg_installed\x64-windows\debug\bin" --tlog-file="x64\Debug\PluginTest.tlog\PluginTest.write.1u.tlog" --copied-files-log="x64\Debug\vcpkg.applocal.log"
2026-08-20T10:15:38.9580556Z          D:\a\OpenCppCoverage-ARM64\OpenCppCoverage-ARM64\vcpkg_installed\x64-windows\debug\bin\gmock.dll -> D:\a\OpenCppCoverage-ARM64\OpenCppCoverage-ARM64\x64\Debug\gmock.dll done
2026-08-20T10:15:38.9713030Z          D:\a\OpenCppCoverage-ARM64\OpenCppCoverage-ARM64\vcpkg_installed\x64-windows\debug\bin\gmock.dll
2026-08-20T10:15:39.0162714Z        FinalizeBuildStatus:
2026-08-20T10:15:39.0163336Z          Deleting file "x64\Debug\PluginTest.tlog\unsuccessfulbuild".
2026-08-20T10:15:39.0167077Z          Touching "x64\Debug\PluginTest.tlog\PluginTest.lastbuildstate".
2026-08-20T10:15:39.0182796Z     18>Done Building Project "D:\a\OpenCppCoverage-ARM64\OpenCppCoverage-ARM64\PluginTest\PluginTest.vcxproj" (default targets).
2026-08-20T10:15:39.0341420Z     12>FinalizeBuildStatus:
2026-08-20T10:15:39.0342115Z          Deleting file "x64\Debug\TestCove.0481B51C.tlog\unsuccessfulbuild".
2026-08-20T10:15:39.0346292Z          Touching "x64\Debug\TestCove.0481B51C.tlog\TestCoverageSharedLib.lastbuildstate".
2026-08-20T10:15:39.0361522Z     12>Done Building Project "D:\a\OpenCppCoverage-ARM64\OpenCppCoverage-ARM64\TestCoverageSharedLib\TestCoverageSharedLib.vcxproj" (default targets).
2026-08-20T10:15:39.0645064Z      1>Project "D:\a\OpenCppCoverage-ARM64\OpenCppCoverage-ARM64\CppCoverage.sln" (1) is building "D:\a\OpenCppCoverage-ARM64\OpenCppCoverage-ARM64\CppCoverageTest\CppCoverageTest.vcxproj.metaproj" (2) on node 1 (default targets).
2026-08-20T10:15:39.0647713Z      2>Project "D:\a\OpenCppCoverage-ARM64\OpenCppCoverage-ARM64\CppCoverageTest\CppCoverageTest.vcxproj.metaproj" (2) is building "D:\a\OpenCppCoverage-ARM64\OpenCppCoverage-ARM64\TestCppCli\TestCppCli.vcxproj" (14) on node 3 (default targets).
2026-08-20T10:15:39.0649164Z     14>PrepareForBuild:
2026-08-20T10:15:39.0649517Z          Creating directory "x64\Debug\".
2026-08-20T10:15:39.0691850Z          Structured output is enabled. The formatting of compiler diagnostics will reflect the error hierarchy. See https://aka.ms/cpp/structured-output for more details.
2026-08-20T10:15:39.0695142Z          Creating directory "x64\Debug\TestCppCli.tlog\".
2026-08-20T10:15:39.8702486Z        InitializeBuildStatus:
2026-08-20T10:15:39.8704798Z          Creating "x64\Debug\TestCppCli.tlog\unsuccessfulbuild" because "AlwaysCreate" was specified.
2026-08-20T10:15:39.8705539Z          Touching "x64\Debug\TestCppCli.tlog\unsuccessfulbuild".
2026-08-20T10:15:39.9090842Z        VcpkgTripletSelection:
2026-08-20T10:15:39.9092515Z          Using triplet "x64-windows" from "D:\a\OpenCppCoverage-ARM64\OpenCppCoverage-ARM64\vcpkg_installed\x64-windows\"
2026-08-20T10:15:39.9093958Z          Using normalized configuration "Debug"
2026-08-20T10:15:39.9104870Z        VcpkgBootstrap:
2026-08-20T10:15:39.9106246Z        Skipping target "VcpkgBootstrap" because all output files are up-to-date with respect to the input files.
2026-08-20T10:15:39.9115769Z        VcpkgInstallManifestDependencies:
2026-08-20T10:15:39.9122202Z        Skipping target "VcpkgInstallManifestDependencies" because all output files are up-to-date with respect to the input files.
2026-08-20T10:15:39.9315126Z        ClCompile:
2026-08-20T10:15:39.9319846Z          C:\Program Files\Microsoft Visual Studio\2022\Enterprise\VC\Tools\MSVC\14.44.35207\bin\HostX64\x64\CL.exe /c /I"D:\a\OpenCppCoverage-ARM64\OpenCppCoverage-ARM64\vcpkg_installed\x64-windows\include" /AI"C:\Program Files (x86)\Reference Assemblies\Microsoft\Framework\.NETFramework\v4.7.2\\" /AI"C:\Program Files (x86)\Windows Kits\10\References" /AI"C:\Program Files (x86)\Reference Assemblies\Microsoft\Framework\.NETFramework\v4.7.2\Facades\\" /Zi /clr /nologo /W3 /WX- /diagnostics:column /Od /D WIN32 /D _DEBUG /D _WINDLL /D _UNICODE /D UNICODE /EHa /MD /GS /fp:precise /Zc:wchar_t /Zc:forScope /Zc:inline /Fo"x64\Debug\\" /Fd"x64\Debug\vc143.pdb" /external:W3 /TP /FU"C:\Program Files\Microsoft Visual Studio\2022\Enterprise\Common7\IDE\PublicAssemblies\Microsoft.VisualStudio.QualityTools.UnitTestFramework.dll" /FU"C:\Program Files (x86)\Reference Assemblies\Microsoft\Framework\.NETFramework\v4.7.2\mscorlib.dll" /FU"C:\Program Files (x86)\Reference Assemblies\Microsoft\Framework\.NETFramework\v4.7.2\System.Data.dll" /FU"C:\Program Files (x86)\Reference Assemblies\Microsoft\Framework\.NETFramework\v4.7.2\System.dll" /FU"C:\Program Files (x86)\Reference Assemblies\Microsoft\Framework\.NETFramework\v4.7.2\System.Xml.dll" /FC /errorReport:queue /clr:nostdlib AssemblyInfo.cpp UnitTest.cpp "x64\Debug\.NETFramework,Version=v4.7.2.AssemblyAttributes.cpp"
2026-08-20T10:15:39.9724888Z          AssemblyInfo.cpp
2026-08-20T10:15:40.1878622Z     10>ClCompile:
2026-08-20T10:15:40.1878930Z          MappedFile.cpp
2026-08-20T10:15:40.4412151Z     14>ClCompile:
2026-08-20T10:15:40.4412520Z          UnitTest.cpp
2026-08-20T10:15:40.5389990Z          .NETFramework,Version=v4.7.2.AssemblyAttributes.cpp
2026-08-20T10:15:40.6160058Z          Generating Code...
2026-08-20T10:15:40.7041982Z        Link:
2026-08-20T10:15:40.7046118Z          C:\Program Files\Microsoft Visual Studio\2022\Enterprise\VC\Tools\MSVC\14.44.35207\bin\HostX64\x64\link.exe /ERRORREPORT:QUEUE /OUT:"D:\a\OpenCppCoverage-ARM64\OpenCppCoverage-ARM64\x64\Debug\DefaultTest.dll" /INCREMENTAL /ILK:"x64\Debug\DefaultTest.ilk" /NOLOGO /LIBPATH:"D:\a\OpenCppCoverage-ARM64\OpenCppCoverage-ARM64\vcpkg_installed\x64-windows\debug\lib" /LIBPATH:"D:\a\OpenCppCoverage-ARM64\OpenCppCoverage-ARM64\vcpkg_installed\x64-windows\debug\lib\manual-link" "D:\a\OpenCppCoverage-ARM64\OpenCppCoverage-ARM64\vcpkg_installed\x64-windows\debug\lib\*.lib" /MANIFEST /MANIFESTUAC:"level='asInvoker' uiAccess='false'" /manifest:embed /DEBUG:FULL /PDB:"D:\a\OpenCppCoverage-ARM64\OpenCppCoverage-ARM64\x64\Debug\DefaultTest.pdb" /TLBID:1 /DYNAMICBASE /FIXED:NO /NXCOMPAT /MACHINE:X64 /DLL x64\Debug\AssemblyInfo.obj
2026-08-20T10:15:40.7049915Z          x64\Debug\UnitTest.obj
2026-08-20T10:15:40.7050388Z          "x64\Debug\.NETFramework,Version=v4.7.2.AssemblyAttributes.obj"
2026-08-20T10:15:40.7051213Z          "D:\a\OpenCppCoverage-ARM64\OpenCppCoverage-ARM64\x64\Debug\TestCoverageSharedLib.lib"
2026-08-20T10:15:40.7423292Z          AssemblyInfo.obj : MSIL module encountered; incremental linking is disabled for MSIL; performing full link
2026-08-20T10:15:41.2201488Z          TestCppCli.vcxproj -> D:\a\OpenCppCoverage-ARM64\OpenCppCoverage-ARM64\x64\Debug\DefaultTest.dll
2026-08-20T10:15:41.3840264Z        MetaGen:
2026-08-20T10:15:41.3842244Z          To improve incremental build performance for managed components, please make sure that the 'VC++ Directories->Reference Directories' points to all the paths which contain the referenced managed assemblies.
2026-08-20T10:15:41.3845390Z          Could not load file or assembly 'Microsoft.VisualStudio.QualityTools.UnitTestFramework, Version=10.0.0.0, Culture=neutral, PublicKeyToken=b03f5f7f11d50a3a' or one of its dependencies. The system cannot find the file specified.
2026-08-20T10:15:41.3914886Z        AppLocalFromInstalled:
2026-08-20T10:15:41.3917521Z          "C:\Users\runneradmin\AppData\Local\OpenCppCoverage\vcpkg\vcpkg.exe" z-applocal --target-binary="D:\a\OpenCppCoverage-ARM64\OpenCppCoverage-ARM64\x64\Debug\DefaultTest.dll" --installed-bin-dir="D:\a\OpenCppCoverage-ARM64\OpenCppCoverage-ARM64\vcpkg_installed\x64-windows\debug\bin" --tlog-file="x64\Debug\TestCppCli.tlog\TestCppCli.write.1u.tlog" --copied-files-log="x64\Debug\vcpkg.applocal.log"
2026-08-20T10:15:41.4817380Z        FinalizeBuildStatus:
2026-08-20T10:15:41.4817890Z          Deleting file "x64\Debug\TestCppCli.tlog\unsuccessfulbuild".
2026-08-20T10:15:41.4821558Z          Touching "x64\Debug\TestCppCli.tlog\TestCppCli.lastbuildstate".
2026-08-20T10:15:41.4838513Z     14>Done Building Project "D:\a\OpenCppCoverage-ARM64\OpenCppCoverage-ARM64\TestCppCli\TestCppCli.vcxproj" (default targets).
2026-08-20T10:15:41.7258127Z     10>ClCompile:
2026-08-20T10:15:41.7258476Z          MiniDump.cpp
2026-08-20T10:15:42.2895052Z          PEFileHeader.cpp
2026-08-20T10:15:42.8599735Z          ProcessMemory.cpp
2026-08-20T10:15:44.2848033Z          ScopedAction.cpp
2026-08-20T10:15:45.7210561Z          Tool.cpp
2026-08-20T10:15:47.1740416Z          UniquePath.cpp
2026-08-20T10:15:48.0642213Z          WarningManager.cpp
2026-08-20T10:15:49.4851059Z          Generating Code...
2026-08-20T10:15:50.2998657Z        Link:
2026-08-20T10:15:50.3004224Z          C:\Program Files\Microsoft Visual Studio\2022\Enterprise\VC\Tools\MSVC\14.44.35207\bin\HostX64\x64\link.exe /ERRORREPORT:QUEUE /OUT:"D:\a\OpenCppCoverage-ARM64\OpenCppCoverage-ARM64\x64\Debug\Tools.dll" /INCREMENTAL /ILK:"x64\Debug\Tools.ilk" /NOLOGO /LIBPATH:"D:\a\OpenCppCoverage-ARM64\OpenCppCoverage-ARM64\vcpkg_installed\x64-windows\debug\lib" /LIBPATH:"D:\a\OpenCppCoverage-ARM64\OpenCppCoverage-ARM64\vcpkg_installed\x64-windows\debug\lib\manual-link" DbgHelp.lib bcrypt.lib kernel32.lib user32.lib gdi32.lib winspool.lib comdlg32.lib advapi32.lib shell32.lib ole32.lib oleaut32.lib uuid.lib odbc32.lib odbccp32.lib "D:\a\OpenCppCoverage-ARM64\OpenCppCoverage-ARM64\vcpkg_installed\x64-windows\debug\lib\*.lib" /MANIFEST /MANIFESTUAC:"level='asInvoker' uiAccess='false'" /manifest:embed /DEBUG /PDB:"D:\a\OpenCppCoverage-ARM64\OpenCppCoverage-ARM64\x64\Debug\Tools.pdb" /SUBSYSTEM:WINDOWS /TLBID:1 /DYNAMICBASE /NXCOMPAT /IMPLIB:"D:\a\OpenCppCoverage-ARM64\OpenCppCoverage-ARM64\x64\Debug\Tools.lib" /MACHINE:X64 /DLL x64\Debug\dllmain.obj
2026-08-20T10:15:50.3009637Z          x64\Debug\ExceptionBase.obj
2026-08-20T10:15:50.3010044Z          x64\Debug\Log.obj
2026-08-20T10:15:50.3010368Z          x64\Debug\MappedFile.obj
2026-08-20T10:15:50.3010718Z          x64\Debug\MiniDump.obj
2026-08-20T10:15:50.3011037Z          x64\Debug\PEFileHeader.obj
2026-08-20T10:15:50.3011412Z          x64\Debug\ProcessMemory.obj
2026-08-20T10:15:50.3011747Z          x64\Debug\ScopedAction.obj
2026-08-20T10:15:50.3012091Z          x64\Debug\stdafx.obj
2026-08-20T10:15:50.3012428Z          x64\Debug\Tool.obj
2026-08-20T10:15:50.3012758Z          x64\Debug\UniquePath.obj
2026-08-20T10:15:50.3013143Z          x64\Debug\WarningManager.obj
2026-08-20T10:15:50.4712398Z             Creating library D:\a\OpenCppCoverage-ARM64\OpenCppCoverage-ARM64\x64\Debug\Tools.lib and object D:\a\OpenCppCoverage-ARM64\OpenCppCoverage-ARM64\x64\Debug\Tools.exp
2026-08-20T10:15:50.6993193Z          Tools.vcxproj -> D:\a\OpenCppCoverage-ARM64\OpenCppCoverage-ARM64\x64\Debug\Tools.dll
2026-08-20T10:15:50.7010285Z        AppLocalFromInstalled:
2026-08-20T10:15:50.7012351Z          "C:\Users\runneradmin\AppData\Local\OpenCppCoverage\vcpkg\vcpkg.exe" z-applocal --target-binary="D:\a\OpenCppCoverage-ARM64\OpenCppCoverage-ARM64\x64\Debug\Tools.dll" --installed-bin-dir="D:\a\OpenCppCoverage-ARM64\OpenCppCoverage-ARM64\vcpkg_installed\x64-windows\debug\bin" --tlog-file="x64\Debug\Tools.tlog\Tools.write.1u.tlog" --copied-files-log="x64\Debug\vcpkg.applocal.log"
2026-08-20T10:15:50.7419761Z          D:\a\OpenCppCoverage-ARM64\OpenCppCoverage-ARM64\vcpkg_installed\x64-windows\debug\bin\boost_iostreams-vc143-mt-gd-x64-1_91.dll -> D:\a\OpenCppCoverage-ARM64\OpenCppCoverage-ARM64\x64\Debug\boost_iostreams-vc143-mt-gd-x64-1_91.dll done
2026-08-20T10:15:50.7423248Z          D:\a\OpenCppCoverage-ARM64\OpenCppCoverage-ARM64\vcpkg_installed\x64-windows\debug\bin\zd.dll -> D:\a\OpenCppCoverage-ARM64\OpenCppCoverage-ARM64\x64\Debug\zd.dll done
2026-08-20T10:15:50.7430741Z          D:\a\OpenCppCoverage-ARM64\OpenCppCoverage-ARM64\vcpkg_installed\x64-windows\debug\bin\bz2d.dll -> D:\a\OpenCppCoverage-ARM64\OpenCppCoverage-ARM64\x64\Debug\bz2d.dll done
2026-08-20T10:15:50.7437612Z          D:\a\OpenCppCoverage-ARM64\OpenCppCoverage-ARM64\vcpkg_installed\x64-windows\debug\bin\liblzma.dll -> D:\a\OpenCppCoverage-ARM64\OpenCppCoverage-ARM64\x64\Debug\liblzma.dll done
2026-08-20T10:15:50.7452659Z          D:\a\OpenCppCoverage-ARM64\OpenCppCoverage-ARM64\vcpkg_installed\x64-windows\debug\bin\zstd.dll -> D:\a\OpenCppCoverage-ARM64\OpenCppCoverage-ARM64\x64\Debug\zstd.dll done
2026-08-20T10:15:50.7465212Z          D:\a\OpenCppCoverage-ARM64\OpenCppCoverage-ARM64\vcpkg_installed\x64-windows\debug\bin\boost_locale-vc143-mt-gd-x64-1_91.dll -> D:\a\OpenCppCoverage-ARM64\OpenCppCoverage-ARM64\x64\Debug\boost_locale-vc143-mt-gd-x64-1_91.dll done
2026-08-20T10:15:50.7481034Z          D:\a\OpenCppCoverage-ARM64\OpenCppCoverage-ARM64\vcpkg_installed\x64-windows\debug\bin\boost_log-vc143-mt-gd-x64-1_91.dll -> D:\a\OpenCppCoverage-ARM64\OpenCppCoverage-ARM64\x64\Debug\boost_log-vc143-mt-gd-x64-1_91.dll done
2026-08-20T10:15:50.7491200Z          D:\a\OpenCppCoverage-ARM64\OpenCppCoverage-ARM64\vcpkg_installed\x64-windows\debug\bin\boost_filesystem-vc143-mt-gd-x64-1_91.dll -> D:\a\OpenCppCoverage-ARM64\OpenCppCoverage-ARM64\x64\Debug\boost_filesystem-vc143-mt-gd-x64-1_91.dll done
2026-08-20T10:15:50.7496990Z          D:\a\OpenCppCoverage-ARM64\OpenCppCoverage-ARM64\vcpkg_installed\x64-windows\debug\bin\boost_thread-vc143-mt-gd-x64-1_91.dll -> D:\a\OpenCppCoverage-ARM64\OpenCppCoverage-ARM64\x64\Debug\boost_thread-vc143-mt-gd-x64-1_91.dll done
2026-08-20T10:15:50.7550069Z          D:\a\OpenCppCoverage-ARM64\OpenCppCoverage-ARM64\vcpkg_installed\x64-windows\debug\bin\boost_iostreams-vc143-mt-gd-x64-1_91.dll
2026-08-20T10:15:50.7551090Z          D:\a\OpenCppCoverage-ARM64\OpenCppCoverage-ARM64\vcpkg_installed\x64-windows\debug\bin\zd.dll
2026-08-20T10:15:50.7551943Z          D:\a\OpenCppCoverage-ARM64\OpenCppCoverage-ARM64\vcpkg_installed\x64-windows\debug\bin\bz2d.dll
2026-08-20T10:15:50.7552863Z          D:\a\OpenCppCoverage-ARM64\OpenCppCoverage-ARM64\vcpkg_installed\x64-windows\debug\bin\liblzma.dll
2026-08-20T10:15:50.7553777Z          D:\a\OpenCppCoverage-ARM64\OpenCppCoverage-ARM64\vcpkg_installed\x64-windows\debug\bin\zstd.dll
2026-08-20T10:15:50.7554781Z          D:\a\OpenCppCoverage-ARM64\OpenCppCoverage-ARM64\vcpkg_installed\x64-windows\debug\bin\boost_locale-vc143-mt-gd-x64-1_91.dll
2026-08-20T10:15:50.7555866Z          D:\a\OpenCppCoverage-ARM64\OpenCppCoverage-ARM64\vcpkg_installed\x64-windows\debug\bin\boost_log-vc143-mt-gd-x64-1_91.dll
2026-08-20T10:15:50.7556969Z          D:\a\OpenCppCoverage-ARM64\OpenCppCoverage-ARM64\vcpkg_installed\x64-windows\debug\bin\boost_filesystem-vc143-mt-gd-x64-1_91.dll
2026-08-20T10:15:50.7558116Z          D:\a\OpenCppCoverage-ARM64\OpenCppCoverage-ARM64\vcpkg_installed\x64-windows\debug\bin\boost_thread-vc143-mt-gd-x64-1_91.dll
2026-08-20T10:15:50.7879963Z        FinalizeBuildStatus:
2026-08-20T10:15:50.7881597Z          Deleting file "x64\Debug\Tools.tlog\unsuccessfulbuild".
2026-08-20T10:15:50.7882290Z          Touching "x64\Debug\Tools.tlog\Tools.lastbuildstate".
2026-08-20T10:15:50.7888777Z     10>Done Building Project "D:\a\OpenCppCoverage-ARM64\OpenCppCoverage-ARM64\Tools\Tools.vcxproj" (default targets).
2026-08-20T10:15:50.8186977Z      1>Project "D:\a\OpenCppCoverage-ARM64\OpenCppCoverage-ARM64\CppCoverage.sln" (1) is building "D:\a\OpenCppCoverage-ARM64\OpenCppCoverage-ARM64\CppCoverage\CppCoverage.vcxproj" (8) on node 3 (default targets).
2026-08-20T10:15:50.8204321Z      8>Project "D:\a\OpenCppCoverage-ARM64\OpenCppCoverage-ARM64\CppCoverage\CppCoverage.vcxproj" (8) is building "D:\a\OpenCppCoverage-ARM64\OpenCppCoverage-ARM64\FileFilter\FileFilter.vcxproj" (11) on node 3 (default targets).
2026-08-20T10:15:50.8209296Z     11>PrepareForBuild:
2026-08-20T10:15:50.8212675Z          Creating directory "x64\Debug\".
2026-08-20T10:15:50.8214314Z      7>PrepareForBuild:
2026-08-20T10:15:50.8215926Z          Creating directory "x64\Debug\".
2026-08-20T10:15:50.8217881Z     11>PrepareForBuild:
2026-08-20T10:15:50.8222491Z          Structured output is enabled. The formatting of compiler diagnostics will reflect the error hierarchy. See https://aka.ms/cpp/structured-output for more details.
2026-08-20T10:15:50.8228454Z          Creating directory "x64\Debug\FileFilter.tlog\".
2026-08-20T10:15:50.8230800Z      7>PrepareForBuild:
2026-08-20T10:15:50.8236058Z          Structured output is enabled. The formatting of compiler diagnostics will reflect the error hierarchy. See https://aka.ms/cpp/structured-output for more details.
2026-08-20T10:15:50.8244505Z          Creating directory "x64\Debug\TestCove.0DD16EDF.tlog\".
2026-08-20T10:15:50.8246741Z     11>InitializeBuildStatus:
2026-08-20T10:15:50.8249256Z          Creating "x64\Debug\FileFilter.tlog\unsuccessfulbuild" because "AlwaysCreate" was specified.
2026-08-20T10:15:50.8252159Z          Touching "x64\Debug\FileFilter.tlog\unsuccessfulbuild".
2026-08-20T10:15:50.8253422Z      7>InitializeBuildStatus:
2026-08-20T10:15:50.8255379Z          Creating "x64\Debug\TestCove.0DD16EDF.tlog\unsuccessfulbuild" because "AlwaysCreate" was specified.
2026-08-20T10:15:50.8258746Z          Touching "x64\Debug\TestCove.0DD16EDF.tlog\unsuccessfulbuild".
2026-08-20T10:15:50.8536459Z      1>Project "D:\a\OpenCppCoverage-ARM64\OpenCppCoverage-ARM64\CppCoverage.sln" (1) is building "D:\a\OpenCppCoverage-ARM64\OpenCppCoverage-ARM64\TestHelper\TestHelper.vcxproj" (15) on node 3 (default targets).
2026-08-20T10:15:50.8579343Z     15>PrepareForBuild:
2026-08-20T10:15:50.8582569Z          Creating directory "x64\Debug\".
2026-08-20T10:15:50.8585201Z          Structured output is enabled. The formatting of compiler diagnostics will reflect the error hierarchy. See https://aka.ms/cpp/structured-output for more details.
2026-08-20T10:15:50.8588317Z          Creating directory "x64\Debug\TestHelper.tlog\".
2026-08-20T10:15:50.8641155Z      7>VcpkgTripletSelection:
2026-08-20T10:15:50.8656409Z          Using triplet "x64-windows" from "D:\a\OpenCppCoverage-ARM64\OpenCppCoverage-ARM64\vcpkg_installed\x64-windows\"
2026-08-20T10:15:50.8661546Z          Using normalized configuration "Debug"
2026-08-20T10:15:50.8667609Z     15>InitializeBuildStatus:
2026-08-20T10:15:50.8677678Z          Creating "x64\Debug\TestHelper.tlog\unsuccessfulbuild" because "AlwaysCreate" was specified.
2026-08-20T10:15:50.8686057Z          Touching "x64\Debug\TestHelper.tlog\unsuccessfulbuild".
2026-08-20T10:15:50.8690595Z      7>VcpkgBootstrap:
2026-08-20T10:15:50.8699323Z        Skipping target "VcpkgBootstrap" because all output files are up-to-date with respect to the input files.
2026-08-20T10:15:50.8708456Z        VcpkgInstallManifestDependencies:
2026-08-20T10:15:50.8713851Z        Skipping target "VcpkgInstallManifestDependencies" because all output files are up-to-date with respect to the input files.
2026-08-20T10:15:50.8787203Z        ClCompile:
2026-08-20T10:15:50.8829346Z          C:\Program Files\Microsoft Visual Studio\2022\Enterprise\VC\Tools\MSVC\14.44.35207\bin\HostX64\x64\CL.exe /c /I"D:\a\OpenCppCoverage-ARM64\OpenCppCoverage-ARM64\\" /I"D:\a\OpenCppCoverage-ARM64\OpenCppCoverage-ARM64\\" /I"D:\a\OpenCppCoverage-ARM64\OpenCppCoverage-ARM64\TestCoverageConsole\\" /I"D:\a\OpenCppCoverage-ARM64\OpenCppCoverage-ARM64\vcpkg_installed\x64-windows\include" /ZI /JMC /nologo /W3 /WX /diagnostics:column /sdl /Od /D WIN32 /D _DEBUG /D _CONSOLE /D _LIB /D BOOST_CONFIG_SUPPRESS_OUTDATED_MESSAGE /D "OPENCPPCOVERAGE_VERSION=\"0.9.9.0\"" /D _CRT_SECURE_NO_WARNINGS /D "PROJECT_DIR=R\"|(D:\a\OpenCppCoverage-ARM64\OpenCppCoverage-ARM64\TestCoverageConsole\)|\"" /D "SOLUTION_DIR=R\"|(D:\a\OpenCppCoverage-ARM64\OpenCppCoverage-ARM64\)|\"" /D "TARGET_FILE_NAME=R\"|(TestCoverageConsole.exe)|\"" /D "OUT_DIR=R\"|(D:\a\OpenCppCoverage-ARM64\OpenCppCoverage-ARM64\x64\Debug\)|\"" /D NOMINMAX /D _UNICODE /D UNICODE /Gm- /EHsc /RTC1 /MDd /GS /fp:precise /Zc:wchar_t /Zc:forScope /Zc:inline /std:c++17 /permissive- /Fo"x64\Debug\\" /Fd"x64\Debug\vc143.pdb" /external:W3 /Gd /TP /FC /errorReport:queue TestBasic.cpp TestCoverageConsole.cpp SpecialLineInfo.cpp TestDebugInformationEnumerator.cpp TestDiff.cpp TestThread.cpp
2026-08-20T10:15:50.8857425Z     15>VcpkgTripletSelection:
2026-08-20T10:15:50.8861201Z          Using triplet "x64-windows" from "D:\a\OpenCppCoverage-ARM64\OpenCppCoverage-ARM64\vcpkg_installed\x64-windows\"
2026-08-20T10:15:50.8870905Z          Using normalized configuration "Debug"
2026-08-20T10:15:50.8874316Z        VcpkgBootstrap:
2026-08-20T10:15:50.8879993Z        Skipping target "VcpkgBootstrap" because all output files are up-to-date with respect to the input files.
2026-08-20T10:15:50.8892101Z        VcpkgInstallManifestDependencies:
2026-08-20T10:15:50.8899723Z        Skipping target "VcpkgInstallManifestDependencies" because all output files are up-to-date with respect to the input files.
2026-08-20T10:15:50.8960751Z        ClCompile:
2026-08-20T10:15:50.8969866Z          C:\Program Files\Microsoft Visual Studio\2022\Enterprise\VC\Tools\MSVC\14.44.35207\bin\HostX64\x64\CL.exe /c /I"D:\a\OpenCppCoverage-ARM64\OpenCppCoverage-ARM64\\" /I"D:\a\OpenCppCoverage-ARM64\OpenCppCoverage-ARM64\TestHelper\\" /I"D:\a\OpenCppCoverage-ARM64\OpenCppCoverage-ARM64\vcpkg_installed\x64-windows\include" /ZI /JMC /nologo /W3 /WX /diagnostics:column /sdl /Od /D WIN32 /D _USRDLL /D TEST_HELPER_EXPORTS /D _DEBUG /D _CONSOLE /D _LIB /D GTEST_LINKED_AS_SHARED_LIBRARY=1 /D _SILENCE_TR1_NAMESPACE_DEPRECATION_WARNING /D BOOST_CONFIG_SUPPRESS_OUTDATED_MESSAGE /D "OPENCPPCOVERAGE_VERSION=\"0.9.9.0\"" /D _CRT_SECURE_NO_WARNINGS /D "PROJECT_DIR=R\"|(D:\a\OpenCppCoverage-ARM64\OpenCppCoverage-ARM64\TestHelper\)|\"" /D "SOLUTION_DIR=R\"|(D:\a\OpenCppCoverage-ARM64\OpenCppCoverage-ARM64\)|\"" /D "TARGET_FILE_NAME=R\"|(TestHelper.dll)|\"" /D "OUT_DIR=R\"|(D:\a\OpenCppCoverage-ARM64\OpenCppCoverage-ARM64\x64\Debug\)|\"" /D NOMINMAX /D _WINDLL /D _UNICODE /D UNICODE /Gm- /EHsc /RTC1 /MDd /GS /fp:precise /Zc:wchar_t /Zc:forScope /Zc:inline /std:c++17 /permissive- /Yc"stdafx.h" /Fp"x64\Debug\TestHelper.pch" /Fo"x64\Debug\\" /Fd"x64\Debug\vc143.pdb" /external:W3 /Gd /TP /wd4251 /wd4275 /FC /errorReport:queue stdafx.cpp
2026-08-20T10:15:50.9084016Z     11>VcpkgTripletSelection:
2026-08-20T10:15:50.9085534Z          Using triplet "x64-windows" from "D:\a\OpenCppCoverage-ARM64\OpenCppCoverage-ARM64\vcpkg_installed\x64-windows\"
2026-08-20T10:15:50.9090611Z          Using normalized configuration "Debug"
2026-08-20T10:15:50.9104533Z        VcpkgBootstrap:
2026-08-20T10:15:50.9130805Z        Skipping target "VcpkgBootstrap" because all output files are up-to-date with respect to the input files.
2026-08-20T10:15:50.9132594Z        VcpkgInstallManifestDependencies:
2026-08-20T10:15:50.9141725Z        Skipping target "VcpkgInstallManifestDependencies" because all output files are up-to-date with respect to the input files.
2026-08-20T10:15:50.9156562Z        ClCompile:
2026-08-20T10:15:50.9163657Z          C:\Program Files\Microsoft Visual Studio\2022\Enterprise\VC\Tools\MSVC\14.44.35207\bin\HostX64\x64\CL.exe /c /I"D:\a\OpenCppCoverage-ARM64\OpenCppCoverage-ARM64\\" /I"D:\a\OpenCppCoverage-ARM64\OpenCppCoverage-ARM64\FileFilter\\" /I"D:\a\OpenCppCoverage-ARM64\OpenCppCoverage-ARM64\vcpkg_installed\x64-windows\include" /ZI /JMC /nologo /W3 /WX /diagnostics:column /sdl /Od /D _DEBUG /D _WINDOWS /D _USRDLL /D FILEFILTER_EXPORTS /D BOOST_CONFIG_SUPPRESS_OUTDATED_MESSAGE /D "OPENCPPCOVERAGE_VERSION=\"0.9.9.0\"" /D _CRT_SECURE_NO_WARNINGS /D "PROJECT_DIR=R\"|(D:\a\OpenCppCoverage-ARM64\OpenCppCoverage-ARM64\FileFilter\)|\"" /D "SOLUTION_DIR=R\"|(D:\a\OpenCppCoverage-ARM64\OpenCppCoverage-ARM64\)|\"" /D "TARGET_FILE_NAME=R\"|(FileFilter.dll)|\"" /D "OUT_DIR=R\"|(D:\a\OpenCppCoverage-ARM64\OpenCppCoverage-ARM64\x64\Debug\)|\"" /D NOMINMAX /D _WINDLL /D _UNICODE /D UNICODE /Gm- /EHsc /RTC1 /MDd /GS /fp:precise /Zc:wchar_t /Zc:forScope /Zc:inline /std:c++17 /permissive- /Yc"stdafx.h" /Fp"x64\Debug\FileFilter.pch" /Fo"x64\Debug\\" /Fd"x64\Debug\vc143.pdb" /external:W3 /Gd /TP /FC /errorReport:queue stdafx.cpp
2026-08-20T10:15:50.9348198Z      7>ClCompile:
2026-08-20T10:15:50.9348746Z          TestBasic.cpp
2026-08-20T10:15:50.9417563Z     15>ClCompile:
2026-08-20T10:15:50.9418765Z          stdafx.cpp
2026-08-20T10:15:50.9534773Z     11>ClCompile:
2026-08-20T10:15:50.9535305Z          stdafx.cpp
2026-08-20T10:15:51.6859354Z          C:\Program Files\Microsoft Visual Studio\2022\Enterprise\VC\Tools\MSVC\14.44.35207\bin\HostX64\x64\CL.exe /c /I"D:\a\OpenCppCoverage-ARM64\OpenCppCoverage-ARM64\\" /I"D:\a\OpenCppCoverage-ARM64\OpenCppCoverage-ARM64\FileFilter\\" /I"D:\a\OpenCppCoverage-ARM64\OpenCppCoverage-ARM64\vcpkg_installed\x64-windows\include" /ZI /JMC /nologo /W3 /WX /diagnostics:column /sdl /Od /D _DEBUG /D _WINDOWS /D _USRDLL /D FILEFILTER_EXPORTS /D BOOST_CONFIG_SUPPRESS_OUTDATED_MESSAGE /D "OPENCPPCOVERAGE_VERSION=\"0.9.9.0\"" /D _CRT_SECURE_NO_WARNINGS /D "PROJECT_DIR=R\"|(D:\a\OpenCppCoverage-ARM64\OpenCppCoverage-ARM64\FileFilter\)|\"" /D "SOLUTION_DIR=R\"|(D:\a\OpenCppCoverage-ARM64\OpenCppCoverage-ARM64\)|\"" /D "TARGET_FILE_NAME=R\"|(FileFilter.dll)|\"" /D "OUT_DIR=R\"|(D:\a\OpenCppCoverage-ARM64\OpenCppCoverage-ARM64\x64\Debug\)|\"" /D NOMINMAX /D _WINDLL /D _UNICODE /D UNICODE /Gm- /EHsc /RTC1 /MDd /GS /fp:precise /Zc:wchar_t /Zc:forScope /Zc:inline /std:c++17 /permissive- /Yu"stdafx.h" /Fp"x64\Debug\FileFilter.pch" /Fo"x64\Debug\\" /Fd"x64\Debug\vc143.pdb" /external:W3 /Gd /TP /FC /errorReport:queue AmbiguousPathException.cpp File.cpp PathMatcher.cpp ReleaseCoverageFilter.cpp RelocationsExtractor.cpp LineFilter.cpp UnifiedDiffCoverageFilter.cpp UnifiedDiffParser.cpp UnifiedDiffParserException.cpp
2026-08-20T10:15:51.7274231Z          AmbiguousPathException.cpp
2026-08-20T10:15:52.4043685Z      7>ClCompile:
2026-08-20T10:15:52.4044994Z          TestCoverageConsole.cpp
2026-08-20T10:15:52.4830051Z     11>ClCompile:
2026-08-20T10:15:52.4833294Z          File.cpp
2026-08-20T10:15:52.9701419Z     15>ClCompile:
2026-08-20T10:15:52.9708237Z          C:\Program Files\Microsoft Visual Studio\2022\Enterprise\VC\Tools\MSVC\14.44.35207\bin\HostX64\x64\CL.exe /c /I"D:\a\OpenCppCoverage-ARM64\OpenCppCoverage-ARM64\\" /I"D:\a\OpenCppCoverage-ARM64\OpenCppCoverage-ARM64\TestHelper\\" /I"D:\a\OpenCppCoverage-ARM64\OpenCppCoverage-ARM64\vcpkg_installed\x64-windows\include" /ZI /JMC /nologo /W3 /WX /diagnostics:column /sdl /Od /D WIN32 /D _USRDLL /D TEST_HELPER_EXPORTS /D _DEBUG /D _CONSOLE /D _LIB /D GTEST_LINKED_AS_SHARED_LIBRARY=1 /D _SILENCE_TR1_NAMESPACE_DEPRECATION_WARNING /D BOOST_CONFIG_SUPPRESS_OUTDATED_MESSAGE /D "OPENCPPCOVERAGE_VERSION=\"0.9.9.0\"" /D _CRT_SECURE_NO_WARNINGS /D "PROJECT_DIR=R\"|(D:\a\OpenCppCoverage-ARM64\OpenCppCoverage-ARM64\TestHelper\)|\"" /D "SOLUTION_DIR=R\"|(D:\a\OpenCppCoverage-ARM64\OpenCppCoverage-ARM64\)|\"" /D "TARGET_FILE_NAME=R\"|(TestHelper.dll)|\"" /D "OUT_DIR=R\"|(D:\a\OpenCppCoverage-ARM64\OpenCppCoverage-ARM64\x64\Debug\)|\"" /D NOMINMAX /D _WINDLL /D _UNICODE /D UNICODE /Gm- /EHsc /RTC1 /MDd /GS /fp:precise /Zc:wchar_t /Zc:forScope /Zc:inline /std:c++17 /permissive- /Yu"stdafx.h" /Fp"x64\Debug\TestHelper.pch" /Fo"x64\Debug\\" /Fd"x64\Debug\vc143.pdb" /external:W3 /Gd /TP /wd4251 /wd4275 /FC /errorReport:queue CoverageDataComparer.cpp TemporaryPath.cpp Tools.cpp
2026-08-20T10:15:53.0121230Z          CoverageDataComparer.cpp
2026-08-20T10:15:53.2275969Z     11>ClCompile:
2026-08-20T10:15:53.2276896Z          PathMatcher.cpp
2026-08-20T10:15:53.5602951Z     15>ClCompile:
2026-08-20T10:15:53.5607054Z          TemporaryPath.cpp
2026-08-20T10:15:54.4744633Z      7>ClCompile:
2026-08-20T10:15:54.4750431Z          SpecialLineInfo.cpp
2026-08-20T10:15:54.7298860Z     15>ClCompile:
2026-08-20T10:15:54.7303811Z          Tools.cpp
2026-08-20T10:15:54.8714346Z     11>ClCompile:
2026-08-20T10:15:54.8715955Z          ReleaseCoverageFilter.cpp
2026-08-20T10:15:55.5412065Z      7>ClCompile:
2026-08-20T10:15:55.5413303Z          TestDebugInformationEnumerator.cpp
2026-08-20T10:15:55.9466236Z     15>ClCompile:
2026-08-20T10:15:55.9467587Z          Generating Code...
2026-08-20T10:15:56.3093680Z        Link:
2026-08-20T10:15:56.3099815Z          C:\Program Files\Microsoft Visual Studio\2022\Enterprise\VC\Tools\MSVC\14.44.35207\bin\HostX64\x64\link.exe /ERRORREPORT:QUEUE /OUT:"D:\a\OpenCppCoverage-ARM64\OpenCppCoverage-ARM64\x64\Debug\TestHelper.dll" /INCREMENTAL /ILK:"x64\Debug\TestHelper.ilk" /NOLOGO /LIBPATH:"D:\a\OpenCppCoverage-ARM64\OpenCppCoverage-ARM64\vcpkg_installed\x64-windows\debug\lib" /LIBPATH:"D:\a\OpenCppCoverage-ARM64\OpenCppCoverage-ARM64\vcpkg_installed\x64-windows\debug\lib\manual-link" gmock.lib gtest.lib bcrypt.lib kernel32.lib user32.lib gdi32.lib winspool.lib comdlg32.lib advapi32.lib shell32.lib ole32.lib oleaut32.lib uuid.lib odbc32.lib odbccp32.lib "D:\a\OpenCppCoverage-ARM64\OpenCppCoverage-ARM64\vcpkg_installed\x64-windows\debug\lib\*.lib" /MANIFEST /MANIFESTUAC:"level='asInvoker' uiAccess='false'" /manifest:embed /DEBUG /PDB:"D:\a\OpenCppCoverage-ARM64\OpenCppCoverage-ARM64\x64\Debug\TestHelper.pdb" /SUBSYSTEM:CONSOLE /TLBID:1 /DYNAMICBASE /NXCOMPAT /IMPLIB:"D:\a\OpenCppCoverage-ARM64\OpenCppCoverage-ARM64\x64\Debug\TestHelper.lib" /MACHINE:X64 /DLL x64\Debug\CoverageDataComparer.obj
2026-08-20T10:15:56.3106133Z          x64\Debug\stdafx.obj
2026-08-20T10:15:56.3106614Z          x64\Debug\TemporaryPath.obj
2026-08-20T10:15:56.3107111Z          x64\Debug\Tools.obj
2026-08-20T10:15:56.3107759Z          "D:\a\OpenCppCoverage-ARM64\OpenCppCoverage-ARM64\x64\Debug\Plugin.lib"
2026-08-20T10:15:56.3108544Z          "D:\a\OpenCppCoverage-ARM64\OpenCppCoverage-ARM64\x64\Debug\Tools.lib"
2026-08-20T10:15:56.4515832Z             Creating library D:\a\OpenCppCoverage-ARM64\OpenCppCoverage-ARM64\x64\Debug\TestHelper.lib and object D:\a\OpenCppCoverage-ARM64\OpenCppCoverage-ARM64\x64\Debug\TestHelper.exp
2026-08-20T10:15:56.6095728Z          TestHelper.vcxproj -> D:\a\OpenCppCoverage-ARM64\OpenCppCoverage-ARM64\x64\Debug\TestHelper.dll
2026-08-20T10:15:56.6151632Z        AppLocalFromInstalled:
2026-08-20T10:15:56.6154697Z          "C:\Users\runneradmin\AppData\Local\OpenCppCoverage\vcpkg\vcpkg.exe" z-applocal --target-binary="D:\a\OpenCppCoverage-ARM64\OpenCppCoverage-ARM64\x64\Debug\TestHelper.dll" --installed-bin-dir="D:\a\OpenCppCoverage-ARM64\OpenCppCoverage-ARM64\vcpkg_installed\x64-windows\debug\bin" --tlog-file="x64\Debug\TestHelper.tlog\TestHelper.write.1u.tlog" --copied-files-log="x64\Debug\vcpkg.applocal.log"
2026-08-20T10:15:56.6631593Z          D:\a\OpenCppCoverage-ARM64\OpenCppCoverage-ARM64\vcpkg_installed\x64-windows\debug\bin\PocoFoundationd.dll -> D:\a\OpenCppCoverage-ARM64\OpenCppCoverage-ARM64\x64\Debug\PocoFoundationd.dll done
2026-08-20T10:15:56.6640970Z          D:\a\OpenCppCoverage-ARM64\OpenCppCoverage-ARM64\vcpkg_installed\x64-windows\debug\bin\pcre2-8d.dll -> D:\a\OpenCppCoverage-ARM64\OpenCppCoverage-ARM64\x64\Debug\pcre2-8d.dll done
2026-08-20T10:15:56.6648395Z          D:\a\OpenCppCoverage-ARM64\OpenCppCoverage-ARM64\vcpkg_installed\x64-windows\debug\bin\utf8proc.dll -> D:\a\OpenCppCoverage-ARM64\OpenCppCoverage-ARM64\x64\Debug\utf8proc.dll done
2026-08-20T10:15:56.6743580Z          D:\a\OpenCppCoverage-ARM64\OpenCppCoverage-ARM64\vcpkg_installed\x64-windows\debug\bin\gmock.dll
2026-08-20T10:15:56.6747418Z          D:\a\OpenCppCoverage-ARM64\OpenCppCoverage-ARM64\vcpkg_installed\x64-windows\debug\bin\boost_log-vc143-mt-gd-x64-1_91.dll
2026-08-20T10:15:56.6754635Z          D:\a\OpenCppCoverage-ARM64\OpenCppCoverage-ARM64\vcpkg_installed\x64-windows\debug\bin\boost_filesystem-vc143-mt-gd-x64-1_91.dll
2026-08-20T10:15:56.6770837Z          D:\a\OpenCppCoverage-ARM64\OpenCppCoverage-ARM64\vcpkg_installed\x64-windows\debug\bin\boost_thread-vc143-mt-gd-x64-1_91.dll
2026-08-20T10:15:56.6777764Z          D:\a\OpenCppCoverage-ARM64\OpenCppCoverage-ARM64\vcpkg_installed\x64-windows\debug\bin\PocoFoundationd.dll
2026-08-20T10:15:56.6781244Z          D:\a\OpenCppCoverage-ARM64\OpenCppCoverage-ARM64\vcpkg_installed\x64-windows\debug\bin\pcre2-8d.dll
2026-08-20T10:15:56.6785371Z          D:\a\OpenCppCoverage-ARM64\OpenCppCoverage-ARM64\vcpkg_installed\x64-windows\debug\bin\zd.dll
2026-08-20T10:15:56.6787071Z          D:\a\OpenCppCoverage-ARM64\OpenCppCoverage-ARM64\vcpkg_installed\x64-windows\debug\bin\utf8proc.dll
2026-08-20T10:15:56.6790693Z          D:\a\OpenCppCoverage-ARM64\OpenCppCoverage-ARM64\vcpkg_installed\x64-windows\debug\bin\boost_iostreams-vc143-mt-gd-x64-1_91.dll
2026-08-20T10:15:56.6792555Z          D:\a\OpenCppCoverage-ARM64\OpenCppCoverage-ARM64\vcpkg_installed\x64-windows\debug\bin\bz2d.dll
2026-08-20T10:15:56.6794129Z          D:\a\OpenCppCoverage-ARM64\OpenCppCoverage-ARM64\vcpkg_installed\x64-windows\debug\bin\liblzma.dll
2026-08-20T10:15:56.6800765Z          D:\a\OpenCppCoverage-ARM64\OpenCppCoverage-ARM64\vcpkg_installed\x64-windows\debug\bin\zstd.dll
2026-08-20T10:15:56.6806573Z          D:\a\OpenCppCoverage-ARM64\OpenCppCoverage-ARM64\vcpkg_installed\x64-windows\debug\bin\boost_locale-vc143-mt-gd-x64-1_91.dll
2026-08-20T10:15:56.7270749Z        FinalizeBuildStatus:
2026-08-20T10:15:56.7272397Z          Deleting file "x64\Debug\TestHelper.tlog\unsuccessfulbuild".
2026-08-20T10:15:56.7274479Z          Touching "x64\Debug\TestHelper.tlog\TestHelper.lastbuildstate".
2026-08-20T10:15:56.7291333Z     15>Done Building Project "D:\a\OpenCppCoverage-ARM64\OpenCppCoverage-ARM64\TestHelper\TestHelper.vcxproj" (default targets).
2026-08-20T10:15:56.7523867Z      1>Project "D:\a\OpenCppCoverage-ARM64\OpenCppCoverage-ARM64\CppCoverage.sln" (1) is building "D:\a\OpenCppCoverage-ARM64\OpenCppCoverage-ARM64\ToolsTest\ToolsTest.vcxproj" (17) on node 3 (default targets).
2026-08-20T10:15:56.7531201Z     17>PrepareForBuild:
2026-08-20T10:15:56.7535444Z          Creating directory "x64\Debug\".
2026-08-20T10:15:56.7541860Z          Structured output is enabled. The formatting of compiler diagnostics will reflect the error hierarchy. See https://aka.ms/cpp/structured-output for more details.
2026-08-20T10:15:56.7546136Z          Creating directory "x64\Debug\ToolsTest.tlog\".
2026-08-20T10:15:56.7612698Z        InitializeBuildStatus:
2026-08-20T10:15:56.7615921Z          Creating "x64\Debug\ToolsTest.tlog\unsuccessfulbuild" because "AlwaysCreate" was specified.
2026-08-20T10:15:56.7618761Z          Touching "x64\Debug\ToolsTest.tlog\unsuccessfulbuild".
2026-08-20T10:15:56.8034026Z        VcpkgTripletSelection:
2026-08-20T10:15:56.8043046Z          Using triplet "x64-windows" from "D:\a\OpenCppCoverage-ARM64\OpenCppCoverage-ARM64\vcpkg_installed\x64-windows\"
2026-08-20T10:15:56.8054349Z          Using normalized configuration "Debug"
2026-08-20T10:15:56.8062883Z        VcpkgBootstrap:
2026-08-20T10:15:56.8068928Z        Skipping target "VcpkgBootstrap" because all output files are up-to-date with respect to the input files.
2026-08-20T10:15:56.8078342Z        VcpkgInstallManifestDependencies:
2026-08-20T10:15:56.8082293Z        Skipping target "VcpkgInstallManifestDependencies" because all output files are up-to-date with respect to the input files.
2026-08-20T10:15:56.8128180Z        ClCompile:
2026-08-20T10:15:56.8134846Z          C:\Program Files\Microsoft Visual Studio\2022\Enterprise\VC\Tools\MSVC\14.44.35207\bin\HostX64\x64\CL.exe /c /I"D:\a\OpenCppCoverage-ARM64\OpenCppCoverage-ARM64\\" /I"D:\a\OpenCppCoverage-ARM64\OpenCppCoverage-ARM64\ToolsTest\\" /I"D:\a\OpenCppCoverage-ARM64\OpenCppCoverage-ARM64\vcpkg_installed\x64-windows\include" /ZI /JMC /nologo /W3 /WX /diagnostics:column /sdl /Od /D _DEBUG /D _CONSOLE /D GTEST_LINKED_AS_SHARED_LIBRARY=1 /D _SILENCE_TR1_NAMESPACE_DEPRECATION_WARNING /D BOOST_CONFIG_SUPPRESS_OUTDATED_MESSAGE /D "OPENCPPCOVERAGE_VERSION=\"0.9.9.0\"" /D _CRT_SECURE_NO_WARNINGS /D "PROJECT_DIR=R\"|(D:\a\OpenCppCoverage-ARM64\OpenCppCoverage-ARM64\ToolsTest\)|\"" /D "SOLUTION_DIR=R\"|(D:\a\OpenCppCoverage-ARM64\OpenCppCoverage-ARM64\)|\"" /D "TARGET_FILE_NAME=R\"|(ToolsTest.exe)|\"" /D "OUT_DIR=R\"|(D:\a\OpenCppCoverage-ARM64\OpenCppCoverage-ARM64\x64\Debug\)|\"" /D NOMINMAX /D _UNICODE /D UNICODE /Gm- /EHsc /RTC1 /MDd /GS /fp:precise /Zc:wchar_t /Zc:forScope /Zc:inline /std:c++17 /permissive- /Yc"stdafx.h" /Fp"x64\Debug\ToolsTest.pch" /Fo"x64\Debug\\" /Fd"x64\Debug\vc143.pdb" /external:W3 /Gd /TP /wd4251 /wd4275 /FC /errorReport:queue stdafx.cpp
2026-08-20T10:15:56.8359524Z     11>ClCompile:
2026-08-20T10:15:56.8361107Z          RelocationsExtractor.cpp
2026-08-20T10:15:56.8499087Z     17>ClCompile:
2026-08-20T10:15:56.8499632Z          stdafx.cpp
2026-08-20T10:15:56.8681405Z      7>ClCompile:
2026-08-20T10:15:56.8681949Z          TestDiff.cpp
2026-08-20T10:15:57.2385656Z     11>ClCompile:
2026-08-20T10:15:57.2387146Z          LineFilter.cpp
2026-08-20T10:15:57.9664794Z      7>ClCompile:
2026-08-20T10:15:57.9665829Z          TestThread.cpp
2026-08-20T10:15:58.9838271Z     11>ClCompile:
2026-08-20T10:15:58.9838712Z          UnifiedDiffCoverageFilter.cpp
2026-08-20T10:15:59.0257542Z      7>ClCompile:
2026-08-20T10:15:59.0257959Z          Generating Code...
2026-08-20T10:15:59.0844081Z     17>ClCompile:
2026-08-20T10:15:59.0851618Z          C:\Program Files\Microsoft Visual Studio\2022\Enterprise\VC\Tools\MSVC\14.44.35207\bin\HostX64\x64\CL.exe /c /I"D:\a\OpenCppCoverage-ARM64\OpenCppCoverage-ARM64\\" /I"D:\a\OpenCppCoverage-ARM64\OpenCppCoverage-ARM64\ToolsTest\\" /I"D:\a\OpenCppCoverage-ARM64\OpenCppCoverage-ARM64\vcpkg_installed\x64-windows\include" /ZI /JMC /nologo /W3 /WX /diagnostics:column /sdl /Od /D _DEBUG /D _CONSOLE /D GTEST_LINKED_AS_SHARED_LIBRARY=1 /D _SILENCE_TR1_NAMESPACE_DEPRECATION_WARNING /D BOOST_CONFIG_SUPPRESS_OUTDATED_MESSAGE /D "OPENCPPCOVERAGE_VERSION=\"0.9.9.0\"" /D _CRT_SECURE_NO_WARNINGS /D "PROJECT_DIR=R\"|(D:\a\OpenCppCoverage-ARM64\OpenCppCoverage-ARM64\ToolsTest\)|\"" /D "SOLUTION_DIR=R\"|(D:\a\OpenCppCoverage-ARM64\OpenCppCoverage-ARM64\)|\"" /D "TARGET_FILE_NAME=R\"|(ToolsTest.exe)|\"" /D "OUT_DIR=R\"|(D:\a\OpenCppCoverage-ARM64\OpenCppCoverage-ARM64\x64\Debug\)|\"" /D NOMINMAX /D _UNICODE /D UNICODE /Gm- /EHsc /RTC1 /MDd /GS /fp:precise /Zc:wchar_t /Zc:forScope /Zc:inline /std:c++17 /permissive- /Yu"stdafx.h" /Fp"x64\Debug\ToolsTest.pch" /Fo"x64\Debug\\" /Fd"x64\Debug\vc143.pdb" /external:W3 /Gd /TP /wd4251 /wd4275 /FC /errorReport:queue MappedFileTest.cpp PEFileHeaderTest.cpp ToolsTest.cpp ToolTest.cpp
2026-08-20T10:15:59.1418881Z          MappedFileTest.cpp
2026-08-20T10:15:59.2739270Z      7>Link:
2026-08-20T10:15:59.2746135Z          C:\Program Files\Microsoft Visual Studio\2022\Enterprise\VC\Tools\MSVC\14.44.35207\bin\HostX64\x64\link.exe /ERRORREPORT:QUEUE /OUT:"D:\a\OpenCppCoverage-ARM64\OpenCppCoverage-ARM64\x64\Debug\TestCoverageConsole.exe" /INCREMENTAL /ILK:"x64\Debug\TestCoverageConsole.ilk" /NOLOGO /LIBPATH:"D:\a\OpenCppCoverage-ARM64\OpenCppCoverage-ARM64\vcpkg_installed\x64-windows\debug\lib" /LIBPATH:"D:\a\OpenCppCoverage-ARM64\OpenCppCoverage-ARM64\vcpkg_installed\x64-windows\debug\lib\manual-link" bcrypt.lib kernel32.lib user32.lib gdi32.lib winspool.lib comdlg32.lib advapi32.lib shell32.lib ole32.lib oleaut32.lib uuid.lib odbc32.lib odbccp32.lib "D:\a\OpenCppCoverage-ARM64\OpenCppCoverage-ARM64\vcpkg_installed\x64-windows\debug\lib\*.lib" /MANIFEST /MANIFESTUAC:"level='asInvoker' uiAccess='false'" /manifest:embed /DEBUG /PDB:"D:\a\OpenCppCoverage-ARM64\OpenCppCoverage-ARM64\x64\Debug\TestCoverageConsole.pdb" /SUBSYSTEM:CONSOLE /TLBID:1 /DYNAMICBASE /NXCOMPAT /IMPLIB:"D:\a\OpenCppCoverage-ARM64\OpenCppCoverage-ARM64\x64\Debug\TestCoverageConsole.lib" /MACHINE:X64 x64\Debug\TestBasic.obj
2026-08-20T10:15:59.2752355Z          x64\Debug\TestCoverageConsole.obj
2026-08-20T10:15:59.2755356Z          x64\Debug\SpecialLineInfo.obj
2026-08-20T10:15:59.2756998Z          x64\Debug\TestDebugInformationEnumerator.obj
2026-08-20T10:15:59.2758103Z          x64\Debug\TestDiff.obj
2026-08-20T10:15:59.2758642Z          x64\Debug\TestThread.obj
2026-08-20T10:15:59.2759476Z          "D:\a\OpenCppCoverage-ARM64\OpenCppCoverage-ARM64\x64\Debug\TestCoverageOptimizedBuild.lib"
2026-08-20T10:15:59.2760594Z          "D:\a\OpenCppCoverage-ARM64\OpenCppCoverage-ARM64\x64\Debug\TestCoverageSharedLib.lib"
2026-08-20T10:15:59.2761578Z          "D:\a\OpenCppCoverage-ARM64\OpenCppCoverage-ARM64\x64\Debug\Tools.lib"
2026-08-20T10:15:59.4102346Z             Creating library D:\a\OpenCppCoverage-ARM64\OpenCppCoverage-ARM64\x64\Debug\TestCoverageConsole.lib and object D:\a\OpenCppCoverage-ARM64\OpenCppCoverage-ARM64\x64\Debug\TestCoverageConsole.exp
2026-08-20T10:15:59.5539295Z          TestCoverageConsole.vcxproj -> D:\a\OpenCppCoverage-ARM64\OpenCppCoverage-ARM64\x64\Debug\TestCoverageConsole.exe
2026-08-20T10:15:59.5559379Z        AppLocalFromInstalled:
2026-08-20T10:15:59.5562370Z          "C:\Users\runneradmin\AppData\Local\OpenCppCoverage\vcpkg\vcpkg.exe" z-applocal --target-binary="D:\a\OpenCppCoverage-ARM64\OpenCppCoverage-ARM64\x64\Debug\TestCoverageConsole.exe" --installed-bin-dir="D:\a\OpenCppCoverage-ARM64\OpenCppCoverage-ARM64\vcpkg_installed\x64-windows\debug\bin" --tlog-file="x64\Debug\TestCove.0DD16EDF.tlog\TestCoverageConsole.write.1u.tlog" --copied-files-log="x64\Debug\vcpkg.applocal.log"
2026-08-20T10:15:59.6196559Z          D:\a\OpenCppCoverage-ARM64\OpenCppCoverage-ARM64\vcpkg_installed\x64-windows\debug\bin\PocoFoundationd.dll
2026-08-20T10:15:59.6203072Z          D:\a\OpenCppCoverage-ARM64\OpenCppCoverage-ARM64\vcpkg_installed\x64-windows\debug\bin\pcre2-8d.dll
2026-08-20T10:15:59.6210726Z          D:\a\OpenCppCoverage-ARM64\OpenCppCoverage-ARM64\vcpkg_installed\x64-windows\debug\bin\zd.dll
2026-08-20T10:15:59.6219351Z          D:\a\OpenCppCoverage-ARM64\OpenCppCoverage-ARM64\vcpkg_installed\x64-windows\debug\bin\utf8proc.dll
2026-08-20T10:15:59.6223866Z          D:\a\OpenCppCoverage-ARM64\OpenCppCoverage-ARM64\vcpkg_installed\x64-windows\debug\bin\boost_iostreams-vc143-mt-gd-x64-1_91.dll
2026-08-20T10:15:59.6230606Z          D:\a\OpenCppCoverage-ARM64\OpenCppCoverage-ARM64\vcpkg_installed\x64-windows\debug\bin\bz2d.dll
2026-08-20T10:15:59.6234778Z          D:\a\OpenCppCoverage-ARM64\OpenCppCoverage-ARM64\vcpkg_installed\x64-windows\debug\bin\liblzma.dll
2026-08-20T10:15:59.6241490Z          D:\a\OpenCppCoverage-ARM64\OpenCppCoverage-ARM64\vcpkg_installed\x64-windows\debug\bin\zstd.dll
2026-08-20T10:15:59.6248124Z          D:\a\OpenCppCoverage-ARM64\OpenCppCoverage-ARM64\vcpkg_installed\x64-windows\debug\bin\boost_locale-vc143-mt-gd-x64-1_91.dll
2026-08-20T10:15:59.6254442Z          D:\a\OpenCppCoverage-ARM64\OpenCppCoverage-ARM64\vcpkg_installed\x64-windows\debug\bin\boost_log-vc143-mt-gd-x64-1_91.dll
2026-08-20T10:15:59.6263854Z          D:\a\OpenCppCoverage-ARM64\OpenCppCoverage-ARM64\vcpkg_installed\x64-windows\debug\bin\boost_filesystem-vc143-mt-gd-x64-1_91.dll
2026-08-20T10:15:59.6268437Z          D:\a\OpenCppCoverage-ARM64\OpenCppCoverage-ARM64\vcpkg_installed\x64-windows\debug\bin\boost_thread-vc143-mt-gd-x64-1_91.dll
2026-08-20T10:15:59.6500385Z     17>ClCompile:
2026-08-20T10:15:59.6500888Z          PEFileHeaderTest.cpp
2026-08-20T10:15:59.6744697Z      7>FinalizeBuildStatus:
2026-08-20T10:15:59.6746058Z          Deleting file "x64\Debug\TestCove.0DD16EDF.tlog\unsuccessfulbuild".
2026-08-20T10:15:59.6749210Z          Touching "x64\Debug\TestCove.0DD16EDF.tlog\TestCoverageConsole.lastbuildstate".
2026-08-20T10:15:59.6764466Z      7>Done Building Project "D:\a\OpenCppCoverage-ARM64\OpenCppCoverage-ARM64\TestCoverageConsole\TestCoverageConsole.vcxproj" (default targets).
2026-08-20T10:16:00.1130173Z     17>ClCompile:
2026-08-20T10:16:00.1130584Z          ToolsTest.cpp
2026-08-20T10:16:00.1281281Z          ToolTest.cpp
2026-08-20T10:16:00.4767949Z          Generating Code...
2026-08-20T10:16:00.6463245Z     11>ClCompile:
2026-08-20T10:16:00.6464621Z          UnifiedDiffParser.cpp
2026-08-20T10:16:00.6896958Z     17>Link:
2026-08-20T10:16:00.6900810Z          C:\Program Files\Microsoft Visual Studio\2022\Enterprise\VC\Tools\MSVC\14.44.35207\bin\HostX64\x64\link.exe /ERRORREPORT:QUEUE /OUT:"D:\a\OpenCppCoverage-ARM64\OpenCppCoverage-ARM64\x64\Debug\ToolsTest.exe" /INCREMENTAL /ILK:"x64\Debug\ToolsTest.ilk" /NOLOGO /LIBPATH:"D:\a\OpenCppCoverage-ARM64\OpenCppCoverage-ARM64\vcpkg_installed\x64-windows\debug\lib" /LIBPATH:"D:\a\OpenCppCoverage-ARM64\OpenCppCoverage-ARM64\vcpkg_installed\x64-windows\debug\lib\manual-link" gmock.lib gtest.lib bcrypt.lib kernel32.lib user32.lib gdi32.lib winspool.lib comdlg32.lib advapi32.lib shell32.lib ole32.lib oleaut32.lib uuid.lib odbc32.lib odbccp32.lib "D:\a\OpenCppCoverage-ARM64\OpenCppCoverage-ARM64\vcpkg_installed\x64-windows\debug\lib\*.lib" /MANIFEST /MANIFESTUAC:"level='asInvoker' uiAccess='false'" /manifest:embed /DEBUG /PDB:"D:\a\OpenCppCoverage-ARM64\OpenCppCoverage-ARM64\x64\Debug\ToolsTest.pdb" /SUBSYSTEM:CONSOLE /TLBID:1 /DYNAMICBASE /NXCOMPAT /IMPLIB:"D:\a\OpenCppCoverage-ARM64\OpenCppCoverage-ARM64\x64\Debug\ToolsTest.lib" /MACHINE:X64 x64\Debug\MappedFileTest.obj
2026-08-20T10:16:00.6905338Z          x64\Debug\PEFileHeaderTest.obj
2026-08-20T10:16:00.6905610Z          x64\Debug\stdafx.obj
2026-08-20T10:16:00.6905859Z          x64\Debug\ToolsTest.obj
2026-08-20T10:16:00.6906129Z          x64\Debug\ToolTest.obj
2026-08-20T10:16:00.6906507Z          "D:\a\OpenCppCoverage-ARM64\OpenCppCoverage-ARM64\x64\Debug\TestHelper.lib"
2026-08-20T10:16:00.6906998Z          "D:\a\OpenCppCoverage-ARM64\OpenCppCoverage-ARM64\x64\Debug\Tools.lib"
2026-08-20T10:16:00.9458465Z          ToolsTest.vcxproj -> D:\a\OpenCppCoverage-ARM64\OpenCppCoverage-ARM64\x64\Debug\ToolsTest.exe
2026-08-20T10:16:00.9486739Z        AppLocalFromInstalled:
2026-08-20T10:16:00.9488903Z          "C:\Users\runneradmin\AppData\Local\OpenCppCoverage\vcpkg\vcpkg.exe" z-applocal --target-binary="D:\a\OpenCppCoverage-ARM64\OpenCppCoverage-ARM64\x64\Debug\ToolsTest.exe" --installed-bin-dir="D:\a\OpenCppCoverage-ARM64\OpenCppCoverage-ARM64\vcpkg_installed\x64-windows\debug\bin" --tlog-file="x64\Debug\ToolsTest.tlog\ToolsTest.write.1u.tlog" --copied-files-log="x64\Debug\vcpkg.applocal.log"
2026-08-20T10:16:00.9970385Z          D:\a\OpenCppCoverage-ARM64\OpenCppCoverage-ARM64\vcpkg_installed\x64-windows\debug\bin\gmock.dll
2026-08-20T10:16:00.9976648Z          D:\a\OpenCppCoverage-ARM64\OpenCppCoverage-ARM64\vcpkg_installed\x64-windows\debug\bin\boost_log-vc143-mt-gd-x64-1_91.dll
2026-08-20T10:16:00.9981580Z          D:\a\OpenCppCoverage-ARM64\OpenCppCoverage-ARM64\vcpkg_installed\x64-windows\debug\bin\boost_filesystem-vc143-mt-gd-x64-1_91.dll
2026-08-20T10:16:00.9988084Z          D:\a\OpenCppCoverage-ARM64\OpenCppCoverage-ARM64\vcpkg_installed\x64-windows\debug\bin\boost_thread-vc143-mt-gd-x64-1_91.dll
2026-08-20T10:16:00.9992551Z          D:\a\OpenCppCoverage-ARM64\OpenCppCoverage-ARM64\vcpkg_installed\x64-windows\debug\bin\PocoFoundationd.dll
2026-08-20T10:16:00.9995612Z          D:\a\OpenCppCoverage-ARM64\OpenCppCoverage-ARM64\vcpkg_installed\x64-windows\debug\bin\pcre2-8d.dll
2026-08-20T10:16:00.9999204Z          D:\a\OpenCppCoverage-ARM64\OpenCppCoverage-ARM64\vcpkg_installed\x64-windows\debug\bin\zd.dll
2026-08-20T10:16:01.0002349Z          D:\a\OpenCppCoverage-ARM64\OpenCppCoverage-ARM64\vcpkg_installed\x64-windows\debug\bin\utf8proc.dll
2026-08-20T10:16:01.0013695Z          D:\a\OpenCppCoverage-ARM64\OpenCppCoverage-ARM64\vcpkg_installed\x64-windows\debug\bin\boost_iostreams-vc143-mt-gd-x64-1_91.dll
2026-08-20T10:16:01.0015516Z          D:\a\OpenCppCoverage-ARM64\OpenCppCoverage-ARM64\vcpkg_installed\x64-windows\debug\bin\bz2d.dll
2026-08-20T10:16:01.0016894Z          D:\a\OpenCppCoverage-ARM64\OpenCppCoverage-ARM64\vcpkg_installed\x64-windows\debug\bin\liblzma.dll
2026-08-20T10:16:01.0018408Z          D:\a\OpenCppCoverage-ARM64\OpenCppCoverage-ARM64\vcpkg_installed\x64-windows\debug\bin\zstd.dll
2026-08-20T10:16:01.0020658Z          D:\a\OpenCppCoverage-ARM64\OpenCppCoverage-ARM64\vcpkg_installed\x64-windows\debug\bin\boost_locale-vc143-mt-gd-x64-1_91.dll
2026-08-20T10:16:01.0437698Z        FinalizeBuildStatus:
2026-08-20T10:16:01.0438389Z          Deleting file "x64\Debug\ToolsTest.tlog\unsuccessfulbuild".
2026-08-20T10:16:01.0442160Z          Touching "x64\Debug\ToolsTest.tlog\ToolsTest.lastbuildstate".
2026-08-20T10:16:01.0458729Z     17>Done Building Project "D:\a\OpenCppCoverage-ARM64\OpenCppCoverage-ARM64\ToolsTest\ToolsTest.vcxproj" (default targets).
2026-08-20T10:16:02.6076845Z     11>ClCompile:
2026-08-20T10:16:02.6077569Z          UnifiedDiffParserException.cpp
2026-08-20T10:16:03.2340596Z          Generating Code...
2026-08-20T10:16:03.9965035Z        Link:
2026-08-20T10:16:03.9970808Z          C:\Program Files\Microsoft Visual Studio\2022\Enterprise\VC\Tools\MSVC\14.44.35207\bin\HostX64\x64\link.exe /ERRORREPORT:QUEUE /OUT:"D:\a\OpenCppCoverage-ARM64\OpenCppCoverage-ARM64\x64\Debug\FileFilter.dll" /INCREMENTAL /ILK:"x64\Debug\FileFilter.ilk" /NOLOGO /LIBPATH:"D:\a\OpenCppCoverage-ARM64\OpenCppCoverage-ARM64\vcpkg_installed\x64-windows\debug\lib" /LIBPATH:"D:\a\OpenCppCoverage-ARM64\OpenCppCoverage-ARM64\vcpkg_installed\x64-windows\debug\lib\manual-link" bcrypt.lib kernel32.lib user32.lib gdi32.lib winspool.lib comdlg32.lib advapi32.lib shell32.lib ole32.lib oleaut32.lib uuid.lib odbc32.lib odbccp32.lib "D:\a\OpenCppCoverage-ARM64\OpenCppCoverage-ARM64\vcpkg_installed\x64-windows\debug\lib\*.lib" /MANIFEST /MANIFESTUAC:"level='asInvoker' uiAccess='false'" /manifest:embed /DEBUG /PDB:"D:\a\OpenCppCoverage-ARM64\OpenCppCoverage-ARM64\x64\Debug\FileFilter.pdb" /SUBSYSTEM:WINDOWS /TLBID:1 /DYNAMICBASE /NXCOMPAT /IMPLIB:"D:\a\OpenCppCoverage-ARM64\OpenCppCoverage-ARM64\x64\Debug\FileFilter.lib" /MACHINE:X64 /DLL x64\Debug\AmbiguousPathException.obj
2026-08-20T10:16:03.9976351Z          x64\Debug\File.obj
2026-08-20T10:16:03.9976738Z          x64\Debug\PathMatcher.obj
2026-08-20T10:16:03.9977201Z          x64\Debug\ReleaseCoverageFilter.obj
2026-08-20T10:16:03.9977678Z          x64\Debug\RelocationsExtractor.obj
2026-08-20T10:16:03.9978072Z          x64\Debug\stdafx.obj
2026-08-20T10:16:03.9978406Z          x64\Debug\LineFilter.obj
2026-08-20T10:16:03.9978836Z          x64\Debug\UnifiedDiffCoverageFilter.obj
2026-08-20T10:16:03.9979309Z          x64\Debug\UnifiedDiffParser.obj
2026-08-20T10:16:03.9979786Z          x64\Debug\UnifiedDiffParserException.obj
2026-08-20T10:16:03.9980430Z          "D:\a\OpenCppCoverage-ARM64\OpenCppCoverage-ARM64\x64\Debug\Tools.lib"
2026-08-20T10:16:04.1303059Z             Creating library D:\a\OpenCppCoverage-ARM64\OpenCppCoverage-ARM64\x64\Debug\FileFilter.lib and object D:\a\OpenCppCoverage-ARM64\OpenCppCoverage-ARM64\x64\Debug\FileFilter.exp
2026-08-20T10:16:04.2927986Z          FileFilter.vcxproj -> D:\a\OpenCppCoverage-ARM64\OpenCppCoverage-ARM64\x64\Debug\FileFilter.dll
2026-08-20T10:16:04.2966730Z        AppLocalFromInstalled:
2026-08-20T10:16:04.2969197Z          "C:\Users\runneradmin\AppData\Local\OpenCppCoverage\vcpkg\vcpkg.exe" z-applocal --target-binary="D:\a\OpenCppCoverage-ARM64\OpenCppCoverage-ARM64\x64\Debug\FileFilter.dll" --installed-bin-dir="D:\a\OpenCppCoverage-ARM64\OpenCppCoverage-ARM64\vcpkg_installed\x64-windows\debug\bin" --tlog-file="x64\Debug\FileFilter.tlog\FileFilter.write.1u.tlog" --copied-files-log="x64\Debug\vcpkg.applocal.log"
2026-08-20T10:16:04.3413718Z          D:\a\OpenCppCoverage-ARM64\OpenCppCoverage-ARM64\vcpkg_installed\x64-windows\debug\bin\boost_log-vc143-mt-gd-x64-1_91.dll
2026-08-20T10:16:04.3415964Z          D:\a\OpenCppCoverage-ARM64\OpenCppCoverage-ARM64\vcpkg_installed\x64-windows\debug\bin\boost_filesystem-vc143-mt-gd-x64-1_91.dll
2026-08-20T10:16:04.3418293Z          D:\a\OpenCppCoverage-ARM64\OpenCppCoverage-ARM64\vcpkg_installed\x64-windows\debug\bin\boost_thread-vc143-mt-gd-x64-1_91.dll
2026-08-20T10:16:04.3421457Z          D:\a\OpenCppCoverage-ARM64\OpenCppCoverage-ARM64\vcpkg_installed\x64-windows\debug\bin\boost_iostreams-vc143-mt-gd-x64-1_91.dll
2026-08-20T10:16:04.3424504Z          D:\a\OpenCppCoverage-ARM64\OpenCppCoverage-ARM64\vcpkg_installed\x64-windows\debug\bin\zd.dll
2026-08-20T10:16:04.3425989Z          D:\a\OpenCppCoverage-ARM64\OpenCppCoverage-ARM64\vcpkg_installed\x64-windows\debug\bin\bz2d.dll
2026-08-20T10:16:04.3426879Z          D:\a\OpenCppCoverage-ARM64\OpenCppCoverage-ARM64\vcpkg_installed\x64-windows\debug\bin\liblzma.dll
2026-08-20T10:16:04.3428507Z          D:\a\OpenCppCoverage-ARM64\OpenCppCoverage-ARM64\vcpkg_installed\x64-windows\debug\bin\zstd.dll
2026-08-20T10:16:04.3430899Z          D:\a\OpenCppCoverage-ARM64\OpenCppCoverage-ARM64\vcpkg_installed\x64-windows\debug\bin\boost_locale-vc143-mt-gd-x64-1_91.dll
2026-08-20T10:16:04.3875655Z        FinalizeBuildStatus:
2026-08-20T10:16:04.3876099Z          Deleting file "x64\Debug\FileFilter.tlog\unsuccessfulbuild".
2026-08-20T10:16:04.3880056Z          Touching "x64\Debug\FileFilter.tlog\FileFilter.lastbuildstate".
2026-08-20T10:16:04.3893995Z     11>Done Building Project "D:\a\OpenCppCoverage-ARM64\OpenCppCoverage-ARM64\FileFilter\FileFilter.vcxproj" (default targets).
2026-08-20T10:16:04.4149263Z      1>Project "D:\a\OpenCppCoverage-ARM64\OpenCppCoverage-ARM64\CppCoverage.sln" (1) is building "D:\a\OpenCppCoverage-ARM64\OpenCppCoverage-ARM64\FileFilterTest\FileFilterTest.vcxproj" (16) on node 3 (default targets).
2026-08-20T10:16:04.4152365Z     16>PrepareForBuild:
2026-08-20T10:16:04.4153557Z          Creating directory "x64\Debug\".
2026-08-20T10:16:04.4187495Z          Structured output is enabled. The formatting of compiler diagnostics will reflect the error hierarchy. See https://aka.ms/cpp/structured-output for more details.
2026-08-20T10:16:04.4189982Z          Creating directory "x64\Debug\FileFilterTest.tlog\".
2026-08-20T10:16:04.4264126Z        InitializeBuildStatus:
2026-08-20T10:16:04.4265910Z          Creating "x64\Debug\FileFilterTest.tlog\unsuccessfulbuild" because "AlwaysCreate" was specified.
2026-08-20T10:16:04.4267728Z          Touching "x64\Debug\FileFilterTest.tlog\unsuccessfulbuild".
2026-08-20T10:16:04.4572055Z      8>PrepareForBuild:
2026-08-20T10:16:04.4573095Z          Creating directory "x64\Debug\".
2026-08-20T10:16:04.4604904Z          Structured output is enabled. The formatting of compiler diagnostics will reflect the error hierarchy. See https://aka.ms/cpp/structured-output for more details.
2026-08-20T10:16:04.4608541Z          Creating directory "x64\Debug\CppCoverage.tlog\".
2026-08-20T10:16:04.4675554Z        InitializeBuildStatus:
2026-08-20T10:16:04.4677185Z          Creating "x64\Debug\CppCoverage.tlog\unsuccessfulbuild" because "AlwaysCreate" was specified.
2026-08-20T10:16:04.4679056Z          Touching "x64\Debug\CppCoverage.tlog\unsuccessfulbuild".
2026-08-20T10:16:04.5095755Z        VcpkgTripletSelection:
2026-08-20T10:16:04.5097745Z          Using triplet "x64-windows" from "D:\a\OpenCppCoverage-ARM64\OpenCppCoverage-ARM64\vcpkg_installed\x64-windows\"
2026-08-20T10:16:04.5099391Z          Using normalized configuration "Debug"
2026-08-20T10:16:04.5115683Z        VcpkgBootstrap:
2026-08-20T10:16:04.5118806Z        Skipping target "VcpkgBootstrap" because all output files are up-to-date with respect to the input files.
2026-08-20T10:16:04.5124746Z        VcpkgInstallManifestDependencies:
2026-08-20T10:16:04.5130881Z        Skipping target "VcpkgInstallManifestDependencies" because all output files are up-to-date with respect to the input files.
2026-08-20T10:16:04.5202591Z        ClCompile:
2026-08-20T10:16:04.5207540Z          C:\Program Files\Microsoft Visual Studio\2022\Enterprise\VC\Tools\MSVC\14.44.35207\bin\HostX64\x64\CL.exe /c /I"D:\a\OpenCppCoverage-ARM64\OpenCppCoverage-ARM64\\" /I"D:\a\OpenCppCoverage-ARM64\OpenCppCoverage-ARM64\CppCoverage\\" /I"C:\Program Files\Microsoft Visual Studio\2022\Enterprise\DIA SDK\include" /I"D:\a\OpenCppCoverage-ARM64\OpenCppCoverage-ARM64\vcpkg_installed\x64-windows\include" /ZI /JMC /nologo /W3 /WX /diagnostics:column /sdl /Od /D WIN32 /D _DEBUG /D _WINDOWS /D _USRDLL /D CPPCOVERAGE_EXPORTS /D BOOST_CONFIG_SUPPRESS_OUTDATED_MESSAGE /D "OPENCPPCOVERAGE_VERSION=\"0.9.9.0\"" /D _CRT_SECURE_NO_WARNINGS /D "PROJECT_DIR=R\"|(D:\a\OpenCppCoverage-ARM64\OpenCppCoverage-ARM64\CppCoverage\)|\"" /D "SOLUTION_DIR=R\"|(D:\a\OpenCppCoverage-ARM64\OpenCppCoverage-ARM64\)|\"" /D "TARGET_FILE_NAME=R\"|(CppCoverage.dll)|\"" /D "OUT_DIR=R\"|(D:\a\OpenCppCoverage-ARM64\OpenCppCoverage-ARM64\x64\Debug\)|\"" /D NOMINMAX /D _WINDLL /D _UNICODE /D UNICODE /Gm- /EHsc /RTC1 /MDd /GS /fp:precise /Zc:wchar_t /Zc:forScope /Zc:inline /std:c++17 /permissive- /Yc"stdafx.h" /Fp"x64\Debug\CppCoverage.pch" /Fo"x64\Debug\\" /Fd"x64\Debug\vc143.pdb" /external:W3 /Gd /TP /FC /errorReport:queue stdafx.cpp
2026-08-20T10:16:04.5297777Z     16>VcpkgTripletSelection:
2026-08-20T10:16:04.5307069Z          Using triplet "x64-windows" from "D:\a\OpenCppCoverage-ARM64\OpenCppCoverage-ARM64\vcpkg_installed\x64-windows\"
2026-08-20T10:16:04.5325030Z          Using normalized configuration "Debug"
2026-08-20T10:16:04.5326738Z        VcpkgBootstrap:
2026-08-20T10:16:04.5328846Z        Skipping target "VcpkgBootstrap" because all output files are up-to-date with respect to the input files.
2026-08-20T10:16:04.5331197Z        VcpkgInstallManifestDependencies:
2026-08-20T10:16:04.5333407Z        Skipping target "VcpkgInstallManifestDependencies" because all output files are up-to-date with respect to the input files.
2026-08-20T10:16:04.5399372Z        ClCompile:
2026-08-20T10:16:04.5405831Z          C:\Program Files\Microsoft Visual Studio\2022\Enterprise\VC\Tools\MSVC\14.44.35207\bin\HostX64\x64\CL.exe /c /I"D:\a\OpenCppCoverage-ARM64\OpenCppCoverage-ARM64\\" /I"D:\a\OpenCppCoverage-ARM64\OpenCppCoverage-ARM64\FileFilterTest\\" /I"D:\a\OpenCppCoverage-ARM64\OpenCppCoverage-ARM64\vcpkg_installed\x64-windows\include" /ZI /JMC /nologo /W3 /WX /diagnostics:column /sdl /Od /D _DEBUG /D _CONSOLE /D GTEST_LINKED_AS_SHARED_LIBRARY=1 /D _SILENCE_TR1_NAMESPACE_DEPRECATION_WARNING /D BOOST_CONFIG_SUPPRESS_OUTDATED_MESSAGE /D "OPENCPPCOVERAGE_VERSION=\"0.9.9.0\"" /D _CRT_SECURE_NO_WARNINGS /D "PROJECT_DIR=R\"|(D:\a\OpenCppCoverage-ARM64\OpenCppCoverage-ARM64\FileFilterTest\)|\"" /D "SOLUTION_DIR=R\"|(D:\a\OpenCppCoverage-ARM64\OpenCppCoverage-ARM64\)|\"" /D "TARGET_FILE_NAME=R\"|(FileFilterTest.exe)|\"" /D "OUT_DIR=R\"|(D:\a\OpenCppCoverage-ARM64\OpenCppCoverage-ARM64\x64\Debug\)|\"" /D NOMINMAX /D _UNICODE /D UNICODE /Gm- /EHsc /RTC1 /MDd /GS /fp:precise /Zc:wchar_t /Zc:forScope /Zc:inline /std:c++17 /permissive- /Yc"stdafx.h" /Fp"x64\Debug\FileFilterTest.pch" /Fo"x64\Debug\\" /Fd"x64\Debug\vc143.pdb" /external:W3 /Gd /TP /wd4251 /wd4275 /FC /errorReport:queue stdafx.cpp
2026-08-20T10:16:04.5607731Z      8>ClCompile:
2026-08-20T10:16:04.5608038Z          stdafx.cpp
2026-08-20T10:16:04.5746051Z     16>ClCompile:
2026-08-20T10:16:04.5746399Z          stdafx.cpp
2026-08-20T10:16:05.1752494Z      8>ClCompile:
2026-08-20T10:16:05.1759620Z          C:\Program Files\Microsoft Visual Studio\2022\Enterprise\VC\Tools\MSVC\14.44.35207\bin\HostX64\x64\CL.exe /c /I"D:\a\OpenCppCoverage-ARM64\OpenCppCoverage-ARM64\\" /I"D:\a\OpenCppCoverage-ARM64\OpenCppCoverage-ARM64\CppCoverage\\" /I"C:\Program Files\Microsoft Visual Studio\2022\Enterprise\DIA SDK\include" /I"D:\a\OpenCppCoverage-ARM64\OpenCppCoverage-ARM64\vcpkg_installed\x64-windows\include" /ZI /JMC /nologo /W3 /WX /diagnostics:column /sdl /Od /D WIN32 /D _DEBUG /D _WINDOWS /D _USRDLL /D CPPCOVERAGE_EXPORTS /D BOOST_CONFIG_SUPPRESS_OUTDATED_MESSAGE /D "OPENCPPCOVERAGE_VERSION=\"0.9.9.0\"" /D _CRT_SECURE_NO_WARNINGS /D "PROJECT_DIR=R\"|(D:\a\OpenCppCoverage-ARM64\OpenCppCoverage-ARM64\CppCoverage\)|\"" /D "SOLUTION_DIR=R\"|(D:\a\OpenCppCoverage-ARM64\OpenCppCoverage-ARM64\)|\"" /D "TARGET_FILE_NAME=R\"|(CppCoverage.dll)|\"" /D "OUT_DIR=R\"|(D:\a\OpenCppCoverage-ARM64\OpenCppCoverage-ARM64\x64\Debug\)|\"" /D NOMINMAX /D _WINDLL /D _UNICODE /D UNICODE /Gm- /EHsc /RTC1 /MDd /GS /fp:precise /Zc:wchar_t /Zc:forScope /Zc:inline /std:c++17 /permissive- /Yu"stdafx.h" /Fp"x64\Debug\CppCoverage.pch" /Fo"x64\Debug\\" /Fd"x64\Debug\vc143.pdb" /external:W3 /Gd /TP /FC /errorReport:queue Address.cpp BreakPoint.cpp CodeCoverageRunner.cpp CoverageDataMerger.cpp CoverageFilterManager.cpp DebugInformationEnumerator.cpp ExportOptionParser.cpp FileSystem.cpp FilterAssistant.cpp MonitoredLineRegister.cpp RunCoverageSettings.cpp UnifiedDiffCoverageFilterManager.cpp UnifiedDiffSettings.cpp WildcardCoverageFilter.cpp CoverageRate.cpp CoverageRateComputer.cpp CoverageFilterSettings.cpp CppCoverageException.cpp Debugger.cpp ExceptionHandler.cpp ExecutedAddressManager.cpp HandleInformation.cpp IDebugEventsHandler.cpp Options.cpp OptionsExport.cpp OptionsParser.cpp Patterns.cpp Process.cpp ProgramOptions.cpp StartInfo.cpp Wildcards.cpp
2026-08-20T10:16:05.2066384Z          Address.cpp
2026-08-20T10:16:05.5317160Z          BreakPoint.cpp
2026-08-20T10:16:06.2958134Z     16>ClCompile:
2026-08-20T10:16:06.2963976Z          C:\Program Files\Microsoft Visual Studio\2022\Enterprise\VC\Tools\MSVC\14.44.35207\bin\HostX64\x64\CL.exe /c /I"D:\a\OpenCppCoverage-ARM64\OpenCppCoverage-ARM64\\" /I"D:\a\OpenCppCoverage-ARM64\OpenCppCoverage-ARM64\FileFilterTest\\" /I"D:\a\OpenCppCoverage-ARM64\OpenCppCoverage-ARM64\vcpkg_installed\x64-windows\include" /ZI /JMC /nologo /W3 /WX /diagnostics:column /sdl /Od /D _DEBUG /D _CONSOLE /D GTEST_LINKED_AS_SHARED_LIBRARY=1 /D _SILENCE_TR1_NAMESPACE_DEPRECATION_WARNING /D BOOST_CONFIG_SUPPRESS_OUTDATED_MESSAGE /D "OPENCPPCOVERAGE_VERSION=\"0.9.9.0\"" /D _CRT_SECURE_NO_WARNINGS /D "PROJECT_DIR=R\"|(D:\a\OpenCppCoverage-ARM64\OpenCppCoverage-ARM64\FileFilterTest\)|\"" /D "SOLUTION_DIR=R\"|(D:\a\OpenCppCoverage-ARM64\OpenCppCoverage-ARM64\)|\"" /D "TARGET_FILE_NAME=R\"|(FileFilterTest.exe)|\"" /D "OUT_DIR=R\"|(D:\a\OpenCppCoverage-ARM64\OpenCppCoverage-ARM64\x64\Debug\)|\"" /D NOMINMAX /D _UNICODE /D UNICODE /Gm- /EHsc /RTC1 /MDd /GS /fp:precise /Zc:wchar_t /Zc:forScope /Zc:inline /std:c++17 /permissive- /Yu"stdafx.h" /Fp"x64\Debug\FileFilterTest.pch" /Fo"x64\Debug\\" /Fd"x64\Debug\vc143.pdb" /external:W3 /Gd /TP /wd4251 /wd4275 /FC /errorReport:queue FileFilterTest.cpp LineFilterTest.cpp PathMatcherTest.cpp RelocationsExtractorTest.cpp Tools.cpp UnifiedDiffCoverageFilterTest.cpp UnifiedDiffParserTest.cpp
2026-08-20T10:16:06.3334169Z          FileFilterTest.cpp
2026-08-20T10:16:06.3603210Z          LineFilterTest.cpp
2026-08-20T10:16:06.7506446Z          PathMatcherTest.cpp
2026-08-20T10:16:06.9357284Z      8>ClCompile:
2026-08-20T10:16:06.9358072Z          CodeCoverageRunner.cpp
2026-08-20T10:16:07.1431341Z     16>ClCompile:
2026-08-20T10:16:07.1432050Z          RelocationsExtractorTest.cpp
2026-08-20T10:16:08.5131552Z      8>ClCompile:
2026-08-20T10:16:08.5132496Z          CoverageDataMerger.cpp
2026-08-20T10:16:08.6024472Z     16>ClCompile:
2026-08-20T10:16:08.6026910Z          Tools.cpp
2026-08-20T10:16:08.9375819Z          UnifiedDiffCoverageFilterTest.cpp
2026-08-20T10:16:09.3027430Z          UnifiedDiffParserTest.cpp
2026-08-20T10:16:09.3870743Z      8>ClCompile:
2026-08-20T10:16:09.3871187Z          CoverageFilterManager.cpp
2026-08-20T10:16:09.7491164Z     16>ClCompile:
2026-08-20T10:16:09.7491506Z          Generating Code...
2026-08-20T10:16:10.4166418Z        Link:
2026-08-20T10:16:10.4171283Z          C:\Program Files\Microsoft Visual Studio\2022\Enterprise\VC\Tools\MSVC\14.44.35207\bin\HostX64\x64\link.exe /ERRORREPORT:QUEUE /OUT:"D:\a\OpenCppCoverage-ARM64\OpenCppCoverage-ARM64\x64\Debug\FileFilterTest.exe" /INCREMENTAL /ILK:"x64\Debug\FileFilterTest.ilk" /NOLOGO /LIBPATH:"D:\a\OpenCppCoverage-ARM64\OpenCppCoverage-ARM64\vcpkg_installed\x64-windows\debug\lib" /LIBPATH:"D:\a\OpenCppCoverage-ARM64\OpenCppCoverage-ARM64\vcpkg_installed\x64-windows\debug\lib\manual-link" gmock.lib gtest.lib bcrypt.lib kernel32.lib user32.lib gdi32.lib winspool.lib comdlg32.lib advapi32.lib shell32.lib ole32.lib oleaut32.lib uuid.lib odbc32.lib odbccp32.lib "D:\a\OpenCppCoverage-ARM64\OpenCppCoverage-ARM64\vcpkg_installed\x64-windows\debug\lib\*.lib" /MANIFEST /MANIFESTUAC:"level='asInvoker' uiAccess='false'" /manifest:embed /DEBUG /PDB:"D:\a\OpenCppCoverage-ARM64\OpenCppCoverage-ARM64\x64\Debug\FileFilterTest.pdb" /SUBSYSTEM:CONSOLE /TLBID:1 /DYNAMICBASE /NXCOMPAT /IMPLIB:"D:\a\OpenCppCoverage-ARM64\OpenCppCoverage-ARM64\x64\Debug\FileFilterTest.lib" /MACHINE:X64 x64\Debug\FileFilterTest.obj
2026-08-20T10:16:10.4177475Z          x64\Debug\LineFilterTest.obj
2026-08-20T10:16:10.4177895Z          x64\Debug\PathMatcherTest.obj
2026-08-20T10:16:10.4178363Z          x64\Debug\RelocationsExtractorTest.obj
2026-08-20T10:16:10.4178771Z          x64\Debug\stdafx.obj
2026-08-20T10:16:10.4179105Z          x64\Debug\Tools.obj
2026-08-20T10:16:10.4179518Z          x64\Debug\UnifiedDiffCoverageFilterTest.obj
2026-08-20T10:16:10.4179984Z          x64\Debug\UnifiedDiffParserTest.obj
2026-08-20T10:16:10.4180525Z          "D:\a\OpenCppCoverage-ARM64\OpenCppCoverage-ARM64\x64\Debug\FileFilter.lib"
2026-08-20T10:16:10.4181368Z          "D:\a\OpenCppCoverage-ARM64\OpenCppCoverage-ARM64\x64\Debug\TestCoverageOptimizedBuild.lib"
2026-08-20T10:16:10.4182371Z          "D:\a\OpenCppCoverage-ARM64\OpenCppCoverage-ARM64\x64\Debug\TestHelper.lib"
2026-08-20T10:16:10.4183031Z          "D:\a\OpenCppCoverage-ARM64\OpenCppCoverage-ARM64\x64\Debug\Tools.lib"
2026-08-20T10:16:10.7108839Z          FileFilterTest.vcxproj -> D:\a\OpenCppCoverage-ARM64\OpenCppCoverage-ARM64\x64\Debug\FileFilterTest.exe
2026-08-20T10:16:10.7149820Z        AppLocalFromInstalled:
2026-08-20T10:16:10.7152432Z          "C:\Users\runneradmin\AppData\Local\OpenCppCoverage\vcpkg\vcpkg.exe" z-applocal --target-binary="D:\a\OpenCppCoverage-ARM64\OpenCppCoverage-ARM64\x64\Debug\FileFilterTest.exe" --installed-bin-dir="D:\a\OpenCppCoverage-ARM64\OpenCppCoverage-ARM64\vcpkg_installed\x64-windows\debug\bin" --tlog-file="x64\Debug\FileFilterTest.tlog\FileFilterTest.write.1u.tlog" --copied-files-log="x64\Debug\vcpkg.applocal.log"
2026-08-20T10:16:10.7648524Z          D:\a\OpenCppCoverage-ARM64\OpenCppCoverage-ARM64\vcpkg_installed\x64-windows\debug\bin\gmock.dll
2026-08-20T10:16:10.7651968Z          D:\a\OpenCppCoverage-ARM64\OpenCppCoverage-ARM64\vcpkg_installed\x64-windows\debug\bin\boost_log-vc143-mt-gd-x64-1_91.dll
2026-08-20T10:16:10.7653241Z          D:\a\OpenCppCoverage-ARM64\OpenCppCoverage-ARM64\vcpkg_installed\x64-windows\debug\bin\boost_filesystem-vc143-mt-gd-x64-1_91.dll
2026-08-20T10:16:10.7655798Z          D:\a\OpenCppCoverage-ARM64\OpenCppCoverage-ARM64\vcpkg_installed\x64-windows\debug\bin\boost_thread-vc143-mt-gd-x64-1_91.dll
2026-08-20T10:16:10.7660496Z          D:\a\OpenCppCoverage-ARM64\OpenCppCoverage-ARM64\vcpkg_installed\x64-windows\debug\bin\boost_iostreams-vc143-mt-gd-x64-1_91.dll
2026-08-20T10:16:10.7662725Z          D:\a\OpenCppCoverage-ARM64\OpenCppCoverage-ARM64\vcpkg_installed\x64-windows\debug\bin\zd.dll
2026-08-20T10:16:10.7663678Z          D:\a\OpenCppCoverage-ARM64\OpenCppCoverage-ARM64\vcpkg_installed\x64-windows\debug\bin\bz2d.dll
2026-08-20T10:16:10.7664677Z          D:\a\OpenCppCoverage-ARM64\OpenCppCoverage-ARM64\vcpkg_installed\x64-windows\debug\bin\liblzma.dll
2026-08-20T10:16:10.7665643Z          D:\a\OpenCppCoverage-ARM64\OpenCppCoverage-ARM64\vcpkg_installed\x64-windows\debug\bin\zstd.dll
2026-08-20T10:16:10.7666843Z          D:\a\OpenCppCoverage-ARM64\OpenCppCoverage-ARM64\vcpkg_installed\x64-windows\debug\bin\boost_locale-vc143-mt-gd-x64-1_91.dll
2026-08-20T10:16:10.7670078Z          D:\a\OpenCppCoverage-ARM64\OpenCppCoverage-ARM64\vcpkg_installed\x64-windows\debug\bin\PocoFoundationd.dll
2026-08-20T10:16:10.7671995Z          D:\a\OpenCppCoverage-ARM64\OpenCppCoverage-ARM64\vcpkg_installed\x64-windows\debug\bin\pcre2-8d.dll
2026-08-20T10:16:10.7673679Z          D:\a\OpenCppCoverage-ARM64\OpenCppCoverage-ARM64\vcpkg_installed\x64-windows\debug\bin\utf8proc.dll
2026-08-20T10:16:10.8169496Z        FinalizeBuildStatus:
2026-08-20T10:16:10.8170830Z          Deleting file "x64\Debug\FileFilterTest.tlog\unsuccessfulbuild".
2026-08-20T10:16:10.8173741Z          Touching "x64\Debug\FileFilterTest.tlog\FileFilterTest.lastbuildstate".
2026-08-20T10:16:10.8190316Z     16>Done Building Project "D:\a\OpenCppCoverage-ARM64\OpenCppCoverage-ARM64\FileFilterTest\FileFilterTest.vcxproj" (default targets).
2026-08-20T10:16:10.9817860Z      8>ClCompile:
2026-08-20T10:16:10.9818602Z          DebugInformationEnumerator.cpp
2026-08-20T10:16:13.2507991Z          ExportOptionParser.cpp
2026-08-20T10:16:14.3024022Z          FileSystem.cpp
2026-08-20T10:16:14.9352613Z          FilterAssistant.cpp
2026-08-20T10:16:15.8450188Z          MonitoredLineRegister.cpp
2026-08-20T10:16:17.1699428Z          RunCoverageSettings.cpp
2026-08-20T10:16:17.8303610Z          UnifiedDiffCoverageFilterManager.cpp
2026-08-20T10:16:19.2984022Z          UnifiedDiffSettings.cpp
2026-08-20T10:16:19.9388385Z          WildcardCoverageFilter.cpp
2026-08-20T10:16:21.4575573Z          CoverageRate.cpp
2026-08-20T10:16:21.4676310Z          CoverageRateComputer.cpp
2026-08-20T10:16:22.2028023Z          CoverageFilterSettings.cpp
2026-08-20T10:16:23.3289491Z          CppCoverageException.cpp
2026-08-20T10:16:23.9544497Z          Debugger.cpp
2026-08-20T10:16:25.2262790Z          ExceptionHandler.cpp
2026-08-20T10:16:26.1988012Z          Generating Code...
2026-08-20T10:16:27.2808902Z          Compiling...
2026-08-20T10:16:27.2809706Z          ExecutedAddressManager.cpp
2026-08-20T10:16:28.7840844Z          HandleInformation.cpp
2026-08-20T10:16:30.3908574Z          IDebugEventsHandler.cpp
2026-08-20T10:16:30.4018723Z          Options.cpp
2026-08-20T10:16:31.1710308Z          OptionsExport.cpp
2026-08-20T10:16:31.4639130Z          OptionsParser.cpp
2026-08-20T10:16:33.3461363Z          Patterns.cpp
2026-08-20T10:16:33.6290849Z          Process.cpp
2026-08-20T10:16:34.8222147Z          ProgramOptions.cpp
2026-08-20T10:16:35.7925573Z          StartInfo.cpp
2026-08-20T10:16:36.4543616Z          Wildcards.cpp
2026-08-20T10:16:37.7131640Z          Generating Code...
2026-08-20T10:16:38.6811037Z        Link:
2026-08-20T10:16:38.6817378Z          C:\Program Files\Microsoft Visual Studio\2022\Enterprise\VC\Tools\MSVC\14.44.35207\bin\HostX64\x64\link.exe /ERRORREPORT:QUEUE /OUT:"D:\a\OpenCppCoverage-ARM64\OpenCppCoverage-ARM64\x64\Debug\CppCoverage.dll" /INCREMENTAL /ILK:"x64\Debug\CppCoverage.ilk" /NOLOGO /LIBPATH:"D:\a\OpenCppCoverage-ARM64\OpenCppCoverage-ARM64\vcpkg_installed\x64-windows\debug\lib" /LIBPATH:"D:\a\OpenCppCoverage-ARM64\OpenCppCoverage-ARM64\vcpkg_installed\x64-windows\debug\lib\manual-link" Dbghelp.lib bcrypt.lib "C:\Program Files\Microsoft Visual Studio\2022\Enterprise\DIA SDK\lib\amd64\diaguids.lib" kernel32.lib user32.lib gdi32.lib winspool.lib comdlg32.lib advapi32.lib shell32.lib ole32.lib oleaut32.lib uuid.lib odbc32.lib odbccp32.lib "D:\a\OpenCppCoverage-ARM64\OpenCppCoverage-ARM64\vcpkg_installed\x64-windows\debug\lib\*.lib" /MANIFEST /MANIFESTUAC:"level='asInvoker' uiAccess='false'" /manifest:embed /DEBUG /PDB:"D:\a\OpenCppCoverage-ARM64\OpenCppCoverage-ARM64\x64\Debug\CppCoverage.pdb" /SUBSYSTEM:WINDOWS /TLBID:1 /DYNAMICBASE /NXCOMPAT /IMPLIB:"D:\a\OpenCppCoverage-ARM64\OpenCppCoverage-ARM64\x64\Debug\CppCoverage.lib" /MACHINE:X64 /DLL x64\Debug\Address.obj
2026-08-20T10:16:38.6823227Z          x64\Debug\BreakPoint.obj
2026-08-20T10:16:38.6823606Z          x64\Debug\CodeCoverageRunner.obj
2026-08-20T10:16:38.6824016Z          x64\Debug\CoverageDataMerger.obj
2026-08-20T10:16:38.6824426Z          x64\Debug\CoverageFilterManager.obj
2026-08-20T10:16:38.6825201Z          x64\Debug\DebugInformationEnumerator.obj
2026-08-20T10:16:38.6825651Z          x64\Debug\ExportOptionParser.obj
2026-08-20T10:16:38.6826045Z          x64\Debug\FileSystem.obj
2026-08-20T10:16:38.6826404Z          x64\Debug\FilterAssistant.obj
2026-08-20T10:16:38.6826801Z          x64\Debug\MonitoredLineRegister.obj
2026-08-20T10:16:38.6827224Z          x64\Debug\RunCoverageSettings.obj
2026-08-20T10:16:38.6827672Z          x64\Debug\UnifiedDiffCoverageFilterManager.obj
2026-08-20T10:16:38.6828118Z          x64\Debug\UnifiedDiffSettings.obj
2026-08-20T10:16:38.6828697Z          x64\Debug\WildcardCoverageFilter.obj
2026-08-20T10:16:38.6829105Z          x64\Debug\CoverageRate.obj
2026-08-20T10:16:38.6829471Z          x64\Debug\CoverageRateComputer.obj
2026-08-20T10:16:38.6829872Z          x64\Debug\CoverageFilterSettings.obj
2026-08-20T10:16:38.6830269Z          x64\Debug\CppCoverageException.obj
2026-08-20T10:16:38.6830670Z          x64\Debug\Debugger.obj
2026-08-20T10:16:38.6831032Z          x64\Debug\ExceptionHandler.obj
2026-08-20T10:16:38.6831433Z          x64\Debug\ExecutedAddressManager.obj
2026-08-20T10:16:38.6831834Z          x64\Debug\HandleInformation.obj
2026-08-20T10:16:38.6832243Z          x64\Debug\IDebugEventsHandler.obj
2026-08-20T10:16:38.6832614Z          x64\Debug\Options.obj
2026-08-20T10:16:38.6832961Z          x64\Debug\OptionsExport.obj
2026-08-20T10:16:38.6833334Z          x64\Debug\OptionsParser.obj
2026-08-20T10:16:38.6833703Z          x64\Debug\Patterns.obj
2026-08-20T10:16:38.6834039Z          x64\Debug\Process.obj
2026-08-20T10:16:38.6834400Z          x64\Debug\ProgramOptions.obj
2026-08-20T10:16:38.6834768Z          x64\Debug\StartInfo.obj
2026-08-20T10:16:38.6835110Z          x64\Debug\stdafx.obj
2026-08-20T10:16:38.6835458Z          x64\Debug\Wildcards.obj
2026-08-20T10:16:38.6835973Z          "D:\a\OpenCppCoverage-ARM64\OpenCppCoverage-ARM64\x64\Debug\FileFilter.lib"
2026-08-20T10:16:38.6836682Z          "D:\a\OpenCppCoverage-ARM64\OpenCppCoverage-ARM64\x64\Debug\Plugin.lib"
2026-08-20T10:16:38.6837361Z          "D:\a\OpenCppCoverage-ARM64\OpenCppCoverage-ARM64\x64\Debug\Tools.lib"
2026-08-20T10:16:38.9734026Z             Creating library D:\a\OpenCppCoverage-ARM64\OpenCppCoverage-ARM64\x64\Debug\CppCoverage.lib and object D:\a\OpenCppCoverage-ARM64\OpenCppCoverage-ARM64\x64\Debug\CppCoverage.exp
2026-08-20T10:16:39.2241178Z          CppCoverage.vcxproj -> D:\a\OpenCppCoverage-ARM64\OpenCppCoverage-ARM64\x64\Debug\CppCoverage.dll
2026-08-20T10:16:39.2290776Z        AppLocalFromInstalled:
2026-08-20T10:16:39.2293212Z          "C:\Users\runneradmin\AppData\Local\OpenCppCoverage\vcpkg\vcpkg.exe" z-applocal --target-binary="D:\a\OpenCppCoverage-ARM64\OpenCppCoverage-ARM64\x64\Debug\CppCoverage.dll" --installed-bin-dir="D:\a\OpenCppCoverage-ARM64\OpenCppCoverage-ARM64\vcpkg_installed\x64-windows\debug\bin" --tlog-file="x64\Debug\CppCoverage.tlog\CppCoverage.write.1u.tlog" --copied-files-log="x64\Debug\vcpkg.applocal.log"
2026-08-20T10:16:39.2693355Z          D:\a\OpenCppCoverage-ARM64\OpenCppCoverage-ARM64\vcpkg_installed\x64-windows\debug\bin\boost_program_options-vc143-mt-gd-x64-1_91.dll -> D:\a\OpenCppCoverage-ARM64\OpenCppCoverage-ARM64\x64\Debug\boost_program_options-vc143-mt-gd-x64-1_91.dll done
2026-08-20T10:16:39.2756427Z          D:\a\OpenCppCoverage-ARM64\OpenCppCoverage-ARM64\vcpkg_installed\x64-windows\debug\bin\boost_log-vc143-mt-gd-x64-1_91.dll
2026-08-20T10:16:39.2771903Z          D:\a\OpenCppCoverage-ARM64\OpenCppCoverage-ARM64\vcpkg_installed\x64-windows\debug\bin\boost_filesystem-vc143-mt-gd-x64-1_91.dll
2026-08-20T10:16:39.2780142Z          D:\a\OpenCppCoverage-ARM64\OpenCppCoverage-ARM64\vcpkg_installed\x64-windows\debug\bin\boost_thread-vc143-mt-gd-x64-1_91.dll
2026-08-20T10:16:39.2789395Z          D:\a\OpenCppCoverage-ARM64\OpenCppCoverage-ARM64\vcpkg_installed\x64-windows\debug\bin\boost_program_options-vc143-mt-gd-x64-1_91.dll
2026-08-20T10:16:39.2799314Z          D:\a\OpenCppCoverage-ARM64\OpenCppCoverage-ARM64\vcpkg_installed\x64-windows\debug\bin\boost_iostreams-vc143-mt-gd-x64-1_91.dll
2026-08-20T10:16:39.2809590Z          D:\a\OpenCppCoverage-ARM64\OpenCppCoverage-ARM64\vcpkg_installed\x64-windows\debug\bin\zd.dll
2026-08-20T10:16:39.2817523Z          D:\a\OpenCppCoverage-ARM64\OpenCppCoverage-ARM64\vcpkg_installed\x64-windows\debug\bin\bz2d.dll
2026-08-20T10:16:39.2824518Z          D:\a\OpenCppCoverage-ARM64\OpenCppCoverage-ARM64\vcpkg_installed\x64-windows\debug\bin\liblzma.dll
2026-08-20T10:16:39.2827614Z          D:\a\OpenCppCoverage-ARM64\OpenCppCoverage-ARM64\vcpkg_installed\x64-windows\debug\bin\zstd.dll
2026-08-20T10:16:39.2832743Z          D:\a\OpenCppCoverage-ARM64\OpenCppCoverage-ARM64\vcpkg_installed\x64-windows\debug\bin\boost_locale-vc143-mt-gd-x64-1_91.dll
2026-08-20T10:16:39.3124033Z        PostBuildEvent:
2026-08-20T10:16:39.3125534Z          xcopy /y "C:\Program Files\Microsoft Visual Studio\2022\Enterprise\DIA SDK\bin\amd64\msdia140.dll" "D:\a\OpenCppCoverage-ARM64\OpenCppCoverage-ARM64\x64\Debug\"
2026-08-20T10:16:39.3126668Z          :VCEnd
2026-08-20T10:16:39.3750063Z          C:\Program Files\Microsoft Visual Studio\2022\Enterprise\DIA SDK\bin\amd64\msdia140.dll
2026-08-20T10:16:39.4128606Z          1 File(s) copied
2026-08-20T10:16:39.4274455Z        FinalizeBuildStatus:
2026-08-20T10:16:39.4275574Z          Deleting file "x64\Debug\CppCoverage.tlog\unsuccessfulbuild".
2026-08-20T10:16:39.4282198Z          Touching "x64\Debug\CppCoverage.tlog\CppCoverage.lastbuildstate".
2026-08-20T10:16:39.4297035Z      8>Done Building Project "D:\a\OpenCppCoverage-ARM64\OpenCppCoverage-ARM64\CppCoverage\CppCoverage.vcxproj" (default targets).
2026-08-20T10:16:39.4396731Z      5>PrepareForBuild:
2026-08-20T10:16:39.4397218Z          Creating directory "x64\Debug\".
2026-08-20T10:16:39.4428611Z          Structured output is enabled. The formatting of compiler diagnostics will reflect the error hierarchy. See https://aka.ms/cpp/structured-output for more details.
2026-08-20T10:16:39.4430981Z          Creating directory "x64\Debug\Exporter.tlog\".
2026-08-20T10:16:39.4453167Z        InitializeBuildStatus:
2026-08-20T10:16:39.4456585Z          Creating "x64\Debug\Exporter.tlog\unsuccessfulbuild" because "AlwaysCreate" was specified.
2026-08-20T10:16:39.4457706Z          Touching "x64\Debug\Exporter.tlog\unsuccessfulbuild".
2026-08-20T10:16:39.4458208Z        PreBuildEvent:
2026-08-20T10:16:39.4460046Z          "D:\a\OpenCppCoverage-ARM64\OpenCppCoverage-ARM64\vcpkg_installed\x64-windows\tools\protobuf\protoc.exe" -I="D:\a\OpenCppCoverage-ARM64\OpenCppCoverage-ARM64\Exporter\Binary" --cpp_out="D:\a\OpenCppCoverage-ARM64\OpenCppCoverage-ARM64\Exporter\Binary" "D:\a\OpenCppCoverage-ARM64\OpenCppCoverage-ARM64\Exporter\Binary\CoverageData.proto"
2026-08-20T10:16:39.4466636Z          :VCEnd
2026-08-20T10:16:39.5324975Z      2>Project "D:\a\OpenCppCoverage-ARM64\OpenCppCoverage-ARM64\CppCoverageTest\CppCoverageTest.vcxproj.metaproj" (2) is building "D:\a\OpenCppCoverage-ARM64\OpenCppCoverage-ARM64\CppCoverageTest\CppCoverageTest.vcxproj" (20) on node 4 (default targets).
2026-08-20T10:16:39.5328797Z     20>PrepareForBuild:
2026-08-20T10:16:39.5329690Z          Creating directory "x64\Debug\".
2026-08-20T10:16:39.5353367Z          Structured output is enabled. The formatting of compiler diagnostics will reflect the error hierarchy. See https://aka.ms/cpp/structured-output for more details.
2026-08-20T10:16:39.5356866Z          Creating directory "x64\Debug\CppCoverageTest.tlog\".
2026-08-20T10:16:39.5448079Z        InitializeBuildStatus:
2026-08-20T10:16:39.5451377Z          Creating "x64\Debug\CppCoverageTest.tlog\unsuccessfulbuild" because "AlwaysCreate" was specified.
2026-08-20T10:16:39.5461612Z          Touching "x64\Debug\CppCoverageTest.tlog\unsuccessfulbuild".
2026-08-20T10:16:39.5553221Z      5>VcpkgTripletSelection:
2026-08-20T10:16:39.5554422Z          Using triplet "x64-windows" from "D:\a\OpenCppCoverage-ARM64\OpenCppCoverage-ARM64\vcpkg_installed\x64-windows\"
2026-08-20T10:16:39.5557416Z          Using normalized configuration "Debug"
2026-08-20T10:16:39.5558357Z        VcpkgBootstrap:
2026-08-20T10:16:39.5559503Z        Skipping target "VcpkgBootstrap" because all output files are up-to-date with respect to the input files.
2026-08-20T10:16:39.5560670Z        VcpkgInstallManifestDependencies:
2026-08-20T10:16:39.5562127Z        Skipping target "VcpkgInstallManifestDependencies" because all output files are up-to-date with respect to the input files.
2026-08-20T10:16:39.5635986Z        ClCompile:
2026-08-20T10:16:39.5675343Z          C:\Program Files\Microsoft Visual Studio\2022\Enterprise\VC\Tools\MSVC\14.44.35207\bin\HostX64\x64\CL.exe /c /I"D:\a\OpenCppCoverage-ARM64\OpenCppCoverage-ARM64\\" /I"D:\a\OpenCppCoverage-ARM64\OpenCppCoverage-ARM64\Exporter\\" /I"D:\a\OpenCppCoverage-ARM64\OpenCppCoverage-ARM64\vcpkg_installed\x64-windows\include" /ZI /JMC /nologo /W3 /WX /diagnostics:column /sdl /Od /D EXPORTER_EXPORTS /D _SILENCE_CXX17_ITERATOR_BASE_CLASS_DEPRECATION_WARNING /D BOOST_CONFIG_SUPPRESS_OUTDATED_MESSAGE /D "OPENCPPCOVERAGE_VERSION=\"0.9.9.0\"" /D _CRT_SECURE_NO_WARNINGS /D "PROJECT_DIR=R\"|(D:\a\OpenCppCoverage-ARM64\OpenCppCoverage-ARM64\Exporter\)|\"" /D "SOLUTION_DIR=R\"|(D:\a\OpenCppCoverage-ARM64\OpenCppCoverage-ARM64\)|\"" /D "TARGET_FILE_NAME=R\"|(Exporter.dll)|\"" /D "OUT_DIR=R\"|(D:\a\OpenCppCoverage-ARM64\OpenCppCoverage-ARM64\x64\Debug\)|\"" /D NOMINMAX /D _WINDLL /D _UNICODE /D UNICODE /Gm- /EHsc /RTC1 /MDd /GS /fp:precise /Zc:wchar_t /Zc:forScope /Zc:inline /std:c++17 /permissive- /Yc"stdafx.h" /Fp"x64\Debug\Exporter.pch" /Fo"x64\Debug\\" /Fd"x64\Debug\vc143.pdb" /external:W0 /Gd /TP /wd4251 /FC /errorReport:queue /external:I"D:\a\OpenCppCoverage-ARM64\OpenCppCoverage-ARM64\vcpkg_installed\x64-windows\include" stdafx.cpp
2026-08-20T10:16:39.5969941Z     20>VcpkgTripletSelection:
2026-08-20T10:16:39.5974252Z          Using triplet "x64-windows" from "D:\a\OpenCppCoverage-ARM64\OpenCppCoverage-ARM64\vcpkg_installed\x64-windows\"
2026-08-20T10:16:39.5975473Z          Using normalized configuration "Debug"
2026-08-20T10:16:39.5986687Z        VcpkgBootstrap:
2026-08-20T10:16:39.5988821Z        Skipping target "VcpkgBootstrap" because all output files are up-to-date with respect to the input files.
2026-08-20T10:16:39.6015078Z        VcpkgInstallManifestDependencies:
2026-08-20T10:16:39.6027533Z        Skipping target "VcpkgInstallManifestDependencies" because all output files are up-to-date with respect to the input files.
2026-08-20T10:16:39.6070729Z        ClCompile:
2026-08-20T10:16:39.6078976Z          C:\Program Files\Microsoft Visual Studio\2022\Enterprise\VC\Tools\MSVC\14.44.35207\bin\HostX64\x64\CL.exe /c /I"D:\a\OpenCppCoverage-ARM64\OpenCppCoverage-ARM64\\" /I"D:\a\OpenCppCoverage-ARM64\OpenCppCoverage-ARM64\CppCoverageTest\\" /I"D:\a\OpenCppCoverage-ARM64\OpenCppCoverage-ARM64\vcpkg_installed\x64-windows\include" /ZI /JMC /nologo /W3 /WX /diagnostics:column /sdl /Od /D WIN32 /D _DEBUG /D _CONSOLE /D _LIB /D GTEST_LINKED_AS_SHARED_LIBRARY=1 /D _SILENCE_TR1_NAMESPACE_DEPRECATION_WARNING /D BOOST_CONFIG_SUPPRESS_OUTDATED_MESSAGE /D "OPENCPPCOVERAGE_VERSION=\"0.9.9.0\"" /D _CRT_SECURE_NO_WARNINGS /D "PROJECT_DIR=R\"|(D:\a\OpenCppCoverage-ARM64\OpenCppCoverage-ARM64\CppCoverageTest\)|\"" /D "SOLUTION_DIR=R\"|(D:\a\OpenCppCoverage-ARM64\OpenCppCoverage-ARM64\)|\"" /D "TARGET_FILE_NAME=R\"|(CppCoverageTest.exe)|\"" /D "OUT_DIR=R\"|(D:\a\OpenCppCoverage-ARM64\OpenCppCoverage-ARM64\x64\Debug\)|\"" /D NOMINMAX /D _UNICODE /D UNICODE /Gm- /EHsc /RTC1 /MDd /GS /fp:precise /Zc:wchar_t /Zc:forScope /Zc:inline /std:c++17 /permissive- /Yc"stdafx.h" /Fp"x64\Debug\CppCoverageTest.pch" /Fo"x64\Debug\\" /Fd"x64\Debug\vc143.pdb" /external:W3 /Gd /TP /wd4251 /wd4275 /FC /errorReport:queue stdafx.cpp
2026-08-20T10:16:39.6138125Z      5>ClCompile:
2026-08-20T10:16:39.6138490Z          stdafx.cpp
2026-08-20T10:16:39.6402188Z     20>ClCompile:
2026-08-20T10:16:39.6402540Z          stdafx.cpp
2026-08-20T10:16:40.2551101Z      5>ClCompile:
2026-08-20T10:16:40.2557154Z          C:\Program Files\Microsoft Visual Studio\2022\Enterprise\VC\Tools\MSVC\14.44.35207\bin\HostX64\x64\CL.exe /c /I"D:\a\OpenCppCoverage-ARM64\OpenCppCoverage-ARM64\\" /I"D:\a\OpenCppCoverage-ARM64\OpenCppCoverage-ARM64\Exporter\\" /I"D:\a\OpenCppCoverage-ARM64\OpenCppCoverage-ARM64\vcpkg_installed\x64-windows\include" /ZI /JMC /nologo /W3 /WX /diagnostics:column /sdl /Od /D EXPORTER_EXPORTS /D _SILENCE_CXX17_ITERATOR_BASE_CLASS_DEPRECATION_WARNING /D BOOST_CONFIG_SUPPRESS_OUTDATED_MESSAGE /D "OPENCPPCOVERAGE_VERSION=\"0.9.9.0\"" /D _CRT_SECURE_NO_WARNINGS /D "PROJECT_DIR=R\"|(D:\a\OpenCppCoverage-ARM64\OpenCppCoverage-ARM64\Exporter\)|\"" /D "SOLUTION_DIR=R\"|(D:\a\OpenCppCoverage-ARM64\OpenCppCoverage-ARM64\)|\"" /D "TARGET_FILE_NAME=R\"|(Exporter.dll)|\"" /D "OUT_DIR=R\"|(D:\a\OpenCppCoverage-ARM64\OpenCppCoverage-ARM64\x64\Debug\)|\"" /D NOMINMAX /D _WINDLL /D _UNICODE /D UNICODE /Gm- /EHsc /RTC1 /MDd /GS /fp:precise /Zc:wchar_t /Zc:forScope /Zc:inline /std:c++17 /permissive- /Yu"stdafx.h" /Fp"x64\Debug\Exporter.pch" /Fo"x64\Debug\\" /Fd"x64\Debug\vc143.pdb" /external:W0 /Gd /TP /wd4251 /FC /errorReport:queue /external:I"D:\a\OpenCppCoverage-ARM64\OpenCppCoverage-ARM64\vcpkg_installed\x64-windows\include" Binary\BinaryExporter.cpp CoberturaExporter.cpp Binary\CoverageDataSerializer.cpp Binary\CoverageDataDeserializer.cpp Html\HtmlExporter.cpp Html\HtmlFile.cpp Html\HtmlFileCoverageExporter.cpp Html\HtmlFolderStructure.cpp Html\TemplateHtmlExporter.cpp InvalidOutputFileException.cpp Plugin\ExporterPluginManager.cpp
2026-08-20T10:16:40.2933276Z          BinaryExporter.cpp
2026-08-20T10:16:40.9577774Z          CoberturaExporter.cpp
2026-08-20T10:16:41.3249695Z     20>ClCompile:
2026-08-20T10:16:41.3259478Z          C:\Program Files\Microsoft Visual Studio\2022\Enterprise\VC\Tools\MSVC\14.44.35207\bin\HostX64\x64\CL.exe /c /I"D:\a\OpenCppCoverage-ARM64\OpenCppCoverage-ARM64\\" /I"D:\a\OpenCppCoverage-ARM64\OpenCppCoverage-ARM64\CppCoverageTest\\" /I"D:\a\OpenCppCoverage-ARM64\OpenCppCoverage-ARM64\vcpkg_installed\x64-windows\include" /ZI /JMC /nologo /W3 /WX /diagnostics:column /sdl /Od /D WIN32 /D _DEBUG /D _CONSOLE /D _LIB /D GTEST_LINKED_AS_SHARED_LIBRARY=1 /D _SILENCE_TR1_NAMESPACE_DEPRECATION_WARNING /D BOOST_CONFIG_SUPPRESS_OUTDATED_MESSAGE /D "OPENCPPCOVERAGE_VERSION=\"0.9.9.0\"" /D _CRT_SECURE_NO_WARNINGS /D "PROJECT_DIR=R\"|(D:\a\OpenCppCoverage-ARM64\OpenCppCoverage-ARM64\CppCoverageTest\)|\"" /D "SOLUTION_DIR=R\"|(D:\a\OpenCppCoverage-ARM64\OpenCppCoverage-ARM64\)|\"" /D "TARGET_FILE_NAME=R\"|(CppCoverageTest.exe)|\"" /D "OUT_DIR=R\"|(D:\a\OpenCppCoverage-ARM64\OpenCppCoverage-ARM64\x64\Debug\)|\"" /D NOMINMAX /D _UNICODE /D UNICODE /Gm- /EHsc /RTC1 /MDd /GS /fp:precise /Zc:wchar_t /Zc:forScope /Zc:inline /std:c++17 /permissive- /Yu"stdafx.h" /Fp"x64\Debug\CppCoverageTest.pch" /Fo"x64\Debug\\" /Fd"x64\Debug\vc143.pdb" /external:W3 /Gd /TP /wd4251 /wd4275 /FC /errorReport:queue BreakPointTest.cpp CodeCoverageRunnerTest.cpp CoverageDataMergerRandomTest.cpp CoverageDataMergerTest.cpp CppCliTest.cpp DebugInformationEnumeratorTest.cpp FilterAssistantTest.cpp UnifiedDiffCoverageFilterManagerTest.cpp OptionsParserUnifiedDiffTest.cpp WildcardCoverageFilterTest.cpp CoverageRateComputerTest.cpp CoverageRateTest.cpp CppCoverageExceptionTest.cpp CppCoverageTest.cpp DebuggerTest.cpp ExceptionHandlerTest.cpp ExecutedAddressManagerTest.cpp HandleInformationTest.cpp OptionsParserConfigTest.cpp OptionsParserExportTest.cpp OptionsParserPatternTest.cpp OptionsParserTest.cpp ProcessTest.cpp StartInfoTest.cpp TestTools.cpp WildcardsTest.cpp
2026-08-20T10:16:41.3598354Z          BreakPointTest.cpp
2026-08-20T10:16:42.0457422Z          CodeCoverageRunnerTest.cpp
2026-08-20T10:16:42.3901494Z      5>ClCompile:
2026-08-20T10:16:42.3902042Z          CoverageDataSerializer.cpp
2026-08-20T10:16:43.9239836Z     20>ClCompile:
2026-08-20T10:16:43.9240382Z          CoverageDataMergerRandomTest.cpp
2026-08-20T10:16:44.4413985Z          CoverageDataMergerTest.cpp
2026-08-20T10:16:44.7583999Z      5>ClCompile:
2026-08-20T10:16:44.7586016Z          CoverageDataDeserializer.cpp
2026-08-20T10:16:44.9027702Z     20>ClCompile:
2026-08-20T10:16:44.9028636Z          CppCliTest.cpp
2026-08-20T10:16:45.6394494Z          DebugInformationEnumeratorTest.cpp
2026-08-20T10:16:45.9867297Z          FilterAssistantTest.cpp
2026-08-20T10:16:46.5775057Z          UnifiedDiffCoverageFilterManagerTest.cpp
2026-08-20T10:16:47.0257607Z      5>ClCompile:
2026-08-20T10:16:47.0258073Z          HtmlExporter.cpp
2026-08-20T10:16:47.3437025Z     20>ClCompile:
2026-08-20T10:16:47.3437659Z          OptionsParserUnifiedDiffTest.cpp
2026-08-20T10:16:48.2541971Z          WildcardCoverageFilterTest.cpp
2026-08-20T10:16:48.3295954Z          CoverageRateComputerTest.cpp
2026-08-20T10:16:48.5443473Z      5>ClCompile:
2026-08-20T10:16:48.5443992Z          HtmlFile.cpp
2026-08-20T10:16:48.6750609Z     20>ClCompile:
2026-08-20T10:16:48.6751126Z          CoverageRateTest.cpp
2026-08-20T10:16:48.7160370Z          CppCoverageExceptionTest.cpp
2026-08-20T10:16:48.7545918Z          CppCoverageTest.cpp
2026-08-20T10:16:49.1658297Z      5>ClCompile:
2026-08-20T10:16:49.1659007Z          HtmlFileCoverageExporter.cpp
2026-08-20T10:16:49.5953245Z     20>ClCompile:
2026-08-20T10:16:49.5953777Z          DebuggerTest.cpp
2026-08-20T10:16:50.4746523Z      5>ClCompile:
2026-08-20T10:16:50.4747070Z          HtmlFolderStructure.cpp
2026-08-20T10:16:50.7887063Z     20>ClCompile:
2026-08-20T10:16:50.7887781Z          ExceptionHandlerTest.cpp
2026-08-20T10:16:51.5245318Z          ExecutedAddressManagerTest.cpp
2026-08-20T10:16:51.6587072Z      5>ClCompile:
2026-08-20T10:16:51.6587781Z          TemplateHtmlExporter.cpp
2026-08-20T10:16:52.2737709Z     20>ClCompile:
2026-08-20T10:16:52.2738331Z          HandleInformationTest.cpp
2026-08-20T10:16:52.9776271Z          OptionsParserConfigTest.cpp
2026-08-20T10:16:53.1542867Z      5>ClCompile:
2026-08-20T10:16:53.1543380Z          InvalidOutputFileException.cpp
2026-08-20T10:16:53.7903307Z          ExporterPluginManager.cpp
2026-08-20T10:16:53.9820599Z     20>ClCompile:
2026-08-20T10:16:53.9821144Z          OptionsParserExportTest.cpp
2026-08-20T10:16:54.6418809Z      5>ClCompile:
2026-08-20T10:16:54.6419319Z          Generating Code...
2026-08-20T10:16:55.0123583Z     20>ClCompile:
2026-08-20T10:16:55.0123955Z          Generating Code...
2026-08-20T10:16:55.8805496Z      5>ClCompile:
2026-08-20T10:16:55.8849592Z          C:\Program Files\Microsoft Visual Studio\2022\Enterprise\VC\Tools\MSVC\14.44.35207\bin\HostX64\x64\CL.exe /c /I"D:\a\OpenCppCoverage-ARM64\OpenCppCoverage-ARM64\\" /I"D:\a\OpenCppCoverage-ARM64\OpenCppCoverage-ARM64\Exporter\\" /I"D:\a\OpenCppCoverage-ARM64\OpenCppCoverage-ARM64\vcpkg_installed\x64-windows\include" /ZI /JMC /nologo /W0 /WX /diagnostics:column /sdl /Od /D EXPORTER_EXPORTS /D _SILENCE_CXX17_ITERATOR_BASE_CLASS_DEPRECATION_WARNING /D BOOST_CONFIG_SUPPRESS_OUTDATED_MESSAGE /D "OPENCPPCOVERAGE_VERSION=\"0.9.9.0\"" /D _CRT_SECURE_NO_WARNINGS /D "PROJECT_DIR=R\"|(D:\a\OpenCppCoverage-ARM64\OpenCppCoverage-ARM64\Exporter\)|\"" /D "SOLUTION_DIR=R\"|(D:\a\OpenCppCoverage-ARM64\OpenCppCoverage-ARM64\)|\"" /D "TARGET_FILE_NAME=R\"|(Exporter.dll)|\"" /D "OUT_DIR=R\"|(D:\a\OpenCppCoverage-ARM64\OpenCppCoverage-ARM64\x64\Debug\)|\"" /D NOMINMAX /D _WINDLL /D _UNICODE /D UNICODE /Gm- /EHsc /RTC1 /MDd /GS /fp:precise /Zc:wchar_t /Zc:forScope /Zc:inline /std:c++17 /permissive- /Fo"x64\Debug\\" /Fd"x64\Debug\vc143.pdb" /external:W0 /Gd /TP /wd4146 /wd4251 /FC /errorReport:queue /external:I"D:\a\OpenCppCoverage-ARM64\OpenCppCoverage-ARM64\vcpkg_installed\x64-windows\include" Binary\CoverageData.pb.cc
2026-08-20T10:16:55.9301636Z          CoverageData.pb.cc
2026-08-20T10:16:56.7770187Z     20>ClCompile:
2026-08-20T10:16:56.7771676Z          Compiling...
2026-08-20T10:16:56.7773369Z          OptionsParserPatternTest.cpp
2026-08-20T10:16:57.7339002Z          OptionsParserTest.cpp
2026-08-20T10:16:58.8570084Z          ProcessTest.cpp
2026-08-20T10:16:59.0756271Z      5>Link:
2026-08-20T10:16:59.0762834Z          C:\Program Files\Microsoft Visual Studio\2022\Enterprise\VC\Tools\MSVC\14.44.35207\bin\HostX64\x64\link.exe /ERRORREPORT:QUEUE /OUT:"D:\a\OpenCppCoverage-ARM64\OpenCppCoverage-ARM64\x64\Debug\Exporter.dll" /INCREMENTAL /ILK:"x64\Debug\Exporter.ilk" /NOLOGO /LIBPATH:"D:\a\OpenCppCoverage-ARM64\OpenCppCoverage-ARM64\vcpkg_installed\x64-windows\debug\lib" /LIBPATH:"D:\a\OpenCppCoverage-ARM64\OpenCppCoverage-ARM64\vcpkg_installed\x64-windows\debug\lib\manual-link" bcrypt.lib kernel32.lib user32.lib gdi32.lib winspool.lib comdlg32.lib advapi32.lib shell32.lib ole32.lib oleaut32.lib uuid.lib odbc32.lib odbccp32.lib "D:\a\OpenCppCoverage-ARM64\OpenCppCoverage-ARM64\vcpkg_installed\x64-windows\debug\lib\*.lib" /MANIFEST /MANIFESTUAC:"level='asInvoker' uiAccess='false'" /manifest:embed /DEBUG /PDB:"D:\a\OpenCppCoverage-ARM64\OpenCppCoverage-ARM64\x64\Debug\Exporter.pdb" /TLBID:1 /DYNAMICBASE /NXCOMPAT /IMPLIB:"D:\a\OpenCppCoverage-ARM64\OpenCppCoverage-ARM64\x64\Debug\Exporter.lib" /MACHINE:X64 /DLL x64\Debug\BinaryExporter.obj
2026-08-20T10:16:59.0769575Z          x64\Debug\CoverageData.pb.obj
2026-08-20T10:16:59.0770060Z          x64\Debug\CoberturaExporter.obj
2026-08-20T10:16:59.0770600Z          x64\Debug\CoverageDataSerializer.obj
2026-08-20T10:16:59.0771140Z          x64\Debug\CoverageDataDeserializer.obj
2026-08-20T10:16:59.0771659Z          x64\Debug\HtmlExporter.obj
2026-08-20T10:16:59.0772089Z          x64\Debug\HtmlFile.obj
2026-08-20T10:16:59.0772562Z          x64\Debug\HtmlFileCoverageExporter.obj
2026-08-20T10:16:59.0773077Z          x64\Debug\HtmlFolderStructure.obj
2026-08-20T10:16:59.0773572Z          x64\Debug\TemplateHtmlExporter.obj
2026-08-20T10:16:59.0774084Z          x64\Debug\InvalidOutputFileException.obj
2026-08-20T10:16:59.0774579Z          x64\Debug\ExporterPluginManager.obj
2026-08-20T10:16:59.0775020Z          x64\Debug\stdafx.obj
2026-08-20T10:16:59.0775548Z          "D:\a\OpenCppCoverage-ARM64\OpenCppCoverage-ARM64\x64\Debug\CppCoverage.lib"
2026-08-20T10:16:59.0776408Z          "D:\a\OpenCppCoverage-ARM64\OpenCppCoverage-ARM64\x64\Debug\Plugin.lib"
2026-08-20T10:16:59.0777164Z          "D:\a\OpenCppCoverage-ARM64\OpenCppCoverage-ARM64\x64\Debug\Tools.lib"
2026-08-20T10:16:59.2781703Z             Creating library D:\a\OpenCppCoverage-ARM64\OpenCppCoverage-ARM64\x64\Debug\Exporter.lib and object D:\a\OpenCppCoverage-ARM64\OpenCppCoverage-ARM64\x64\Debug\Exporter.exp
2026-08-20T10:16:59.4579086Z          Exporter.vcxproj -> D:\a\OpenCppCoverage-ARM64\OpenCppCoverage-ARM64\x64\Debug\Exporter.dll
2026-08-20T10:16:59.4596407Z        AppLocalFromInstalled:
2026-08-20T10:16:59.4598708Z          "C:\Users\runneradmin\AppData\Local\OpenCppCoverage\vcpkg\vcpkg.exe" z-applocal --target-binary="D:\a\OpenCppCoverage-ARM64\OpenCppCoverage-ARM64\x64\Debug\Exporter.dll" --installed-bin-dir="D:\a\OpenCppCoverage-ARM64\OpenCppCoverage-ARM64\vcpkg_installed\x64-windows\debug\bin" --tlog-file="x64\Debug\Exporter.tlog\Exporter.write.1u.tlog" --copied-files-log="x64\Debug\vcpkg.applocal.log"
2026-08-20T10:16:59.5049462Z          D:\a\OpenCppCoverage-ARM64\OpenCppCoverage-ARM64\vcpkg_installed\x64-windows\debug\bin\abseil_dll.dll -> D:\a\OpenCppCoverage-ARM64\OpenCppCoverage-ARM64\x64\Debug\abseil_dll.dll done
2026-08-20T10:16:59.5063841Z          D:\a\OpenCppCoverage-ARM64\OpenCppCoverage-ARM64\vcpkg_installed\x64-windows\debug\bin\libctemplate.dll -> D:\a\OpenCppCoverage-ARM64\OpenCppCoverage-ARM64\x64\Debug\libctemplate.dll done
2026-08-20T10:16:59.5084622Z          D:\a\OpenCppCoverage-ARM64\OpenCppCoverage-ARM64\vcpkg_installed\x64-windows\debug\bin\libprotobuf-lited.dll -> D:\a\OpenCppCoverage-ARM64\OpenCppCoverage-ARM64\x64\Debug\libprotobuf-lited.dll done
2026-08-20T10:16:59.5184566Z          D:\a\OpenCppCoverage-ARM64\OpenCppCoverage-ARM64\vcpkg_installed\x64-windows\debug\bin\libprotobufd.dll -> D:\a\OpenCppCoverage-ARM64\OpenCppCoverage-ARM64\x64\Debug\libprotobufd.dll done
2026-08-20T10:16:59.5254825Z          D:\a\OpenCppCoverage-ARM64\OpenCppCoverage-ARM64\vcpkg_installed\x64-windows\debug\bin\abseil_dll.dll
2026-08-20T10:16:59.5256276Z          D:\a\OpenCppCoverage-ARM64\OpenCppCoverage-ARM64\vcpkg_installed\x64-windows\debug\bin\libctemplate.dll
2026-08-20T10:16:59.5257366Z          D:\a\OpenCppCoverage-ARM64\OpenCppCoverage-ARM64\vcpkg_installed\x64-windows\debug\bin\libprotobuf-lited.dll
2026-08-20T10:16:59.5258404Z          D:\a\OpenCppCoverage-ARM64\OpenCppCoverage-ARM64\vcpkg_installed\x64-windows\debug\bin\libprotobufd.dll
2026-08-20T10:16:59.5259581Z          D:\a\OpenCppCoverage-ARM64\OpenCppCoverage-ARM64\vcpkg_installed\x64-windows\debug\bin\boost_log-vc143-mt-gd-x64-1_91.dll
2026-08-20T10:16:59.5261907Z          D:\a\OpenCppCoverage-ARM64\OpenCppCoverage-ARM64\vcpkg_installed\x64-windows\debug\bin\boost_filesystem-vc143-mt-gd-x64-1_91.dll
2026-08-20T10:16:59.5262814Z          D:\a\OpenCppCoverage-ARM64\OpenCppCoverage-ARM64\vcpkg_installed\x64-windows\debug\bin\boost_thread-vc143-mt-gd-x64-1_91.dll
2026-08-20T10:16:59.5263896Z          D:\a\OpenCppCoverage-ARM64\OpenCppCoverage-ARM64\vcpkg_installed\x64-windows\debug\bin\boost_program_options-vc143-mt-gd-x64-1_91.dll
2026-08-20T10:16:59.5264776Z          D:\a\OpenCppCoverage-ARM64\OpenCppCoverage-ARM64\vcpkg_installed\x64-windows\debug\bin\boost_iostreams-vc143-mt-gd-x64-1_91.dll
2026-08-20T10:16:59.5265789Z          D:\a\OpenCppCoverage-ARM64\OpenCppCoverage-ARM64\vcpkg_installed\x64-windows\debug\bin\zd.dll
2026-08-20T10:16:59.5266840Z          D:\a\OpenCppCoverage-ARM64\OpenCppCoverage-ARM64\vcpkg_installed\x64-windows\debug\bin\bz2d.dll
2026-08-20T10:16:59.5267634Z          D:\a\OpenCppCoverage-ARM64\OpenCppCoverage-ARM64\vcpkg_installed\x64-windows\debug\bin\liblzma.dll
2026-08-20T10:16:59.5268334Z          D:\a\OpenCppCoverage-ARM64\OpenCppCoverage-ARM64\vcpkg_installed\x64-windows\debug\bin\zstd.dll
2026-08-20T10:16:59.5269513Z          D:\a\OpenCppCoverage-ARM64\OpenCppCoverage-ARM64\vcpkg_installed\x64-windows\debug\bin\boost_locale-vc143-mt-gd-x64-1_91.dll
2026-08-20T10:16:59.5456587Z        PostBuildEvent:
2026-08-20T10:16:59.5458029Z          if not exist "D:\a\OpenCppCoverage-ARM64\OpenCppCoverage-ARM64\x64\Debug\Template" mkdir "D:\a\OpenCppCoverage-ARM64\OpenCppCoverage-ARM64\x64\Debug\Template" && xcopy /s /y "D:\a\OpenCppCoverage-ARM64\OpenCppCoverage-ARM64\Exporter\Html\Template" "D:\a\OpenCppCoverage-ARM64\OpenCppCoverage-ARM64\x64\Debug\Template"
2026-08-20T10:16:59.5459243Z          :VCEnd
2026-08-20T10:16:59.5807144Z          D:\a\OpenCppCoverage-ARM64\OpenCppCoverage-ARM64\Exporter\Html\Template\MainTemplate.html
2026-08-20T10:16:59.5811288Z          D:\a\OpenCppCoverage-ARM64\OpenCppCoverage-ARM64\Exporter\Html\Template\SourceTemplate.html
2026-08-20T10:16:59.5820290Z          D:\a\OpenCppCoverage-ARM64\OpenCppCoverage-ARM64\Exporter\Html\Template\third-party\css\style.css
2026-08-20T10:16:59.5826098Z          D:\a\OpenCppCoverage-ARM64\OpenCppCoverage-ARM64\Exporter\Html\Template\third-party\css\table-images\botleft.png
2026-08-20T10:16:59.5832199Z          D:\a\OpenCppCoverage-ARM64\OpenCppCoverage-ARM64\Exporter\Html\Template\third-party\css\table-images\botright.png
2026-08-20T10:16:59.5836682Z          D:\a\OpenCppCoverage-ARM64\OpenCppCoverage-ARM64\Exporter\Html\Template\third-party\css\table-images\left.png
2026-08-20T10:16:59.5840947Z          D:\a\OpenCppCoverage-ARM64\OpenCppCoverage-ARM64\Exporter\Html\Template\third-party\css\table-images\right.png
2026-08-20T10:16:59.5849890Z          D:\a\OpenCppCoverage-ARM64\OpenCppCoverage-ARM64\Exporter\Html\Template\third-party\google-code-prettify\prettify-CppCoverage.css
2026-08-20T10:16:59.5854252Z          D:\a\OpenCppCoverage-ARM64\OpenCppCoverage-ARM64\Exporter\Html\Template\third-party\google-code-prettify\prettify.js
2026-08-20T10:16:59.5858253Z          D:\a\OpenCppCoverage-ARM64\OpenCppCoverage-ARM64\Exporter\Html\Template\third-party\google-code-prettify\run_prettify.js
2026-08-20T10:16:59.5864077Z          D:\a\OpenCppCoverage-ARM64\OpenCppCoverage-ARM64\Exporter\Html\Template\third-party\JQuery\jquery-3.4.1.min.js
2026-08-20T10:16:59.5870033Z          D:\a\OpenCppCoverage-ARM64\OpenCppCoverage-ARM64\Exporter\Html\Template\third-party\RGraph\license.txt
2026-08-20T10:16:59.5876202Z          D:\a\OpenCppCoverage-ARM64\OpenCppCoverage-ARM64\Exporter\Html\Template\third-party\RGraph\libraries\RGraph.common.core.js
2026-08-20T10:16:59.5881485Z          D:\a\OpenCppCoverage-ARM64\OpenCppCoverage-ARM64\Exporter\Html\Template\third-party\RGraph\libraries\RGraph.common.dynamic.js
2026-08-20T10:16:59.5886064Z          D:\a\OpenCppCoverage-ARM64\OpenCppCoverage-ARM64\Exporter\Html\Template\third-party\RGraph\libraries\RGraph.common.tooltips.js
2026-08-20T10:16:59.5889664Z          D:\a\OpenCppCoverage-ARM64\OpenCppCoverage-ARM64\Exporter\Html\Template\third-party\RGraph\libraries\RGraph.pie.js
2026-08-20T10:16:59.5896162Z          16 File(s) copied
2026-08-20T10:16:59.5991837Z        FinalizeBuildStatus:
2026-08-20T10:16:59.5995222Z          Deleting file "x64\Debug\Exporter.tlog\unsuccessfulbuild".
2026-08-20T10:16:59.5997993Z          Touching "x64\Debug\Exporter.tlog\Exporter.lastbuildstate".
2026-08-20T10:16:59.6000840Z      5>Done Building Project "D:\a\OpenCppCoverage-ARM64\OpenCppCoverage-ARM64\Exporter\Exporter.vcxproj" (default targets).
2026-08-20T10:16:59.6272155Z      6>PrepareForBuild:
2026-08-20T10:16:59.6274074Z          Creating directory "x64\Debug\".
2026-08-20T10:16:59.6366173Z          Structured output is enabled. The formatting of compiler diagnostics will reflect the error hierarchy. See https://aka.ms/cpp/structured-output for more details.
2026-08-20T10:16:59.6371778Z          Creating directory "x64\Debug\OpenCppCoverage.tlog\".
2026-08-20T10:16:59.6428843Z        InitializeBuildStatus:
2026-08-20T10:16:59.6430370Z          Creating "x64\Debug\OpenCppCoverage.tlog\unsuccessfulbuild" because "AlwaysCreate" was specified.
2026-08-20T10:16:59.6431460Z          Touching "x64\Debug\OpenCppCoverage.tlog\unsuccessfulbuild".
2026-08-20T10:16:59.6732996Z        VcpkgTripletSelection:
2026-08-20T10:16:59.6735407Z          Using triplet "x64-windows" from "D:\a\OpenCppCoverage-ARM64\OpenCppCoverage-ARM64\vcpkg_installed\x64-windows\"
2026-08-20T10:16:59.6739252Z          Using normalized configuration "Debug"
2026-08-20T10:16:59.6741216Z        VcpkgBootstrap:
2026-08-20T10:16:59.6745086Z        Skipping target "VcpkgBootstrap" because all output files are up-to-date with respect to the input files.
2026-08-20T10:16:59.6747345Z        VcpkgInstallManifestDependencies:
2026-08-20T10:16:59.6750089Z        Skipping target "VcpkgInstallManifestDependencies" because all output files are up-to-date with respect to the input files.
2026-08-20T10:16:59.6757456Z        ClCompile:
2026-08-20T10:16:59.6766655Z          C:\Program Files\Microsoft Visual Studio\2022\Enterprise\VC\Tools\MSVC\14.44.35207\bin\HostX64\x64\CL.exe /c /I"D:\a\OpenCppCoverage-ARM64\OpenCppCoverage-ARM64\\" /I"D:\a\OpenCppCoverage-ARM64\OpenCppCoverage-ARM64\OpenCppCoverage\\" /I"D:\a\OpenCppCoverage-ARM64\OpenCppCoverage-ARM64\vcpkg_installed\x64-windows\include" /ZI /JMC /nologo /W3 /WX /diagnostics:column /sdl /Od /D WIN32 /D OPEN_CPP_COVERAGE_EXPORTS /D _DEBUG /D _CONSOLE /D _LIB /D BOOST_CONFIG_SUPPRESS_OUTDATED_MESSAGE /D "OPENCPPCOVERAGE_VERSION=\"0.9.9.0\"" /D _CRT_SECURE_NO_WARNINGS /D "PROJECT_DIR=R\"|(D:\a\OpenCppCoverage-ARM64\OpenCppCoverage-ARM64\OpenCppCoverage\)|\"" /D "SOLUTION_DIR=R\"|(D:\a\OpenCppCoverage-ARM64\OpenCppCoverage-ARM64\)|\"" /D "TARGET_FILE_NAME=R\"|(OpenCppCoverage.exe)|\"" /D "OUT_DIR=R\"|(D:\a\OpenCppCoverage-ARM64\OpenCppCoverage-ARM64\x64\Debug\)|\"" /D NOMINMAX /D _UNICODE /D UNICODE /Gm- /EHsc /RTC1 /MDd /GS /fp:precise /Zc:wchar_t /Zc:forScope /Zc:inline /std:c++17 /permissive- /Yc"stdafx.h" /Fp"x64\Debug\OpenCppCoverage.pch" /Fo"x64\Debug\\" /Fd"x64\Debug\vc143.pdb" /external:W3 /Gd /TP /FC /errorReport:queue stdafx.cpp
2026-08-20T10:16:59.6951536Z      3>Project "D:\a\OpenCppCoverage-ARM64\OpenCppCoverage-ARM64\ExporterTest\ExporterTest.vcxproj.metaproj" (3) is building "D:\a\OpenCppCoverage-ARM64\OpenCppCoverage-ARM64\ExporterTest\ExporterTest.vcxproj" (21) on node 2 (default targets).
2026-08-20T10:16:59.6961245Z     21>PrepareForBuild:
2026-08-20T10:16:59.6974970Z          Creating directory "x64\Debug\".
2026-08-20T10:16:59.6985982Z          Structured output is enabled. The formatting of compiler diagnostics will reflect the error hierarchy. See https://aka.ms/cpp/structured-output for more details.
2026-08-20T10:16:59.6997136Z          Creating directory "x64\Debug\ExporterTest.tlog\".
2026-08-20T10:16:59.7030674Z        InitializeBuildStatus:
2026-08-20T10:16:59.7048119Z          Creating "x64\Debug\ExporterTest.tlog\unsuccessfulbuild" because "AlwaysCreate" was specified.
2026-08-20T10:16:59.7051419Z          Touching "x64\Debug\ExporterTest.tlog\unsuccessfulbuild".
2026-08-20T10:16:59.7274493Z      6>ClCompile:
2026-08-20T10:16:59.7280319Z          stdafx.cpp
2026-08-20T10:16:59.7340085Z     21>VcpkgTripletSelection:
2026-08-20T10:16:59.7364970Z          Using triplet "x64-windows" from "D:\a\OpenCppCoverage-ARM64\OpenCppCoverage-ARM64\vcpkg_installed\x64-windows\"
2026-08-20T10:16:59.7368143Z          Using normalized configuration "Debug"
2026-08-20T10:16:59.7372657Z        VcpkgBootstrap:
2026-08-20T10:16:59.7380219Z        Skipping target "VcpkgBootstrap" because all output files are up-to-date with respect to the input files.
2026-08-20T10:16:59.7381397Z        VcpkgInstallManifestDependencies:
2026-08-20T10:16:59.7382516Z        Skipping target "VcpkgInstallManifestDependencies" because all output files are up-to-date with respect to the input files.
2026-08-20T10:16:59.7515420Z        ClCompile:
2026-08-20T10:16:59.7524267Z          C:\Program Files\Microsoft Visual Studio\2022\Enterprise\VC\Tools\MSVC\14.44.35207\bin\HostX64\x64\CL.exe /c /I"D:\a\OpenCppCoverage-ARM64\OpenCppCoverage-ARM64\\" /I"D:\a\OpenCppCoverage-ARM64\OpenCppCoverage-ARM64\ExporterTest\\" /I"D:\a\OpenCppCoverage-ARM64\OpenCppCoverage-ARM64\vcpkg_installed\x64-windows\include" /ZI /JMC /nologo /W3 /WX /diagnostics:column /sdl /Od /D WIN32 /D _DEBUG /D _CONSOLE /D _LIB /D _SCL_SECURE_NO_WARNINGS /D GTEST_LINKED_AS_SHARED_LIBRARY=1 /D _SILENCE_TR1_NAMESPACE_DEPRECATION_WARNING /D BOOST_CONFIG_SUPPRESS_OUTDATED_MESSAGE /D "OPENCPPCOVERAGE_VERSION=\"0.9.9.0\"" /D _CRT_SECURE_NO_WARNINGS /D "PROJECT_DIR=R\"|(D:\a\OpenCppCoverage-ARM64\OpenCppCoverage-ARM64\ExporterTest\)|\"" /D "SOLUTION_DIR=R\"|(D:\a\OpenCppCoverage-ARM64\OpenCppCoverage-ARM64\)|\"" /D "TARGET_FILE_NAME=R\"|(ExporterTest.exe)|\"" /D "OUT_DIR=R\"|(D:\a\OpenCppCoverage-ARM64\OpenCppCoverage-ARM64\x64\Debug\)|\"" /D NOMINMAX /D _UNICODE /D UNICODE /Gm- /EHsc /RTC1 /MDd /GS /fp:precise /Zc:wchar_t /Zc:forScope /Zc:inline /std:c++17 /permissive- /Yc"stdafx.h" /Fp"x64\Debug\ExporterTest.pch" /Fo"x64\Debug\\" /Fd"x64\Debug\vc143.pdb" /external:W3 /Gd /TP /wd4251 /wd4275 /FC /errorReport:queue stdafx.cpp
2026-08-20T10:16:59.7960290Z          stdafx.cpp
2026-08-20T10:16:59.9080996Z      6>ClCompile:
2026-08-20T10:16:59.9087913Z          C:\Program Files\Microsoft Visual Studio\2022\Enterprise\VC\Tools\MSVC\14.44.35207\bin\HostX64\x64\CL.exe /c /I"D:\a\OpenCppCoverage-ARM64\OpenCppCoverage-ARM64\\" /I"D:\a\OpenCppCoverage-ARM64\OpenCppCoverage-ARM64\OpenCppCoverage\\" /I"D:\a\OpenCppCoverage-ARM64\OpenCppCoverage-ARM64\vcpkg_installed\x64-windows\include" /ZI /JMC /nologo /W3 /WX /diagnostics:column /sdl /Od /D WIN32 /D OPEN_CPP_COVERAGE_EXPORTS /D _DEBUG /D _CONSOLE /D _LIB /D BOOST_CONFIG_SUPPRESS_OUTDATED_MESSAGE /D "OPENCPPCOVERAGE_VERSION=\"0.9.9.0\"" /D _CRT_SECURE_NO_WARNINGS /D "PROJECT_DIR=R\"|(D:\a\OpenCppCoverage-ARM64\OpenCppCoverage-ARM64\OpenCppCoverage\)|\"" /D "SOLUTION_DIR=R\"|(D:\a\OpenCppCoverage-ARM64\OpenCppCoverage-ARM64\)|\"" /D "TARGET_FILE_NAME=R\"|(OpenCppCoverage.exe)|\"" /D "OUT_DIR=R\"|(D:\a\OpenCppCoverage-ARM64\OpenCppCoverage-ARM64\x64\Debug\)|\"" /D NOMINMAX /D _UNICODE /D UNICODE /Gm- /EHsc /RTC1 /MDd /GS /fp:precise /Zc:wchar_t /Zc:forScope /Zc:inline /std:c++17 /permissive- /Yu"stdafx.h" /Fp"x64\Debug\OpenCppCoverage.pch" /Fo"x64\Debug\\" /Fd"x64\Debug\vc143.pdb" /external:W3 /Gd /TP /FC /errorReport:queue main.cpp OpenCppCoverage.cpp
2026-08-20T10:16:59.9473400Z          main.cpp
2026-08-20T10:17:00.2934331Z     20>ClCompile:
2026-08-20T10:17:00.2937390Z          StartInfoTest.cpp
2026-08-20T10:17:00.4429853Z      6>ClCompile:
2026-08-20T10:17:00.4433881Z          OpenCppCoverage.cpp
2026-08-20T10:17:00.6792029Z     20>ClCompile:
2026-08-20T10:17:00.6793162Z          TestTools.cpp
2026-08-20T10:17:01.7528591Z     21>ClCompile:
2026-08-20T10:17:01.7538137Z          C:\Program Files\Microsoft Visual Studio\2022\Enterprise\VC\Tools\MSVC\14.44.35207\bin\HostX64\x64\CL.exe /c /I"D:\a\OpenCppCoverage-ARM64\OpenCppCoverage-ARM64\\" /I"D:\a\OpenCppCoverage-ARM64\OpenCppCoverage-ARM64\ExporterTest\\" /I"D:\a\OpenCppCoverage-ARM64\OpenCppCoverage-ARM64\vcpkg_installed\x64-windows\include" /ZI /JMC /nologo /W3 /WX /diagnostics:column /sdl /Od /D WIN32 /D _DEBUG /D _CONSOLE /D _LIB /D _SCL_SECURE_NO_WARNINGS /D GTEST_LINKED_AS_SHARED_LIBRARY=1 /D _SILENCE_TR1_NAMESPACE_DEPRECATION_WARNING /D BOOST_CONFIG_SUPPRESS_OUTDATED_MESSAGE /D "OPENCPPCOVERAGE_VERSION=\"0.9.9.0\"" /D _CRT_SECURE_NO_WARNINGS /D "PROJECT_DIR=R\"|(D:\a\OpenCppCoverage-ARM64\OpenCppCoverage-ARM64\ExporterTest\)|\"" /D "SOLUTION_DIR=R\"|(D:\a\OpenCppCoverage-ARM64\OpenCppCoverage-ARM64\)|\"" /D "TARGET_FILE_NAME=R\"|(ExporterTest.exe)|\"" /D "OUT_DIR=R\"|(D:\a\OpenCppCoverage-ARM64\OpenCppCoverage-ARM64\x64\Debug\)|\"" /D NOMINMAX /D _UNICODE /D UNICODE /Gm- /EHsc /RTC1 /MDd /GS /fp:precise /Zc:wchar_t /Zc:forScope /Zc:inline /std:c++17 /permissive- /Yu"stdafx.h" /Fp"x64\Debug\ExporterTest.pch" /Fo"x64\Debug\\" /Fd"x64\Debug\vc143.pdb" /external:W3 /Gd /TP /wd4251 /wd4275 /FC /errorReport:queue BinaryExporterTest.cpp CoberturaExporterTest.cpp CoverageDataSerializerTest.cpp ExporterPluginManagerTest.cpp ExporterTest.cpp HtmlExporterTest.cpp HtmlFileCoverageExporterTest.cpp HtmlFolderStructureTest.cpp TemplateHtmlExporterTest.cpp
2026-08-20T10:17:01.8012458Z          BinaryExporterTest.cpp
2026-08-20T10:17:02.1082466Z     20>ClCompile:
2026-08-20T10:17:02.1084290Z          WildcardsTest.cpp
2026-08-20T10:17:02.1624172Z     21>ClCompile:
2026-08-20T10:17:02.1625114Z          CoberturaExporterTest.cpp
2026-08-20T10:17:02.3068125Z     20>ClCompile:
2026-08-20T10:17:02.3069073Z          Generating Code...
2026-08-20T10:17:02.9049323Z        Link:
2026-08-20T10:17:02.9055528Z          C:\Program Files\Microsoft Visual Studio\2022\Enterprise\VC\Tools\MSVC\14.44.35207\bin\HostX64\x64\link.exe /ERRORREPORT:QUEUE /OUT:"D:\a\OpenCppCoverage-ARM64\OpenCppCoverage-ARM64\x64\Debug\CppCoverageTest.exe" /INCREMENTAL /ILK:"x64\Debug\CppCoverageTest.ilk" /NOLOGO /LIBPATH:"D:\a\OpenCppCoverage-ARM64\OpenCppCoverage-ARM64\vcpkg_installed\x64-windows\debug\lib" /LIBPATH:"D:\a\OpenCppCoverage-ARM64\OpenCppCoverage-ARM64\vcpkg_installed\x64-windows\debug\lib\manual-link" gmock.lib gtest.lib bcrypt.lib kernel32.lib user32.lib gdi32.lib winspool.lib comdlg32.lib advapi32.lib shell32.lib ole32.lib oleaut32.lib uuid.lib odbc32.lib odbccp32.lib "D:\a\OpenCppCoverage-ARM64\OpenCppCoverage-ARM64\vcpkg_installed\x64-windows\debug\lib\*.lib" /MANIFEST /MANIFESTUAC:"level='asInvoker' uiAccess='false'" /manifest:embed /DEBUG /PDB:"D:\a\OpenCppCoverage-ARM64\OpenCppCoverage-ARM64\x64\Debug\CppCoverageTest.pdb" /SUBSYSTEM:CONSOLE /TLBID:1 /DYNAMICBASE /NXCOMPAT /IMPLIB:"D:\a\OpenCppCoverage-ARM64\OpenCppCoverage-ARM64\x64\Debug\CppCoverageTest.lib" /MACHINE:X64 x64\Debug\BreakPointTest.obj
2026-08-20T10:17:02.9063467Z          x64\Debug\CodeCoverageRunnerTest.obj
2026-08-20T10:17:02.9064605Z          x64\Debug\CoverageDataMergerRandomTest.obj
2026-08-20T10:17:02.9065332Z          x64\Debug\CoverageDataMergerTest.obj
2026-08-20T10:17:02.9065909Z          x64\Debug\CppCliTest.obj
2026-08-20T10:17:02.9066493Z          x64\Debug\DebugInformationEnumeratorTest.obj
2026-08-20T10:17:02.9067107Z          x64\Debug\FilterAssistantTest.obj
2026-08-20T10:17:02.9068120Z          x64\Debug\UnifiedDiffCoverageFilterManagerTest.obj
2026-08-20T10:17:02.9068863Z          x64\Debug\OptionsParserUnifiedDiffTest.obj
2026-08-20T10:17:02.9069546Z          x64\Debug\WildcardCoverageFilterTest.obj
2026-08-20T10:17:02.9070259Z          x64\Debug\CoverageRateComputerTest.obj
2026-08-20T10:17:02.9070815Z          x64\Debug\CoverageRateTest.obj
2026-08-20T10:17:02.9071411Z          x64\Debug\CppCoverageExceptionTest.obj
2026-08-20T10:17:02.9071973Z          x64\Debug\CppCoverageTest.obj
2026-08-20T10:17:02.9072532Z          x64\Debug\DebuggerTest.obj
2026-08-20T10:17:02.9073853Z          x64\Debug\ExceptionHandlerTest.obj
2026-08-20T10:17:02.9074482Z          x64\Debug\ExecutedAddressManagerTest.obj
2026-08-20T10:17:02.9075108Z          x64\Debug\HandleInformationTest.obj
2026-08-20T10:17:02.9075773Z          x64\Debug\OptionsParserConfigTest.obj
2026-08-20T10:17:02.9076420Z          x64\Debug\OptionsParserExportTest.obj
2026-08-20T10:17:02.9077066Z          x64\Debug\OptionsParserPatternTest.obj
2026-08-20T10:17:02.9077930Z          x64\Debug\OptionsParserTest.obj
2026-08-20T10:17:02.9078532Z          x64\Debug\ProcessTest.obj
2026-08-20T10:17:02.9079097Z          x64\Debug\StartInfoTest.obj
2026-08-20T10:17:02.9079633Z          x64\Debug\stdafx.obj
2026-08-20T10:17:02.9080223Z          x64\Debug\TestTools.obj
2026-08-20T10:17:02.9080799Z          x64\Debug\WildcardsTest.obj
2026-08-20T10:17:02.9081592Z          "D:\a\OpenCppCoverage-ARM64\OpenCppCoverage-ARM64\x64\Debug\CppCoverage.lib"
2026-08-20T10:17:02.9082577Z          "D:\a\OpenCppCoverage-ARM64\OpenCppCoverage-ARM64\x64\Debug\FileFilter.lib"
2026-08-20T10:17:02.9083507Z          "D:\a\OpenCppCoverage-ARM64\OpenCppCoverage-ARM64\x64\Debug\Plugin.lib"
2026-08-20T10:17:02.9084524Z          "D:\a\OpenCppCoverage-ARM64\OpenCppCoverage-ARM64\x64\Debug\TestCoverageOptimizedBuild.lib"
2026-08-20T10:17:02.9085671Z          "D:\a\OpenCppCoverage-ARM64\OpenCppCoverage-ARM64\x64\Debug\TestCoverageSharedLib.lib"
2026-08-20T10:17:02.9086704Z          "D:\a\OpenCppCoverage-ARM64\OpenCppCoverage-ARM64\x64\Debug\TestHelper.lib"
2026-08-20T10:17:02.9087840Z          "D:\a\OpenCppCoverage-ARM64\OpenCppCoverage-ARM64\x64\Debug\Tools.lib"
2026-08-20T10:17:03.4459134Z          CppCoverageTest.vcxproj -> D:\a\OpenCppCoverage-ARM64\OpenCppCoverage-ARM64\x64\Debug\CppCoverageTest.exe
2026-08-20T10:17:03.4512536Z        AppLocalFromInstalled:
2026-08-20T10:17:03.4515574Z          "C:\Users\runneradmin\AppData\Local\OpenCppCoverage\vcpkg\vcpkg.exe" z-applocal --target-binary="D:\a\OpenCppCoverage-ARM64\OpenCppCoverage-ARM64\x64\Debug\CppCoverageTest.exe" --installed-bin-dir="D:\a\OpenCppCoverage-ARM64\OpenCppCoverage-ARM64\vcpkg_installed\x64-windows\debug\bin" --tlog-file="x64\Debug\CppCoverageTest.tlog\CppCoverageTest.write.1u.tlog" --copied-files-log="x64\Debug\vcpkg.applocal.log"
2026-08-20T10:17:03.5054797Z          D:\a\OpenCppCoverage-ARM64\OpenCppCoverage-ARM64\vcpkg_installed\x64-windows\debug\bin\gmock.dll
2026-08-20T10:17:03.5065988Z          D:\a\OpenCppCoverage-ARM64\OpenCppCoverage-ARM64\vcpkg_installed\x64-windows\debug\bin\boost_log-vc143-mt-gd-x64-1_91.dll
2026-08-20T10:17:03.5079009Z          D:\a\OpenCppCoverage-ARM64\OpenCppCoverage-ARM64\vcpkg_installed\x64-windows\debug\bin\boost_filesystem-vc143-mt-gd-x64-1_91.dll
2026-08-20T10:17:03.5082835Z          D:\a\OpenCppCoverage-ARM64\OpenCppCoverage-ARM64\vcpkg_installed\x64-windows\debug\bin\boost_thread-vc143-mt-gd-x64-1_91.dll
2026-08-20T10:17:03.5084732Z          D:\a\OpenCppCoverage-ARM64\OpenCppCoverage-ARM64\vcpkg_installed\x64-windows\debug\bin\boost_program_options-vc143-mt-gd-x64-1_91.dll
2026-08-20T10:17:03.5091219Z          D:\a\OpenCppCoverage-ARM64\OpenCppCoverage-ARM64\vcpkg_installed\x64-windows\debug\bin\boost_iostreams-vc143-mt-gd-x64-1_91.dll
2026-08-20T10:17:03.5096495Z          D:\a\OpenCppCoverage-ARM64\OpenCppCoverage-ARM64\vcpkg_installed\x64-windows\debug\bin\zd.dll
2026-08-20T10:17:03.5108241Z          D:\a\OpenCppCoverage-ARM64\OpenCppCoverage-ARM64\vcpkg_installed\x64-windows\debug\bin\bz2d.dll
2026-08-20T10:17:03.5113810Z          D:\a\OpenCppCoverage-ARM64\OpenCppCoverage-ARM64\vcpkg_installed\x64-windows\debug\bin\liblzma.dll
2026-08-20T10:17:03.5121759Z          D:\a\OpenCppCoverage-ARM64\OpenCppCoverage-ARM64\vcpkg_installed\x64-windows\debug\bin\zstd.dll
2026-08-20T10:17:03.5125390Z          D:\a\OpenCppCoverage-ARM64\OpenCppCoverage-ARM64\vcpkg_installed\x64-windows\debug\bin\boost_locale-vc143-mt-gd-x64-1_91.dll
2026-08-20T10:17:03.5134642Z          D:\a\OpenCppCoverage-ARM64\OpenCppCoverage-ARM64\vcpkg_installed\x64-windows\debug\bin\PocoFoundationd.dll
2026-08-20T10:17:03.5136873Z          D:\a\OpenCppCoverage-ARM64\OpenCppCoverage-ARM64\vcpkg_installed\x64-windows\debug\bin\pcre2-8d.dll
2026-08-20T10:17:03.5140131Z          D:\a\OpenCppCoverage-ARM64\OpenCppCoverage-ARM64\vcpkg_installed\x64-windows\debug\bin\utf8proc.dll
2026-08-20T10:17:03.5627389Z        FinalizeBuildStatus:
2026-08-20T10:17:03.5628194Z          Deleting file "x64\Debug\CppCoverageTest.tlog\unsuccessfulbuild".
2026-08-20T10:17:03.5632314Z          Touching "x64\Debug\CppCoverageTest.tlog\CppCoverageTest.lastbuildstate".
2026-08-20T10:17:03.5650273Z     20>Done Building Project "D:\a\OpenCppCoverage-ARM64\OpenCppCoverage-ARM64\CppCoverageTest\CppCoverageTest.vcxproj" (default targets).
2026-08-20T10:17:03.5665879Z      2>Done Building Project "D:\a\OpenCppCoverage-ARM64\OpenCppCoverage-ARM64\CppCoverageTest\CppCoverageTest.vcxproj.metaproj" (default targets).
2026-08-20T10:17:03.6558897Z      6>ClCompile:
2026-08-20T10:17:03.6559869Z          Generating Code...
2026-08-20T10:17:03.6866313Z     21>ClCompile:
2026-08-20T10:17:03.6867058Z          CoverageDataSerializerTest.cpp
2026-08-20T10:17:03.8700071Z      6>Link:
2026-08-20T10:17:03.8706619Z          C:\Program Files\Microsoft Visual Studio\2022\Enterprise\VC\Tools\MSVC\14.44.35207\bin\HostX64\x64\link.exe /ERRORREPORT:QUEUE /OUT:"D:\a\OpenCppCoverage-ARM64\OpenCppCoverage-ARM64\x64\Debug\OpenCppCoverage.exe" /INCREMENTAL /ILK:"x64\Debug\OpenCppCoverage.ilk" /NOLOGO /LIBPATH:"D:\a\OpenCppCoverage-ARM64\OpenCppCoverage-ARM64\vcpkg_installed\x64-windows\debug\lib" /LIBPATH:"D:\a\OpenCppCoverage-ARM64\OpenCppCoverage-ARM64\vcpkg_installed\x64-windows\debug\lib\manual-link" bcrypt.lib kernel32.lib user32.lib gdi32.lib winspool.lib comdlg32.lib advapi32.lib shell32.lib ole32.lib oleaut32.lib uuid.lib odbc32.lib odbccp32.lib "D:\a\OpenCppCoverage-ARM64\OpenCppCoverage-ARM64\vcpkg_installed\x64-windows\debug\lib\*.lib" /MANIFEST /MANIFESTUAC:"level='asInvoker' uiAccess='false'" /manifest:embed /DEBUG /PDB:"D:\a\OpenCppCoverage-ARM64\OpenCppCoverage-ARM64\x64\Debug\OpenCppCoverage.pdb" /SUBSYSTEM:CONSOLE /TLBID:1 /DYNAMICBASE /NXCOMPAT /IMPLIB:"D:\a\OpenCppCoverage-ARM64\OpenCppCoverage-ARM64\x64\Debug\OpenCppCoverage.lib" /MACHINE:X64 x64\Debug\main.obj
2026-08-20T10:17:03.8712825Z          x64\Debug\OpenCppCoverage.obj
2026-08-20T10:17:03.8713397Z          x64\Debug\stdafx.obj
2026-08-20T10:17:03.8714095Z          "D:\a\OpenCppCoverage-ARM64\OpenCppCoverage-ARM64\x64\Debug\CppCoverage.lib"
2026-08-20T10:17:03.8715006Z          "D:\a\OpenCppCoverage-ARM64\OpenCppCoverage-ARM64\x64\Debug\Exporter.lib"
2026-08-20T10:17:03.8715873Z          "D:\a\OpenCppCoverage-ARM64\OpenCppCoverage-ARM64\x64\Debug\Plugin.lib"
2026-08-20T10:17:03.8716755Z          "D:\a\OpenCppCoverage-ARM64\OpenCppCoverage-ARM64\x64\Debug\Tools.lib"
2026-08-20T10:17:04.1381211Z          OpenCppCoverage.vcxproj -> D:\a\OpenCppCoverage-ARM64\OpenCppCoverage-ARM64\x64\Debug\OpenCppCoverage.exe
2026-08-20T10:17:04.1399528Z        AppLocalFromInstalled:
2026-08-20T10:17:04.1402223Z          "C:\Users\runneradmin\AppData\Local\OpenCppCoverage\vcpkg\vcpkg.exe" z-applocal --target-binary="D:\a\OpenCppCoverage-ARM64\OpenCppCoverage-ARM64\x64\Debug\OpenCppCoverage.exe" --installed-bin-dir="D:\a\OpenCppCoverage-ARM64\OpenCppCoverage-ARM64\vcpkg_installed\x64-windows\debug\bin" --tlog-file="x64\Debug\OpenCppCoverage.tlog\OpenCppCoverage.write.1u.tlog" --copied-files-log="x64\Debug\vcpkg.applocal.log"
2026-08-20T10:17:04.1892562Z          D:\a\OpenCppCoverage-ARM64\OpenCppCoverage-ARM64\vcpkg_installed\x64-windows\debug\bin\boost_log-vc143-mt-gd-x64-1_91.dll
2026-08-20T10:17:04.1900910Z          D:\a\OpenCppCoverage-ARM64\OpenCppCoverage-ARM64\vcpkg_installed\x64-windows\debug\bin\boost_filesystem-vc143-mt-gd-x64-1_91.dll
2026-08-20T10:17:04.1908408Z          D:\a\OpenCppCoverage-ARM64\OpenCppCoverage-ARM64\vcpkg_installed\x64-windows\debug\bin\boost_thread-vc143-mt-gd-x64-1_91.dll
2026-08-20T10:17:04.1916612Z          D:\a\OpenCppCoverage-ARM64\OpenCppCoverage-ARM64\vcpkg_installed\x64-windows\debug\bin\boost_program_options-vc143-mt-gd-x64-1_91.dll
2026-08-20T10:17:04.1947007Z          D:\a\OpenCppCoverage-ARM64\OpenCppCoverage-ARM64\vcpkg_installed\x64-windows\debug\bin\boost_iostreams-vc143-mt-gd-x64-1_91.dll
2026-08-20T10:17:04.1954490Z          D:\a\OpenCppCoverage-ARM64\OpenCppCoverage-ARM64\vcpkg_installed\x64-windows\debug\bin\zd.dll
2026-08-20T10:17:04.1963044Z          D:\a\OpenCppCoverage-ARM64\OpenCppCoverage-ARM64\vcpkg_installed\x64-windows\debug\bin\bz2d.dll
2026-08-20T10:17:04.1966086Z          D:\a\OpenCppCoverage-ARM64\OpenCppCoverage-ARM64\vcpkg_installed\x64-windows\debug\bin\liblzma.dll
2026-08-20T10:17:04.1968044Z          D:\a\OpenCppCoverage-ARM64\OpenCppCoverage-ARM64\vcpkg_installed\x64-windows\debug\bin\zstd.dll
2026-08-20T10:17:04.1969194Z          D:\a\OpenCppCoverage-ARM64\OpenCppCoverage-ARM64\vcpkg_installed\x64-windows\debug\bin\boost_locale-vc143-mt-gd-x64-1_91.dll
2026-08-20T10:17:04.1971043Z          D:\a\OpenCppCoverage-ARM64\OpenCppCoverage-ARM64\vcpkg_installed\x64-windows\debug\bin\abseil_dll.dll
2026-08-20T10:17:04.1973533Z          D:\a\OpenCppCoverage-ARM64\OpenCppCoverage-ARM64\vcpkg_installed\x64-windows\debug\bin\libctemplate.dll
2026-08-20T10:17:04.1975218Z          D:\a\OpenCppCoverage-ARM64\OpenCppCoverage-ARM64\vcpkg_installed\x64-windows\debug\bin\libprotobuf-lited.dll
2026-08-20T10:17:04.1976596Z          D:\a\OpenCppCoverage-ARM64\OpenCppCoverage-ARM64\vcpkg_installed\x64-windows\debug\bin\libprotobufd.dll
2026-08-20T10:17:04.2223325Z        PostBuildEvent:
2026-08-20T10:17:04.2224617Z          if not exist "D:\a\OpenCppCoverage-ARM64\OpenCppCoverage-ARM64\x64\Debug\Plugins\Exporter" mkdir "D:\a\OpenCppCoverage-ARM64\OpenCppCoverage-ARM64\x64\Debug\Plugins\Exporter"
2026-08-20T10:17:04.2225792Z          :VCEnd
2026-08-20T10:17:04.2549038Z        FinalizeBuildStatus:
2026-08-20T10:17:04.2550507Z          Deleting file "x64\Debug\OpenCppCoverage.tlog\unsuccessfulbuild".
2026-08-20T10:17:04.2553136Z          Touching "x64\Debug\OpenCppCoverage.tlog\OpenCppCoverage.lastbuildstate".
2026-08-20T10:17:04.2567514Z      6>Done Building Project "D:\a\OpenCppCoverage-ARM64\OpenCppCoverage-ARM64\OpenCppCoverage\OpenCppCoverage.vcxproj" (default targets).
2026-08-20T10:17:04.2635086Z     21>ClCompile:
2026-08-20T10:17:04.2635782Z          ExporterPluginManagerTest.cpp
2026-08-20T10:17:05.5011917Z          ExporterTest.cpp
2026-08-20T10:17:06.2707811Z          HtmlExporterTest.cpp
2026-08-20T10:17:06.7424787Z          HtmlFileCoverageExporterTest.cpp
2026-08-20T10:17:07.5745324Z          HtmlFolderStructureTest.cpp
2026-08-20T10:17:07.8628406Z          TemplateHtmlExporterTest.cpp
2026-08-20T10:17:08.4644344Z          Generating Code...
2026-08-20T10:17:09.4911979Z        Link:
2026-08-20T10:17:09.4918116Z          C:\Program Files\Microsoft Visual Studio\2022\Enterprise\VC\Tools\MSVC\14.44.35207\bin\HostX64\x64\link.exe /ERRORREPORT:QUEUE /OUT:"D:\a\OpenCppCoverage-ARM64\OpenCppCoverage-ARM64\x64\Debug\ExporterTest.exe" /INCREMENTAL /ILK:"x64\Debug\ExporterTest.ilk" /NOLOGO /LIBPATH:"D:\a\OpenCppCoverage-ARM64\OpenCppCoverage-ARM64\vcpkg_installed\x64-windows\debug\lib" /LIBPATH:"D:\a\OpenCppCoverage-ARM64\OpenCppCoverage-ARM64\vcpkg_installed\x64-windows\debug\lib\manual-link" gmock.lib gtest.lib bcrypt.lib kernel32.lib user32.lib gdi32.lib winspool.lib comdlg32.lib advapi32.lib shell32.lib ole32.lib oleaut32.lib uuid.lib odbc32.lib odbccp32.lib "D:\a\OpenCppCoverage-ARM64\OpenCppCoverage-ARM64\vcpkg_installed\x64-windows\debug\lib\*.lib" /MANIFEST /MANIFESTUAC:"level='asInvoker' uiAccess='false'" /manifest:embed /DEBUG /PDB:"D:\a\OpenCppCoverage-ARM64\OpenCppCoverage-ARM64\x64\Debug\ExporterTest.pdb" /SUBSYSTEM:CONSOLE /TLBID:1 /DYNAMICBASE /NXCOMPAT /IMPLIB:"D:\a\OpenCppCoverage-ARM64\OpenCppCoverage-ARM64\x64\Debug\ExporterTest.lib" /MACHINE:X64 x64\Debug\BinaryExporterTest.obj
2026-08-20T10:17:09.4923917Z          x64\Debug\CoberturaExporterTest.obj
2026-08-20T10:17:09.4924719Z          x64\Debug\CoverageDataSerializerTest.obj
2026-08-20T10:17:09.4925275Z          x64\Debug\ExporterPluginManagerTest.obj
2026-08-20T10:17:09.4925784Z          x64\Debug\ExporterTest.obj
2026-08-20T10:17:09.4926247Z          x64\Debug\HtmlExporterTest.obj
2026-08-20T10:17:09.4926804Z          x64\Debug\HtmlFileCoverageExporterTest.obj
2026-08-20T10:17:09.4927352Z          x64\Debug\HtmlFolderStructureTest.obj
2026-08-20T10:17:09.4927842Z          x64\Debug\stdafx.obj
2026-08-20T10:17:09.4928292Z          x64\Debug\TemplateHtmlExporterTest.obj
2026-08-20T10:17:09.4929053Z          "D:\a\OpenCppCoverage-ARM64\OpenCppCoverage-ARM64\x64\Debug\CppCoverage.lib"
2026-08-20T10:17:09.4929944Z          "D:\a\OpenCppCoverage-ARM64\OpenCppCoverage-ARM64\x64\Debug\Exporter.lib"
2026-08-20T10:17:09.4930726Z          "D:\a\OpenCppCoverage-ARM64\OpenCppCoverage-ARM64\x64\Debug\Plugin.lib"
2026-08-20T10:17:09.4931530Z          "D:\a\OpenCppCoverage-ARM64\OpenCppCoverage-ARM64\x64\Debug\TestHelper.lib"
2026-08-20T10:17:09.4932318Z          "D:\a\OpenCppCoverage-ARM64\OpenCppCoverage-ARM64\x64\Debug\Tools.lib"
2026-08-20T10:17:09.6315987Z             Creating library D:\a\OpenCppCoverage-ARM64\OpenCppCoverage-ARM64\x64\Debug\ExporterTest.lib and object D:\a\OpenCppCoverage-ARM64\OpenCppCoverage-ARM64\x64\Debug\ExporterTest.exp
2026-08-20T10:17:09.8072308Z          ExporterTest.vcxproj -> D:\a\OpenCppCoverage-ARM64\OpenCppCoverage-ARM64\x64\Debug\ExporterTest.exe
2026-08-20T10:17:09.8110639Z        AppLocalFromInstalled:
2026-08-20T10:17:09.8113189Z          "C:\Users\runneradmin\AppData\Local\OpenCppCoverage\vcpkg\vcpkg.exe" z-applocal --target-binary="D:\a\OpenCppCoverage-ARM64\OpenCppCoverage-ARM64\x64\Debug\ExporterTest.exe" --installed-bin-dir="D:\a\OpenCppCoverage-ARM64\OpenCppCoverage-ARM64\vcpkg_installed\x64-windows\debug\bin" --tlog-file="x64\Debug\ExporterTest.tlog\ExporterTest.write.1u.tlog" --copied-files-log="x64\Debug\vcpkg.applocal.log"
2026-08-20T10:17:09.8562726Z          D:\a\OpenCppCoverage-ARM64\OpenCppCoverage-ARM64\vcpkg_installed\x64-windows\debug\bin\gmock.dll
2026-08-20T10:17:09.8565388Z          D:\a\OpenCppCoverage-ARM64\OpenCppCoverage-ARM64\vcpkg_installed\x64-windows\debug\bin\libctemplate.dll
2026-08-20T10:17:09.8567567Z          D:\a\OpenCppCoverage-ARM64\OpenCppCoverage-ARM64\vcpkg_installed\x64-windows\debug\bin\boost_log-vc143-mt-gd-x64-1_91.dll
2026-08-20T10:17:09.8570796Z          D:\a\OpenCppCoverage-ARM64\OpenCppCoverage-ARM64\vcpkg_installed\x64-windows\debug\bin\boost_filesystem-vc143-mt-gd-x64-1_91.dll
2026-08-20T10:17:09.8574429Z          D:\a\OpenCppCoverage-ARM64\OpenCppCoverage-ARM64\vcpkg_installed\x64-windows\debug\bin\boost_thread-vc143-mt-gd-x64-1_91.dll
2026-08-20T10:17:09.8578316Z          D:\a\OpenCppCoverage-ARM64\OpenCppCoverage-ARM64\vcpkg_installed\x64-windows\debug\bin\boost_program_options-vc143-mt-gd-x64-1_91.dll
2026-08-20T10:17:09.8581168Z          D:\a\OpenCppCoverage-ARM64\OpenCppCoverage-ARM64\vcpkg_installed\x64-windows\debug\bin\boost_iostreams-vc143-mt-gd-x64-1_91.dll
2026-08-20T10:17:09.8582997Z          D:\a\OpenCppCoverage-ARM64\OpenCppCoverage-ARM64\vcpkg_installed\x64-windows\debug\bin\zd.dll
2026-08-20T10:17:09.8585945Z          D:\a\OpenCppCoverage-ARM64\OpenCppCoverage-ARM64\vcpkg_installed\x64-windows\debug\bin\bz2d.dll
2026-08-20T10:17:09.8587169Z          D:\a\OpenCppCoverage-ARM64\OpenCppCoverage-ARM64\vcpkg_installed\x64-windows\debug\bin\liblzma.dll
2026-08-20T10:17:09.8589441Z          D:\a\OpenCppCoverage-ARM64\OpenCppCoverage-ARM64\vcpkg_installed\x64-windows\debug\bin\zstd.dll
2026-08-20T10:17:09.8591697Z          D:\a\OpenCppCoverage-ARM64\OpenCppCoverage-ARM64\vcpkg_installed\x64-windows\debug\bin\boost_locale-vc143-mt-gd-x64-1_91.dll
2026-08-20T10:17:09.8593944Z          D:\a\OpenCppCoverage-ARM64\OpenCppCoverage-ARM64\vcpkg_installed\x64-windows\debug\bin\abseil_dll.dll
2026-08-20T10:17:09.8595914Z          D:\a\OpenCppCoverage-ARM64\OpenCppCoverage-ARM64\vcpkg_installed\x64-windows\debug\bin\libprotobuf-lited.dll
2026-08-20T10:17:09.8598491Z          D:\a\OpenCppCoverage-ARM64\OpenCppCoverage-ARM64\vcpkg_installed\x64-windows\debug\bin\libprotobufd.dll
2026-08-20T10:17:09.8601333Z          D:\a\OpenCppCoverage-ARM64\OpenCppCoverage-ARM64\vcpkg_installed\x64-windows\debug\bin\PocoFoundationd.dll
2026-08-20T10:17:09.8603196Z          D:\a\OpenCppCoverage-ARM64\OpenCppCoverage-ARM64\vcpkg_installed\x64-windows\debug\bin\pcre2-8d.dll
2026-08-20T10:17:09.8605266Z          D:\a\OpenCppCoverage-ARM64\OpenCppCoverage-ARM64\vcpkg_installed\x64-windows\debug\bin\utf8proc.dll
2026-08-20T10:17:09.9046695Z        FinalizeBuildStatus:
2026-08-20T10:17:09.9047342Z          Deleting file "x64\Debug\ExporterTest.tlog\unsuccessfulbuild".
2026-08-20T10:17:09.9051410Z          Touching "x64\Debug\ExporterTest.tlog\ExporterTest.lastbuildstate".
2026-08-20T10:17:09.9066051Z     21>Done Building Project "D:\a\OpenCppCoverage-ARM64\OpenCppCoverage-ARM64\ExporterTest\ExporterTest.vcxproj" (default targets).
2026-08-20T10:17:09.9082443Z      3>Done Building Project "D:\a\OpenCppCoverage-ARM64\OpenCppCoverage-ARM64\ExporterTest\ExporterTest.vcxproj.metaproj" (default targets).
2026-08-20T10:17:09.9516332Z      1>Project "D:\a\OpenCppCoverage-ARM64\OpenCppCoverage-ARM64\CppCoverage.sln" (1) is building "D:\a\OpenCppCoverage-ARM64\OpenCppCoverage-ARM64\OpenCppCoverageTest\OpenCppCoverageTest.vcxproj.metaproj" (4) on node 1 (default targets).
2026-08-20T10:17:09.9519118Z      4>Project "D:\a\OpenCppCoverage-ARM64\OpenCppCoverage-ARM64\OpenCppCoverageTest\OpenCppCoverageTest.vcxproj.metaproj" (4) is building "D:\a\OpenCppCoverage-ARM64\OpenCppCoverage-ARM64\OpenCppCoverageTest\OpenCppCoverageTest.vcxproj" (22) on node 1 (default targets).
2026-08-20T10:17:09.9520731Z     22>PrepareForBuild:
2026-08-20T10:17:09.9521211Z          Creating directory "x64\Debug\".
2026-08-20T10:17:09.9532725Z          Structured output is enabled. The formatting of compiler diagnostics will reflect the error hierarchy. See https://aka.ms/cpp/structured-output for more details.
2026-08-20T10:17:09.9533912Z          Creating directory "x64\Debug\OpenCppC.F892B2B1.tlog\".
2026-08-20T10:17:09.9548906Z        InitializeBuildStatus:
2026-08-20T10:17:09.9549677Z          Creating "x64\Debug\OpenCppC.F892B2B1.tlog\unsuccessfulbuild" because "AlwaysCreate" was specified.
2026-08-20T10:17:09.9550541Z          Touching "x64\Debug\OpenCppC.F892B2B1.tlog\unsuccessfulbuild".
2026-08-20T10:17:09.9774628Z        VcpkgTripletSelection:
2026-08-20T10:17:09.9775550Z          Using triplet "x64-windows" from "D:\a\OpenCppCoverage-ARM64\OpenCppCoverage-ARM64\vcpkg_installed\x64-windows\"
2026-08-20T10:17:09.9776331Z          Using normalized configuration "Debug"
2026-08-20T10:17:09.9776826Z        VcpkgBootstrap:
2026-08-20T10:17:09.9777583Z        Skipping target "VcpkgBootstrap" because all output files are up-to-date with respect to the input files.
2026-08-20T10:17:09.9778353Z        VcpkgInstallManifestDependencies:
2026-08-20T10:17:09.9779245Z        Skipping target "VcpkgInstallManifestDependencies" because all output files are up-to-date with respect to the input files.
2026-08-20T10:17:09.9816672Z        ClCompile:
2026-08-20T10:17:09.9822849Z          C:\Program Files\Microsoft Visual Studio\2022\Enterprise\VC\Tools\MSVC\14.44.35207\bin\HostX64\x64\CL.exe /c /I"D:\a\OpenCppCoverage-ARM64\OpenCppCoverage-ARM64\\" /I"D:\a\OpenCppCoverage-ARM64\OpenCppCoverage-ARM64\OpenCppCoverageTest\\" /I"D:\a\OpenCppCoverage-ARM64\OpenCppCoverage-ARM64\vcpkg_installed\x64-windows\include" /ZI /JMC /nologo /W3 /WX /diagnostics:column /sdl /Od /D WIN32 /D _DEBUG /D _CONSOLE /D _LIB /D GTEST_LINKED_AS_SHARED_LIBRARY=1 /D _SILENCE_TR1_NAMESPACE_DEPRECATION_WARNING /D BOOST_CONFIG_SUPPRESS_OUTDATED_MESSAGE /D "OPENCPPCOVERAGE_VERSION=\"0.9.9.0\"" /D _CRT_SECURE_NO_WARNINGS /D "PROJECT_DIR=R\"|(D:\a\OpenCppCoverage-ARM64\OpenCppCoverage-ARM64\OpenCppCoverageTest\)|\"" /D "SOLUTION_DIR=R\"|(D:\a\OpenCppCoverage-ARM64\OpenCppCoverage-ARM64\)|\"" /D "TARGET_FILE_NAME=R\"|(OpenCppCoverageTest.exe)|\"" /D "OUT_DIR=R\"|(D:\a\OpenCppCoverage-ARM64\OpenCppCoverage-ARM64\x64\Debug\)|\"" /D NOMINMAX /D _UNICODE /D UNICODE /Gm- /EHsc /RTC1 /MDd /GS /fp:precise /Zc:wchar_t /Zc:forScope /Zc:inline /std:c++17 /permissive- /Yc"stdafx.h" /Fp"x64\Debug\OpenCppCoverageTest.pch" /Fo"x64\Debug\\" /Fd"x64\Debug\vc143.pdb" /external:W3 /Gd /TP /wd4251 /wd4275 /FC /errorReport:queue stdafx.cpp
2026-08-20T10:17:10.0203351Z          stdafx.cpp
2026-08-20T10:17:11.4537751Z          C:\Program Files\Microsoft Visual Studio\2022\Enterprise\VC\Tools\MSVC\14.44.35207\bin\HostX64\x64\CL.exe /c /I"D:\a\OpenCppCoverage-ARM64\OpenCppCoverage-ARM64\\" /I"D:\a\OpenCppCoverage-ARM64\OpenCppCoverage-ARM64\OpenCppCoverageTest\\" /I"D:\a\OpenCppCoverage-ARM64\OpenCppCoverage-ARM64\vcpkg_installed\x64-windows\include" /ZI /JMC /nologo /W3 /WX /diagnostics:column /sdl /Od /D WIN32 /D _DEBUG /D _CONSOLE /D _LIB /D GTEST_LINKED_AS_SHARED_LIBRARY=1 /D _SILENCE_TR1_NAMESPACE_DEPRECATION_WARNING /D BOOST_CONFIG_SUPPRESS_OUTDATED_MESSAGE /D "OPENCPPCOVERAGE_VERSION=\"0.9.9.0\"" /D _CRT_SECURE_NO_WARNINGS /D "PROJECT_DIR=R\"|(D:\a\OpenCppCoverage-ARM64\OpenCppCoverage-ARM64\OpenCppCoverageTest\)|\"" /D "SOLUTION_DIR=R\"|(D:\a\OpenCppCoverage-ARM64\OpenCppCoverage-ARM64\)|\"" /D "TARGET_FILE_NAME=R\"|(OpenCppCoverageTest.exe)|\"" /D "OUT_DIR=R\"|(D:\a\OpenCppCoverage-ARM64\OpenCppCoverage-ARM64\x64\Debug\)|\"" /D NOMINMAX /D _UNICODE /D UNICODE /Gm- /EHsc /RTC1 /MDd /GS /fp:precise /Zc:wchar_t /Zc:forScope /Zc:inline /std:c++17 /permissive- /Yu"stdafx.h" /Fp"x64\Debug\OpenCppCoverageTest.pch" /Fo"x64\Debug\\" /Fd"x64\Debug\vc143.pdb" /external:W3 /Gd /TP /wd4251 /wd4275 /FC /errorReport:queue CommandLineOptionsTest.cpp ImportExportTests.cpp OpenCppCoverageConsoleTest.cpp OpenCppCoverageTest.cpp OpenCppCoverageTestTools.cpp WarningManagerTests.cpp
2026-08-20T10:17:11.4884649Z          CommandLineOptionsTest.cpp
2026-08-20T10:17:12.4122396Z          ImportExportTests.cpp
2026-08-20T10:17:12.9562066Z          OpenCppCoverageConsoleTest.cpp
2026-08-20T10:17:14.1900954Z          OpenCppCoverageTest.cpp
2026-08-20T10:17:14.2046719Z          OpenCppCoverageTestTools.cpp
2026-08-20T10:17:14.8961700Z          WarningManagerTests.cpp
2026-08-20T10:17:15.7716290Z          Generating Code...
2026-08-20T10:17:16.2268606Z        Link:
2026-08-20T10:17:16.2272830Z          C:\Program Files\Microsoft Visual Studio\2022\Enterprise\VC\Tools\MSVC\14.44.35207\bin\HostX64\x64\link.exe /ERRORREPORT:QUEUE /OUT:"D:\a\OpenCppCoverage-ARM64\OpenCppCoverage-ARM64\x64\Debug\OpenCppCoverageTest.exe" /INCREMENTAL /ILK:"x64\Debug\OpenCppCoverageTest.ilk" /NOLOGO /LIBPATH:"D:\a\OpenCppCoverage-ARM64\OpenCppCoverage-ARM64\vcpkg_installed\x64-windows\debug\lib" /LIBPATH:"D:\a\OpenCppCoverage-ARM64\OpenCppCoverage-ARM64\vcpkg_installed\x64-windows\debug\lib\manual-link" gmock.lib gtest.lib bcrypt.lib kernel32.lib user32.lib gdi32.lib winspool.lib comdlg32.lib advapi32.lib shell32.lib ole32.lib oleaut32.lib uuid.lib odbc32.lib odbccp32.lib "D:\a\OpenCppCoverage-ARM64\OpenCppCoverage-ARM64\vcpkg_installed\x64-windows\debug\lib\*.lib" /MANIFEST /MANIFESTUAC:"level='asInvoker' uiAccess='false'" /manifest:embed /DEBUG /PDB:"D:\a\OpenCppCoverage-ARM64\OpenCppCoverage-ARM64\x64\Debug\OpenCppCoverageTest.pdb" /SUBSYSTEM:CONSOLE /TLBID:1 /DYNAMICBASE /NXCOMPAT /IMPLIB:"D:\a\OpenCppCoverage-ARM64\OpenCppCoverage-ARM64\x64\Debug\OpenCppCoverageTest.lib" /MACHINE:X64 x64\Debug\CommandLineOptionsTest.obj
2026-08-20T10:17:16.2277011Z          x64\Debug\ImportExportTests.obj
2026-08-20T10:17:16.2277418Z          x64\Debug\OpenCppCoverageConsoleTest.obj
2026-08-20T10:17:16.2277783Z          x64\Debug\OpenCppCoverageTest.obj
2026-08-20T10:17:16.2278143Z          x64\Debug\OpenCppCoverageTestTools.obj
2026-08-20T10:17:16.2278484Z          x64\Debug\stdafx.obj
2026-08-20T10:17:16.2278816Z          x64\Debug\WarningManagerTests.obj
2026-08-20T10:17:16.2279268Z          "D:\a\OpenCppCoverage-ARM64\OpenCppCoverage-ARM64\x64\Debug\CppCoverage.lib"
2026-08-20T10:17:16.2279957Z          "D:\a\OpenCppCoverage-ARM64\OpenCppCoverage-ARM64\x64\Debug\Exporter.lib"
2026-08-20T10:17:16.2280483Z          "D:\a\OpenCppCoverage-ARM64\OpenCppCoverage-ARM64\x64\Debug\Plugin.lib"
2026-08-20T10:17:16.2281098Z          "D:\a\OpenCppCoverage-ARM64\OpenCppCoverage-ARM64\x64\Debug\TestCoverageSharedLib.lib"
2026-08-20T10:17:16.2281703Z          "D:\a\OpenCppCoverage-ARM64\OpenCppCoverage-ARM64\x64\Debug\TestHelper.lib"
2026-08-20T10:17:16.2282237Z          "D:\a\OpenCppCoverage-ARM64\OpenCppCoverage-ARM64\x64\Debug\Tools.lib"
2026-08-20T10:17:16.4931786Z          OpenCppCoverageTest.vcxproj -> D:\a\OpenCppCoverage-ARM64\OpenCppCoverage-ARM64\x64\Debug\OpenCppCoverageTest.exe
2026-08-20T10:17:16.4948002Z        AppLocalFromInstalled:
2026-08-20T10:17:16.4950495Z          "C:\Users\runneradmin\AppData\Local\OpenCppCoverage\vcpkg\vcpkg.exe" z-applocal --target-binary="D:\a\OpenCppCoverage-ARM64\OpenCppCoverage-ARM64\x64\Debug\OpenCppCoverageTest.exe" --installed-bin-dir="D:\a\OpenCppCoverage-ARM64\OpenCppCoverage-ARM64\vcpkg_installed\x64-windows\debug\bin" --tlog-file="x64\Debug\OpenCppC.F892B2B1.tlog\OpenCppCoverageTest.write.1u.tlog" --copied-files-log="x64\Debug\vcpkg.applocal.log"
2026-08-20T10:17:16.5426739Z          D:\a\OpenCppCoverage-ARM64\OpenCppCoverage-ARM64\vcpkg_installed\x64-windows\debug\bin\gmock.dll
2026-08-20T10:17:16.5427973Z          D:\a\OpenCppCoverage-ARM64\OpenCppCoverage-ARM64\vcpkg_installed\x64-windows\debug\bin\PocoFoundationd.dll
2026-08-20T10:17:16.5429039Z          D:\a\OpenCppCoverage-ARM64\OpenCppCoverage-ARM64\vcpkg_installed\x64-windows\debug\bin\pcre2-8d.dll
2026-08-20T10:17:16.5430036Z          D:\a\OpenCppCoverage-ARM64\OpenCppCoverage-ARM64\vcpkg_installed\x64-windows\debug\bin\zd.dll
2026-08-20T10:17:16.5431079Z          D:\a\OpenCppCoverage-ARM64\OpenCppCoverage-ARM64\vcpkg_installed\x64-windows\debug\bin\utf8proc.dll
2026-08-20T10:17:16.5432211Z          D:\a\OpenCppCoverage-ARM64\OpenCppCoverage-ARM64\vcpkg_installed\x64-windows\debug\bin\boost_log-vc143-mt-gd-x64-1_91.dll
2026-08-20T10:17:16.5433542Z          D:\a\OpenCppCoverage-ARM64\OpenCppCoverage-ARM64\vcpkg_installed\x64-windows\debug\bin\boost_filesystem-vc143-mt-gd-x64-1_91.dll
2026-08-20T10:17:16.5434813Z          D:\a\OpenCppCoverage-ARM64\OpenCppCoverage-ARM64\vcpkg_installed\x64-windows\debug\bin\boost_thread-vc143-mt-gd-x64-1_91.dll
2026-08-20T10:17:16.5436204Z          D:\a\OpenCppCoverage-ARM64\OpenCppCoverage-ARM64\vcpkg_installed\x64-windows\debug\bin\boost_program_options-vc143-mt-gd-x64-1_91.dll
2026-08-20T10:17:16.5437636Z          D:\a\OpenCppCoverage-ARM64\OpenCppCoverage-ARM64\vcpkg_installed\x64-windows\debug\bin\boost_iostreams-vc143-mt-gd-x64-1_91.dll
2026-08-20T10:17:16.5438773Z          D:\a\OpenCppCoverage-ARM64\OpenCppCoverage-ARM64\vcpkg_installed\x64-windows\debug\bin\bz2d.dll
2026-08-20T10:17:16.5439718Z          D:\a\OpenCppCoverage-ARM64\OpenCppCoverage-ARM64\vcpkg_installed\x64-windows\debug\bin\liblzma.dll
2026-08-20T10:17:16.5440764Z          D:\a\OpenCppCoverage-ARM64\OpenCppCoverage-ARM64\vcpkg_installed\x64-windows\debug\bin\zstd.dll
2026-08-20T10:17:16.5441854Z          D:\a\OpenCppCoverage-ARM64\OpenCppCoverage-ARM64\vcpkg_installed\x64-windows\debug\bin\boost_locale-vc143-mt-gd-x64-1_91.dll
2026-08-20T10:17:16.5442984Z          D:\a\OpenCppCoverage-ARM64\OpenCppCoverage-ARM64\vcpkg_installed\x64-windows\debug\bin\abseil_dll.dll
2026-08-20T10:17:16.5444395Z          D:\a\OpenCppCoverage-ARM64\OpenCppCoverage-ARM64\vcpkg_installed\x64-windows\debug\bin\libctemplate.dll
2026-08-20T10:17:16.5445625Z          D:\a\OpenCppCoverage-ARM64\OpenCppCoverage-ARM64\vcpkg_installed\x64-windows\debug\bin\libprotobuf-lited.dll
2026-08-20T10:17:16.5446773Z          D:\a\OpenCppCoverage-ARM64\OpenCppCoverage-ARM64\vcpkg_installed\x64-windows\debug\bin\libprotobufd.dll
2026-08-20T10:17:16.5585986Z        PostBuildEvent:
2026-08-20T10:17:16.5587276Z          xcopy /y "D:\a\OpenCppCoverage-ARM64\OpenCppCoverage-ARM64\x64\Debug\TestCoverageSharedLib.dll" "D:\a\OpenCppCoverage-ARM64\OpenCppCoverage-ARM64\x64\Debug\Plugins\Exporter"
2026-08-20T10:17:16.5588696Z          :VCEnd
2026-08-20T10:17:16.5906191Z          D:\a\OpenCppCoverage-ARM64\OpenCppCoverage-ARM64\x64\Debug\TestCoverageSharedLib.dll
2026-08-20T10:17:16.5925332Z          1 File(s) copied
2026-08-20T10:17:16.5992897Z        FinalizeBuildStatus:
2026-08-20T10:17:16.5993960Z          Deleting file "x64\Debug\OpenCppC.F892B2B1.tlog\unsuccessfulbuild".
2026-08-20T10:17:16.5994892Z          Touching "x64\Debug\OpenCppC.F892B2B1.tlog\OpenCppCoverageTest.lastbuildstate".
2026-08-20T10:17:16.5996291Z     22>Done Building Project "D:\a\OpenCppCoverage-ARM64\OpenCppCoverage-ARM64\OpenCppCoverageTest\OpenCppCoverageTest.vcxproj" (default targets).
2026-08-20T10:17:16.6001511Z      4>Done Building Project "D:\a\OpenCppCoverage-ARM64\OpenCppCoverage-ARM64\OpenCppCoverageTest\OpenCppCoverageTest.vcxproj.metaproj" (default targets).
2026-08-20T10:17:16.6007622Z      1>Done Building Project "D:\a\OpenCppCoverage-ARM64\OpenCppCoverage-ARM64\CppCoverage.sln" (default targets).
2026-08-20T10:17:16.6731369Z Deferred Messages
2026-08-20T10:17:16.6734448Z          
2026-08-20T10:17:16.6735039Z          Detailed Build Summary
2026-08-20T10:17:16.6735699Z          ======================
2026-08-20T10:17:16.6736146Z              
2026-08-20T10:17:16.6736554Z          
2026-08-20T10:17:16.6737253Z          ============================== Build Hierarchy (IDs represent configurations) =====================================================
2026-08-20T10:17:16.6738084Z          Id                  : Exclusive Time   Total Time   Path (Targets)
2026-08-20T10:17:16.6738948Z          -----------------------------------------------------------------------------------------------------------------------------------
2026-08-20T10:17:16.6740364Z          0                   : 0.281s           123.792s       D:\a\OpenCppCoverage-ARM64\OpenCppCoverage-ARM64\CppCoverage.sln () 
2026-08-20T10:17:16.6741478Z          | 9                 : 0.000s           0.000s       D:\a\OpenCppCoverage-ARM64\OpenCppCoverage-ARM64\Tools\Tools.vcxproj () 
2026-08-20T10:17:16.6743842Z          | 16                : 0.000s           0.000s       D:\a\OpenCppCoverage-ARM64\OpenCppCoverage-ARM64\Plugin\Plugin.vcxproj () 
2026-08-20T10:17:16.6744943Z          | 15                : 0.000s           0.000s       D:\a\OpenCppCoverage-ARM64\OpenCppCoverage-ARM64\TestCppCli\TestCppCli.vcxproj () 
2026-08-20T10:17:16.6746569Z          | 14                : 0.000s           0.000s       D:\a\OpenCppCoverage-ARM64\OpenCppCoverage-ARM64\TestCoverageOptimizedBuild\TestCoverageOptimizedBuild.vcxproj () 
2026-08-20T10:17:16.6747796Z          | 11                : 0.000s           0.000s       D:\a\OpenCppCoverage-ARM64\OpenCppCoverage-ARM64\FileFilter\FileFilter.vcxproj () 
2026-08-20T10:17:16.6748881Z          | 5                 : 0.000s           0.000s       D:\a\OpenCppCoverage-ARM64\OpenCppCoverage-ARM64\Exporter\Exporter.vcxproj () 
2026-08-20T10:17:16.6750146Z          | 7                 : 0.000s           0.000s       D:\a\OpenCppCoverage-ARM64\OpenCppCoverage-ARM64\TestCoverageSharedLib\TestCoverageSharedLib.vcxproj () 
2026-08-20T10:17:16.6751745Z          | 3                 : 0.125s           110.473s       D:\a\OpenCppCoverage-ARM64\OpenCppCoverage-ARM64\CppCoverageTest\CppCoverageTest.vcxproj.metaproj () 
2026-08-20T10:17:16.6755133Z          | | 4               : 0.000s           0.000s       D:\a\OpenCppCoverage-ARM64\OpenCppCoverage-ARM64\TestCoverageConsole\TestCoverageConsole.vcxproj () 
2026-08-20T10:17:16.6756715Z          | | 1               : 0.000s           0.000s       D:\a\OpenCppCoverage-ARM64\OpenCppCoverage-ARM64\CppCoverage\CppCoverage.vcxproj () 
2026-08-20T10:17:16.6758174Z          | | 15              : 2.003s           26.857s       D:\a\OpenCppCoverage-ARM64\OpenCppCoverage-ARM64\TestCppCli\TestCppCli.vcxproj () 
2026-08-20T10:17:16.6759760Z          | | | 7             : 0.000s           0.000s       D:\a\OpenCppCoverage-ARM64\OpenCppCoverage-ARM64\TestCoverageSharedLib\TestCoverageSharedLib.vcxproj () 
2026-08-20T10:17:16.6762450Z          | | | 24            : 0.000s           0.000s       D:\a\OpenCppCoverage-ARM64\OpenCppCoverage-ARM64\TestCoverageSharedLib\TestCoverageSharedLib.vcxproj (GetNativeManifest) 
2026-08-20T10:17:16.6763968Z          | | . 25            : 0.016s           0.016s       D:\a\OpenCppCoverage-ARM64\OpenCppCoverage-ARM64\TestCoverageSharedLib\TestCoverageSharedLib.vcxproj (GetProjectInfoForReference) 
2026-08-20T10:17:16.6765646Z          | . 61              : 0.887s           0.919s       D:\a\OpenCppCoverage-ARM64\OpenCppCoverage-ARM64\CppCoverageTest\CppCoverageTest.vcxproj () 
2026-08-20T10:17:16.6766908Z          | | | 77            : 0.000s           0.000s       D:\a\OpenCppCoverage-ARM64\OpenCppCoverage-ARM64\TestCoverageConsole\TestCoverageConsole.vcxproj (GetNativeManifest) 
2026-08-20T10:17:16.6768158Z          | | | 76            : 0.000s           0.000s       D:\a\OpenCppCoverage-ARM64\OpenCppCoverage-ARM64\TestCppCli\TestCppCli.vcxproj (GetNativeManifest) 
2026-08-20T10:17:16.6769520Z          | | | 86            : 0.000s           0.000s       D:\a\OpenCppCoverage-ARM64\OpenCppCoverage-ARM64\TestCoverageConsole\TestCoverageConsole.vcxproj (GetProjectInfoForReference) 
2026-08-20T10:17:16.6770921Z          | | | 85            : 0.016s           0.016s       D:\a\OpenCppCoverage-ARM64\OpenCppCoverage-ARM64\TestCppCli\TestCppCli.vcxproj (GetProjectInfoForReference) 
2026-08-20T10:17:16.6772234Z          | | | 114           : 0.000s           0.000s       D:\a\OpenCppCoverage-ARM64\OpenCppCoverage-ARM64\TestHelper\TestHelper.vcxproj (GetCopyToOutputDirectoryItems) 
2026-08-20T10:17:16.6773581Z          | | | 111           : 0.000s           0.000s       D:\a\OpenCppCoverage-ARM64\OpenCppCoverage-ARM64\FileFilter\FileFilter.vcxproj (GetCopyToOutputDirectoryItems) 
2026-08-20T10:17:16.6775017Z          | | | 117           : 0.016s           0.016s       D:\a\OpenCppCoverage-ARM64\OpenCppCoverage-ARM64\TestCoverageConsole\TestCoverageConsole.vcxproj (GetCopyToOutputDirectoryItems) 
2026-08-20T10:17:16.6776557Z          | | . 116           : 0.016s           0.016s       D:\a\OpenCppCoverage-ARM64\OpenCppCoverage-ARM64\TestCppCli\TestCppCli.vcxproj (GetCopyToOutputDirectoryItems) 
2026-08-20T10:17:16.6777840Z          | 4                 : 0.911s           38.098s       D:\a\OpenCppCoverage-ARM64\OpenCppCoverage-ARM64\TestCoverageConsole\TestCoverageConsole.vcxproj () 
2026-08-20T10:17:16.6778929Z          | | 9               : 0.000s           0.000s       D:\a\OpenCppCoverage-ARM64\OpenCppCoverage-ARM64\Tools\Tools.vcxproj () 
2026-08-20T10:17:16.6780012Z          | | 31              : 0.000s           0.000s       D:\a\OpenCppCoverage-ARM64\OpenCppCoverage-ARM64\Tools\Tools.vcxproj (GetProjectInfoForReference) 
2026-08-20T10:17:16.6781268Z          | | 14              : 12.433s           15.405s       D:\a\OpenCppCoverage-ARM64\OpenCppCoverage-ARM64\TestCoverageOptimizedBuild\TestCoverageOptimizedBuild.vcxproj () 
2026-08-20T10:17:16.6782789Z          | | . 18            : 0.000s           0.000s       C:\Users\runneradmin\AppData\Local\OpenCppCoverage\vcpkg\scripts\buildsystems\msbuild\support\InstallImplementation.targets (VcpkgInstallImplementation) 
2026-08-20T10:17:16.6784512Z          | | 7               : 0.813s           22.334s       D:\a\OpenCppCoverage-ARM64\OpenCppCoverage-ARM64\TestCoverageSharedLib\TestCoverageSharedLib.vcxproj () 
2026-08-20T10:17:16.6786352Z          | | | 16            : 0.000s           0.000s       D:\a\OpenCppCoverage-ARM64\OpenCppCoverage-ARM64\Plugin\Plugin.vcxproj () 
2026-08-20T10:17:16.6788186Z          | | | 19            : 0.000s           0.000s       D:\a\OpenCppCoverage-ARM64\OpenCppCoverage-ARM64\Plugin\Plugin.vcxproj (GetNativeManifest) 
2026-08-20T10:17:16.6789807Z          | | . 22            : 0.000s           0.000s       D:\a\OpenCppCoverage-ARM64\OpenCppCoverage-ARM64\Plugin\Plugin.vcxproj (GetCopyToOutputDirectoryItems) 
2026-08-20T10:17:16.6791540Z          | | 28              : 0.016s           0.016s       D:\a\OpenCppCoverage-ARM64\OpenCppCoverage-ARM64\Tools\Tools.vcxproj (GetNativeManifest) 
2026-08-20T10:17:16.6792917Z          | | 26              : 0.016s           0.016s       D:\a\OpenCppCoverage-ARM64\OpenCppCoverage-ARM64\TestCoverageOptimizedBuild\TestCoverageOptimizedBuild.vcxproj (GetNativeManifest) 
2026-08-20T10:17:16.6794576Z          | | 32              : 0.016s           0.016s       D:\a\OpenCppCoverage-ARM64\OpenCppCoverage-ARM64\TestCoverageOptimizedBuild\TestCoverageOptimizedBuild.vcxproj (GetProjectInfoForReference) 
2026-08-20T10:17:16.6796247Z          | . 42              : 0.000s           0.000s       D:\a\OpenCppCoverage-ARM64\OpenCppCoverage-ARM64\TestCoverageSharedLib\TestCoverageSharedLib.vcxproj (GetCopyToOutputDirectoryItems) 
2026-08-20T10:17:16.6797585Z          | 1                 : 2.158s           52.925s       D:\a\OpenCppCoverage-ARM64\OpenCppCoverage-ARM64\CppCoverage\CppCoverage.vcxproj () 
2026-08-20T10:17:16.6798462Z          | | 9               : 0.000s           0.000s       D:\a\OpenCppCoverage-ARM64\OpenCppCoverage-ARM64\Tools\Tools.vcxproj () 
2026-08-20T10:17:16.6799143Z          | | 16              : 0.000s           0.000s       D:\a\OpenCppCoverage-ARM64\OpenCppCoverage-ARM64\Plugin\Plugin.vcxproj () 
2026-08-20T10:17:16.6799931Z          | | 46              : 0.000s           0.000s       D:\a\OpenCppCoverage-ARM64\OpenCppCoverage-ARM64\FileFilter\FileFilter.vcxproj (GetNativeManifest) 
2026-08-20T10:17:16.6800791Z          | | 11              : 1.439s           38.472s       D:\a\OpenCppCoverage-ARM64\OpenCppCoverage-ARM64\FileFilter\FileFilter.vcxproj () 
2026-08-20T10:17:16.6801867Z          | | | 9             : 0.000s           0.000s       D:\a\OpenCppCoverage-ARM64\OpenCppCoverage-ARM64\Tools\Tools.vcxproj () 
2026-08-20T10:17:16.6802990Z          | | . 31            : 0.000s           0.000s       D:\a\OpenCppCoverage-ARM64\OpenCppCoverage-ARM64\Tools\Tools.vcxproj (GetProjectInfoForReference) 
2026-08-20T10:17:16.6804308Z          | . 51              : 0.000s           0.000s       D:\a\OpenCppCoverage-ARM64\OpenCppCoverage-ARM64\FileFilter\FileFilter.vcxproj (GetProjectInfoForReference) 
2026-08-20T10:17:16.6805201Z          | 2                 : 1.862s           107.799s       D:\a\OpenCppCoverage-ARM64\OpenCppCoverage-ARM64\OpenCppCoverage\OpenCppCoverage.vcxproj () 
2026-08-20T10:17:16.6806182Z          | | 9               : 0.000s           0.000s       D:\a\OpenCppCoverage-ARM64\OpenCppCoverage-ARM64\Tools\Tools.vcxproj () 
2026-08-20T10:17:16.6806931Z          | | 5               : 0.000s           0.000s       D:\a\OpenCppCoverage-ARM64\OpenCppCoverage-ARM64\Exporter\Exporter.vcxproj () 
2026-08-20T10:17:16.6808000Z          | | 1               : 0.000s           0.000s       D:\a\OpenCppCoverage-ARM64\OpenCppCoverage-ARM64\CppCoverage\CppCoverage.vcxproj () 
2026-08-20T10:17:16.6808995Z          | | 16              : 11.795s           14.767s       D:\a\OpenCppCoverage-ARM64\OpenCppCoverage-ARM64\Plugin\Plugin.vcxproj () 
2026-08-20T10:17:16.6810485Z          | | . 18            : 0.000s           0.000s       C:\Users\runneradmin\AppData\Local\OpenCppCoverage\vcpkg\scripts\buildsystems\msbuild\support\InstallImplementation.targets (VcpkgInstallImplementation) 
2026-08-20T10:17:16.6812056Z          | | 90              : 0.016s           0.016s       D:\a\OpenCppCoverage-ARM64\OpenCppCoverage-ARM64\Exporter\Exporter.vcxproj (GetNativeManifest) 
2026-08-20T10:17:16.6812913Z          | . 93              : 0.000s           0.000s       D:\a\OpenCppCoverage-ARM64\OpenCppCoverage-ARM64\Exporter\Exporter.vcxproj (GetProjectInfoForReference) 
2026-08-20T10:17:16.6813809Z          | 6                 : 0.000s           116.694s       D:\a\OpenCppCoverage-ARM64\OpenCppCoverage-ARM64\ExporterTest\ExporterTest.vcxproj.metaproj () 
2026-08-20T10:17:16.6814612Z          | | 1               : 0.000s           0.000s       D:\a\OpenCppCoverage-ARM64\OpenCppCoverage-ARM64\CppCoverage\CppCoverage.vcxproj () 
2026-08-20T10:17:16.6815695Z          | | 5               : 1.252s           86.954s       D:\a\OpenCppCoverage-ARM64\OpenCppCoverage-ARM64\Exporter\Exporter.vcxproj () 
2026-08-20T10:17:16.6816402Z          | | | 16            : 0.000s           0.000s       D:\a\OpenCppCoverage-ARM64\OpenCppCoverage-ARM64\Plugin\Plugin.vcxproj () 
2026-08-20T10:17:16.6817155Z          | | | 1             : 0.000s           0.000s       D:\a\OpenCppCoverage-ARM64\OpenCppCoverage-ARM64\CppCoverage\CppCoverage.vcxproj () 
2026-08-20T10:17:16.6817869Z          | | | 9             : 11.842s           14.814s       D:\a\OpenCppCoverage-ARM64\OpenCppCoverage-ARM64\Tools\Tools.vcxproj () 
2026-08-20T10:17:16.6818810Z          | | | . 18          : 2.972s           2.972s       C:\Users\runneradmin\AppData\Local\OpenCppCoverage\vcpkg\scripts\buildsystems\msbuild\support\InstallImplementation.targets (VcpkgInstallImplementation) 
2026-08-20T10:17:16.6819861Z          | | | 60            : 0.000s           0.000s       D:\a\OpenCppCoverage-ARM64\OpenCppCoverage-ARM64\CppCoverage\CppCoverage.vcxproj (GetNativeManifest) 
2026-08-20T10:17:16.6820767Z          | | | 78            : 0.016s           0.016s       D:\a\OpenCppCoverage-ARM64\OpenCppCoverage-ARM64\CppCoverage\CppCoverage.vcxproj (GetProjectInfoForReference) 
2026-08-20T10:17:16.6821711Z          | | . 87            : 0.016s           0.016s       D:\a\OpenCppCoverage-ARM64\OpenCppCoverage-ARM64\CppCoverage\CppCoverage.vcxproj (GetCopyToOutputDirectoryItems) 
2026-08-20T10:17:16.6822613Z          | . 88              : 0.656s           0.656s       D:\a\OpenCppCoverage-ARM64\OpenCppCoverage-ARM64\ExporterTest\ExporterTest.vcxproj () 
2026-08-20T10:17:16.6823466Z          | 8                 : 0.000s           123.386s       D:\a\OpenCppCoverage-ARM64\OpenCppCoverage-ARM64\OpenCppCoverageTest\OpenCppCoverageTest.vcxproj.metaproj () 
2026-08-20T10:17:16.6824330Z          | | 2               : 0.000s           0.000s       D:\a\OpenCppCoverage-ARM64\OpenCppCoverage-ARM64\OpenCppCoverage\OpenCppCoverage.vcxproj () 
2026-08-20T10:17:16.6825195Z          | | 3               : 0.000s           0.000s       D:\a\OpenCppCoverage-ARM64\OpenCppCoverage-ARM64\CppCoverageTest\CppCoverageTest.vcxproj.metaproj () 
2026-08-20T10:17:16.6826040Z          | | 6               : 0.000s           0.000s       D:\a\OpenCppCoverage-ARM64\OpenCppCoverage-ARM64\ExporterTest\ExporterTest.vcxproj.metaproj () 
2026-08-20T10:17:16.6826885Z          | . 126             : 0.485s           0.500s       D:\a\OpenCppCoverage-ARM64\OpenCppCoverage-ARM64\OpenCppCoverageTest\OpenCppCoverageTest.vcxproj () 
2026-08-20T10:17:16.6827796Z          | | | 129           : 0.000s           0.000s       D:\a\OpenCppCoverage-ARM64\OpenCppCoverage-ARM64\OpenCppCoverage\OpenCppCoverage.vcxproj (GetNativeManifest) 
2026-08-20T10:17:16.6828718Z          | | | 128           : 0.000s           0.000s       D:\a\OpenCppCoverage-ARM64\OpenCppCoverage-ARM64\CppCoverageTest\CppCoverageTest.vcxproj (GetNativeManifest) 
2026-08-20T10:17:16.6829623Z          | | | 127           : 0.000s           0.000s       D:\a\OpenCppCoverage-ARM64\OpenCppCoverage-ARM64\ExporterTest\ExporterTest.vcxproj (GetNativeManifest) 
2026-08-20T10:17:16.6830582Z          | | | 132           : 0.016s           0.016s       D:\a\OpenCppCoverage-ARM64\OpenCppCoverage-ARM64\OpenCppCoverage\OpenCppCoverage.vcxproj (GetProjectInfoForReference) 
2026-08-20T10:17:16.6831658Z          | | | 131           : 0.000s           0.000s       D:\a\OpenCppCoverage-ARM64\OpenCppCoverage-ARM64\CppCoverageTest\CppCoverageTest.vcxproj (GetProjectInfoForReference) 
2026-08-20T10:17:16.6832617Z          | | | 130           : 0.000s           0.000s       D:\a\OpenCppCoverage-ARM64\OpenCppCoverage-ARM64\ExporterTest\ExporterTest.vcxproj (GetProjectInfoForReference) 
2026-08-20T10:17:16.6833612Z          | | | 135           : 0.000s           0.000s       D:\a\OpenCppCoverage-ARM64\OpenCppCoverage-ARM64\OpenCppCoverage\OpenCppCoverage.vcxproj (GetCopyToOutputDirectoryItems) 
2026-08-20T10:17:16.6834736Z          | | | 134           : 0.000s           0.000s       D:\a\OpenCppCoverage-ARM64\OpenCppCoverage-ARM64\CppCoverageTest\CppCoverageTest.vcxproj (GetCopyToOutputDirectoryItems) 
2026-08-20T10:17:16.6835719Z          | | . 133           : 0.000s           0.000s       D:\a\OpenCppCoverage-ARM64\OpenCppCoverage-ARM64\ExporterTest\ExporterTest.vcxproj (GetCopyToOutputDirectoryItems) 
2026-08-20T10:17:16.6836635Z          | 10                : 0.611s           37.175s       D:\a\OpenCppCoverage-ARM64\OpenCppCoverage-ARM64\TestHelper\TestHelper.vcxproj () 
2026-08-20T10:17:16.6837345Z          | | 9               : 0.000s           0.000s       D:\a\OpenCppCoverage-ARM64\OpenCppCoverage-ARM64\Tools\Tools.vcxproj () 
2026-08-20T10:17:16.6838055Z          | | 16              : 0.000s           0.000s       D:\a\OpenCppCoverage-ARM64\OpenCppCoverage-ARM64\Plugin\Plugin.vcxproj () 
2026-08-20T10:17:16.6838787Z          | . 28              : 0.000s           0.000s       D:\a\OpenCppCoverage-ARM64\OpenCppCoverage-ARM64\Tools\Tools.vcxproj (GetNativeManifest) 
2026-08-20T10:17:16.6839566Z          | 12                : 1.188s           51.361s       D:\a\OpenCppCoverage-ARM64\OpenCppCoverage-ARM64\FileFilterTest\FileFilterTest.vcxproj () 
2026-08-20T10:17:16.6840317Z          | | 9               : 0.000s           0.000s       D:\a\OpenCppCoverage-ARM64\OpenCppCoverage-ARM64\Tools\Tools.vcxproj () 
2026-08-20T10:17:16.6841010Z          | | 10              : 0.000s           0.000s       D:\a\OpenCppCoverage-ARM64\OpenCppCoverage-ARM64\TestHelper\TestHelper.vcxproj () 
2026-08-20T10:17:16.6841844Z          | | 14              : 0.000s           0.000s       D:\a\OpenCppCoverage-ARM64\OpenCppCoverage-ARM64\TestCoverageOptimizedBuild\TestCoverageOptimizedBuild.vcxproj () 
2026-08-20T10:17:16.6842715Z          | | 11              : 0.000s           0.000s       D:\a\OpenCppCoverage-ARM64\OpenCppCoverage-ARM64\FileFilter\FileFilter.vcxproj () 
2026-08-20T10:17:16.6843539Z          | | 51              : 0.000s           0.000s       D:\a\OpenCppCoverage-ARM64\OpenCppCoverage-ARM64\FileFilter\FileFilter.vcxproj (GetProjectInfoForReference) 
2026-08-20T10:17:16.6844403Z          | | 46              : 0.000s           0.000s       D:\a\OpenCppCoverage-ARM64\OpenCppCoverage-ARM64\FileFilter\FileFilter.vcxproj (GetNativeManifest) 
2026-08-20T10:17:16.6845417Z          | . 56              : 0.016s           0.016s       D:\a\OpenCppCoverage-ARM64\OpenCppCoverage-ARM64\TestCoverageOptimizedBuild\TestCoverageOptimizedBuild.vcxproj (GetCopyToOutputDirectoryItems) 
2026-08-20T10:17:16.6846363Z          | 13                : 0.547s           42.914s       D:\a\OpenCppCoverage-ARM64\OpenCppCoverage-ARM64\ToolsTest\ToolsTest.vcxproj () 
2026-08-20T10:17:16.6847034Z          | | 9               : 0.000s           0.000s       D:\a\OpenCppCoverage-ARM64\OpenCppCoverage-ARM64\Tools\Tools.vcxproj () 
2026-08-20T10:17:16.6847739Z          | | 10              : 0.000s           0.000s       D:\a\OpenCppCoverage-ARM64\OpenCppCoverage-ARM64\TestHelper\TestHelper.vcxproj () 
2026-08-20T10:17:16.6848554Z          | | 38              : 0.000s           0.000s       D:\a\OpenCppCoverage-ARM64\OpenCppCoverage-ARM64\TestHelper\TestHelper.vcxproj (GetNativeManifest) 
2026-08-20T10:17:16.6849467Z          | . 40              : 0.016s           0.016s       D:\a\OpenCppCoverage-ARM64\OpenCppCoverage-ARM64\TestHelper\TestHelper.vcxproj (GetProjectInfoForReference) 
2026-08-20T10:17:16.6850295Z          . 17                : 0.719s           21.584s       D:\a\OpenCppCoverage-ARM64\OpenCppCoverage-ARM64\PluginTest\PluginTest.vcxproj () 
2026-08-20T10:17:16.6851034Z          | | 16              : 0.000s           0.000s       D:\a\OpenCppCoverage-ARM64\OpenCppCoverage-ARM64\Plugin\Plugin.vcxproj () 
2026-08-20T10:17:16.6851765Z          | | 19              : 0.000s           0.000s       D:\a\OpenCppCoverage-ARM64\OpenCppCoverage-ARM64\Plugin\Plugin.vcxproj (GetNativeManifest) 
2026-08-20T10:17:16.6852638Z          | . 20              : 0.000s           0.000s       D:\a\OpenCppCoverage-ARM64\OpenCppCoverage-ARM64\Plugin\Plugin.vcxproj (GetProjectInfoForReference) 
2026-08-20T10:17:16.6853241Z          
2026-08-20T10:17:16.6853686Z          ============================== Node Utilization (IDs represent configurations) ====================================================
2026-08-20T10:17:16.6854278Z          Timestamp:            1       3       4       2        Duration   Cumulative
2026-08-20T10:17:16.6854888Z          -----------------------------------------------------------------------------------------------------------------------------------
2026-08-20T10:17:16.6855466Z          639228177127904747:   0       x       x       x        0.297s     0.297s .....
2026-08-20T10:17:16.6855947Z          639228177130873545:   3       x       x       x        0.094s     0.391s .
2026-08-20T10:17:16.6856405Z          639228177131810969:   |       1       2       4        0.031s     0.422s 
2026-08-20T10:17:16.6856889Z          639228177132124298:   5       |       |       |        0.410s     0.832s ........
2026-08-20T10:17:16.6857300Z          639228177136225378:   |       |       |       14       0.044s     0.876s 
2026-08-20T10:17:16.6857728Z          639228177136664528:   |       11      16      |        0.078s     0.954s .
2026-08-20T10:17:16.6858175Z          639228177137445770:   9       |       |       |        0.063s     1.017s .
2026-08-20T10:17:16.6858647Z          639228177138070839:   |       7       |       |        0.078s     1.095s .
2026-08-20T10:17:16.6859110Z          639228177138852010:   |       15      |       |        0.313s     1.407s ......
2026-08-20T10:17:16.6859563Z          639228177141977105:   |       10      |       |        0.063s     1.470s .
2026-08-20T10:17:16.6860033Z          639228177142603979:   |       12      |       |        0.047s     1.517s 
2026-08-20T10:17:16.6860470Z          639228177143073158:   |       13      |       |        0.062s     1.579s .
2026-08-20T10:17:16.6860913Z          639228177143698061:   |       17      |       |        0.047s     1.626s 
2026-08-20T10:17:16.6861392Z          639228177144166803:   |       x       |       |        10.217s     11.843s ++ (scale 1:100)
2026-08-20T10:17:16.6862005Z          639228177246334321:   18      x       x       x        2.972s     14.815s ...........................................................
2026-08-20T10:17:16.6862575Z          639228177276052190:   9       x       16      14       0.313s     15.127s ......
2026-08-20T10:17:16.6863113Z          639228177279177523:   |       x       |       |        2.721s     17.848s ......................................................
2026-08-20T10:17:16.6863688Z          639228177306387117:   |       x       |       |        0.078s     17.926s .
2026-08-20T10:17:16.6864153Z          639228177307168276:   |       x       |       |        0.281s     18.208s .....
2026-08-20T10:17:16.6864609Z          639228177309980775:   |       x       |       |        0.016s     18.223s 
2026-08-20T10:17:16.6865072Z          639228177310137031:   |       x       |       |        0.704s     18.927s ..............
2026-08-20T10:17:16.6865672Z          639228177317174658:   |       x       |       |        1.110s     20.037s ......................
2026-08-20T10:17:16.6866184Z          639228177328269836:   |       x       |       x        1.532s     21.568s ..............................
2026-08-20T10:17:16.6866784Z          639228177343589077:   |       x       |       x        0.437s     22.006s ........
2026-08-20T10:17:16.6867265Z          639228177347964047:   |       17      19      x        0.047s     22.053s 
2026-08-20T10:17:16.6867754Z          639228177348432802:   |       7       20      x        0.125s     22.178s ..
2026-08-20T10:17:16.6868219Z          639228177349687646:   |       17      |       x        0.031s     22.210s 
2026-08-20T10:17:16.6868678Z          639228177350000303:   |       |       |       x        0.266s     22.476s .....
2026-08-20T10:17:16.6869240Z          639228177352664974:   |       7       |       x        0.047s     22.523s 
2026-08-20T10:17:16.6869757Z          639228177353134071:   |       |       |       x        1.675s     24.198s .................................
2026-08-20T10:17:16.6870248Z          639228177369881892:   |       17      |       x        0.031s     24.229s 
2026-08-20T10:17:16.6870715Z          639228177370194163:   |       |       |       x        0.891s     25.120s .................
2026-08-20T10:17:16.6871203Z          639228177379106768:   |       7       |       x        0.172s     25.292s ...
2026-08-20T10:17:16.6871643Z          639228177380825379:   |       |       |       x        0.360s     25.652s .......
2026-08-20T10:17:16.6872127Z          639228177384421949:   |       17      22      x        0.563s     26.214s ...........
2026-08-20T10:17:16.6872630Z          639228177390047002:   |       7       |       x        0.031s     26.245s 
2026-08-20T10:17:16.6873094Z          639228177390359407:   |       15      |       x        0.844s     27.090s ................
2026-08-20T10:17:16.6873566Z          639228177398801101:   |       25      |       x        0.016s     27.105s 
2026-08-20T10:17:16.6874001Z          639228177398957322:   |       15      |       x        0.033s     27.138s 
2026-08-20T10:17:16.6874498Z          639228177399282488:   |       |       |       x        0.734s     27.872s ..............
2026-08-20T10:17:16.6874981Z          639228177406622843:   |       |       |       x        0.814s     28.686s ................
2026-08-20T10:17:16.6875468Z          639228177414759783:   |       x       |       x        8.755s     37.441s + (scale 1:100)
2026-08-20T10:17:16.6876045Z          639228177502312309:   |       x       |       x        0.547s     37.988s ..........
2026-08-20T10:17:16.6876519Z          639228177507782435:   28      11      |       26       0.016s     38.003s 
2026-08-20T10:17:16.6876985Z          639228177507938651:   x       |       |       4        0.031s     38.035s 
2026-08-20T10:17:16.6877491Z          639228177508251119:   31      10      |       32       0.016s     38.050s 
2026-08-20T10:17:16.6877958Z          639228177508407378:   |       |       |       4        0.031s     38.082s 
2026-08-20T10:17:16.6878413Z          639228177508719859:   |       |       |       |        0.016s     38.097s 
2026-08-20T10:17:16.6878878Z          639228177508876124:   |       11      |       |        0.766s     38.864s ...............
2026-08-20T10:17:16.6879395Z          639228177516539760:   |       |       |       |        0.031s     38.895s 
2026-08-20T10:17:16.6879871Z          639228177516852321:   |       |       |       |        1.267s     40.162s .........................
2026-08-20T10:17:16.6880344Z          639228177529520791:   |       10      |       |        0.016s     40.177s 
2026-08-20T10:17:16.6880899Z          639228177529676770:   |       |       |       |        3.284s     43.461s .................................................................
2026-08-20T10:17:16.6881508Z          639228177562518281:   |       |       |       |        0.470s     43.931s .........
2026-08-20T10:17:16.6881964Z          639228177567215736:   |       13      |       |        0.047s     43.978s 
2026-08-20T10:17:16.6882423Z          639228177567684479:   |       40      |       |        0.016s     43.994s 
2026-08-20T10:17:16.6882979Z          639228177567840694:   |       13      |       |        0.016s     44.009s 
2026-08-20T10:17:16.6883491Z          639228177567996973:   |       |       |       |        2.252s     46.261s .............................................
2026-08-20T10:17:16.6883984Z          639228177590517851:   |       |       |       |        0.031s     46.293s 
2026-08-20T10:17:16.6884403Z          639228177590830266:   |       |       |       |        0.141s     46.433s ..
2026-08-20T10:17:16.6884832Z          639228177592238532:   |       |       |       |        0.423s     46.856s ........
2026-08-20T10:17:16.6885313Z          639228177596464082:   |       42      |       |        0.016s     46.872s 
2026-08-20T10:17:16.6885770Z          639228177596620466:   |       |       |       x        0.986s     47.858s ...................
2026-08-20T10:17:16.6886279Z          639228177606481125:   |       13      |       x        0.391s     48.248s .......
2026-08-20T10:17:16.6886828Z          639228177610387347:   |       11      |       x        2.894s     51.142s .........................................................
2026-08-20T10:17:16.6887374Z          639228177639328769:   |       |       |       x        0.454s     51.596s .........
2026-08-20T10:17:16.6887827Z          639228177643863851:   |       12      |       x        0.047s     51.643s 
2026-08-20T10:17:16.6888305Z          639228177644332887:   |       1       |       x        0.047s     51.690s 
2026-08-20T10:17:16.6888691Z          639228177644801466:   |       |       |       x        0.031s     51.721s 
2026-08-20T10:17:16.6889102Z          639228177645113871:   |       12      |       x        0.626s     52.347s ............
2026-08-20T10:17:16.6889609Z          639228177651375283:   |       1       |       x        0.797s     53.144s ...............
2026-08-20T10:17:16.6890075Z          639228177659347248:   |       |       |       x        0.345s     53.489s ......
2026-08-20T10:17:16.6890514Z          639228177662797079:   |       12      |       x        0.015s     53.504s 
2026-08-20T10:17:16.6891086Z          639228177662947490:   |       |       |       x        4.050s     57.555s .................................................................................
2026-08-20T10:17:16.6891695Z          639228177703450127:   |       |       |       x        0.437s     57.992s ........
2026-08-20T10:17:16.6892140Z          639228177707825110:   |       1       |       56       0.016s     58.008s 
2026-08-20T10:17:16.6892576Z          639228177707981373:   |       12      |       x        0.016s     58.023s 
2026-08-20T10:17:16.6893061Z          639228177708137592:   |       1       |       x        27.774s     85.797s +++++ (scale 1:100)
2026-08-20T10:17:16.6893586Z          639228177985875084:   |       |       |       x        0.828s     86.625s ................
2026-08-20T10:17:16.6894056Z          639228177994159373:   5       x       |       x        0.016s     86.641s 
2026-08-20T10:17:16.6894503Z          639228177994315749:   |       60      61      x        0.078s     86.719s .
2026-08-20T10:17:16.6894964Z          639228177995096836:   |       76      |       77       0.016s     86.735s 
2026-08-20T10:17:16.6895439Z          639228177995253248:   x       78      |       |        0.016s     86.750s 
2026-08-20T10:17:16.6895891Z          639228177995409340:   5       x       |       |        0.016s     86.766s 
2026-08-20T10:17:16.6896332Z          639228177995565714:   |       85      x       86       0.016s     86.782s 
2026-08-20T10:17:16.6896805Z          639228177995721842:   |       x       61      |        0.031s     86.813s 
2026-08-20T10:17:16.6897277Z          639228177996034328:   |       x       |       |        0.626s     87.439s ............
2026-08-20T10:17:16.6897754Z          639228178002293248:   |       x       |       |        0.016s     87.454s 
2026-08-20T10:17:16.6898224Z          639228178002449472:   |       x       |       |        1.051s     88.505s .....................
2026-08-20T10:17:16.6898790Z          639228178012957850:   |       x       |       |        0.028s     88.533s 
2026-08-20T10:17:16.6899279Z          639228178013234787:   |       x       |       |        14.510s     103.043s ++ (scale 1:100)
2026-08-20T10:17:16.6899766Z          639228178158332842:   |       x       |       |        0.047s     103.090s 
2026-08-20T10:17:16.6900383Z          639228178158801570:   |       x       |       |        3.160s     106.250s ...............................................................
2026-08-20T10:17:16.6900959Z          639228178190401178:   |       x       |       |        0.485s     106.735s .........
2026-08-20T10:17:16.6901501Z          639228178195251930:   x       87      |       |        0.016s     106.750s 
2026-08-20T10:17:16.6901971Z          639228178195408282:   5       x       |       |        0.047s     106.797s 
2026-08-20T10:17:16.6902442Z          639228178195876990:   90      x       2       88       0.016s     106.813s 
2026-08-20T10:17:16.6902908Z          639228178196033205:   x       x       |       |        0.047s     106.860s 
2026-08-20T10:17:16.6903373Z          639228178196502108:   93      x       |       |        0.094s     106.953s .
2026-08-20T10:17:16.6903863Z          639228178197439468:   |       x       |       |        0.149s     107.103s ..
2026-08-20T10:17:16.6904353Z          639228178198932400:   |       x       |       |        0.696s     107.798s .............
2026-08-20T10:17:16.6904877Z          639228178205888848:   |       x       |       |        1.127s     108.925s ......................
2026-08-20T10:17:16.6905356Z          639228178217155699:   |       x       |       |        0.031s     108.956s 
2026-08-20T10:17:16.6905891Z          639228178217468025:   |       x       |       |        1.094s     110.050s .....................
2026-08-20T10:17:16.6906394Z          639228178228408036:   |       x       61      |        0.688s     110.738s .............
2026-08-20T10:17:16.6906879Z          639228178235286396:   |       116     2       117      0.016s     110.754s 
2026-08-20T10:17:16.6907337Z          639228178235442662:   |       x       61      88       0.016s     110.769s 
2026-08-20T10:17:16.6907839Z          639228178235598896:   3       x       2       |        0.266s     111.035s .....
2026-08-20T10:17:16.6908318Z          639228178238256046:   |       x       |       |        0.423s     111.458s ........
2026-08-20T10:17:16.6908816Z          639228178242481379:   |       x       x       |        5.190s     116.648s + (scale 1:100)
2026-08-20T10:17:16.6909319Z          639228178294380682:   |       x       x       |        0.469s     117.116s .........
2026-08-20T10:17:16.6909763Z          639228178299067960:   126     x       x       x        0.031s     117.148s 
2026-08-20T10:17:16.6910205Z          639228178299380672:   |       x       129     127      0.016s     117.163s 
2026-08-20T10:17:16.6910646Z          639228178299536683:   x       x       132     130      0.016s     117.179s 
2026-08-20T10:17:16.6911123Z          639228178299693118:   126     x       x       |        0.016s     117.195s 
2026-08-20T10:17:16.6911604Z          639228178299849809:   |       x       x       |        1.454s     118.649s .............................
2026-08-20T10:17:16.6912145Z          639228178314394667:   |       x       x       |        0.015s     118.664s 
2026-08-20T10:17:16.6912756Z          639228178314545016:   |       x       x       |        4.736s     123.400s ..............................................................................................
2026-08-20T10:17:16.6913370Z          639228178361908561:   |       x       x       |        0.360s     123.761s .......
2026-08-20T10:17:16.6913834Z          639228178365511410:   |       x       135     133      0.047s     123.808s 
2026-08-20T10:17:16.6914263Z          639228178365511410:   0       x       |       |        0.047s     123.854s 
2026-08-20T10:17:16.6914936Z          -----------------------------------------------------------------------------------------------------------------------------------
2026-08-20T10:17:16.6915529Z          Utilization:          52.4    61.7    38.4    29.1     Average Utilization: 45.4
2026-08-20T10:17:16.6915837Z 
2026-08-20T10:17:16.6915936Z Build succeeded.
2026-08-20T10:17:16.6916221Z     0 Warning(s)
2026-08-20T10:17:16.6916468Z     0 Error(s)
2026-08-20T10:17:16.6916596Z 
2026-08-20T10:17:16.6916732Z Time Elapsed 00:02:04.19
2026-08-20T10:17:16.8205483Z ##[group]Run & .\Build\Scripts\Assert-BuildToolchain.ps1 `
2026-08-20T10:17:16.8206227Z [36;1m& .\Build\Scripts\Assert-BuildToolchain.ps1 `[0m
2026-08-20T10:17:16.8206821Z [36;1m  -BuildLog artifacts\logs\build-Debug-x64.log `[0m
2026-08-20T10:17:16.8207197Z [36;1m  -ExpectedHost HostX64 `[0m
2026-08-20T10:17:16.8207618Z [36;1m  -SummaryPath artifacts\logs\build-toolchain-Debug-x64.json[0m
2026-08-20T10:17:16.8208110Z [36;1mif ($LASTEXITCODE -ne 0) { exit $LASTEXITCODE }[0m
2026-08-20T10:17:16.8239152Z shell: C:\Program Files\PowerShell\7\pwsh.EXE -command ". '{0}'"
2026-08-20T10:17:16.8239556Z env:
2026-08-20T10:17:16.8240017Z   MSBUILD_EXE: C:\Program Files\Microsoft Visual Studio\2022\Enterprise\MSBuild\Current\Bin\amd64\MSBuild.exe
2026-08-20T10:17:16.8240650Z   VCPKG_ROOT: C:\Users\runneradmin\AppData\Local\OpenCppCoverage\vcpkg
2026-08-20T10:17:16.8241054Z ##[endgroup]
2026-08-20T10:17:17.1926436Z cl     HostX64\x64 toolset 14.44.35207 x33
2026-08-20T10:17:17.1932991Z link   HostX64\x64 toolset 14.44.35207 x17
2026-08-20T10:17:17.1947667Z Build host toolchain verified: every compiler and linker invocation came from HostX64.
2026-08-20T10:17:17.2500491Z ##[group]Run & .\Build\Scripts\RunTests.ps1 -Platform x64 `
2026-08-20T10:17:17.2501071Z [36;1m& .\Build\Scripts\RunTests.ps1 -Platform x64 `[0m
2026-08-20T10:17:17.2501546Z [36;1m  -Configuration Debug -LogDirectory artifacts\logs[0m
2026-08-20T10:17:17.2501967Z [36;1mif ($LASTEXITCODE -ne 0) { exit $LASTEXITCODE }[0m
2026-08-20T10:17:17.2531650Z shell: C:\Program Files\PowerShell\7\pwsh.EXE -command ". '{0}'"
2026-08-20T10:17:17.2532070Z env:
2026-08-20T10:17:17.2532537Z   MSBUILD_EXE: C:\Program Files\Microsoft Visual Studio\2022\Enterprise\MSBuild\Current\Bin\amd64\MSBuild.exe
2026-08-20T10:17:17.2533157Z   VCPKG_ROOT: C:\Users\runneradmin\AppData\Local\OpenCppCoverage\vcpkg
2026-08-20T10:17:17.2533546Z ##[endgroup]
2026-08-20T10:17:17.6507171Z Running CppCoverageTest --gtest_filter=-CodeCoverageRunnerTest.OptimizedBuild
2026-08-20T10:17:28.0430617Z Running ExporterTest 
2026-08-20T10:17:28.4263134Z Running FileFilterTest 
2026-08-20T10:17:29.4125112Z Running OpenCppCoverageTest 
2026-08-20T10:17:49.8257605Z Running PluginTest 
2026-08-20T10:17:49.8401300Z Running ToolsTest 
2026-08-20T10:17:49.8784653Z Test summary written to artifacts\logs\test-summary-x64-Debug.json
2026-08-20T10:17:49.8874635Z 
2026-08-20T10:17:49.8875662Z Name                ExitCode Ran Passed
2026-08-20T10:17:49.8876166Z ----                -------- --- ------
2026-08-20T10:17:49.8876579Z CppCoverageTest            0 116    116
2026-08-20T10:17:49.8876978Z ExporterTest               0  34     34
2026-08-20T10:17:49.8877639Z FileFilterTest             0  29     29
2026-08-20T10:17:49.8878136Z OpenCppCoverageTest        0  19     19
2026-08-20T10:17:49.8878539Z PluginTest                 0   5      5
2026-08-20T10:17:49.8878936Z ToolsTest                  0  12     12
2026-08-20T10:17:49.8879177Z 
2026-08-20T10:17:49.8879184Z 
2026-08-20T10:17:49.8891601Z All test suites passed for x64|Debug.
2026-08-20T10:17:49.9254232Z ##[group]Run & "$env:MSBUILD_EXE" /m CppCoverage.sln /p:Configuration=Release /p:Platform=x64 `
2026-08-20T10:17:49.9255005Z [36;1m& "$env:MSBUILD_EXE" /m CppCoverage.sln /p:Configuration=Release /p:Platform=x64 `[0m
2026-08-20T10:17:49.9255494Z [36;1m  /p:PreferredToolArchitecture=x64 `[0m
2026-08-20T10:17:49.9255851Z [36;1m  /bl:artifacts\logs\build-Release-x64.binlog `[0m
2026-08-20T10:17:49.9256287Z [36;1m  /fl "/flp:logfile=artifacts\logs\build-Release-x64.log;verbosity=normal"[0m
2026-08-20T10:17:49.9286295Z shell: C:\Program Files\PowerShell\7\pwsh.EXE -command ". '{0}'"
2026-08-20T10:17:49.9286645Z env:
2026-08-20T10:17:49.9287089Z   MSBUILD_EXE: C:\Program Files\Microsoft Visual Studio\2022\Enterprise\MSBuild\Current\Bin\amd64\MSBuild.exe
2026-08-20T10:17:49.9287735Z   VCPKG_ROOT: C:\Users\runneradmin\AppData\Local\OpenCppCoverage\vcpkg
2026-08-20T10:17:49.9288109Z ##[endgroup]
2026-08-20T10:17:50.1755868Z MSBuild version 17.14.51+25f168cee for .NET Framework
2026-08-20T10:17:50.2085799Z Build started 8/20/2026 10:17:50 AM.
2026-08-20T10:17:50.2090898Z 
2026-08-20T10:17:50.2738036Z      1>Project "D:\a\OpenCppCoverage-ARM64\OpenCppCoverage-ARM64\CppCoverage.sln" on node 1 (default targets).
2026-08-20T10:17:50.2739058Z      1>ValidateSolutionConfiguration:
2026-08-20T10:17:50.2739590Z          Building solution configuration "Release|x64".
2026-08-20T10:17:50.7429118Z      1>Project "D:\a\OpenCppCoverage-ARM64\OpenCppCoverage-ARM64\CppCoverage.sln" (1) is building "D:\a\OpenCppCoverage-ARM64\OpenCppCoverage-ARM64\OpenCppCoverage\OpenCppCoverage.vcxproj" (6) on node 4 (default targets).
2026-08-20T10:17:50.7434161Z      6>Project "D:\a\OpenCppCoverage-ARM64\OpenCppCoverage-ARM64\OpenCppCoverage\OpenCppCoverage.vcxproj" (6) is building "D:\a\OpenCppCoverage-ARM64\OpenCppCoverage-ARM64\Plugin\Plugin.vcxproj" (8) on node 4 (default targets).
2026-08-20T10:17:50.7440335Z      8>PrepareForBuild:
2026-08-20T10:17:50.7443457Z          Creating directory "x64\Release\".
2026-08-20T10:17:50.7468937Z      1>Project "D:\a\OpenCppCoverage-ARM64\OpenCppCoverage-ARM64\CppCoverage.sln" (1) is building "D:\a\OpenCppCoverage-ARM64\OpenCppCoverage-ARM64\TestCoverageConsole\TestCoverageConsole.vcxproj" (5) on node 2 (default targets).
2026-08-20T10:17:50.7473315Z      5>Project "D:\a\OpenCppCoverage-ARM64\OpenCppCoverage-ARM64\TestCoverageConsole\TestCoverageConsole.vcxproj" (5) is building "D:\a\OpenCppCoverage-ARM64\OpenCppCoverage-ARM64\TestCoverageOptimizedBuild\TestCoverageOptimizedBuild.vcxproj" (9) on node 2 (default targets).
2026-08-20T10:17:50.7476820Z      9>PrepareForBuild:
2026-08-20T10:17:50.7478624Z          Creating directory "x64\Release\".
2026-08-20T10:17:50.7577409Z      8>PrepareForBuild:
2026-08-20T10:17:50.7584574Z          Structured output is enabled. The formatting of compiler diagnostics will reflect the error hierarchy. See https://aka.ms/cpp/structured-output for more details.
2026-08-20T10:17:50.7606767Z          Creating directory "x64\Release\Plugin.tlog\".
2026-08-20T10:17:50.7619448Z      9>PrepareForBuild:
2026-08-20T10:17:50.7622395Z          Structured output is enabled. The formatting of compiler diagnostics will reflect the error hierarchy. See https://aka.ms/cpp/structured-output for more details.
2026-08-20T10:17:50.7644021Z          Creating directory "D:\a\OpenCppCoverage-ARM64\OpenCppCoverage-ARM64\x64\Release\".
2026-08-20T10:17:50.7655775Z          Creating directory "x64\Release\TestCove.2FD17BA1.tlog\".
2026-08-20T10:17:50.8986813Z      8>InitializeBuildStatus:
2026-08-20T10:17:50.8998751Z          Creating "x64\Release\Plugin.tlog\unsuccessfulbuild" because "AlwaysCreate" was specified.
2026-08-20T10:17:50.9034768Z          Touching "x64\Release\Plugin.tlog\unsuccessfulbuild".
2026-08-20T10:17:50.9921821Z      9>InitializeBuildStatus:
2026-08-20T10:17:50.9924166Z          Creating "x64\Release\TestCove.2FD17BA1.tlog\unsuccessfulbuild" because "AlwaysCreate" was specified.
2026-08-20T10:17:50.9927527Z          Touching "x64\Release\TestCove.2FD17BA1.tlog\unsuccessfulbuild".
2026-08-20T10:17:51.0173116Z      8>VcpkgTripletSelection:
2026-08-20T10:17:51.0553354Z          Using triplet "x64-windows" from "D:\a\OpenCppCoverage-ARM64\OpenCppCoverage-ARM64\vcpkg_installed\x64-windows\"
2026-08-20T10:17:51.0812436Z          Using normalized configuration "Release"
2026-08-20T10:17:51.0897705Z        VcpkgBootstrap:
2026-08-20T10:17:51.0913923Z        Skipping target "VcpkgBootstrap" because all output files are up-to-date with respect to the input files.
2026-08-20T10:17:51.0917753Z        VcpkgInstallManifestDependencies:
2026-08-20T10:17:51.0922804Z        Skipping target "VcpkgInstallManifestDependencies" because all output files are up-to-date with respect to the input files.
2026-08-20T10:17:51.0926789Z      9>VcpkgTripletSelection:
2026-08-20T10:17:51.0932267Z          Using triplet "x64-windows" from "D:\a\OpenCppCoverage-ARM64\OpenCppCoverage-ARM64\vcpkg_installed\x64-windows\"
2026-08-20T10:17:51.0935620Z          Using normalized configuration "Release"
2026-08-20T10:17:51.0949127Z        VcpkgBootstrap:
2026-08-20T10:17:51.0952522Z        Skipping target "VcpkgBootstrap" because all output files are up-to-date with respect to the input files.
2026-08-20T10:17:51.0959167Z        VcpkgInstallManifestDependencies:
2026-08-20T10:17:51.0963462Z        Skipping target "VcpkgInstallManifestDependencies" because all output files are up-to-date with respect to the input files.
2026-08-20T10:17:51.0970093Z      8>ClCompile:
2026-08-20T10:17:51.0981922Z          C:\Program Files\Microsoft Visual Studio\2022\Enterprise\VC\Tools\MSVC\14.44.35207\bin\HostX64\x64\CL.exe /c /I"D:\a\OpenCppCoverage-ARM64\OpenCppCoverage-ARM64\\" /I"D:\a\OpenCppCoverage-ARM64\OpenCppCoverage-ARM64\Plugin\\" /I"D:\a\OpenCppCoverage-ARM64\OpenCppCoverage-ARM64\vcpkg_installed\x64-windows\include" /Zi /nologo /W3 /WX /diagnostics:column /sdl /O2 /Oi /GL /D NDEBUG /D PLUGIN_EXPORTS /D _WINDOWS /D _USRDLL /D "OPENCPPCOVERAGE_VERSION=\"0.9.9.0\"" /D _CRT_SECURE_NO_WARNINGS /D "PROJECT_DIR=R\"|(D:\a\OpenCppCoverage-ARM64\OpenCppCoverage-ARM64\Plugin\)|\"" /D "SOLUTION_DIR=R\"|(D:\a\OpenCppCoverage-ARM64\OpenCppCoverage-ARM64\)|\"" /D "TARGET_FILE_NAME=R\"|(Plugin.dll)|\"" /D "OUT_DIR=R\"|(D:\a\OpenCppCoverage-ARM64\OpenCppCoverage-ARM64\x64\Release\)|\"" /D NOMINMAX /D _WINDLL /D _UNICODE /D UNICODE /Gm- /EHsc /MD /GS /Gy /fp:precise /Zc:wchar_t /Zc:forScope /Zc:inline /std:c++17 /permissive- /Yc"stdafx.h" /Fp"x64\Release\Plugin.pch" /Fo"x64\Release\\" /Fd"x64\Release\vc143.pdb" /external:W3 /Gd /TP /FC /errorReport:queue stdafx.cpp
2026-08-20T10:17:51.0993380Z      9>ClCompile:
2026-08-20T10:17:51.1004110Z          C:\Program Files\Microsoft Visual Studio\2022\Enterprise\VC\Tools\MSVC\14.44.35207\bin\HostX64\x64\CL.exe /c /I"D:\a\OpenCppCoverage-ARM64\OpenCppCoverage-ARM64\\" /I"D:\a\OpenCppCoverage-ARM64\OpenCppCoverage-ARM64\TestCoverageOptimizedBuild\\" /I"D:\a\OpenCppCoverage-ARM64\OpenCppCoverage-ARM64\vcpkg_installed\x64-windows\include" /Zi /nologo /W3 /WX /diagnostics:column /sdl /O2 /Oi /GL /D NDEBUG /D _WINDOWS /D _USRDLL /D TESTCOVERAGERELEASELIB_EXPORTS /D BOOST_CONFIG_SUPPRESS_OUTDATED_MESSAGE /D "OPENCPPCOVERAGE_VERSION=\"0.9.9.0\"" /D _CRT_SECURE_NO_WARNINGS /D "PROJECT_DIR=R\"|(D:\a\OpenCppCoverage-ARM64\OpenCppCoverage-ARM64\TestCoverageOptimizedBuild\)|\"" /D "SOLUTION_DIR=R\"|(D:\a\OpenCppCoverage-ARM64\OpenCppCoverage-ARM64\)|\"" /D "TARGET_FILE_NAME=R\"|(TestCoverageOptimizedBuild.dll)|\"" /D "OUT_DIR=R\"|(D:\a\OpenCppCoverage-ARM64\OpenCppCoverage-ARM64\x64\Release\)|\"" /D NOMINMAX /D _WINDLL /D _UNICODE /D UNICODE /Gm- /EHsc /MD /GS /Gy /fp:precise /Zc:wchar_t /Zc:forScope /Zc:inline /std:c++17 /permissive- /Fo"x64\Release\\" /Fd"x64\Release\vc143.pdb" /external:W3 /Gd /TP /FC /errorReport:queue TestCoverageOptimizedBuild.cpp
2026-08-20T10:17:51.1017663Z          TestCoverageOptimizedBuild.cpp
2026-08-20T10:17:51.1023336Z      8>ClCompile:
2026-08-20T10:17:51.1029890Z          stdafx.cpp
2026-08-20T10:17:51.1618684Z      1>Project "D:\a\OpenCppCoverage-ARM64\OpenCppCoverage-ARM64\CppCoverage.sln" (1) is building "D:\a\OpenCppCoverage-ARM64\OpenCppCoverage-ARM64\CppCoverage\CppCoverage.vcxproj" (7) on node 3 (default targets).
2026-08-20T10:17:51.1623772Z      7>Project "D:\a\OpenCppCoverage-ARM64\OpenCppCoverage-ARM64\CppCoverage\CppCoverage.vcxproj" (7) is building "D:\a\OpenCppCoverage-ARM64\OpenCppCoverage-ARM64\FileFilter\FileFilter.vcxproj" (11) on node 3 (default targets).
2026-08-20T10:17:51.1630015Z     11>Project "D:\a\OpenCppCoverage-ARM64\OpenCppCoverage-ARM64\FileFilter\FileFilter.vcxproj" (11) is building "D:\a\OpenCppCoverage-ARM64\OpenCppCoverage-ARM64\Tools\Tools.vcxproj" (14) on node 3 (default targets).
2026-08-20T10:17:51.1633250Z     14>PrepareForBuild:
2026-08-20T10:17:51.1635245Z          Creating directory "x64\Release\".
2026-08-20T10:17:51.1720558Z          Structured output is enabled. The formatting of compiler diagnostics will reflect the error hierarchy. See https://aka.ms/cpp/structured-output for more details.
2026-08-20T10:17:51.1741739Z          Creating directory "x64\Release\Tools.tlog\".
2026-08-20T10:17:51.1896736Z        InitializeBuildStatus:
2026-08-20T10:17:51.1898007Z          Creating "x64\Release\Tools.tlog\unsuccessfulbuild" because "AlwaysCreate" was specified.
2026-08-20T10:17:51.1899249Z          Touching "x64\Release\Tools.tlog\unsuccessfulbuild".
2026-08-20T10:17:51.2274154Z        VcpkgTripletSelection:
2026-08-20T10:17:51.2275320Z          Using triplet "x64-windows" from "D:\a\OpenCppCoverage-ARM64\OpenCppCoverage-ARM64\vcpkg_installed\x64-windows\"
2026-08-20T10:17:51.2276537Z          Using normalized configuration "Release"
2026-08-20T10:17:51.2467858Z        VcpkgBootstrap:
2026-08-20T10:17:51.2476508Z        Skipping target "VcpkgBootstrap" because all output files are up-to-date with respect to the input files.
2026-08-20T10:17:51.2480076Z        VcpkgInstallManifestDependencies:
2026-08-20T10:17:51.2481223Z        Skipping target "VcpkgInstallManifestDependencies" because all output files are up-to-date with respect to the input files.
2026-08-20T10:17:51.2509605Z        ClCompile:
2026-08-20T10:17:51.2516976Z          C:\Program Files\Microsoft Visual Studio\2022\Enterprise\VC\Tools\MSVC\14.44.35207\bin\HostX64\x64\CL.exe /c /I"D:\a\OpenCppCoverage-ARM64\OpenCppCoverage-ARM64\\" /I"D:\a\OpenCppCoverage-ARM64\OpenCppCoverage-ARM64\Tools\\" /I"D:\a\OpenCppCoverage-ARM64\OpenCppCoverage-ARM64\vcpkg_installed\x64-windows\include" /Zi /nologo /W3 /WX /diagnostics:column /sdl /O2 /Oi /GL /D WIN32 /D NDEBUG /D _WINDOWS /D _USRDLL /D TOOLS_EXPORTS /D BOOST_CONFIG_SUPPRESS_OUTDATED_MESSAGE /D "OPENCPPCOVERAGE_VERSION=\"0.9.9.0\"" /D _CRT_SECURE_NO_WARNINGS /D "PROJECT_DIR=R\"|(D:\a\OpenCppCoverage-ARM64\OpenCppCoverage-ARM64\Tools\)|\"" /D "SOLUTION_DIR=R\"|(D:\a\OpenCppCoverage-ARM64\OpenCppCoverage-ARM64\)|\"" /D "TARGET_FILE_NAME=R\"|(Tools.dll)|\"" /D "OUT_DIR=R\"|(D:\a\OpenCppCoverage-ARM64\OpenCppCoverage-ARM64\x64\Release\)|\"" /D NOMINMAX /D _WINDLL /D _UNICODE /D UNICODE /Gm- /EHsc /MD /GS /Gy /fp:precise /Zc:wchar_t /Zc:forScope /Zc:inline /std:c++17 /permissive- /Yc"stdafx.h" /Fp"x64\Release\Tools.pch" /Fo"x64\Release\\" /Fd"x64\Release\vc143.pdb" /external:W3 /Gd /TP /FC /errorReport:queue stdafx.cpp
2026-08-20T10:17:51.2524463Z          stdafx.cpp
2026-08-20T10:17:51.3444453Z      8>ClCompile:
2026-08-20T10:17:51.3451592Z          C:\Program Files\Microsoft Visual Studio\2022\Enterprise\VC\Tools\MSVC\14.44.35207\bin\HostX64\x64\CL.exe /c /I"D:\a\OpenCppCoverage-ARM64\OpenCppCoverage-ARM64\\" /I"D:\a\OpenCppCoverage-ARM64\OpenCppCoverage-ARM64\Plugin\\" /I"D:\a\OpenCppCoverage-ARM64\OpenCppCoverage-ARM64\vcpkg_installed\x64-windows\include" /Zi /nologo /W3 /WX /diagnostics:column /sdl /O2 /Oi /GL /D NDEBUG /D PLUGIN_EXPORTS /D _WINDOWS /D _USRDLL /D "OPENCPPCOVERAGE_VERSION=\"0.9.9.0\"" /D _CRT_SECURE_NO_WARNINGS /D "PROJECT_DIR=R\"|(D:\a\OpenCppCoverage-ARM64\OpenCppCoverage-ARM64\Plugin\)|\"" /D "SOLUTION_DIR=R\"|(D:\a\OpenCppCoverage-ARM64\OpenCppCoverage-ARM64\)|\"" /D "TARGET_FILE_NAME=R\"|(Plugin.dll)|\"" /D "OUT_DIR=R\"|(D:\a\OpenCppCoverage-ARM64\OpenCppCoverage-ARM64\x64\Release\)|\"" /D NOMINMAX /D _WINDLL /D _UNICODE /D UNICODE /Gm- /EHsc /MD /GS /Gy /fp:precise /Zc:wchar_t /Zc:forScope /Zc:inline /std:c++17 /permissive- /Yu"stdafx.h" /Fp"x64\Release\Plugin.pch" /Fo"x64\Release\\" /Fd"x64\Release\vc143.pdb" /external:W3 /Gd /TP /FC /errorReport:queue Exporter\CoverageData.cpp Exporter\FileCoverage.cpp Exporter\LineCoverage.cpp Exporter\ModuleCoverage.cpp
2026-08-20T10:17:51.3483538Z     14>ClCompile:
2026-08-20T10:17:51.3489492Z          C:\Program Files\Microsoft Visual Studio\2022\Enterprise\VC\Tools\MSVC\14.44.35207\bin\HostX64\x64\CL.exe /c /I"D:\a\OpenCppCoverage-ARM64\OpenCppCoverage-ARM64\\" /I"D:\a\OpenCppCoverage-ARM64\OpenCppCoverage-ARM64\Tools\\" /I"D:\a\OpenCppCoverage-ARM64\OpenCppCoverage-ARM64\vcpkg_installed\x64-windows\include" /Zi /nologo /W3 /WX /diagnostics:column /sdl /O2 /Oi /GL /D WIN32 /D NDEBUG /D _WINDOWS /D _USRDLL /D TOOLS_EXPORTS /D BOOST_CONFIG_SUPPRESS_OUTDATED_MESSAGE /D "OPENCPPCOVERAGE_VERSION=\"0.9.9.0\"" /D _CRT_SECURE_NO_WARNINGS /D "PROJECT_DIR=R\"|(D:\a\OpenCppCoverage-ARM64\OpenCppCoverage-ARM64\Tools\)|\"" /D "SOLUTION_DIR=R\"|(D:\a\OpenCppCoverage-ARM64\OpenCppCoverage-ARM64\)|\"" /D "TARGET_FILE_NAME=R\"|(Tools.dll)|\"" /D "OUT_DIR=R\"|(D:\a\OpenCppCoverage-ARM64\OpenCppCoverage-ARM64\x64\Release\)|\"" /D NOMINMAX /D _WINDLL /D _UNICODE /D UNICODE /Gm- /EHsc /MD /GS /Gy /fp:precise /Zc:wchar_t /Zc:forScope /Zc:inline /std:c++17 /permissive- /Fo"x64\Release\\" /Fd"x64\Release\vc143.pdb" /external:W3 /Gd /TP /FC /errorReport:queue dllmain.cpp
2026-08-20T10:17:51.3500556Z          dllmain.cpp
2026-08-20T10:17:51.3544091Z      8>ClCompile:
2026-08-20T10:17:51.3544711Z          CoverageData.cpp
2026-08-20T10:17:51.5225163Z     14>ClCompile:
2026-08-20T10:17:51.5234324Z          C:\Program Files\Microsoft Visual Studio\2022\Enterprise\VC\Tools\MSVC\14.44.35207\bin\HostX64\x64\CL.exe /c /I"D:\a\OpenCppCoverage-ARM64\OpenCppCoverage-ARM64\\" /I"D:\a\OpenCppCoverage-ARM64\OpenCppCoverage-ARM64\Tools\\" /I"D:\a\OpenCppCoverage-ARM64\OpenCppCoverage-ARM64\vcpkg_installed\x64-windows\include" /Zi /nologo /W3 /WX /diagnostics:column /sdl /O2 /Oi /GL /D WIN32 /D NDEBUG /D _WINDOWS /D _USRDLL /D TOOLS_EXPORTS /D BOOST_CONFIG_SUPPRESS_OUTDATED_MESSAGE /D "OPENCPPCOVERAGE_VERSION=\"0.9.9.0\"" /D _CRT_SECURE_NO_WARNINGS /D "PROJECT_DIR=R\"|(D:\a\OpenCppCoverage-ARM64\OpenCppCoverage-ARM64\Tools\)|\"" /D "SOLUTION_DIR=R\"|(D:\a\OpenCppCoverage-ARM64\OpenCppCoverage-ARM64\)|\"" /D "TARGET_FILE_NAME=R\"|(Tools.dll)|\"" /D "OUT_DIR=R\"|(D:\a\OpenCppCoverage-ARM64\OpenCppCoverage-ARM64\x64\Release\)|\"" /D NOMINMAX /D _WINDLL /D _UNICODE /D UNICODE /Gm- /EHsc /MD /GS /Gy /fp:precise /Zc:wchar_t /Zc:forScope /Zc:inline /std:c++17 /permissive- /Yu"stdafx.h" /Fp"x64\Release\Tools.pch" /Fo"x64\Release\\" /Fd"x64\Release\vc143.pdb" /external:W3 /Gd /TP /FC /errorReport:queue ExceptionBase.cpp Log.cpp MappedFile.cpp MiniDump.cpp PEFileHeader.cpp ProcessMemory.cpp ScopedAction.cpp Tool.cpp UniquePath.cpp WarningManager.cpp
2026-08-20T10:17:51.5517310Z          ExceptionBase.cpp
2026-08-20T10:17:51.7613108Z      9>Link:
2026-08-20T10:17:51.7621561Z          C:\Program Files\Microsoft Visual Studio\2022\Enterprise\VC\Tools\MSVC\14.44.35207\bin\HostX64\x64\link.exe /ERRORREPORT:QUEUE /OUT:"D:\a\OpenCppCoverage-ARM64\OpenCppCoverage-ARM64\x64\Release\TestCoverageOptimizedBuild.dll" /INCREMENTAL:NO /NOLOGO /LIBPATH:"D:\a\OpenCppCoverage-ARM64\OpenCppCoverage-ARM64\vcpkg_installed\x64-windows\lib" /LIBPATH:"D:\a\OpenCppCoverage-ARM64\OpenCppCoverage-ARM64\vcpkg_installed\x64-windows\lib\manual-link" bcrypt.lib kernel32.lib user32.lib gdi32.lib winspool.lib comdlg32.lib advapi32.lib shell32.lib ole32.lib oleaut32.lib uuid.lib odbc32.lib odbccp32.lib "D:\a\OpenCppCoverage-ARM64\OpenCppCoverage-ARM64\vcpkg_installed\x64-windows\lib\*.lib" /MANIFEST /MANIFESTUAC:"level='asInvoker' uiAccess='false'" /manifest:embed /DEBUG /PDB:"D:\a\OpenCppCoverage-ARM64\OpenCppCoverage-ARM64\x64\Release\TestCoverageOptimizedBuild.pdb" /SUBSYSTEM:WINDOWS /OPT:REF /OPT:ICF /LTCG:incremental /LTCGOUT:"x64\Release\TestCoverageOptimizedBuild.iobj" /TLBID:1 /DYNAMICBASE /NXCOMPAT /IMPLIB:"D:\a\OpenCppCoverage-ARM64\OpenCppCoverage-ARM64\x64\Release\TestCoverageOptimizedBuild.lib" /MACHINE:X64 /DLL x64\Release\TestCoverageOptimizedBuild.obj
2026-08-20T10:17:52.0061009Z             Creating library D:\a\OpenCppCoverage-ARM64\OpenCppCoverage-ARM64\x64\Release\TestCoverageOptimizedBuild.lib and object D:\a\OpenCppCoverage-ARM64\OpenCppCoverage-ARM64\x64\Release\TestCoverageOptimizedBuild.exp
2026-08-20T10:17:52.0236535Z          Generating code
2026-08-20T10:17:52.0339461Z          Previous IPDB not found, fall back to full compilation.
2026-08-20T10:17:52.3263951Z          All 251 functions were compiled because no usable IPDB/IOBJ from previous compilation was found.
2026-08-20T10:17:52.3290503Z          Finished generating code
2026-08-20T10:17:52.4916872Z      8>ClCompile:
2026-08-20T10:17:52.4917614Z          FileCoverage.cpp
2026-08-20T10:17:52.5000544Z      9>Link:
2026-08-20T10:17:52.5001902Z          TestCoverageOptimizedBuild.vcxproj -> D:\a\OpenCppCoverage-ARM64\OpenCppCoverage-ARM64\x64\Release\TestCoverageOptimizedBuild.dll
2026-08-20T10:17:52.5003988Z        AppLocalFromInstalled:
2026-08-20T10:17:52.5006733Z          "C:\Users\runneradmin\AppData\Local\OpenCppCoverage\vcpkg\vcpkg.exe" z-applocal --target-binary="D:\a\OpenCppCoverage-ARM64\OpenCppCoverage-ARM64\x64\Release\TestCoverageOptimizedBuild.dll" --installed-bin-dir="D:\a\OpenCppCoverage-ARM64\OpenCppCoverage-ARM64\vcpkg_installed\x64-windows\bin" --tlog-file="x64\Release\TestCove.2FD17BA1.tlog\TestCoverageOptimizedBuild.write.1u.tlog" --copied-files-log="x64\Release\vcpkg.applocal.log"
2026-08-20T10:17:52.5880337Z        FinalizeBuildStatus:
2026-08-20T10:17:52.5881141Z          Deleting file "x64\Release\TestCove.2FD17BA1.tlog\unsuccessfulbuild".
2026-08-20T10:17:52.5882075Z          Touching "x64\Release\TestCove.2FD17BA1.tlog\TestCoverageOptimizedBuild.lastbuildstate".
2026-08-20T10:17:52.5891784Z      9>Done Building Project "D:\a\OpenCppCoverage-ARM64\OpenCppCoverage-ARM64\TestCoverageOptimizedBuild\TestCoverageOptimizedBuild.vcxproj" (default targets).
2026-08-20T10:17:52.7215838Z     14>ClCompile:
2026-08-20T10:17:52.7216247Z          Log.cpp
2026-08-20T10:17:53.4058743Z      8>ClCompile:
2026-08-20T10:17:53.4059258Z          LineCoverage.cpp
2026-08-20T10:17:53.4239615Z          ModuleCoverage.cpp
2026-08-20T10:17:54.3485089Z        Link:
2026-08-20T10:17:54.3491937Z          C:\Program Files\Microsoft Visual Studio\2022\Enterprise\VC\Tools\MSVC\14.44.35207\bin\HostX64\x64\link.exe /ERRORREPORT:QUEUE /OUT:"D:\a\OpenCppCoverage-ARM64\OpenCppCoverage-ARM64\x64\Release\Plugin.dll" /INCREMENTAL:NO /NOLOGO /LIBPATH:"D:\a\OpenCppCoverage-ARM64\OpenCppCoverage-ARM64\vcpkg_installed\x64-windows\lib" /LIBPATH:"D:\a\OpenCppCoverage-ARM64\OpenCppCoverage-ARM64\vcpkg_installed\x64-windows\lib\manual-link" kernel32.lib user32.lib gdi32.lib winspool.lib comdlg32.lib advapi32.lib shell32.lib ole32.lib oleaut32.lib uuid.lib odbc32.lib odbccp32.lib "D:\a\OpenCppCoverage-ARM64\OpenCppCoverage-ARM64\vcpkg_installed\x64-windows\lib\*.lib" /MANIFEST /MANIFESTUAC:"level='asInvoker' uiAccess='false'" /manifest:embed /DEBUG /PDB:"D:\a\OpenCppCoverage-ARM64\OpenCppCoverage-ARM64\x64\Release\Plugin.pdb" /SUBSYSTEM:WINDOWS /OPT:REF /OPT:ICF /LTCG:incremental /LTCGOUT:"x64\Release\Plugin.iobj" /TLBID:1 /DYNAMICBASE /NXCOMPAT /IMPLIB:"D:\a\OpenCppCoverage-ARM64\OpenCppCoverage-ARM64\x64\Release\Plugin.lib" /MACHINE:X64 /DLL x64\Release\CoverageData.obj
2026-08-20T10:17:54.3497451Z          x64\Release\FileCoverage.obj
2026-08-20T10:17:54.3497944Z          x64\Release\LineCoverage.obj
2026-08-20T10:17:54.3498392Z          x64\Release\ModuleCoverage.obj
2026-08-20T10:17:54.3498843Z          x64\Release\stdafx.obj
2026-08-20T10:17:54.4796692Z             Creating library D:\a\OpenCppCoverage-ARM64\OpenCppCoverage-ARM64\x64\Release\Plugin.lib and object D:\a\OpenCppCoverage-ARM64\OpenCppCoverage-ARM64\x64\Release\Plugin.exp
2026-08-20T10:17:54.4897905Z          Generating code
2026-08-20T10:17:54.4934832Z          Previous IPDB not found, fall back to full compilation.
2026-08-20T10:17:54.9189779Z          All 563 functions were compiled because no usable IPDB/IOBJ from previous compilation was found.
2026-08-20T10:17:54.9228312Z          Finished generating code
2026-08-20T10:17:55.0905543Z          Plugin.vcxproj -> D:\a\OpenCppCoverage-ARM64\OpenCppCoverage-ARM64\x64\Release\Plugin.dll
2026-08-20T10:17:55.0925594Z        AppLocalFromInstalled:
2026-08-20T10:17:55.0928227Z          "C:\Users\runneradmin\AppData\Local\OpenCppCoverage\vcpkg\vcpkg.exe" z-applocal --target-binary="D:\a\OpenCppCoverage-ARM64\OpenCppCoverage-ARM64\x64\Release\Plugin.dll" --installed-bin-dir="D:\a\OpenCppCoverage-ARM64\OpenCppCoverage-ARM64\vcpkg_installed\x64-windows\bin" --tlog-file="x64\Release\Plugin.tlog\Plugin.write.1u.tlog" --copied-files-log="x64\Release\vcpkg.applocal.log"
2026-08-20T10:17:55.1771079Z        FinalizeBuildStatus:
2026-08-20T10:17:55.1771840Z          Deleting file "x64\Release\Plugin.tlog\unsuccessfulbuild".
2026-08-20T10:17:55.1773252Z          Touching "x64\Release\Plugin.tlog\Plugin.lastbuildstate".
2026-08-20T10:17:55.1788186Z      8>Done Building Project "D:\a\OpenCppCoverage-ARM64\OpenCppCoverage-ARM64\Plugin\Plugin.vcxproj" (default targets).
2026-08-20T10:17:55.1937364Z      1>Project "D:\a\OpenCppCoverage-ARM64\OpenCppCoverage-ARM64\CppCoverage.sln" (1) is building "D:\a\OpenCppCoverage-ARM64\OpenCppCoverage-ARM64\PluginTest\PluginTest.vcxproj" (17) on node 1 (default targets).
2026-08-20T10:17:55.1938834Z     17>PrepareForBuild:
2026-08-20T10:17:55.1939262Z          Creating directory "x64\Release\".
2026-08-20T10:17:55.2000793Z          Structured output is enabled. The formatting of compiler diagnostics will reflect the error hierarchy. See https://aka.ms/cpp/structured-output for more details.
2026-08-20T10:17:55.2002657Z          Creating directory "x64\Release\PluginTest.tlog\".
2026-08-20T10:17:55.2034019Z        InitializeBuildStatus:
2026-08-20T10:17:55.2034904Z          Creating "x64\Release\PluginTest.tlog\unsuccessfulbuild" because "AlwaysCreate" was specified.
2026-08-20T10:17:55.2035899Z          Touching "x64\Release\PluginTest.tlog\unsuccessfulbuild".
2026-08-20T10:17:55.2185472Z      5>Project "D:\a\OpenCppCoverage-ARM64\OpenCppCoverage-ARM64\TestCoverageConsole\TestCoverageConsole.vcxproj" (5) is building "D:\a\OpenCppCoverage-ARM64\OpenCppCoverage-ARM64\TestCoverageSharedLib\TestCoverageSharedLib.vcxproj" (12) on node 1 (default targets).
2026-08-20T10:17:55.2187094Z     12>PrepareForBuild:
2026-08-20T10:17:55.2187514Z          Creating directory "x64\Release\".
2026-08-20T10:17:55.2209499Z          Structured output is enabled. The formatting of compiler diagnostics will reflect the error hierarchy. See https://aka.ms/cpp/structured-output for more details.
2026-08-20T10:17:55.2210846Z          Creating directory "x64\Release\TestCove.0481B51C.tlog\".
2026-08-20T10:17:55.2235503Z        InitializeBuildStatus:
2026-08-20T10:17:55.2236385Z          Creating "x64\Release\TestCove.0481B51C.tlog\unsuccessfulbuild" because "AlwaysCreate" was specified.
2026-08-20T10:17:55.2237567Z          Touching "x64\Release\TestCove.0481B51C.tlog\unsuccessfulbuild".
2026-08-20T10:17:55.2310497Z        VcpkgTripletSelection:
2026-08-20T10:17:55.2311789Z          Using triplet "x64-windows" from "D:\a\OpenCppCoverage-ARM64\OpenCppCoverage-ARM64\vcpkg_installed\x64-windows\"
2026-08-20T10:17:55.2313570Z          Using normalized configuration "Release"
2026-08-20T10:17:55.2314950Z        VcpkgBootstrap:
2026-08-20T10:17:55.2315894Z        Skipping target "VcpkgBootstrap" because all output files are up-to-date with respect to the input files.
2026-08-20T10:17:55.2317528Z        VcpkgInstallManifestDependencies:
2026-08-20T10:17:55.2319815Z        Skipping target "VcpkgInstallManifestDependencies" because all output files are up-to-date with respect to the input files.
2026-08-20T10:17:55.2926303Z        ClCompile:
2026-08-20T10:17:55.2932165Z          C:\Program Files\Microsoft Visual Studio\2022\Enterprise\VC\Tools\MSVC\14.44.35207\bin\HostX64\x64\CL.exe /c /I"D:\a\OpenCppCoverage-ARM64\OpenCppCoverage-ARM64\\" /I"D:\a\OpenCppCoverage-ARM64\OpenCppCoverage-ARM64\TestCoverageSharedLib\\" /I"D:\a\OpenCppCoverage-ARM64\OpenCppCoverage-ARM64\vcpkg_installed\x64-windows\include" /Zi /nologo /W3 /WX /diagnostics:column /sdl /Od /Oi /GL /D WIN32 /D NDEBUG /D _WINDOWS /D BOOST_CONFIG_SUPPRESS_OUTDATED_MESSAGE /D "OPENCPPCOVERAGE_VERSION=\"0.9.9.0\"" /D _CRT_SECURE_NO_WARNINGS /D "PROJECT_DIR=R\"|(D:\a\OpenCppCoverage-ARM64\OpenCppCoverage-ARM64\TestCoverageSharedLib\)|\"" /D "SOLUTION_DIR=R\"|(D:\a\OpenCppCoverage-ARM64\OpenCppCoverage-ARM64\)|\"" /D "TARGET_FILE_NAME=R\"|(TestCoverageSharedLib.dll)|\"" /D "OUT_DIR=R\"|(D:\a\OpenCppCoverage-ARM64\OpenCppCoverage-ARM64\x64\Release\)|\"" /D NOMINMAX /D _WINDLL /D _UNICODE /D UNICODE /Gm- /EHsc /MD /GS /Gy /fp:precise /Zc:wchar_t /Zc:forScope /Zc:inline /std:c++17 /permissive- /Yc"stdafx.h" /Fp"x64\Release\TestCoverageSharedLib.pch" /Fo"x64\Release\\" /Fd"x64\Release\vc143.pdb" /external:W3 /Gd /TP /FC /errorReport:queue stdafx.cpp
2026-08-20T10:17:55.3199896Z     17>VcpkgTripletSelection:
2026-08-20T10:17:55.3201635Z          Using triplet "x64-windows" from "D:\a\OpenCppCoverage-ARM64\OpenCppCoverage-ARM64\vcpkg_installed\x64-windows\"
2026-08-20T10:17:55.3203946Z          Using normalized configuration "Release"
2026-08-20T10:17:55.3206008Z        VcpkgBootstrap:
2026-08-20T10:17:55.3210008Z        Skipping target "VcpkgBootstrap" because all output files are up-to-date with respect to the input files.
2026-08-20T10:17:55.3211871Z        VcpkgInstallManifestDependencies:
2026-08-20T10:17:55.3213033Z        Skipping target "VcpkgInstallManifestDependencies" because all output files are up-to-date with respect to the input files.
2026-08-20T10:17:55.3256481Z        ClCompile:
2026-08-20T10:17:55.3262639Z          C:\Program Files\Microsoft Visual Studio\2022\Enterprise\VC\Tools\MSVC\14.44.35207\bin\HostX64\x64\CL.exe /c /I"D:\a\OpenCppCoverage-ARM64\OpenCppCoverage-ARM64\\" /I"D:\a\OpenCppCoverage-ARM64\OpenCppCoverage-ARM64\PluginTest\\" /I"D:\a\OpenCppCoverage-ARM64\OpenCppCoverage-ARM64\vcpkg_installed\x64-windows\include" /Zi /nologo /W3 /WX /diagnostics:column /sdl /O2 /Oi /GL /D NDEBUG /D _CONSOLE /D GTEST_LINKED_AS_SHARED_LIBRARY=1 /D _SILENCE_TR1_NAMESPACE_DEPRECATION_WARNING /D "OPENCPPCOVERAGE_VERSION=\"0.9.9.0\"" /D _CRT_SECURE_NO_WARNINGS /D "PROJECT_DIR=R\"|(D:\a\OpenCppCoverage-ARM64\OpenCppCoverage-ARM64\PluginTest\)|\"" /D "SOLUTION_DIR=R\"|(D:\a\OpenCppCoverage-ARM64\OpenCppCoverage-ARM64\)|\"" /D "TARGET_FILE_NAME=R\"|(PluginTest.exe)|\"" /D "OUT_DIR=R\"|(D:\a\OpenCppCoverage-ARM64\OpenCppCoverage-ARM64\x64\Release\)|\"" /D NOMINMAX /D _UNICODE /D UNICODE /Gm- /EHsc /MD /GS /Gy /fp:precise /Zc:wchar_t /Zc:forScope /Zc:inline /std:c++17 /permissive- /Yc"pch.h" /Fp"x64\Release\PluginTest.pch" /Fo"x64\Release\\" /Fd"x64\Release\vc143.pdb" /external:W3 /Gd /TP /wd4251 /wd4275 /FC /errorReport:queue pch.cpp
2026-08-20T10:17:55.3624148Z     12>ClCompile:
2026-08-20T10:17:55.3625281Z          stdafx.cpp
2026-08-20T10:17:55.3700378Z     17>ClCompile:
2026-08-20T10:17:55.3701237Z          pch.cpp
2026-08-20T10:17:55.5962099Z     12>ClCompile:
2026-08-20T10:17:55.5970495Z          C:\Program Files\Microsoft Visual Studio\2022\Enterprise\VC\Tools\MSVC\14.44.35207\bin\HostX64\x64\CL.exe /c /I"D:\a\OpenCppCoverage-ARM64\OpenCppCoverage-ARM64\\" /I"D:\a\OpenCppCoverage-ARM64\OpenCppCoverage-ARM64\TestCoverageSharedLib\\" /I"D:\a\OpenCppCoverage-ARM64\OpenCppCoverage-ARM64\vcpkg_installed\x64-windows\include" /Zi /nologo /W3 /WX /diagnostics:column /sdl /Od /Oi /GL /D WIN32 /D NDEBUG /D _WINDOWS /D BOOST_CONFIG_SUPPRESS_OUTDATED_MESSAGE /D "OPENCPPCOVERAGE_VERSION=\"0.9.9.0\"" /D _CRT_SECURE_NO_WARNINGS /D "PROJECT_DIR=R\"|(D:\a\OpenCppCoverage-ARM64\OpenCppCoverage-ARM64\TestCoverageSharedLib\)|\"" /D "SOLUTION_DIR=R\"|(D:\a\OpenCppCoverage-ARM64\OpenCppCoverage-ARM64\)|\"" /D "TARGET_FILE_NAME=R\"|(TestCoverageSharedLib.dll)|\"" /D "OUT_DIR=R\"|(D:\a\OpenCppCoverage-ARM64\OpenCppCoverage-ARM64\x64\Release\)|\"" /D NOMINMAX /D _WINDLL /D _UNICODE /D UNICODE /Gm- /EHsc /MD /GS /Gy /fp:precise /Zc:wchar_t /Zc:forScope /Zc:inline /std:c++17 /permissive- /Yu"stdafx.h" /Fp"x64\Release\TestCoverageSharedLib.pch" /Fo"x64\Release\\" /Fd"x64\Release\vc143.pdb" /external:W3 /Gd /TP /FC /errorReport:queue SimpleTextExport.cpp TestCoverageSharedLib.cpp TestCppCli.cpp
2026-08-20T10:17:55.6445634Z          SimpleTextExport.cpp
2026-08-20T10:17:56.7666681Z          TestCoverageSharedLib.cpp
2026-08-20T10:17:57.1788839Z     17>ClCompile:
2026-08-20T10:17:57.1796805Z          C:\Program Files\Microsoft Visual Studio\2022\Enterprise\VC\Tools\MSVC\14.44.35207\bin\HostX64\x64\CL.exe /c /I"D:\a\OpenCppCoverage-ARM64\OpenCppCoverage-ARM64\\" /I"D:\a\OpenCppCoverage-ARM64\OpenCppCoverage-ARM64\PluginTest\\" /I"D:\a\OpenCppCoverage-ARM64\OpenCppCoverage-ARM64\vcpkg_installed\x64-windows\include" /Zi /nologo /W3 /WX /diagnostics:column /sdl /O2 /Oi /GL /D NDEBUG /D _CONSOLE /D GTEST_LINKED_AS_SHARED_LIBRARY=1 /D _SILENCE_TR1_NAMESPACE_DEPRECATION_WARNING /D "OPENCPPCOVERAGE_VERSION=\"0.9.9.0\"" /D _CRT_SECURE_NO_WARNINGS /D "PROJECT_DIR=R\"|(D:\a\OpenCppCoverage-ARM64\OpenCppCoverage-ARM64\PluginTest\)|\"" /D "SOLUTION_DIR=R\"|(D:\a\OpenCppCoverage-ARM64\OpenCppCoverage-ARM64\)|\"" /D "TARGET_FILE_NAME=R\"|(PluginTest.exe)|\"" /D "OUT_DIR=R\"|(D:\a\OpenCppCoverage-ARM64\OpenCppCoverage-ARM64\x64\Release\)|\"" /D NOMINMAX /D _UNICODE /D UNICODE /Gm- /EHsc /MD /GS /Gy /fp:precise /Zc:wchar_t /Zc:forScope /Zc:inline /std:c++17 /permissive- /Yu"pch.h" /Fp"x64\Release\PluginTest.pch" /Fo"x64\Release\\" /Fd"x64\Release\vc143.pdb" /external:W3 /Gd /TP /wd4251 /wd4275 /FC /errorReport:queue Exporter\CoverageDataTest.cpp Exporter\FileCoverageTest.cpp PluginTest.cpp
2026-08-20T10:17:57.2222443Z          CoverageDataTest.cpp
2026-08-20T10:17:57.5888804Z          FileCoverageTest.cpp
2026-08-20T10:17:57.7902387Z     12>ClCompile:
2026-08-20T10:17:57.7903165Z          TestCppCli.cpp
2026-08-20T10:17:57.8926473Z        Link:
2026-08-20T10:17:57.8933149Z          C:\Program Files\Microsoft Visual Studio\2022\Enterprise\VC\Tools\MSVC\14.44.35207\bin\HostX64\x64\link.exe /ERRORREPORT:QUEUE /OUT:"D:\a\OpenCppCoverage-ARM64\OpenCppCoverage-ARM64\x64\Release\TestCoverageSharedLib.dll" /INCREMENTAL:NO /NOLOGO /LIBPATH:"D:\a\OpenCppCoverage-ARM64\OpenCppCoverage-ARM64\vcpkg_installed\x64-windows\lib" /LIBPATH:"D:\a\OpenCppCoverage-ARM64\OpenCppCoverage-ARM64\vcpkg_installed\x64-windows\lib\manual-link" bcrypt.lib kernel32.lib user32.lib gdi32.lib winspool.lib comdlg32.lib advapi32.lib shell32.lib ole32.lib oleaut32.lib uuid.lib odbc32.lib odbccp32.lib "D:\a\OpenCppCoverage-ARM64\OpenCppCoverage-ARM64\vcpkg_installed\x64-windows\lib\*.lib" /MANIFEST /MANIFESTUAC:"level='asInvoker' uiAccess='false'" /manifest:embed /DEBUG /PDB:"D:\a\OpenCppCoverage-ARM64\OpenCppCoverage-ARM64\x64\Release\TestCoverageSharedLib.pdb" /SUBSYSTEM:WINDOWS /OPT:REF /OPT:ICF /LTCG:incremental /LTCGOUT:"x64\Release\TestCoverageSharedLib.iobj" /TLBID:1 /DYNAMICBASE /NXCOMPAT /IMPLIB:"D:\a\OpenCppCoverage-ARM64\OpenCppCoverage-ARM64\x64\Release\TestCoverageSharedLib.lib" /MACHINE:X64 /DLL x64\Release\SimpleTextExport.obj
2026-08-20T10:17:57.8939804Z          x64\Release\TestCoverageSharedLib.obj
2026-08-20T10:17:57.8940545Z          x64\Release\stdafx.obj
2026-08-20T10:17:57.8941183Z          x64\Release\TestCppCli.obj
2026-08-20T10:17:57.8941962Z          "D:\a\OpenCppCoverage-ARM64\OpenCppCoverage-ARM64\x64\Release\Plugin.lib"
2026-08-20T10:17:57.9674801Z     17>ClCompile:
2026-08-20T10:17:57.9675539Z          PluginTest.cpp
2026-08-20T10:17:58.0540052Z     12>Link:
2026-08-20T10:17:58.0541511Z             Creating library D:\a\OpenCppCoverage-ARM64\OpenCppCoverage-ARM64\x64\Release\TestCoverageSharedLib.lib and object D:\a\OpenCppCoverage-ARM64\OpenCppCoverage-ARM64\x64\Release\TestCoverageSharedLib.exp
2026-08-20T10:17:58.0625326Z          Generating code
2026-08-20T10:17:58.0664055Z          Previous IPDB not found, fall back to full compilation.
2026-08-20T10:17:58.1212309Z          All 422 functions were compiled because no usable IPDB/IOBJ from previous compilation was found.
2026-08-20T10:17:58.1247442Z          Finished generating code
2026-08-20T10:17:58.3037173Z          TestCoverageSharedLib.vcxproj -> D:\a\OpenCppCoverage-ARM64\OpenCppCoverage-ARM64\x64\Release\TestCoverageSharedLib.dll
2026-08-20T10:17:58.3071753Z        AppLocalFromInstalled:
2026-08-20T10:17:58.3074462Z          "C:\Users\runneradmin\AppData\Local\OpenCppCoverage\vcpkg\vcpkg.exe" z-applocal --target-binary="D:\a\OpenCppCoverage-ARM64\OpenCppCoverage-ARM64\x64\Release\TestCoverageSharedLib.dll" --installed-bin-dir="D:\a\OpenCppCoverage-ARM64\OpenCppCoverage-ARM64\vcpkg_installed\x64-windows\bin" --tlog-file="x64\Release\TestCove.0481B51C.tlog\TestCoverageSharedLib.write.1u.tlog" --copied-files-log="x64\Release\vcpkg.applocal.log"
2026-08-20T10:17:58.3988290Z     17>Link:
2026-08-20T10:17:58.3994597Z          C:\Program Files\Microsoft Visual Studio\2022\Enterprise\VC\Tools\MSVC\14.44.35207\bin\HostX64\x64\link.exe /ERRORREPORT:QUEUE /OUT:"D:\a\OpenCppCoverage-ARM64\OpenCppCoverage-ARM64\x64\Release\PluginTest.exe" /INCREMENTAL:NO /NOLOGO /LIBPATH:"D:\a\OpenCppCoverage-ARM64\OpenCppCoverage-ARM64\vcpkg_installed\x64-windows\lib" /LIBPATH:"D:\a\OpenCppCoverage-ARM64\OpenCppCoverage-ARM64\vcpkg_installed\x64-windows\lib\manual-link" gmock.lib gtest.lib kernel32.lib user32.lib gdi32.lib winspool.lib comdlg32.lib advapi32.lib shell32.lib ole32.lib oleaut32.lib uuid.lib odbc32.lib odbccp32.lib "D:\a\OpenCppCoverage-ARM64\OpenCppCoverage-ARM64\vcpkg_installed\x64-windows\lib\*.lib" /MANIFEST /MANIFESTUAC:"level='asInvoker' uiAccess='false'" /manifest:embed /DEBUG /PDB:"D:\a\OpenCppCoverage-ARM64\OpenCppCoverage-ARM64\x64\Release\PluginTest.pdb" /SUBSYSTEM:CONSOLE /OPT:REF /OPT:ICF /LTCG:incremental /LTCGOUT:"x64\Release\PluginTest.iobj" /TLBID:1 /DYNAMICBASE /NXCOMPAT /IMPLIB:"D:\a\OpenCppCoverage-ARM64\OpenCppCoverage-ARM64\x64\Release\PluginTest.lib" /MACHINE:X64 x64\Release\CoverageDataTest.obj
2026-08-20T10:17:58.4000995Z          x64\Release\FileCoverageTest.obj
2026-08-20T10:17:58.4001472Z          x64\Release\pch.obj
2026-08-20T10:17:58.4001893Z          x64\Release\PluginTest.obj
2026-08-20T10:17:58.4002533Z          "D:\a\OpenCppCoverage-ARM64\OpenCppCoverage-ARM64\x64\Release\Plugin.lib"
2026-08-20T10:17:58.7128740Z          Generating code
2026-08-20T10:17:58.7165597Z          Previous IPDB not found, fall back to full compilation.
2026-08-20T10:17:59.3217664Z          All 470 functions were compiled because no usable IPDB/IOBJ from previous compilation was found.
2026-08-20T10:17:59.3264013Z          Finished generating code
2026-08-20T10:17:59.5271904Z     14>ClCompile:
2026-08-20T10:17:59.5272506Z          MappedFile.cpp
2026-08-20T10:17:59.5353160Z     17>Link:
2026-08-20T10:17:59.5354142Z          PluginTest.vcxproj -> D:\a\OpenCppCoverage-ARM64\OpenCppCoverage-ARM64\x64\Release\PluginTest.exe
2026-08-20T10:17:59.5375580Z        AppLocalFromInstalled:
2026-08-20T10:17:59.5377930Z          "C:\Users\runneradmin\AppData\Local\OpenCppCoverage\vcpkg\vcpkg.exe" z-applocal --target-binary="D:\a\OpenCppCoverage-ARM64\OpenCppCoverage-ARM64\x64\Release\PluginTest.exe" --installed-bin-dir="D:\a\OpenCppCoverage-ARM64\OpenCppCoverage-ARM64\vcpkg_installed\x64-windows\bin" --tlog-file="x64\Release\PluginTest.tlog\PluginTest.write.1u.tlog" --copied-files-log="x64\Release\vcpkg.applocal.log"
2026-08-20T10:17:59.5809805Z          D:\a\OpenCppCoverage-ARM64\OpenCppCoverage-ARM64\vcpkg_installed\x64-windows\bin\gmock.dll -> D:\a\OpenCppCoverage-ARM64\OpenCppCoverage-ARM64\x64\Release\gmock.dll done
2026-08-20T10:17:59.5867960Z          D:\a\OpenCppCoverage-ARM64\OpenCppCoverage-ARM64\vcpkg_installed\x64-windows\bin\gmock.dll
2026-08-20T10:17:59.6061045Z        FinalizeBuildStatus:
2026-08-20T10:17:59.6062092Z          Deleting file "x64\Release\PluginTest.tlog\unsuccessfulbuild".
2026-08-20T10:17:59.6063050Z          Touching "x64\Release\PluginTest.tlog\PluginTest.lastbuildstate".
2026-08-20T10:17:59.6068778Z     17>Done Building Project "D:\a\OpenCppCoverage-ARM64\OpenCppCoverage-ARM64\PluginTest\PluginTest.vcxproj" (default targets).
2026-08-20T10:17:59.6120245Z     12>FinalizeBuildStatus:
2026-08-20T10:17:59.6120992Z          Deleting file "x64\Release\TestCove.0481B51C.tlog\unsuccessfulbuild".
2026-08-20T10:17:59.6125402Z          Touching "x64\Release\TestCove.0481B51C.tlog\TestCoverageSharedLib.lastbuildstate".
2026-08-20T10:17:59.6128119Z     12>Done Building Project "D:\a\OpenCppCoverage-ARM64\OpenCppCoverage-ARM64\TestCoverageSharedLib\TestCoverageSharedLib.vcxproj" (default targets).
2026-08-20T10:17:59.6225166Z      1>Project "D:\a\OpenCppCoverage-ARM64\OpenCppCoverage-ARM64\CppCoverage.sln" (1) is building "D:\a\OpenCppCoverage-ARM64\OpenCppCoverage-ARM64\CppCoverageTest\CppCoverageTest.vcxproj.metaproj" (2) on node 1 (default targets).
2026-08-20T10:17:59.6228498Z      2>Project "D:\a\OpenCppCoverage-ARM64\OpenCppCoverage-ARM64\CppCoverageTest\CppCoverageTest.vcxproj.metaproj" (2) is building "D:\a\OpenCppCoverage-ARM64\OpenCppCoverage-ARM64\TestCppCli\TestCppCli.vcxproj" (13) on node 1 (default targets).
2026-08-20T10:17:59.6230209Z     13>PrepareForBuild:
2026-08-20T10:17:59.6230742Z          Creating directory "x64\Release\".
2026-08-20T10:17:59.6238236Z          Structured output is enabled. The formatting of compiler diagnostics will reflect the error hierarchy. See https://aka.ms/cpp/structured-output for more details.
2026-08-20T10:17:59.6239894Z          Creating directory "x64\Release\TestCppCli.tlog\".
2026-08-20T10:17:59.7030338Z        InitializeBuildStatus:
2026-08-20T10:17:59.7031203Z          Creating "x64\Release\TestCppCli.tlog\unsuccessfulbuild" because "AlwaysCreate" was specified.
2026-08-20T10:17:59.7032068Z          Touching "x64\Release\TestCppCli.tlog\unsuccessfulbuild".
2026-08-20T10:17:59.7178528Z        VcpkgTripletSelection:
2026-08-20T10:17:59.7179637Z          Using triplet "x64-windows" from "D:\a\OpenCppCoverage-ARM64\OpenCppCoverage-ARM64\vcpkg_installed\x64-windows\"
2026-08-20T10:17:59.7180923Z          Using normalized configuration "Release"
2026-08-20T10:17:59.7181605Z        VcpkgBootstrap:
2026-08-20T10:17:59.7182372Z        Skipping target "VcpkgBootstrap" because all output files are up-to-date with respect to the input files.
2026-08-20T10:17:59.7183176Z        VcpkgInstallManifestDependencies:
2026-08-20T10:17:59.7184172Z        Skipping target "VcpkgInstallManifestDependencies" because all output files are up-to-date with respect to the input files.
2026-08-20T10:17:59.7301134Z        ClCompile:
2026-08-20T10:17:59.7308690Z          C:\Program Files\Microsoft Visual Studio\2022\Enterprise\VC\Tools\MSVC\14.44.35207\bin\HostX64\x64\CL.exe /c /I"D:\a\OpenCppCoverage-ARM64\OpenCppCoverage-ARM64\vcpkg_installed\x64-windows\include" /AI"C:\Program Files (x86)\Reference Assemblies\Microsoft\Framework\.NETFramework\v4.7.2\\" /AI"C:\Program Files (x86)\Windows Kits\10\References" /AI"C:\Program Files (x86)\Reference Assemblies\Microsoft\Framework\.NETFramework\v4.7.2\Facades\\" /Zi /clr /nologo /W3 /WX- /diagnostics:column /O2 /D WIN32 /D NDEBUG /D _WINDLL /D _UNICODE /D UNICODE /EHa /MD /GS /fp:precise /Zc:wchar_t /Zc:forScope /Zc:inline /Fo"x64\Release\\" /Fd"x64\Release\vc143.pdb" /external:W3 /TP /FU"C:\Program Files\Microsoft Visual Studio\2022\Enterprise\Common7\IDE\PublicAssemblies\Microsoft.VisualStudio.QualityTools.UnitTestFramework.dll" /FU"C:\Program Files (x86)\Reference Assemblies\Microsoft\Framework\.NETFramework\v4.7.2\mscorlib.dll" /FU"C:\Program Files (x86)\Reference Assemblies\Microsoft\Framework\.NETFramework\v4.7.2\System.Data.dll" /FU"C:\Program Files (x86)\Reference Assemblies\Microsoft\Framework\.NETFramework\v4.7.2\System.dll" /FU"C:\Program Files (x86)\Reference Assemblies\Microsoft\Framework\.NETFramework\v4.7.2\System.Xml.dll" /FC /errorReport:queue /clr:nostdlib AssemblyInfo.cpp UnitTest.cpp "x64\Release\.NETFramework,Version=v4.7.2.AssemblyAttributes.cpp"
2026-08-20T10:17:59.7725905Z          AssemblyInfo.cpp
2026-08-20T10:17:59.8619011Z          UnitTest.cpp
2026-08-20T10:17:59.9668224Z          .NETFramework,Version=v4.7.2.AssemblyAttributes.cpp
2026-08-20T10:18:00.0081896Z          Generating Code...
2026-08-20T10:18:00.0739931Z        Link:
2026-08-20T10:18:00.0744340Z          C:\Program Files\Microsoft Visual Studio\2022\Enterprise\VC\Tools\MSVC\14.44.35207\bin\HostX64\x64\link.exe /ERRORREPORT:QUEUE /OUT:"D:\a\OpenCppCoverage-ARM64\OpenCppCoverage-ARM64\x64\Release\DefaultTest.dll" /INCREMENTAL:NO /NOLOGO /LIBPATH:"D:\a\OpenCppCoverage-ARM64\OpenCppCoverage-ARM64\vcpkg_installed\x64-windows\lib" /LIBPATH:"D:\a\OpenCppCoverage-ARM64\OpenCppCoverage-ARM64\vcpkg_installed\x64-windows\lib\manual-link" "D:\a\OpenCppCoverage-ARM64\OpenCppCoverage-ARM64\vcpkg_installed\x64-windows\lib\*.lib" /MANIFEST /MANIFESTUAC:"level='asInvoker' uiAccess='false'" /manifest:embed /DEBUG:FULL /PDB:"D:\a\OpenCppCoverage-ARM64\OpenCppCoverage-ARM64\x64\Release\DefaultTest.pdb" /TLBID:1 /DYNAMICBASE /FIXED:NO /NXCOMPAT /MACHINE:X64 /DLL x64\Release\AssemblyInfo.obj
2026-08-20T10:18:00.0749960Z          x64\Release\UnitTest.obj
2026-08-20T10:18:00.0750657Z          "x64\Release\.NETFramework,Version=v4.7.2.AssemblyAttributes.obj"
2026-08-20T10:18:00.0751532Z          "D:\a\OpenCppCoverage-ARM64\OpenCppCoverage-ARM64\x64\Release\TestCoverageSharedLib.lib"
2026-08-20T10:18:00.2836271Z          TestCppCli.vcxproj -> D:\a\OpenCppCoverage-ARM64\OpenCppCoverage-ARM64\x64\Release\DefaultTest.dll
2026-08-20T10:18:00.3252993Z        MetaGen:
2026-08-20T10:18:00.3255712Z          To improve incremental build performance for managed components, please make sure that the 'VC++ Directories->Reference Directories' points to all the paths which contain the referenced managed assemblies.
2026-08-20T10:18:00.3257901Z          Could not load file or assembly 'Microsoft.VisualStudio.QualityTools.UnitTestFramework, Version=10.0.0.0, Culture=neutral, PublicKeyToken=b03f5f7f11d50a3a' or one of its dependencies. The system cannot find the file specified.
2026-08-20T10:18:00.3315774Z        AppLocalFromInstalled:
2026-08-20T10:18:00.3317534Z          "C:\Users\runneradmin\AppData\Local\OpenCppCoverage\vcpkg\vcpkg.exe" z-applocal --target-binary="D:\a\OpenCppCoverage-ARM64\OpenCppCoverage-ARM64\x64\Release\DefaultTest.dll" --installed-bin-dir="D:\a\OpenCppCoverage-ARM64\OpenCppCoverage-ARM64\vcpkg_installed\x64-windows\bin" --tlog-file="x64\Release\TestCppCli.tlog\TestCppCli.write.1u.tlog" --copied-files-log="x64\Release\vcpkg.applocal.log"
2026-08-20T10:18:00.3917815Z        FinalizeBuildStatus:
2026-08-20T10:18:00.3920390Z          Deleting file "x64\Release\TestCppCli.tlog\unsuccessfulbuild".
2026-08-20T10:18:00.3922133Z          Touching "x64\Release\TestCppCli.tlog\TestCppCli.lastbuildstate".
2026-08-20T10:18:00.3923122Z     13>Done Building Project "D:\a\OpenCppCoverage-ARM64\OpenCppCoverage-ARM64\TestCppCli\TestCppCli.vcxproj" (default targets).
2026-08-20T10:18:00.9105850Z     14>ClCompile:
2026-08-20T10:18:00.9106272Z          MiniDump.cpp
2026-08-20T10:18:01.3922131Z          PEFileHeader.cpp
2026-08-20T10:18:01.9165218Z          ProcessMemory.cpp
2026-08-20T10:18:03.2057454Z          ScopedAction.cpp
2026-08-20T10:18:04.4956676Z          Tool.cpp
2026-08-20T10:18:05.8157524Z          UniquePath.cpp
2026-08-20T10:18:06.6111403Z          WarningManager.cpp
2026-08-20T10:18:08.0965111Z        Link:
2026-08-20T10:18:08.0970338Z          C:\Program Files\Microsoft Visual Studio\2022\Enterprise\VC\Tools\MSVC\14.44.35207\bin\HostX64\x64\link.exe /ERRORREPORT:QUEUE /OUT:"D:\a\OpenCppCoverage-ARM64\OpenCppCoverage-ARM64\x64\Release\Tools.dll" /INCREMENTAL:NO /NOLOGO /LIBPATH:"D:\a\OpenCppCoverage-ARM64\OpenCppCoverage-ARM64\vcpkg_installed\x64-windows\lib" /LIBPATH:"D:\a\OpenCppCoverage-ARM64\OpenCppCoverage-ARM64\vcpkg_installed\x64-windows\lib\manual-link" DbgHelp.lib bcrypt.lib kernel32.lib user32.lib gdi32.lib winspool.lib comdlg32.lib advapi32.lib shell32.lib ole32.lib oleaut32.lib uuid.lib odbc32.lib odbccp32.lib "D:\a\OpenCppCoverage-ARM64\OpenCppCoverage-ARM64\vcpkg_installed\x64-windows\lib\*.lib" /MANIFEST /MANIFESTUAC:"level='asInvoker' uiAccess='false'" /manifest:embed /DEBUG /PDB:"D:\a\OpenCppCoverage-ARM64\OpenCppCoverage-ARM64\x64\Release\Tools.pdb" /SUBSYSTEM:WINDOWS /OPT:REF /OPT:ICF /LTCG:incremental /LTCGOUT:"x64\Release\Tools.iobj" /TLBID:1 /DYNAMICBASE /NXCOMPAT /IMPLIB:"D:\a\OpenCppCoverage-ARM64\OpenCppCoverage-ARM64\x64\Release\Tools.lib" /MACHINE:X64 /DLL x64\Release\dllmain.obj
2026-08-20T10:18:08.0974773Z          x64\Release\ExceptionBase.obj
2026-08-20T10:18:08.0975131Z          x64\Release\Log.obj
2026-08-20T10:18:08.0975440Z          x64\Release\MappedFile.obj
2026-08-20T10:18:08.0975749Z          x64\Release\MiniDump.obj
2026-08-20T10:18:08.0976062Z          x64\Release\PEFileHeader.obj
2026-08-20T10:18:08.0976549Z          x64\Release\ProcessMemory.obj
2026-08-20T10:18:08.0976862Z          x64\Release\ScopedAction.obj
2026-08-20T10:18:08.0977174Z          x64\Release\stdafx.obj
2026-08-20T10:18:08.0977469Z          x64\Release\Tool.obj
2026-08-20T10:18:08.0977799Z          x64\Release\UniquePath.obj
2026-08-20T10:18:08.0978111Z          x64\Release\WarningManager.obj
2026-08-20T10:18:08.3153306Z             Creating library D:\a\OpenCppCoverage-ARM64\OpenCppCoverage-ARM64\x64\Release\Tools.lib and object D:\a\OpenCppCoverage-ARM64\OpenCppCoverage-ARM64\x64\Release\Tools.exp
2026-08-20T10:18:08.3248647Z          Generating code
2026-08-20T10:18:08.3446112Z          Previous IPDB not found, fall back to full compilation.
2026-08-20T10:18:10.0784428Z          All 2823 functions were compiled because no usable IPDB/IOBJ from previous compilation was found.
2026-08-20T10:18:10.1164344Z          Finished generating code
2026-08-20T10:18:10.4626908Z          Tools.vcxproj -> D:\a\OpenCppCoverage-ARM64\OpenCppCoverage-ARM64\x64\Release\Tools.dll
2026-08-20T10:18:10.4671752Z        AppLocalFromInstalled:
2026-08-20T10:18:10.4673346Z          "C:\Users\runneradmin\AppData\Local\OpenCppCoverage\vcpkg\vcpkg.exe" z-applocal --target-binary="D:\a\OpenCppCoverage-ARM64\OpenCppCoverage-ARM64\x64\Release\Tools.dll" --installed-bin-dir="D:\a\OpenCppCoverage-ARM64\OpenCppCoverage-ARM64\vcpkg_installed\x64-windows\bin" --tlog-file="x64\Release\Tools.tlog\Tools.write.1u.tlog" --copied-files-log="x64\Release\vcpkg.applocal.log"
2026-08-20T10:18:10.5043330Z          D:\a\OpenCppCoverage-ARM64\OpenCppCoverage-ARM64\vcpkg_installed\x64-windows\bin\boost_iostreams-vc143-mt-x64-1_91.dll -> D:\a\OpenCppCoverage-ARM64\OpenCppCoverage-ARM64\x64\Release\boost_iostreams-vc143-mt-x64-1_91.dll done
2026-08-20T10:18:10.5045392Z          D:\a\OpenCppCoverage-ARM64\OpenCppCoverage-ARM64\vcpkg_installed\x64-windows\bin\z.dll -> D:\a\OpenCppCoverage-ARM64\OpenCppCoverage-ARM64\x64\Release\z.dll done
2026-08-20T10:18:10.5051552Z          D:\a\OpenCppCoverage-ARM64\OpenCppCoverage-ARM64\vcpkg_installed\x64-windows\bin\bz2.dll -> D:\a\OpenCppCoverage-ARM64\OpenCppCoverage-ARM64\x64\Release\bz2.dll done
2026-08-20T10:18:10.5057335Z          D:\a\OpenCppCoverage-ARM64\OpenCppCoverage-ARM64\vcpkg_installed\x64-windows\bin\liblzma.dll -> D:\a\OpenCppCoverage-ARM64\OpenCppCoverage-ARM64\x64\Release\liblzma.dll done
2026-08-20T10:18:10.5069964Z          D:\a\OpenCppCoverage-ARM64\OpenCppCoverage-ARM64\vcpkg_installed\x64-windows\bin\zstd.dll -> D:\a\OpenCppCoverage-ARM64\OpenCppCoverage-ARM64\x64\Release\zstd.dll done
2026-08-20T10:18:10.5077410Z          D:\a\OpenCppCoverage-ARM64\OpenCppCoverage-ARM64\vcpkg_installed\x64-windows\bin\boost_locale-vc143-mt-x64-1_91.dll -> D:\a\OpenCppCoverage-ARM64\OpenCppCoverage-ARM64\x64\Release\boost_locale-vc143-mt-x64-1_91.dll done
2026-08-20T10:18:10.5085708Z          D:\a\OpenCppCoverage-ARM64\OpenCppCoverage-ARM64\vcpkg_installed\x64-windows\bin\boost_log-vc143-mt-x64-1_91.dll -> D:\a\OpenCppCoverage-ARM64\OpenCppCoverage-ARM64\x64\Release\boost_log-vc143-mt-x64-1_91.dll done
2026-08-20T10:18:10.5093285Z          D:\a\OpenCppCoverage-ARM64\OpenCppCoverage-ARM64\vcpkg_installed\x64-windows\bin\boost_filesystem-vc143-mt-x64-1_91.dll -> D:\a\OpenCppCoverage-ARM64\OpenCppCoverage-ARM64\x64\Release\boost_filesystem-vc143-mt-x64-1_91.dll done
2026-08-20T10:18:10.5099171Z          D:\a\OpenCppCoverage-ARM64\OpenCppCoverage-ARM64\vcpkg_installed\x64-windows\bin\boost_thread-vc143-mt-x64-1_91.dll -> D:\a\OpenCppCoverage-ARM64\OpenCppCoverage-ARM64\x64\Release\boost_thread-vc143-mt-x64-1_91.dll done
2026-08-20T10:18:10.5154479Z          D:\a\OpenCppCoverage-ARM64\OpenCppCoverage-ARM64\vcpkg_installed\x64-windows\bin\boost_iostreams-vc143-mt-x64-1_91.dll
2026-08-20T10:18:10.5157222Z          D:\a\OpenCppCoverage-ARM64\OpenCppCoverage-ARM64\vcpkg_installed\x64-windows\bin\z.dll
2026-08-20T10:18:10.5160550Z          D:\a\OpenCppCoverage-ARM64\OpenCppCoverage-ARM64\vcpkg_installed\x64-windows\bin\bz2.dll
2026-08-20T10:18:10.5164900Z          D:\a\OpenCppCoverage-ARM64\OpenCppCoverage-ARM64\vcpkg_installed\x64-windows\bin\liblzma.dll
2026-08-20T10:18:10.5167998Z          D:\a\OpenCppCoverage-ARM64\OpenCppCoverage-ARM64\vcpkg_installed\x64-windows\bin\zstd.dll
2026-08-20T10:18:10.5170755Z          D:\a\OpenCppCoverage-ARM64\OpenCppCoverage-ARM64\vcpkg_installed\x64-windows\bin\boost_locale-vc143-mt-x64-1_91.dll
2026-08-20T10:18:10.5174088Z          D:\a\OpenCppCoverage-ARM64\OpenCppCoverage-ARM64\vcpkg_installed\x64-windows\bin\boost_log-vc143-mt-x64-1_91.dll
2026-08-20T10:18:10.5177373Z          D:\a\OpenCppCoverage-ARM64\OpenCppCoverage-ARM64\vcpkg_installed\x64-windows\bin\boost_filesystem-vc143-mt-x64-1_91.dll
2026-08-20T10:18:10.5181036Z          D:\a\OpenCppCoverage-ARM64\OpenCppCoverage-ARM64\vcpkg_installed\x64-windows\bin\boost_thread-vc143-mt-x64-1_91.dll
2026-08-20T10:18:10.5590137Z        FinalizeBuildStatus:
2026-08-20T10:18:10.5591185Z          Deleting file "x64\Release\Tools.tlog\unsuccessfulbuild".
2026-08-20T10:18:10.5594457Z          Touching "x64\Release\Tools.tlog\Tools.lastbuildstate".
2026-08-20T10:18:10.5622982Z     14>Done Building Project "D:\a\OpenCppCoverage-ARM64\OpenCppCoverage-ARM64\Tools\Tools.vcxproj" (default targets).
2026-08-20T10:18:10.5937605Z      1>Project "D:\a\OpenCppCoverage-ARM64\OpenCppCoverage-ARM64\CppCoverage.sln" (1) is building "D:\a\OpenCppCoverage-ARM64\OpenCppCoverage-ARM64\TestHelper\TestHelper.vcxproj" (16) on node 1 (default targets).
2026-08-20T10:18:10.6022592Z     16>PrepareForBuild:
2026-08-20T10:18:10.6023276Z          Creating directory "x64\Release\".
2026-08-20T10:18:10.6023967Z      5>PrepareForBuild:
2026-08-20T10:18:10.6024646Z          Creating directory "x64\Release\".
2026-08-20T10:18:10.6025644Z     11>PrepareForBuild:
2026-08-20T10:18:10.6026236Z          Creating directory "x64\Release\".
2026-08-20T10:18:10.6026911Z      5>PrepareForBuild:
2026-08-20T10:18:10.6028518Z          Structured output is enabled. The formatting of compiler diagnostics will reflect the error hierarchy. See https://aka.ms/cpp/structured-output for more details.
2026-08-20T10:18:10.6030947Z          Creating directory "x64\Release\TestCove.0DD16EDF.tlog\".
2026-08-20T10:18:10.6031893Z     11>PrepareForBuild:
2026-08-20T10:18:10.6033476Z          Structured output is enabled. The formatting of compiler diagnostics will reflect the error hierarchy. See https://aka.ms/cpp/structured-output for more details.
2026-08-20T10:18:10.6035621Z          Creating directory "x64\Release\FileFilter.tlog\".
2026-08-20T10:18:10.6036510Z     16>PrepareForBuild:
2026-08-20T10:18:10.6039117Z          Structured output is enabled. The formatting of compiler diagnostics will reflect the error hierarchy. See https://aka.ms/cpp/structured-output for more details.
2026-08-20T10:18:10.6042214Z      5>InitializeBuildStatus:
2026-08-20T10:18:10.6043925Z          Creating "x64\Release\TestCove.0DD16EDF.tlog\unsuccessfulbuild" because "AlwaysCreate" was specified.
2026-08-20T10:18:10.6045524Z          Touching "x64\Release\TestCove.0DD16EDF.tlog\unsuccessfulbuild".
2026-08-20T10:18:10.6046141Z     11>InitializeBuildStatus:
2026-08-20T10:18:10.6047148Z          Creating "x64\Release\FileFilter.tlog\unsuccessfulbuild" because "AlwaysCreate" was specified.
2026-08-20T10:18:10.6047825Z     16>PrepareForBuild:
2026-08-20T10:18:10.6048267Z          Creating directory "x64\Release\TestHelper.tlog\".
2026-08-20T10:18:10.6048802Z     11>InitializeBuildStatus:
2026-08-20T10:18:10.6049341Z          Touching "x64\Release\FileFilter.tlog\unsuccessfulbuild".
2026-08-20T10:18:10.6049880Z     16>InitializeBuildStatus:
2026-08-20T10:18:10.6050555Z          Creating "x64\Release\TestHelper.tlog\unsuccessfulbuild" because "AlwaysCreate" was specified.
2026-08-20T10:18:10.6052227Z          Touching "x64\Release\TestHelper.tlog\unsuccessfulbuild".
2026-08-20T10:18:10.6534113Z        VcpkgTripletSelection:
2026-08-20T10:18:10.6539434Z          Using triplet "x64-windows" from "D:\a\OpenCppCoverage-ARM64\OpenCppCoverage-ARM64\vcpkg_installed\x64-windows\"
2026-08-20T10:18:10.6551995Z          Using normalized configuration "Release"
2026-08-20T10:18:10.6552769Z        VcpkgBootstrap:
2026-08-20T10:18:10.6553589Z        Skipping target "VcpkgBootstrap" because all output files are up-to-date with respect to the input files.
2026-08-20T10:18:10.6554491Z        VcpkgInstallManifestDependencies:
2026-08-20T10:18:10.6555522Z        Skipping target "VcpkgInstallManifestDependencies" because all output files are up-to-date with respect to the input files.
2026-08-20T10:18:10.6559051Z      5>VcpkgTripletSelection:
2026-08-20T10:18:10.6559944Z          Using triplet "x64-windows" from "D:\a\OpenCppCoverage-ARM64\OpenCppCoverage-ARM64\vcpkg_installed\x64-windows\"
2026-08-20T10:18:10.6560848Z          Using normalized configuration "Release"
2026-08-20T10:18:10.6561433Z        VcpkgBootstrap:
2026-08-20T10:18:10.6570733Z        Skipping target "VcpkgBootstrap" because all output files are up-to-date with respect to the input files.
2026-08-20T10:18:10.6602237Z        VcpkgInstallManifestDependencies:
2026-08-20T10:18:10.6617671Z        Skipping target "VcpkgInstallManifestDependencies" because all output files are up-to-date with respect to the input files.
2026-08-20T10:18:10.6635665Z        ClCompile:
2026-08-20T10:18:10.6679426Z          C:\Program Files\Microsoft Visual Studio\2022\Enterprise\VC\Tools\MSVC\14.44.35207\bin\HostX64\x64\CL.exe /c /I"D:\a\OpenCppCoverage-ARM64\OpenCppCoverage-ARM64\TestCoverageConsole\\" /I"D:\a\OpenCppCoverage-ARM64\OpenCppCoverage-ARM64\\" /I"D:\a\OpenCppCoverage-ARM64\OpenCppCoverage-ARM64\TestCoverageConsole\\" /I"D:\a\OpenCppCoverage-ARM64\OpenCppCoverage-ARM64\vcpkg_installed\x64-windows\include" /Zi /nologo /W3 /WX /diagnostics:column /sdl /Od /Oi /GL /D WIN32 /D NDEBUG /D _CONSOLE /D _LIB /D BOOST_CONFIG_SUPPRESS_OUTDATED_MESSAGE /D "OPENCPPCOVERAGE_VERSION=\"0.9.9.0\"" /D _CRT_SECURE_NO_WARNINGS /D "PROJECT_DIR=R\"|(D:\a\OpenCppCoverage-ARM64\OpenCppCoverage-ARM64\TestCoverageConsole\)|\"" /D "SOLUTION_DIR=R\"|(D:\a\OpenCppCoverage-ARM64\OpenCppCoverage-ARM64\)|\"" /D "TARGET_FILE_NAME=R\"|(TestCoverageConsole.exe)|\"" /D "OUT_DIR=R\"|(D:\a\OpenCppCoverage-ARM64\OpenCppCoverage-ARM64\x64\Release\)|\"" /D NOMINMAX /D _UNICODE /D UNICODE /Gm- /EHsc /MD /GS /Gy /fp:precise /Zc:wchar_t /Zc:forScope /Zc:inline /std:c++17 /permissive- /Fo"x64\Release\\" /Fd"x64\Release\vc143.pdb" /external:W3 /Gd /TP /FC /errorReport:queue TestBasic.cpp TestCoverageConsole.cpp SpecialLineInfo.cpp TestDebugInformationEnumerator.cpp TestDiff.cpp TestThread.cpp
2026-08-20T10:18:10.6685748Z     16>ClCompile:
2026-08-20T10:18:10.6695943Z          C:\Program Files\Microsoft Visual Studio\2022\Enterprise\VC\Tools\MSVC\14.44.35207\bin\HostX64\x64\CL.exe /c /I"D:\a\OpenCppCoverage-ARM64\OpenCppCoverage-ARM64\\" /I"D:\a\OpenCppCoverage-ARM64\OpenCppCoverage-ARM64\TestHelper\\" /I"D:\a\OpenCppCoverage-ARM64\OpenCppCoverage-ARM64\vcpkg_installed\x64-windows\include" /Zi /nologo /W3 /WX /diagnostics:column /sdl /O2 /Oi /GL /D WIN32 /D _USRDLL /D TEST_HELPER_EXPORTS /D NDEBUG /D _CONSOLE /D _LIB /D GTEST_LINKED_AS_SHARED_LIBRARY=1 /D _SILENCE_TR1_NAMESPACE_DEPRECATION_WARNING /D BOOST_CONFIG_SUPPRESS_OUTDATED_MESSAGE /D "OPENCPPCOVERAGE_VERSION=\"0.9.9.0\"" /D _CRT_SECURE_NO_WARNINGS /D "PROJECT_DIR=R\"|(D:\a\OpenCppCoverage-ARM64\OpenCppCoverage-ARM64\TestHelper\)|\"" /D "SOLUTION_DIR=R\"|(D:\a\OpenCppCoverage-ARM64\OpenCppCoverage-ARM64\)|\"" /D "TARGET_FILE_NAME=R\"|(TestHelper.dll)|\"" /D "OUT_DIR=R\"|(D:\a\OpenCppCoverage-ARM64\OpenCppCoverage-ARM64\x64\Release\)|\"" /D NOMINMAX /D _WINDLL /D _UNICODE /D UNICODE /Gm- /EHsc /MD /GS /Gy /fp:precise /Zc:wchar_t /Zc:forScope /Zc:inline /std:c++17 /permissive- /Yc"stdafx.h" /Fp"x64\Release\TestHelper.pch" /Fo"x64\Release\\" /Fd"x64\Release\vc143.pdb" /external:W3 /Gd /TP /wd4251 /wd4275 /FC /errorReport:queue stdafx.cpp
2026-08-20T10:18:10.6702779Z     11>VcpkgTripletSelection:
2026-08-20T10:18:10.6704848Z          Using triplet "x64-windows" from "D:\a\OpenCppCoverage-ARM64\OpenCppCoverage-ARM64\vcpkg_installed\x64-windows\"
2026-08-20T10:18:10.6707874Z          Using normalized configuration "Release"
2026-08-20T10:18:10.6709033Z        VcpkgBootstrap:
2026-08-20T10:18:10.6710031Z        Skipping target "VcpkgBootstrap" because all output files are up-to-date with respect to the input files.
2026-08-20T10:18:10.6716467Z        VcpkgInstallManifestDependencies:
2026-08-20T10:18:10.6718489Z        Skipping target "VcpkgInstallManifestDependencies" because all output files are up-to-date with respect to the input files.
2026-08-20T10:18:10.6720519Z        ClCompile:
2026-08-20T10:18:10.6729555Z          C:\Program Files\Microsoft Visual Studio\2022\Enterprise\VC\Tools\MSVC\14.44.35207\bin\HostX64\x64\CL.exe /c /I"D:\a\OpenCppCoverage-ARM64\OpenCppCoverage-ARM64\\" /I"D:\a\OpenCppCoverage-ARM64\OpenCppCoverage-ARM64\FileFilter\\" /I"D:\a\OpenCppCoverage-ARM64\OpenCppCoverage-ARM64\vcpkg_installed\x64-windows\include" /Zi /nologo /W3 /WX /diagnostics:column /sdl /O2 /Oi /GL /D NDEBUG /D _WINDOWS /D _USRDLL /D FILEFILTER_EXPORTS /D BOOST_CONFIG_SUPPRESS_OUTDATED_MESSAGE /D "OPENCPPCOVERAGE_VERSION=\"0.9.9.0\"" /D _CRT_SECURE_NO_WARNINGS /D "PROJECT_DIR=R\"|(D:\a\OpenCppCoverage-ARM64\OpenCppCoverage-ARM64\FileFilter\)|\"" /D "SOLUTION_DIR=R\"|(D:\a\OpenCppCoverage-ARM64\OpenCppCoverage-ARM64\)|\"" /D "TARGET_FILE_NAME=R\"|(FileFilter.dll)|\"" /D "OUT_DIR=R\"|(D:\a\OpenCppCoverage-ARM64\OpenCppCoverage-ARM64\x64\Release\)|\"" /D NOMINMAX /D _WINDLL /D _UNICODE /D UNICODE /Gm- /EHsc /MD /GS /Gy /fp:precise /Zc:wchar_t /Zc:forScope /Zc:inline /std:c++17 /permissive- /Yc"stdafx.h" /Fp"x64\Release\FileFilter.pch" /Fo"x64\Release\\" /Fd"x64\Release\vc143.pdb" /external:W3 /Gd /TP /FC /errorReport:queue stdafx.cpp
2026-08-20T10:18:10.6784825Z          stdafx.cpp
2026-08-20T10:18:10.6866489Z      5>ClCompile:
2026-08-20T10:18:10.6867242Z          TestBasic.cpp
2026-08-20T10:18:10.7070990Z     16>ClCompile:
2026-08-20T10:18:10.7071470Z          stdafx.cpp
2026-08-20T10:18:11.2683024Z     11>ClCompile:
2026-08-20T10:18:11.2691828Z          C:\Program Files\Microsoft Visual Studio\2022\Enterprise\VC\Tools\MSVC\14.44.35207\bin\HostX64\x64\CL.exe /c /I"D:\a\OpenCppCoverage-ARM64\OpenCppCoverage-ARM64\\" /I"D:\a\OpenCppCoverage-ARM64\OpenCppCoverage-ARM64\FileFilter\\" /I"D:\a\OpenCppCoverage-ARM64\OpenCppCoverage-ARM64\vcpkg_installed\x64-windows\include" /Zi /nologo /W3 /WX /diagnostics:column /sdl /O2 /Oi /GL /D NDEBUG /D _WINDOWS /D _USRDLL /D FILEFILTER_EXPORTS /D BOOST_CONFIG_SUPPRESS_OUTDATED_MESSAGE /D "OPENCPPCOVERAGE_VERSION=\"0.9.9.0\"" /D _CRT_SECURE_NO_WARNINGS /D "PROJECT_DIR=R\"|(D:\a\OpenCppCoverage-ARM64\OpenCppCoverage-ARM64\FileFilter\)|\"" /D "SOLUTION_DIR=R\"|(D:\a\OpenCppCoverage-ARM64\OpenCppCoverage-ARM64\)|\"" /D "TARGET_FILE_NAME=R\"|(FileFilter.dll)|\"" /D "OUT_DIR=R\"|(D:\a\OpenCppCoverage-ARM64\OpenCppCoverage-ARM64\x64\Release\)|\"" /D NOMINMAX /D _WINDLL /D _UNICODE /D UNICODE /Gm- /EHsc /MD /GS /Gy /fp:precise /Zc:wchar_t /Zc:forScope /Zc:inline /std:c++17 /permissive- /Yu"stdafx.h" /Fp"x64\Release\FileFilter.pch" /Fo"x64\Release\\" /Fd"x64\Release\vc143.pdb" /external:W3 /Gd /TP /FC /errorReport:queue AmbiguousPathException.cpp File.cpp PathMatcher.cpp ReleaseCoverageFilter.cpp RelocationsExtractor.cpp LineFilter.cpp UnifiedDiffCoverageFilter.cpp UnifiedDiffParser.cpp UnifiedDiffParserException.cpp
2026-08-20T10:18:11.3076260Z          AmbiguousPathException.cpp
2026-08-20T10:18:11.9651023Z          File.cpp
2026-08-20T10:18:12.0633049Z      5>ClCompile:
2026-08-20T10:18:12.0633840Z          TestCoverageConsole.cpp
2026-08-20T10:18:12.4667069Z     16>ClCompile:
2026-08-20T10:18:12.4675053Z          C:\Program Files\Microsoft Visual Studio\2022\Enterprise\VC\Tools\MSVC\14.44.35207\bin\HostX64\x64\CL.exe /c /I"D:\a\OpenCppCoverage-ARM64\OpenCppCoverage-ARM64\\" /I"D:\a\OpenCppCoverage-ARM64\OpenCppCoverage-ARM64\TestHelper\\" /I"D:\a\OpenCppCoverage-ARM64\OpenCppCoverage-ARM64\vcpkg_installed\x64-windows\include" /Zi /nologo /W3 /WX /diagnostics:column /sdl /O2 /Oi /GL /D WIN32 /D _USRDLL /D TEST_HELPER_EXPORTS /D NDEBUG /D _CONSOLE /D _LIB /D GTEST_LINKED_AS_SHARED_LIBRARY=1 /D _SILENCE_TR1_NAMESPACE_DEPRECATION_WARNING /D BOOST_CONFIG_SUPPRESS_OUTDATED_MESSAGE /D "OPENCPPCOVERAGE_VERSION=\"0.9.9.0\"" /D _CRT_SECURE_NO_WARNINGS /D "PROJECT_DIR=R\"|(D:\a\OpenCppCoverage-ARM64\OpenCppCoverage-ARM64\TestHelper\)|\"" /D "SOLUTION_DIR=R\"|(D:\a\OpenCppCoverage-ARM64\OpenCppCoverage-ARM64\)|\"" /D "TARGET_FILE_NAME=R\"|(TestHelper.dll)|\"" /D "OUT_DIR=R\"|(D:\a\OpenCppCoverage-ARM64\OpenCppCoverage-ARM64\x64\Release\)|\"" /D NOMINMAX /D _WINDLL /D _UNICODE /D UNICODE /Gm- /EHsc /MD /GS /Gy /fp:precise /Zc:wchar_t /Zc:forScope /Zc:inline /std:c++17 /permissive- /Yu"stdafx.h" /Fp"x64\Release\TestHelper.pch" /Fo"x64\Release\\" /Fd"x64\Release\vc143.pdb" /external:W3 /Gd /TP /wd4251 /wd4275 /FC /errorReport:queue CoverageDataComparer.cpp TemporaryPath.cpp Tools.cpp
2026-08-20T10:18:12.5097559Z          CoverageDataComparer.cpp
2026-08-20T10:18:12.6630038Z     11>ClCompile:
2026-08-20T10:18:12.6630742Z          PathMatcher.cpp
2026-08-20T10:18:13.0046638Z     16>ClCompile:
2026-08-20T10:18:13.0047541Z          TemporaryPath.cpp
2026-08-20T10:18:13.5345985Z      5>ClCompile:
2026-08-20T10:18:13.5348589Z          SpecialLineInfo.cpp
2026-08-20T10:18:14.0559089Z     16>ClCompile:
2026-08-20T10:18:14.0559715Z          Tools.cpp
2026-08-20T10:18:14.1164975Z     11>ClCompile:
2026-08-20T10:18:14.1167780Z          ReleaseCoverageFilter.cpp
2026-08-20T10:18:14.4472142Z      5>ClCompile:
2026-08-20T10:18:14.4473804Z          TestDebugInformationEnumerator.cpp
2026-08-20T10:18:15.3007774Z     16>Link:
2026-08-20T10:18:15.3014893Z          C:\Program Files\Microsoft Visual Studio\2022\Enterprise\VC\Tools\MSVC\14.44.35207\bin\HostX64\x64\link.exe /ERRORREPORT:QUEUE /OUT:"D:\a\OpenCppCoverage-ARM64\OpenCppCoverage-ARM64\x64\Release\TestHelper.dll" /INCREMENTAL:NO /NOLOGO /LIBPATH:"D:\a\OpenCppCoverage-ARM64\OpenCppCoverage-ARM64\vcpkg_installed\x64-windows\lib" /LIBPATH:"D:\a\OpenCppCoverage-ARM64\OpenCppCoverage-ARM64\vcpkg_installed\x64-windows\lib\manual-link" gmock.lib gtest.lib bcrypt.lib kernel32.lib user32.lib gdi32.lib winspool.lib comdlg32.lib advapi32.lib shell32.lib ole32.lib oleaut32.lib uuid.lib odbc32.lib odbccp32.lib "D:\a\OpenCppCoverage-ARM64\OpenCppCoverage-ARM64\vcpkg_installed\x64-windows\lib\*.lib" /MANIFEST /MANIFESTUAC:"level='asInvoker' uiAccess='false'" /manifest:embed /DEBUG /PDB:"D:\a\OpenCppCoverage-ARM64\OpenCppCoverage-ARM64\x64\Release\TestHelper.pdb" /SUBSYSTEM:CONSOLE /OPT:REF /OPT:ICF /LTCG:incremental /LTCGOUT:"x64\Release\TestHelper.iobj" /TLBID:1 /DYNAMICBASE /NXCOMPAT /IMPLIB:"D:\a\OpenCppCoverage-ARM64\OpenCppCoverage-ARM64\x64\Release\TestHelper.lib" /MACHINE:X64 /DLL x64\Release\CoverageDataComparer.obj
2026-08-20T10:18:15.3021960Z          x64\Release\stdafx.obj
2026-08-20T10:18:15.3022508Z          x64\Release\TemporaryPath.obj
2026-08-20T10:18:15.3023222Z          x64\Release\Tools.obj
2026-08-20T10:18:15.3023888Z          "D:\a\OpenCppCoverage-ARM64\OpenCppCoverage-ARM64\x64\Release\Plugin.lib"
2026-08-20T10:18:15.3024735Z          "D:\a\OpenCppCoverage-ARM64\OpenCppCoverage-ARM64\x64\Release\Tools.lib"
2026-08-20T10:18:15.4010982Z      5>ClCompile:
2026-08-20T10:18:15.4011690Z          TestDiff.cpp
2026-08-20T10:18:15.4507313Z     16>Link:
2026-08-20T10:18:15.4508528Z             Creating library D:\a\OpenCppCoverage-ARM64\OpenCppCoverage-ARM64\x64\Release\TestHelper.lib and object D:\a\OpenCppCoverage-ARM64\OpenCppCoverage-ARM64\x64\Release\TestHelper.exp
2026-08-20T10:18:15.4619833Z          Generating code
2026-08-20T10:18:15.4732305Z          Previous IPDB not found, fall back to full compilation.
2026-08-20T10:18:15.8974011Z     11>ClCompile:
2026-08-20T10:18:16.1527869Z          RelocationsExtractor.cpp
2026-08-20T10:18:16.9692404Z          LineFilter.cpp
2026-08-20T10:18:17.1782028Z      5>ClCompile:
2026-08-20T10:18:17.4167346Z          TestThread.cpp
2026-08-20T10:18:17.4668694Z     16>Link:
2026-08-20T10:18:17.4670597Z          All 1418 functions were compiled because no usable IPDB/IOBJ from previous compilation was found.
2026-08-20T10:18:17.4806073Z          Finished generating code
2026-08-20T10:18:17.8923493Z          TestHelper.vcxproj -> D:\a\OpenCppCoverage-ARM64\OpenCppCoverage-ARM64\x64\Release\TestHelper.dll
2026-08-20T10:18:17.8934772Z        AppLocalFromInstalled:
2026-08-20T10:18:17.8946988Z          "C:\Users\runneradmin\AppData\Local\OpenCppCoverage\vcpkg\vcpkg.exe" z-applocal --target-binary="D:\a\OpenCppCoverage-ARM64\OpenCppCoverage-ARM64\x64\Release\TestHelper.dll" --installed-bin-dir="D:\a\OpenCppCoverage-ARM64\OpenCppCoverage-ARM64\vcpkg_installed\x64-windows\bin" --tlog-file="x64\Release\TestHelper.tlog\TestHelper.write.1u.tlog" --copied-files-log="x64\Release\vcpkg.applocal.log"
2026-08-20T10:18:17.9446677Z      5>Link:
2026-08-20T10:18:17.9453710Z          C:\Program Files\Microsoft Visual Studio\2022\Enterprise\VC\Tools\MSVC\14.44.35207\bin\HostX64\x64\link.exe /ERRORREPORT:QUEUE /OUT:"D:\a\OpenCppCoverage-ARM64\OpenCppCoverage-ARM64\x64\Release\TestCoverageConsole.exe" /INCREMENTAL:NO /NOLOGO /LIBPATH:"D:\a\OpenCppCoverage-ARM64\OpenCppCoverage-ARM64\vcpkg_installed\x64-windows\lib" /LIBPATH:"D:\a\OpenCppCoverage-ARM64\OpenCppCoverage-ARM64\vcpkg_installed\x64-windows\lib\manual-link" bcrypt.lib kernel32.lib user32.lib gdi32.lib winspool.lib comdlg32.lib advapi32.lib shell32.lib ole32.lib oleaut32.lib uuid.lib odbc32.lib odbccp32.lib "D:\a\OpenCppCoverage-ARM64\OpenCppCoverage-ARM64\vcpkg_installed\x64-windows\lib\*.lib" /MANIFEST /MANIFESTUAC:"level='asInvoker' uiAccess='false'" /manifest:embed /DEBUG /PDB:"D:\a\OpenCppCoverage-ARM64\OpenCppCoverage-ARM64\x64\Release\TestCoverageConsole.pdb" /SUBSYSTEM:CONSOLE /OPT:REF /OPT:ICF /LTCG:incremental /LTCGOUT:"x64\Release\TestCoverageConsole.iobj" /TLBID:1 /DYNAMICBASE /NXCOMPAT /IMPLIB:"D:\a\OpenCppCoverage-ARM64\OpenCppCoverage-ARM64\x64\Release\TestCoverageConsole.lib" /MACHINE:X64 x64\Release\TestBasic.obj
2026-08-20T10:18:17.9462186Z          x64\Release\TestCoverageConsole.obj
2026-08-20T10:18:17.9465919Z          x64\Release\SpecialLineInfo.obj
2026-08-20T10:18:17.9480510Z          x64\Release\TestDebugInformationEnumerator.obj
2026-08-20T10:18:17.9483145Z          x64\Release\TestDiff.obj
2026-08-20T10:18:17.9483732Z          x64\Release\TestThread.obj
2026-08-20T10:18:17.9486238Z          "D:\a\OpenCppCoverage-ARM64\OpenCppCoverage-ARM64\x64\Release\TestCoverageOptimizedBuild.lib"
2026-08-20T10:18:17.9487653Z          "D:\a\OpenCppCoverage-ARM64\OpenCppCoverage-ARM64\x64\Release\TestCoverageSharedLib.lib"
2026-08-20T10:18:17.9489451Z          "D:\a\OpenCppCoverage-ARM64\OpenCppCoverage-ARM64\x64\Release\Tools.lib"
2026-08-20T10:18:17.9581375Z     16>AppLocalFromInstalled:
2026-08-20T10:18:17.9585539Z          D:\a\OpenCppCoverage-ARM64\OpenCppCoverage-ARM64\vcpkg_installed\x64-windows\bin\PocoFoundation.dll -> D:\a\OpenCppCoverage-ARM64\OpenCppCoverage-ARM64\x64\Release\PocoFoundation.dll done
2026-08-20T10:18:17.9591047Z          D:\a\OpenCppCoverage-ARM64\OpenCppCoverage-ARM64\vcpkg_installed\x64-windows\bin\pcre2-8.dll -> D:\a\OpenCppCoverage-ARM64\OpenCppCoverage-ARM64\x64\Release\pcre2-8.dll done
2026-08-20T10:18:17.9603895Z          D:\a\OpenCppCoverage-ARM64\OpenCppCoverage-ARM64\vcpkg_installed\x64-windows\bin\utf8proc.dll -> D:\a\OpenCppCoverage-ARM64\OpenCppCoverage-ARM64\x64\Release\utf8proc.dll done
2026-08-20T10:18:17.9684995Z          D:\a\OpenCppCoverage-ARM64\OpenCppCoverage-ARM64\vcpkg_installed\x64-windows\bin\gmock.dll
2026-08-20T10:18:17.9688550Z          D:\a\OpenCppCoverage-ARM64\OpenCppCoverage-ARM64\vcpkg_installed\x64-windows\bin\boost_log-vc143-mt-x64-1_91.dll
2026-08-20T10:18:17.9691606Z          D:\a\OpenCppCoverage-ARM64\OpenCppCoverage-ARM64\vcpkg_installed\x64-windows\bin\boost_filesystem-vc143-mt-x64-1_91.dll
2026-08-20T10:18:17.9694982Z          D:\a\OpenCppCoverage-ARM64\OpenCppCoverage-ARM64\vcpkg_installed\x64-windows\bin\boost_thread-vc143-mt-x64-1_91.dll
2026-08-20T10:18:17.9696747Z          D:\a\OpenCppCoverage-ARM64\OpenCppCoverage-ARM64\vcpkg_installed\x64-windows\bin\PocoFoundation.dll
2026-08-20T10:18:17.9698010Z          D:\a\OpenCppCoverage-ARM64\OpenCppCoverage-ARM64\vcpkg_installed\x64-windows\bin\pcre2-8.dll
2026-08-20T10:18:17.9701265Z          D:\a\OpenCppCoverage-ARM64\OpenCppCoverage-ARM64\vcpkg_installed\x64-windows\bin\z.dll
2026-08-20T10:18:17.9702446Z          D:\a\OpenCppCoverage-ARM64\OpenCppCoverage-ARM64\vcpkg_installed\x64-windows\bin\utf8proc.dll
2026-08-20T10:18:17.9703759Z          D:\a\OpenCppCoverage-ARM64\OpenCppCoverage-ARM64\vcpkg_installed\x64-windows\bin\boost_iostreams-vc143-mt-x64-1_91.dll
2026-08-20T10:18:17.9705612Z          D:\a\OpenCppCoverage-ARM64\OpenCppCoverage-ARM64\vcpkg_installed\x64-windows\bin\bz2.dll
2026-08-20T10:18:17.9708364Z          D:\a\OpenCppCoverage-ARM64\OpenCppCoverage-ARM64\vcpkg_installed\x64-windows\bin\liblzma.dll
2026-08-20T10:18:17.9709651Z          D:\a\OpenCppCoverage-ARM64\OpenCppCoverage-ARM64\vcpkg_installed\x64-windows\bin\zstd.dll
2026-08-20T10:18:17.9710984Z          D:\a\OpenCppCoverage-ARM64\OpenCppCoverage-ARM64\vcpkg_installed\x64-windows\bin\boost_locale-vc143-mt-x64-1_91.dll
2026-08-20T10:18:17.9882904Z        FinalizeBuildStatus:
2026-08-20T10:18:17.9883807Z          Deleting file "x64\Release\TestHelper.tlog\unsuccessfulbuild".
2026-08-20T10:18:17.9887761Z          Touching "x64\Release\TestHelper.tlog\TestHelper.lastbuildstate".
2026-08-20T10:18:17.9889126Z     16>Done Building Project "D:\a\OpenCppCoverage-ARM64\OpenCppCoverage-ARM64\TestHelper\TestHelper.vcxproj" (default targets).
2026-08-20T10:18:18.0192217Z      1>Project "D:\a\OpenCppCoverage-ARM64\OpenCppCoverage-ARM64\CppCoverage.sln" (1) is building "D:\a\OpenCppCoverage-ARM64\OpenCppCoverage-ARM64\ToolsTest\ToolsTest.vcxproj" (18) on node 4 (default targets).
2026-08-20T10:18:18.0194159Z     18>PrepareForBuild:
2026-08-20T10:18:18.0194721Z          Creating directory "x64\Release\".
2026-08-20T10:18:18.0211693Z          Structured output is enabled. The formatting of compiler diagnostics will reflect the error hierarchy. See https://aka.ms/cpp/structured-output for more details.
2026-08-20T10:18:18.0213934Z          Creating directory "x64\Release\ToolsTest.tlog\".
2026-08-20T10:18:18.0251883Z        InitializeBuildStatus:
2026-08-20T10:18:18.0252925Z          Creating "x64\Release\ToolsTest.tlog\unsuccessfulbuild" because "AlwaysCreate" was specified.
2026-08-20T10:18:18.0253969Z          Touching "x64\Release\ToolsTest.tlog\unsuccessfulbuild".
2026-08-20T10:18:18.0540803Z     11>ClCompile:
2026-08-20T10:18:18.0579636Z          UnifiedDiffCoverageFilter.cpp
2026-08-20T10:18:18.0621040Z     18>VcpkgTripletSelection:
2026-08-20T10:18:18.0622211Z          Using triplet "x64-windows" from "D:\a\OpenCppCoverage-ARM64\OpenCppCoverage-ARM64\vcpkg_installed\x64-windows\"
2026-08-20T10:18:18.0623873Z          Using normalized configuration "Release"
2026-08-20T10:18:18.0624595Z        VcpkgBootstrap:
2026-08-20T10:18:18.0625398Z        Skipping target "VcpkgBootstrap" because all output files are up-to-date with respect to the input files.
2026-08-20T10:18:18.0626232Z        VcpkgInstallManifestDependencies:
2026-08-20T10:18:18.0627221Z        Skipping target "VcpkgInstallManifestDependencies" because all output files are up-to-date with respect to the input files.
2026-08-20T10:18:18.0628115Z        ClCompile:
2026-08-20T10:18:18.0636832Z          C:\Program Files\Microsoft Visual Studio\2022\Enterprise\VC\Tools\MSVC\14.44.35207\bin\HostX64\x64\CL.exe /c /I"D:\a\OpenCppCoverage-ARM64\OpenCppCoverage-ARM64\\" /I"D:\a\OpenCppCoverage-ARM64\OpenCppCoverage-ARM64\ToolsTest\\" /I"D:\a\OpenCppCoverage-ARM64\OpenCppCoverage-ARM64\vcpkg_installed\x64-windows\include" /Zi /nologo /W3 /WX /diagnostics:column /sdl /O2 /Oi /GL /D NDEBUG /D _CONSOLE /D GTEST_LINKED_AS_SHARED_LIBRARY=1 /D _SILENCE_TR1_NAMESPACE_DEPRECATION_WARNING /D BOOST_CONFIG_SUPPRESS_OUTDATED_MESSAGE /D "OPENCPPCOVERAGE_VERSION=\"0.9.9.0\"" /D _CRT_SECURE_NO_WARNINGS /D "PROJECT_DIR=R\"|(D:\a\OpenCppCoverage-ARM64\OpenCppCoverage-ARM64\ToolsTest\)|\"" /D "SOLUTION_DIR=R\"|(D:\a\OpenCppCoverage-ARM64\OpenCppCoverage-ARM64\)|\"" /D "TARGET_FILE_NAME=R\"|(ToolsTest.exe)|\"" /D "OUT_DIR=R\"|(D:\a\OpenCppCoverage-ARM64\OpenCppCoverage-ARM64\x64\Release\)|\"" /D NOMINMAX /D _UNICODE /D UNICODE /Gm- /EHsc /MD /GS /Gy /fp:precise /Zc:wchar_t /Zc:forScope /Zc:inline /std:c++17 /permissive- /Yc"stdafx.h" /Fp"x64\Release\ToolsTest.pch" /Fo"x64\Release\\" /Fd"x64\Release\vc143.pdb" /external:W3 /Gd /TP /wd4251 /wd4275 /FC /errorReport:queue stdafx.cpp
2026-08-20T10:18:18.0739290Z      5>Link:
2026-08-20T10:18:18.0740559Z             Creating library D:\a\OpenCppCoverage-ARM64\OpenCppCoverage-ARM64\x64\Release\TestCoverageConsole.lib and object D:\a\OpenCppCoverage-ARM64\OpenCppCoverage-ARM64\x64\Release\TestCoverageConsole.exp
2026-08-20T10:18:18.0838545Z          Generating code
2026-08-20T10:18:18.0926548Z          Previous IPDB not found, fall back to full compilation.
2026-08-20T10:18:18.1022945Z     18>ClCompile:
2026-08-20T10:18:18.1023585Z          stdafx.cpp
2026-08-20T10:18:18.1729080Z      5>Link:
2026-08-20T10:18:18.1730239Z          All 486 functions were compiled because no usable IPDB/IOBJ from previous compilation was found.
2026-08-20T10:18:18.1770727Z          Finished generating code
2026-08-20T10:18:18.3639551Z          TestCoverageConsole.vcxproj -> D:\a\OpenCppCoverage-ARM64\OpenCppCoverage-ARM64\x64\Release\TestCoverageConsole.exe
2026-08-20T10:18:18.3641116Z        AppLocalFromInstalled:
2026-08-20T10:18:18.3643811Z          "C:\Users\runneradmin\AppData\Local\OpenCppCoverage\vcpkg\vcpkg.exe" z-applocal --target-binary="D:\a\OpenCppCoverage-ARM64\OpenCppCoverage-ARM64\x64\Release\TestCoverageConsole.exe" --installed-bin-dir="D:\a\OpenCppCoverage-ARM64\OpenCppCoverage-ARM64\vcpkg_installed\x64-windows\bin" --tlog-file="x64\Release\TestCove.0DD16EDF.tlog\TestCoverageConsole.write.1u.tlog" --copied-files-log="x64\Release\vcpkg.applocal.log"
2026-08-20T10:18:18.4242732Z          D:\a\OpenCppCoverage-ARM64\OpenCppCoverage-ARM64\vcpkg_installed\x64-windows\bin\PocoFoundation.dll
2026-08-20T10:18:18.4247156Z          D:\a\OpenCppCoverage-ARM64\OpenCppCoverage-ARM64\vcpkg_installed\x64-windows\bin\pcre2-8.dll
2026-08-20T10:18:18.4250337Z          D:\a\OpenCppCoverage-ARM64\OpenCppCoverage-ARM64\vcpkg_installed\x64-windows\bin\z.dll
2026-08-20T10:18:18.4254626Z          D:\a\OpenCppCoverage-ARM64\OpenCppCoverage-ARM64\vcpkg_installed\x64-windows\bin\utf8proc.dll
2026-08-20T10:18:18.4259242Z          D:\a\OpenCppCoverage-ARM64\OpenCppCoverage-ARM64\vcpkg_installed\x64-windows\bin\boost_iostreams-vc143-mt-x64-1_91.dll
2026-08-20T10:18:18.4262364Z          D:\a\OpenCppCoverage-ARM64\OpenCppCoverage-ARM64\vcpkg_installed\x64-windows\bin\bz2.dll
2026-08-20T10:18:18.4264080Z          D:\a\OpenCppCoverage-ARM64\OpenCppCoverage-ARM64\vcpkg_installed\x64-windows\bin\liblzma.dll
2026-08-20T10:18:18.4267580Z          D:\a\OpenCppCoverage-ARM64\OpenCppCoverage-ARM64\vcpkg_installed\x64-windows\bin\zstd.dll
2026-08-20T10:18:18.4269538Z          D:\a\OpenCppCoverage-ARM64\OpenCppCoverage-ARM64\vcpkg_installed\x64-windows\bin\boost_locale-vc143-mt-x64-1_91.dll
2026-08-20T10:18:18.4271946Z          D:\a\OpenCppCoverage-ARM64\OpenCppCoverage-ARM64\vcpkg_installed\x64-windows\bin\boost_log-vc143-mt-x64-1_91.dll
2026-08-20T10:18:18.4275611Z          D:\a\OpenCppCoverage-ARM64\OpenCppCoverage-ARM64\vcpkg_installed\x64-windows\bin\boost_filesystem-vc143-mt-x64-1_91.dll
2026-08-20T10:18:18.4278847Z          D:\a\OpenCppCoverage-ARM64\OpenCppCoverage-ARM64\vcpkg_installed\x64-windows\bin\boost_thread-vc143-mt-x64-1_91.dll
2026-08-20T10:18:18.4609146Z        FinalizeBuildStatus:
2026-08-20T10:18:18.4609940Z          Deleting file "x64\Release\TestCove.0DD16EDF.tlog\unsuccessfulbuild".
2026-08-20T10:18:18.4612701Z          Touching "x64\Release\TestCove.0DD16EDF.tlog\TestCoverageConsole.lastbuildstate".
2026-08-20T10:18:18.4622824Z      5>Done Building Project "D:\a\OpenCppCoverage-ARM64\OpenCppCoverage-ARM64\TestCoverageConsole\TestCoverageConsole.vcxproj" (default targets).
2026-08-20T10:18:19.3836824Z     11>ClCompile:
2026-08-20T10:18:19.3837266Z          UnifiedDiffParser.cpp
2026-08-20T10:18:19.7084831Z     18>ClCompile:
2026-08-20T10:18:19.7091553Z          C:\Program Files\Microsoft Visual Studio\2022\Enterprise\VC\Tools\MSVC\14.44.35207\bin\HostX64\x64\CL.exe /c /I"D:\a\OpenCppCoverage-ARM64\OpenCppCoverage-ARM64\\" /I"D:\a\OpenCppCoverage-ARM64\OpenCppCoverage-ARM64\ToolsTest\\" /I"D:\a\OpenCppCoverage-ARM64\OpenCppCoverage-ARM64\vcpkg_installed\x64-windows\include" /Zi /nologo /W3 /WX /diagnostics:column /sdl /O2 /Oi /GL /D NDEBUG /D _CONSOLE /D GTEST_LINKED_AS_SHARED_LIBRARY=1 /D _SILENCE_TR1_NAMESPACE_DEPRECATION_WARNING /D BOOST_CONFIG_SUPPRESS_OUTDATED_MESSAGE /D "OPENCPPCOVERAGE_VERSION=\"0.9.9.0\"" /D _CRT_SECURE_NO_WARNINGS /D "PROJECT_DIR=R\"|(D:\a\OpenCppCoverage-ARM64\OpenCppCoverage-ARM64\ToolsTest\)|\"" /D "SOLUTION_DIR=R\"|(D:\a\OpenCppCoverage-ARM64\OpenCppCoverage-ARM64\)|\"" /D "TARGET_FILE_NAME=R\"|(ToolsTest.exe)|\"" /D "OUT_DIR=R\"|(D:\a\OpenCppCoverage-ARM64\OpenCppCoverage-ARM64\x64\Release\)|\"" /D NOMINMAX /D _UNICODE /D UNICODE /Gm- /EHsc /MD /GS /Gy /fp:precise /Zc:wchar_t /Zc:forScope /Zc:inline /std:c++17 /permissive- /Yu"stdafx.h" /Fp"x64\Release\ToolsTest.pch" /Fo"x64\Release\\" /Fd"x64\Release\vc143.pdb" /external:W3 /Gd /TP /wd4251 /wd4275 /FC /errorReport:queue MappedFileTest.cpp PEFileHeaderTest.cpp ToolsTest.cpp ToolTest.cpp
2026-08-20T10:18:19.7489237Z          MappedFileTest.cpp
2026-08-20T10:18:20.0946162Z          PEFileHeaderTest.cpp
2026-08-20T10:18:20.4741937Z          ToolsTest.cpp
2026-08-20T10:18:20.4879672Z          ToolTest.cpp
2026-08-20T10:18:20.8316668Z        Link:
2026-08-20T10:18:20.8322520Z          C:\Program Files\Microsoft Visual Studio\2022\Enterprise\VC\Tools\MSVC\14.44.35207\bin\HostX64\x64\link.exe /ERRORREPORT:QUEUE /OUT:"D:\a\OpenCppCoverage-ARM64\OpenCppCoverage-ARM64\x64\Release\ToolsTest.exe" /INCREMENTAL:NO /NOLOGO /LIBPATH:"D:\a\OpenCppCoverage-ARM64\OpenCppCoverage-ARM64\vcpkg_installed\x64-windows\lib" /LIBPATH:"D:\a\OpenCppCoverage-ARM64\OpenCppCoverage-ARM64\vcpkg_installed\x64-windows\lib\manual-link" gmock.lib gtest.lib bcrypt.lib kernel32.lib user32.lib gdi32.lib winspool.lib comdlg32.lib advapi32.lib shell32.lib ole32.lib oleaut32.lib uuid.lib odbc32.lib odbccp32.lib "D:\a\OpenCppCoverage-ARM64\OpenCppCoverage-ARM64\vcpkg_installed\x64-windows\lib\*.lib" /MANIFEST /MANIFESTUAC:"level='asInvoker' uiAccess='false'" /manifest:embed /DEBUG /PDB:"D:\a\OpenCppCoverage-ARM64\OpenCppCoverage-ARM64\x64\Release\ToolsTest.pdb" /SUBSYSTEM:CONSOLE /OPT:REF /OPT:ICF /LTCG:incremental /LTCGOUT:"x64\Release\ToolsTest.iobj" /TLBID:1 /DYNAMICBASE /NXCOMPAT /IMPLIB:"D:\a\OpenCppCoverage-ARM64\OpenCppCoverage-ARM64\x64\Release\ToolsTest.lib" /MACHINE:X64 x64\Release\MappedFileTest.obj
2026-08-20T10:18:20.8330580Z          x64\Release\PEFileHeaderTest.obj
2026-08-20T10:18:20.8331127Z          x64\Release\stdafx.obj
2026-08-20T10:18:20.8331551Z          x64\Release\ToolsTest.obj
2026-08-20T10:18:20.8331971Z          x64\Release\ToolTest.obj
2026-08-20T10:18:20.8332562Z          "D:\a\OpenCppCoverage-ARM64\OpenCppCoverage-ARM64\x64\Release\TestHelper.lib"
2026-08-20T10:18:20.8333687Z          "D:\a\OpenCppCoverage-ARM64\OpenCppCoverage-ARM64\x64\Release\Tools.lib"
2026-08-20T10:18:20.9706000Z          Generating code
2026-08-20T10:18:20.9756797Z          Previous IPDB not found, fall back to full compilation.
2026-08-20T10:18:21.6610307Z     11>ClCompile:
2026-08-20T10:18:21.6611188Z          UnifiedDiffParserException.cpp
2026-08-20T10:18:21.7932930Z     18>Link:
2026-08-20T10:18:21.7933827Z          All 782 functions were compiled because no usable IPDB/IOBJ from previous compilation was found.
2026-08-20T10:18:21.7995835Z          Finished generating code
2026-08-20T10:18:21.9936297Z          ToolsTest.vcxproj -> D:\a\OpenCppCoverage-ARM64\OpenCppCoverage-ARM64\x64\Release\ToolsTest.exe
2026-08-20T10:18:21.9973637Z        AppLocalFromInstalled:
2026-08-20T10:18:21.9975622Z          "C:\Users\runneradmin\AppData\Local\OpenCppCoverage\vcpkg\vcpkg.exe" z-applocal --target-binary="D:\a\OpenCppCoverage-ARM64\OpenCppCoverage-ARM64\x64\Release\ToolsTest.exe" --installed-bin-dir="D:\a\OpenCppCoverage-ARM64\OpenCppCoverage-ARM64\vcpkg_installed\x64-windows\bin" --tlog-file="x64\Release\ToolsTest.tlog\ToolsTest.write.1u.tlog" --copied-files-log="x64\Release\vcpkg.applocal.log"
2026-08-20T10:18:22.0470317Z          D:\a\OpenCppCoverage-ARM64\OpenCppCoverage-ARM64\vcpkg_installed\x64-windows\bin\gmock.dll
2026-08-20T10:18:22.0473990Z          D:\a\OpenCppCoverage-ARM64\OpenCppCoverage-ARM64\vcpkg_installed\x64-windows\bin\boost_log-vc143-mt-x64-1_91.dll
2026-08-20T10:18:22.0480435Z          D:\a\OpenCppCoverage-ARM64\OpenCppCoverage-ARM64\vcpkg_installed\x64-windows\bin\boost_filesystem-vc143-mt-x64-1_91.dll
2026-08-20T10:18:22.0484962Z          D:\a\OpenCppCoverage-ARM64\OpenCppCoverage-ARM64\vcpkg_installed\x64-windows\bin\boost_thread-vc143-mt-x64-1_91.dll
2026-08-20T10:18:22.0488864Z          D:\a\OpenCppCoverage-ARM64\OpenCppCoverage-ARM64\vcpkg_installed\x64-windows\bin\PocoFoundation.dll
2026-08-20T10:18:22.0494714Z          D:\a\OpenCppCoverage-ARM64\OpenCppCoverage-ARM64\vcpkg_installed\x64-windows\bin\pcre2-8.dll
2026-08-20T10:18:22.0501610Z          D:\a\OpenCppCoverage-ARM64\OpenCppCoverage-ARM64\vcpkg_installed\x64-windows\bin\z.dll
2026-08-20T10:18:22.0503176Z          D:\a\OpenCppCoverage-ARM64\OpenCppCoverage-ARM64\vcpkg_installed\x64-windows\bin\utf8proc.dll
2026-08-20T10:18:22.0504620Z          D:\a\OpenCppCoverage-ARM64\OpenCppCoverage-ARM64\vcpkg_installed\x64-windows\bin\boost_iostreams-vc143-mt-x64-1_91.dll
2026-08-20T10:18:22.0506003Z          D:\a\OpenCppCoverage-ARM64\OpenCppCoverage-ARM64\vcpkg_installed\x64-windows\bin\bz2.dll
2026-08-20T10:18:22.0507279Z          D:\a\OpenCppCoverage-ARM64\OpenCppCoverage-ARM64\vcpkg_installed\x64-windows\bin\liblzma.dll
2026-08-20T10:18:22.0508522Z          D:\a\OpenCppCoverage-ARM64\OpenCppCoverage-ARM64\vcpkg_installed\x64-windows\bin\zstd.dll
2026-08-20T10:18:22.0509880Z          D:\a\OpenCppCoverage-ARM64\OpenCppCoverage-ARM64\vcpkg_installed\x64-windows\bin\boost_locale-vc143-mt-x64-1_91.dll
2026-08-20T10:18:22.0955719Z        FinalizeBuildStatus:
2026-08-20T10:18:22.0956646Z          Deleting file "x64\Release\ToolsTest.tlog\unsuccessfulbuild".
2026-08-20T10:18:22.0958651Z          Touching "x64\Release\ToolsTest.tlog\ToolsTest.lastbuildstate".
2026-08-20T10:18:22.0971953Z     18>Done Building Project "D:\a\OpenCppCoverage-ARM64\OpenCppCoverage-ARM64\ToolsTest\ToolsTest.vcxproj" (default targets).
2026-08-20T10:18:22.4518696Z     11>Link:
2026-08-20T10:18:22.4522667Z          C:\Program Files\Microsoft Visual Studio\2022\Enterprise\VC\Tools\MSVC\14.44.35207\bin\HostX64\x64\link.exe /ERRORREPORT:QUEUE /OUT:"D:\a\OpenCppCoverage-ARM64\OpenCppCoverage-ARM64\x64\Release\FileFilter.dll" /INCREMENTAL:NO /NOLOGO /LIBPATH:"D:\a\OpenCppCoverage-ARM64\OpenCppCoverage-ARM64\vcpkg_installed\x64-windows\lib" /LIBPATH:"D:\a\OpenCppCoverage-ARM64\OpenCppCoverage-ARM64\vcpkg_installed\x64-windows\lib\manual-link" bcrypt.lib kernel32.lib user32.lib gdi32.lib winspool.lib comdlg32.lib advapi32.lib shell32.lib ole32.lib oleaut32.lib uuid.lib odbc32.lib odbccp32.lib "D:\a\OpenCppCoverage-ARM64\OpenCppCoverage-ARM64\vcpkg_installed\x64-windows\lib\*.lib" /MANIFEST /MANIFESTUAC:"level='asInvoker' uiAccess='false'" /manifest:embed /DEBUG /PDB:"D:\a\OpenCppCoverage-ARM64\OpenCppCoverage-ARM64\x64\Release\FileFilter.pdb" /SUBSYSTEM:WINDOWS /OPT:REF /OPT:ICF /LTCG:incremental /LTCGOUT:"x64\Release\FileFilter.iobj" /TLBID:1 /DYNAMICBASE /NXCOMPAT /IMPLIB:"D:\a\OpenCppCoverage-ARM64\OpenCppCoverage-ARM64\x64\Release\FileFilter.lib" /MACHINE:X64 /DLL x64\Release\AmbiguousPathException.obj
2026-08-20T10:18:22.4526387Z          x64\Release\File.obj
2026-08-20T10:18:22.4526648Z          x64\Release\PathMatcher.obj
2026-08-20T10:18:22.4526964Z          x64\Release\ReleaseCoverageFilter.obj
2026-08-20T10:18:22.4527443Z          x64\Release\RelocationsExtractor.obj
2026-08-20T10:18:22.4527778Z          x64\Release\stdafx.obj
2026-08-20T10:18:22.4528081Z          x64\Release\LineFilter.obj
2026-08-20T10:18:22.4528418Z          x64\Release\UnifiedDiffCoverageFilter.obj
2026-08-20T10:18:22.4528816Z          x64\Release\UnifiedDiffParser.obj
2026-08-20T10:18:22.4529169Z          x64\Release\UnifiedDiffParserException.obj
2026-08-20T10:18:22.4529621Z          "D:\a\OpenCppCoverage-ARM64\OpenCppCoverage-ARM64\x64\Release\Tools.lib"
2026-08-20T10:18:22.6340612Z             Creating library D:\a\OpenCppCoverage-ARM64\OpenCppCoverage-ARM64\x64\Release\FileFilter.lib and object D:\a\OpenCppCoverage-ARM64\OpenCppCoverage-ARM64\x64\Release\FileFilter.exp
2026-08-20T10:18:22.6434241Z          Generating code
2026-08-20T10:18:22.6613091Z          Previous IPDB not found, fall back to full compilation.
2026-08-20T10:18:25.2087514Z          All 3501 functions were compiled because no usable IPDB/IOBJ from previous compilation was found.
2026-08-20T10:18:25.2268461Z          Finished generating code
2026-08-20T10:18:25.4873470Z          FileFilter.vcxproj -> D:\a\OpenCppCoverage-ARM64\OpenCppCoverage-ARM64\x64\Release\FileFilter.dll
2026-08-20T10:18:25.4919026Z        AppLocalFromInstalled:
2026-08-20T10:18:25.4920772Z          "C:\Users\runneradmin\AppData\Local\OpenCppCoverage\vcpkg\vcpkg.exe" z-applocal --target-binary="D:\a\OpenCppCoverage-ARM64\OpenCppCoverage-ARM64\x64\Release\FileFilter.dll" --installed-bin-dir="D:\a\OpenCppCoverage-ARM64\OpenCppCoverage-ARM64\vcpkg_installed\x64-windows\bin" --tlog-file="x64\Release\FileFilter.tlog\FileFilter.write.1u.tlog" --copied-files-log="x64\Release\vcpkg.applocal.log"
2026-08-20T10:18:25.5346670Z          D:\a\OpenCppCoverage-ARM64\OpenCppCoverage-ARM64\vcpkg_installed\x64-windows\bin\boost_log-vc143-mt-x64-1_91.dll
2026-08-20T10:18:25.5355538Z          D:\a\OpenCppCoverage-ARM64\OpenCppCoverage-ARM64\vcpkg_installed\x64-windows\bin\boost_filesystem-vc143-mt-x64-1_91.dll
2026-08-20T10:18:25.5359322Z          D:\a\OpenCppCoverage-ARM64\OpenCppCoverage-ARM64\vcpkg_installed\x64-windows\bin\boost_thread-vc143-mt-x64-1_91.dll
2026-08-20T10:18:25.5366076Z          D:\a\OpenCppCoverage-ARM64\OpenCppCoverage-ARM64\vcpkg_installed\x64-windows\bin\boost_iostreams-vc143-mt-x64-1_91.dll
2026-08-20T10:18:25.5369045Z          D:\a\OpenCppCoverage-ARM64\OpenCppCoverage-ARM64\vcpkg_installed\x64-windows\bin\z.dll
2026-08-20T10:18:25.5373853Z          D:\a\OpenCppCoverage-ARM64\OpenCppCoverage-ARM64\vcpkg_installed\x64-windows\bin\bz2.dll
2026-08-20T10:18:25.5378101Z          D:\a\OpenCppCoverage-ARM64\OpenCppCoverage-ARM64\vcpkg_installed\x64-windows\bin\liblzma.dll
2026-08-20T10:18:25.5382115Z          D:\a\OpenCppCoverage-ARM64\OpenCppCoverage-ARM64\vcpkg_installed\x64-windows\bin\zstd.dll
2026-08-20T10:18:25.5386251Z          D:\a\OpenCppCoverage-ARM64\OpenCppCoverage-ARM64\vcpkg_installed\x64-windows\bin\boost_locale-vc143-mt-x64-1_91.dll
2026-08-20T10:18:25.5809788Z        FinalizeBuildStatus:
2026-08-20T10:18:25.5810459Z          Deleting file "x64\Release\FileFilter.tlog\unsuccessfulbuild".
2026-08-20T10:18:25.5813623Z          Touching "x64\Release\FileFilter.tlog\FileFilter.lastbuildstate".
2026-08-20T10:18:25.5826906Z     11>Done Building Project "D:\a\OpenCppCoverage-ARM64\OpenCppCoverage-ARM64\FileFilter\FileFilter.vcxproj" (default targets).
2026-08-20T10:18:25.6173245Z      1>Project "D:\a\OpenCppCoverage-ARM64\OpenCppCoverage-ARM64\CppCoverage.sln" (1) is building "D:\a\OpenCppCoverage-ARM64\OpenCppCoverage-ARM64\FileFilterTest\FileFilterTest.vcxproj" (15) on node 2 (default targets).
2026-08-20T10:18:25.6174946Z     15>PrepareForBuild:
2026-08-20T10:18:25.6175376Z          Creating directory "x64\Release\".
2026-08-20T10:18:25.6175839Z      7>PrepareForBuild:
2026-08-20T10:18:25.6176285Z          Creating directory "x64\Release\".
2026-08-20T10:18:25.6196188Z     15>PrepareForBuild:
2026-08-20T10:18:25.6198423Z          Structured output is enabled. The formatting of compiler diagnostics will reflect the error hierarchy. See https://aka.ms/cpp/structured-output for more details.
2026-08-20T10:18:25.6199565Z      7>PrepareForBuild:
2026-08-20T10:18:25.6200527Z          Structured output is enabled. The formatting of compiler diagnostics will reflect the error hierarchy. See https://aka.ms/cpp/structured-output for more details.
2026-08-20T10:18:25.6201786Z     15>PrepareForBuild:
2026-08-20T10:18:25.6202344Z          Creating directory "x64\Release\FileFilterTest.tlog\".
2026-08-20T10:18:25.6203007Z      7>PrepareForBuild:
2026-08-20T10:18:25.6203551Z          Creating directory "x64\Release\CppCoverage.tlog\".
2026-08-20T10:18:25.6252565Z        InitializeBuildStatus:
2026-08-20T10:18:25.6253527Z          Creating "x64\Release\CppCoverage.tlog\unsuccessfulbuild" because "AlwaysCreate" was specified.
2026-08-20T10:18:25.6254618Z     15>InitializeBuildStatus:
2026-08-20T10:18:25.6255269Z          Creating "x64\Release\FileFilterTest.tlog\unsuccessfulbuild" because "AlwaysCreate" was specified.
2026-08-20T10:18:25.6256048Z          Touching "x64\Release\FileFilterTest.tlog\unsuccessfulbuild".
2026-08-20T10:18:25.6256539Z      7>InitializeBuildStatus:
2026-08-20T10:18:25.6257000Z          Touching "x64\Release\CppCoverage.tlog\unsuccessfulbuild".
2026-08-20T10:18:25.6615470Z     15>VcpkgTripletSelection:
2026-08-20T10:18:25.6616445Z          Using triplet "x64-windows" from "D:\a\OpenCppCoverage-ARM64\OpenCppCoverage-ARM64\vcpkg_installed\x64-windows\"
2026-08-20T10:18:25.6622668Z          Using normalized configuration "Release"
2026-08-20T10:18:25.6672532Z        VcpkgBootstrap:
2026-08-20T10:18:25.6673447Z        Skipping target "VcpkgBootstrap" because all output files are up-to-date with respect to the input files.
2026-08-20T10:18:25.6716731Z        VcpkgInstallManifestDependencies:
2026-08-20T10:18:25.6718110Z        Skipping target "VcpkgInstallManifestDependencies" because all output files are up-to-date with respect to the input files.
2026-08-20T10:18:25.6725721Z      7>VcpkgTripletSelection:
2026-08-20T10:18:25.6726587Z          Using triplet "x64-windows" from "D:\a\OpenCppCoverage-ARM64\OpenCppCoverage-ARM64\vcpkg_installed\x64-windows\"
2026-08-20T10:18:25.6733870Z          Using normalized configuration "Release"
2026-08-20T10:18:25.6758166Z        VcpkgBootstrap:
2026-08-20T10:18:25.6759368Z        Skipping target "VcpkgBootstrap" because all output files are up-to-date with respect to the input files.
2026-08-20T10:18:25.6767013Z        VcpkgInstallManifestDependencies:
2026-08-20T10:18:25.6768106Z        Skipping target "VcpkgInstallManifestDependencies" because all output files are up-to-date with respect to the input files.
2026-08-20T10:18:25.6804749Z     15>ClCompile:
2026-08-20T10:18:25.6812312Z          C:\Program Files\Microsoft Visual Studio\2022\Enterprise\VC\Tools\MSVC\14.44.35207\bin\HostX64\x64\CL.exe /c /I"D:\a\OpenCppCoverage-ARM64\OpenCppCoverage-ARM64\\" /I"D:\a\OpenCppCoverage-ARM64\OpenCppCoverage-ARM64\FileFilterTest\\" /I"D:\a\OpenCppCoverage-ARM64\OpenCppCoverage-ARM64\vcpkg_installed\x64-windows\include" /Zi /nologo /W3 /WX /diagnostics:column /sdl /O2 /Oi /GL /D NDEBUG /D _CONSOLE /D GTEST_LINKED_AS_SHARED_LIBRARY=1 /D _SILENCE_TR1_NAMESPACE_DEPRECATION_WARNING /D BOOST_CONFIG_SUPPRESS_OUTDATED_MESSAGE /D "OPENCPPCOVERAGE_VERSION=\"0.9.9.0\"" /D _CRT_SECURE_NO_WARNINGS /D "PROJECT_DIR=R\"|(D:\a\OpenCppCoverage-ARM64\OpenCppCoverage-ARM64\FileFilterTest\)|\"" /D "SOLUTION_DIR=R\"|(D:\a\OpenCppCoverage-ARM64\OpenCppCoverage-ARM64\)|\"" /D "TARGET_FILE_NAME=R\"|(FileFilterTest.exe)|\"" /D "OUT_DIR=R\"|(D:\a\OpenCppCoverage-ARM64\OpenCppCoverage-ARM64\x64\Release\)|\"" /D NOMINMAX /D _UNICODE /D UNICODE /Gm- /EHsc /MD /GS /Gy /fp:precise /Zc:wchar_t /Zc:forScope /Zc:inline /std:c++17 /permissive- /Yc"stdafx.h" /Fp"x64\Release\FileFilterTest.pch" /Fo"x64\Release\\" /Fd"x64\Release\vc143.pdb" /external:W3 /Gd /TP /wd4251 /wd4275 /FC /errorReport:queue stdafx.cpp
2026-08-20T10:18:25.6840770Z      7>ClCompile:
2026-08-20T10:18:25.6848276Z          C:\Program Files\Microsoft Visual Studio\2022\Enterprise\VC\Tools\MSVC\14.44.35207\bin\HostX64\x64\CL.exe /c /I"D:\a\OpenCppCoverage-ARM64\OpenCppCoverage-ARM64\\" /I"D:\a\OpenCppCoverage-ARM64\OpenCppCoverage-ARM64\CppCoverage\\" /I"C:\Program Files\Microsoft Visual Studio\2022\Enterprise\DIA SDK\include" /I"D:\a\OpenCppCoverage-ARM64\OpenCppCoverage-ARM64\vcpkg_installed\x64-windows\include" /Zi /nologo /W3 /WX /diagnostics:column /sdl /O2 /Oi /GL /D WIN32 /D NDEBUG /D _WINDOWS /D _USRDLL /D CPPCOVERAGE_EXPORTS /D BOOST_CONFIG_SUPPRESS_OUTDATED_MESSAGE /D "OPENCPPCOVERAGE_VERSION=\"0.9.9.0\"" /D _CRT_SECURE_NO_WARNINGS /D "PROJECT_DIR=R\"|(D:\a\OpenCppCoverage-ARM64\OpenCppCoverage-ARM64\CppCoverage\)|\"" /D "SOLUTION_DIR=R\"|(D:\a\OpenCppCoverage-ARM64\OpenCppCoverage-ARM64\)|\"" /D "TARGET_FILE_NAME=R\"|(CppCoverage.dll)|\"" /D "OUT_DIR=R\"|(D:\a\OpenCppCoverage-ARM64\OpenCppCoverage-ARM64\x64\Release\)|\"" /D NOMINMAX /D _WINDLL /D _UNICODE /D UNICODE /Gm- /EHsc /MD /GS /Gy /fp:precise /Zc:wchar_t /Zc:forScope /Zc:inline /std:c++17 /permissive- /Yc"stdafx.h" /Fp"x64\Release\CppCoverage.pch" /Fo"x64\Release\\" /Fd"x64\Release\vc143.pdb" /external:W3 /Gd /TP /FC /errorReport:queue stdafx.cpp
2026-08-20T10:18:25.7009132Z     15>ClCompile:
2026-08-20T10:18:25.7009685Z          stdafx.cpp
2026-08-20T10:18:25.7136717Z      7>ClCompile:
2026-08-20T10:18:25.7137183Z          stdafx.cpp
2026-08-20T10:18:26.2340228Z          C:\Program Files\Microsoft Visual Studio\2022\Enterprise\VC\Tools\MSVC\14.44.35207\bin\HostX64\x64\CL.exe /c /I"D:\a\OpenCppCoverage-ARM64\OpenCppCoverage-ARM64\\" /I"D:\a\OpenCppCoverage-ARM64\OpenCppCoverage-ARM64\CppCoverage\\" /I"C:\Program Files\Microsoft Visual Studio\2022\Enterprise\DIA SDK\include" /I"D:\a\OpenCppCoverage-ARM64\OpenCppCoverage-ARM64\vcpkg_installed\x64-windows\include" /Zi /nologo /W3 /WX /diagnostics:column /sdl /O2 /Oi /GL /D WIN32 /D NDEBUG /D _WINDOWS /D _USRDLL /D CPPCOVERAGE_EXPORTS /D BOOST_CONFIG_SUPPRESS_OUTDATED_MESSAGE /D "OPENCPPCOVERAGE_VERSION=\"0.9.9.0\"" /D _CRT_SECURE_NO_WARNINGS /D "PROJECT_DIR=R\"|(D:\a\OpenCppCoverage-ARM64\OpenCppCoverage-ARM64\CppCoverage\)|\"" /D "SOLUTION_DIR=R\"|(D:\a\OpenCppCoverage-ARM64\OpenCppCoverage-ARM64\)|\"" /D "TARGET_FILE_NAME=R\"|(CppCoverage.dll)|\"" /D "OUT_DIR=R\"|(D:\a\OpenCppCoverage-ARM64\OpenCppCoverage-ARM64\x64\Release\)|\"" /D NOMINMAX /D _WINDLL /D _UNICODE /D UNICODE /Gm- /EHsc /MD /GS /Gy /fp:precise /Zc:wchar_t /Zc:forScope /Zc:inline /std:c++17 /permissive- /Yu"stdafx.h" /Fp"x64\Release\CppCoverage.pch" /Fo"x64\Release\\" /Fd"x64\Release\vc143.pdb" /external:W3 /Gd /TP /FC /errorReport:queue Address.cpp BreakPoint.cpp CodeCoverageRunner.cpp CoverageDataMerger.cpp CoverageFilterManager.cpp DebugInformationEnumerator.cpp ExportOptionParser.cpp FileSystem.cpp FilterAssistant.cpp MonitoredLineRegister.cpp RunCoverageSettings.cpp UnifiedDiffCoverageFilterManager.cpp UnifiedDiffSettings.cpp WildcardCoverageFilter.cpp CoverageRate.cpp CoverageRateComputer.cpp CoverageFilterSettings.cpp CppCoverageException.cpp Debugger.cpp ExceptionHandler.cpp ExecutedAddressManager.cpp HandleInformation.cpp IDebugEventsHandler.cpp Options.cpp OptionsExport.cpp OptionsParser.cpp Patterns.cpp Process.cpp ProgramOptions.cpp StartInfo.cpp Wildcards.cpp
2026-08-20T10:18:26.2605958Z          Address.cpp
2026-08-20T10:18:26.5249492Z          BreakPoint.cpp
2026-08-20T10:18:27.2237432Z     15>ClCompile:
2026-08-20T10:18:27.2245150Z          C:\Program Files\Microsoft Visual Studio\2022\Enterprise\VC\Tools\MSVC\14.44.35207\bin\HostX64\x64\CL.exe /c /I"D:\a\OpenCppCoverage-ARM64\OpenCppCoverage-ARM64\\" /I"D:\a\OpenCppCoverage-ARM64\OpenCppCoverage-ARM64\FileFilterTest\\" /I"D:\a\OpenCppCoverage-ARM64\OpenCppCoverage-ARM64\vcpkg_installed\x64-windows\include" /Zi /nologo /W3 /WX /diagnostics:column /sdl /O2 /Oi /GL /D NDEBUG /D _CONSOLE /D GTEST_LINKED_AS_SHARED_LIBRARY=1 /D _SILENCE_TR1_NAMESPACE_DEPRECATION_WARNING /D BOOST_CONFIG_SUPPRESS_OUTDATED_MESSAGE /D "OPENCPPCOVERAGE_VERSION=\"0.9.9.0\"" /D _CRT_SECURE_NO_WARNINGS /D "PROJECT_DIR=R\"|(D:\a\OpenCppCoverage-ARM64\OpenCppCoverage-ARM64\FileFilterTest\)|\"" /D "SOLUTION_DIR=R\"|(D:\a\OpenCppCoverage-ARM64\OpenCppCoverage-ARM64\)|\"" /D "TARGET_FILE_NAME=R\"|(FileFilterTest.exe)|\"" /D "OUT_DIR=R\"|(D:\a\OpenCppCoverage-ARM64\OpenCppCoverage-ARM64\x64\Release\)|\"" /D NOMINMAX /D _UNICODE /D UNICODE /Gm- /EHsc /MD /GS /Gy /fp:precise /Zc:wchar_t /Zc:forScope /Zc:inline /std:c++17 /permissive- /Yu"stdafx.h" /Fp"x64\Release\FileFilterTest.pch" /Fo"x64\Release\\" /Fd"x64\Release\vc143.pdb" /external:W3 /Gd /TP /wd4251 /wd4275 /FC /errorReport:queue FileFilterTest.cpp LineFilterTest.cpp PathMatcherTest.cpp RelocationsExtractorTest.cpp Tools.cpp UnifiedDiffCoverageFilterTest.cpp UnifiedDiffParserTest.cpp
2026-08-20T10:18:27.2636843Z          FileFilterTest.cpp
2026-08-20T10:18:27.2872077Z          LineFilterTest.cpp
2026-08-20T10:18:27.6758090Z          PathMatcherTest.cpp
2026-08-20T10:18:27.7674874Z      7>ClCompile:
2026-08-20T10:18:28.0194586Z          CodeCoverageRunner.cpp
2026-08-20T10:18:28.0195088Z     15>ClCompile:
2026-08-20T10:18:28.0195403Z          RelocationsExtractorTest.cpp
2026-08-20T10:18:29.1767577Z      7>ClCompile:
2026-08-20T10:18:29.1768093Z          CoverageDataMerger.cpp
2026-08-20T10:18:29.3194964Z     15>ClCompile:
2026-08-20T10:18:29.3195411Z          Tools.cpp
2026-08-20T10:18:29.6000738Z          UnifiedDiffCoverageFilterTest.cpp
2026-08-20T10:18:29.9477793Z      7>ClCompile:
2026-08-20T10:18:29.9478242Z          CoverageFilterManager.cpp
2026-08-20T10:18:29.9516503Z     15>ClCompile:
2026-08-20T10:18:29.9517042Z          UnifiedDiffParserTest.cpp
2026-08-20T10:18:30.4200796Z        Link:
2026-08-20T10:18:30.4204913Z          C:\Program Files\Microsoft Visual Studio\2022\Enterprise\VC\Tools\MSVC\14.44.35207\bin\HostX64\x64\link.exe /ERRORREPORT:QUEUE /OUT:"D:\a\OpenCppCoverage-ARM64\OpenCppCoverage-ARM64\x64\Release\FileFilterTest.exe" /INCREMENTAL:NO /NOLOGO /LIBPATH:"D:\a\OpenCppCoverage-ARM64\OpenCppCoverage-ARM64\vcpkg_installed\x64-windows\lib" /LIBPATH:"D:\a\OpenCppCoverage-ARM64\OpenCppCoverage-ARM64\vcpkg_installed\x64-windows\lib\manual-link" gmock.lib gtest.lib bcrypt.lib kernel32.lib user32.lib gdi32.lib winspool.lib comdlg32.lib advapi32.lib shell32.lib ole32.lib oleaut32.lib uuid.lib odbc32.lib odbccp32.lib "D:\a\OpenCppCoverage-ARM64\OpenCppCoverage-ARM64\vcpkg_installed\x64-windows\lib\*.lib" /MANIFEST /MANIFESTUAC:"level='asInvoker' uiAccess='false'" /manifest:embed /DEBUG /PDB:"D:\a\OpenCppCoverage-ARM64\OpenCppCoverage-ARM64\x64\Release\FileFilterTest.pdb" /SUBSYSTEM:CONSOLE /OPT:REF /OPT:ICF /LTCG:incremental /LTCGOUT:"x64\Release\FileFilterTest.iobj" /TLBID:1 /DYNAMICBASE /NXCOMPAT /IMPLIB:"D:\a\OpenCppCoverage-ARM64\OpenCppCoverage-ARM64\x64\Release\FileFilterTest.lib" /MACHINE:X64 x64\Release\FileFilterTest.obj
2026-08-20T10:18:30.4209060Z          x64\Release\LineFilterTest.obj
2026-08-20T10:18:30.4209445Z          x64\Release\PathMatcherTest.obj
2026-08-20T10:18:30.4209814Z          x64\Release\RelocationsExtractorTest.obj
2026-08-20T10:18:30.4210162Z          x64\Release\stdafx.obj
2026-08-20T10:18:30.4210469Z          x64\Release\Tools.obj
2026-08-20T10:18:30.4210843Z          x64\Release\UnifiedDiffCoverageFilterTest.obj
2026-08-20T10:18:30.4211218Z          x64\Release\UnifiedDiffParserTest.obj
2026-08-20T10:18:30.4211680Z          "D:\a\OpenCppCoverage-ARM64\OpenCppCoverage-ARM64\x64\Release\FileFilter.lib"
2026-08-20T10:18:30.4212315Z          "D:\a\OpenCppCoverage-ARM64\OpenCppCoverage-ARM64\x64\Release\TestCoverageOptimizedBuild.lib"
2026-08-20T10:18:30.4212967Z          "D:\a\OpenCppCoverage-ARM64\OpenCppCoverage-ARM64\x64\Release\TestHelper.lib"
2026-08-20T10:18:30.4213516Z          "D:\a\OpenCppCoverage-ARM64\OpenCppCoverage-ARM64\x64\Release\Tools.lib"
2026-08-20T10:18:30.5758254Z          Generating code
2026-08-20T10:18:30.5898197Z          Previous IPDB not found, fall back to full compilation.
2026-08-20T10:18:33.0199394Z      7>ClCompile:
2026-08-20T10:18:33.0207536Z          DebugInformationEnumerator.cpp
2026-08-20T10:18:33.2093782Z     15>Link:
2026-08-20T10:18:33.2094472Z          All 2579 functions were compiled because no usable IPDB/IOBJ from previous compilation was found.
2026-08-20T10:18:33.2297168Z          Finished generating code
2026-08-20T10:18:33.4942315Z          FileFilterTest.vcxproj -> D:\a\OpenCppCoverage-ARM64\OpenCppCoverage-ARM64\x64\Release\FileFilterTest.exe
2026-08-20T10:18:33.4973370Z        AppLocalFromInstalled:
2026-08-20T10:18:33.4976503Z          "C:\Users\runneradmin\AppData\Local\OpenCppCoverage\vcpkg\vcpkg.exe" z-applocal --target-binary="D:\a\OpenCppCoverage-ARM64\OpenCppCoverage-ARM64\x64\Release\FileFilterTest.exe" --installed-bin-dir="D:\a\OpenCppCoverage-ARM64\OpenCppCoverage-ARM64\vcpkg_installed\x64-windows\bin" --tlog-file="x64\Release\FileFilterTest.tlog\FileFilterTest.write.1u.tlog" --copied-files-log="x64\Release\vcpkg.applocal.log"
2026-08-20T10:18:33.5493119Z          D:\a\OpenCppCoverage-ARM64\OpenCppCoverage-ARM64\vcpkg_installed\x64-windows\bin\gmock.dll
2026-08-20T10:18:33.5503297Z          D:\a\OpenCppCoverage-ARM64\OpenCppCoverage-ARM64\vcpkg_installed\x64-windows\bin\boost_log-vc143-mt-x64-1_91.dll
2026-08-20T10:18:33.5519434Z          D:\a\OpenCppCoverage-ARM64\OpenCppCoverage-ARM64\vcpkg_installed\x64-windows\bin\boost_filesystem-vc143-mt-x64-1_91.dll
2026-08-20T10:18:33.5537047Z          D:\a\OpenCppCoverage-ARM64\OpenCppCoverage-ARM64\vcpkg_installed\x64-windows\bin\boost_thread-vc143-mt-x64-1_91.dll
2026-08-20T10:18:33.5540137Z          D:\a\OpenCppCoverage-ARM64\OpenCppCoverage-ARM64\vcpkg_installed\x64-windows\bin\boost_iostreams-vc143-mt-x64-1_91.dll
2026-08-20T10:18:33.5543300Z          D:\a\OpenCppCoverage-ARM64\OpenCppCoverage-ARM64\vcpkg_installed\x64-windows\bin\z.dll
2026-08-20T10:18:33.5546082Z          D:\a\OpenCppCoverage-ARM64\OpenCppCoverage-ARM64\vcpkg_installed\x64-windows\bin\bz2.dll
2026-08-20T10:18:33.5549014Z          D:\a\OpenCppCoverage-ARM64\OpenCppCoverage-ARM64\vcpkg_installed\x64-windows\bin\liblzma.dll
2026-08-20T10:18:33.5551929Z          D:\a\OpenCppCoverage-ARM64\OpenCppCoverage-ARM64\vcpkg_installed\x64-windows\bin\zstd.dll
2026-08-20T10:18:33.5554206Z          D:\a\OpenCppCoverage-ARM64\OpenCppCoverage-ARM64\vcpkg_installed\x64-windows\bin\boost_locale-vc143-mt-x64-1_91.dll
2026-08-20T10:18:33.5557193Z          D:\a\OpenCppCoverage-ARM64\OpenCppCoverage-ARM64\vcpkg_installed\x64-windows\bin\PocoFoundation.dll
2026-08-20T10:18:33.5559529Z          D:\a\OpenCppCoverage-ARM64\OpenCppCoverage-ARM64\vcpkg_installed\x64-windows\bin\pcre2-8.dll
2026-08-20T10:18:33.5563136Z          D:\a\OpenCppCoverage-ARM64\OpenCppCoverage-ARM64\vcpkg_installed\x64-windows\bin\utf8proc.dll
2026-08-20T10:18:33.5960377Z        FinalizeBuildStatus:
2026-08-20T10:18:33.5961029Z          Deleting file "x64\Release\FileFilterTest.tlog\unsuccessfulbuild".
2026-08-20T10:18:33.5964185Z          Touching "x64\Release\FileFilterTest.tlog\FileFilterTest.lastbuildstate".
2026-08-20T10:18:33.5977468Z     15>Done Building Project "D:\a\OpenCppCoverage-ARM64\OpenCppCoverage-ARM64\FileFilterTest\FileFilterTest.vcxproj" (default targets).
2026-08-20T10:18:34.2376849Z      7>ClCompile:
2026-08-20T10:18:34.2377247Z          ExportOptionParser.cpp
2026-08-20T10:18:35.1797060Z          FileSystem.cpp
2026-08-20T10:18:35.7514494Z          FilterAssistant.cpp
2026-08-20T10:18:36.5640901Z          MonitoredLineRegister.cpp
2026-08-20T10:18:37.7526986Z          RunCoverageSettings.cpp
2026-08-20T10:18:38.3567640Z          UnifiedDiffCoverageFilterManager.cpp
2026-08-20T10:18:39.6769381Z          UnifiedDiffSettings.cpp
2026-08-20T10:18:40.2536881Z          WildcardCoverageFilter.cpp
2026-08-20T10:18:41.6217532Z          CoverageRate.cpp
2026-08-20T10:18:41.6311933Z          CoverageRateComputer.cpp
2026-08-20T10:18:42.2880611Z          CoverageFilterSettings.cpp
2026-08-20T10:18:43.3016131Z          CppCoverageException.cpp
2026-08-20T10:18:43.8658944Z          Debugger.cpp
2026-08-20T10:18:45.0171169Z          ExceptionHandler.cpp
2026-08-20T10:18:46.0402924Z          Compiling...
2026-08-20T10:18:46.0404219Z          ExecutedAddressManager.cpp
2026-08-20T10:18:47.4113560Z          HandleInformation.cpp
2026-08-20T10:18:48.8931285Z          IDebugEventsHandler.cpp
2026-08-20T10:18:48.9025717Z          Options.cpp
2026-08-20T10:18:49.5736527Z          OptionsExport.cpp
2026-08-20T10:18:49.8427927Z          OptionsParser.cpp
2026-08-20T10:18:51.5605011Z          Patterns.cpp
2026-08-20T10:18:51.8149635Z          Process.cpp
2026-08-20T10:18:52.9047471Z          ProgramOptions.cpp
2026-08-20T10:18:53.7824244Z          StartInfo.cpp
2026-08-20T10:18:54.3916993Z          Wildcards.cpp
2026-08-20T10:18:55.8097999Z        Link:
2026-08-20T10:18:55.8104564Z          C:\Program Files\Microsoft Visual Studio\2022\Enterprise\VC\Tools\MSVC\14.44.35207\bin\HostX64\x64\link.exe /ERRORREPORT:QUEUE /OUT:"D:\a\OpenCppCoverage-ARM64\OpenCppCoverage-ARM64\x64\Release\CppCoverage.dll" /INCREMENTAL:NO /NOLOGO /LIBPATH:"D:\a\OpenCppCoverage-ARM64\OpenCppCoverage-ARM64\vcpkg_installed\x64-windows\lib" /LIBPATH:"D:\a\OpenCppCoverage-ARM64\OpenCppCoverage-ARM64\vcpkg_installed\x64-windows\lib\manual-link" Dbghelp.lib bcrypt.lib "C:\Program Files\Microsoft Visual Studio\2022\Enterprise\DIA SDK\lib\amd64\diaguids.lib" kernel32.lib user32.lib gdi32.lib winspool.lib comdlg32.lib advapi32.lib shell32.lib ole32.lib oleaut32.lib uuid.lib odbc32.lib odbccp32.lib "D:\a\OpenCppCoverage-ARM64\OpenCppCoverage-ARM64\vcpkg_installed\x64-windows\lib\*.lib" /MANIFEST /MANIFESTUAC:"level='asInvoker' uiAccess='false'" /manifest:embed /DEBUG /PDB:"D:\a\OpenCppCoverage-ARM64\OpenCppCoverage-ARM64\x64\Release\CppCoverage.pdb" /SUBSYSTEM:WINDOWS /OPT:REF /OPT:ICF /LTCG:incremental /LTCGOUT:"x64\Release\CppCoverage.iobj" /TLBID:1 /DYNAMICBASE /NXCOMPAT /IMPLIB:"D:\a\OpenCppCoverage-ARM64\OpenCppCoverage-ARM64\x64\Release\CppCoverage.lib" /MACHINE:X64 /DLL x64\Release\Address.obj
2026-08-20T10:18:55.8111128Z          x64\Release\BreakPoint.obj
2026-08-20T10:18:55.8111650Z          x64\Release\CodeCoverageRunner.obj
2026-08-20T10:18:55.8112173Z          x64\Release\CoverageDataMerger.obj
2026-08-20T10:18:55.8112682Z          x64\Release\CoverageFilterManager.obj
2026-08-20T10:18:55.8113236Z          x64\Release\DebugInformationEnumerator.obj
2026-08-20T10:18:55.8113800Z          x64\Release\ExportOptionParser.obj
2026-08-20T10:18:55.8114270Z          x64\Release\FileSystem.obj
2026-08-20T10:18:55.8114721Z          x64\Release\FilterAssistant.obj
2026-08-20T10:18:55.8115225Z          x64\Release\MonitoredLineRegister.obj
2026-08-20T10:18:55.8115736Z          x64\Release\RunCoverageSettings.obj
2026-08-20T10:18:55.8116355Z          x64\Release\UnifiedDiffCoverageFilterManager.obj
2026-08-20T10:18:55.8116908Z          x64\Release\UnifiedDiffSettings.obj
2026-08-20T10:18:55.8117670Z          x64\Release\WildcardCoverageFilter.obj
2026-08-20T10:18:55.8118168Z          x64\Release\CoverageRate.obj
2026-08-20T10:18:55.8118706Z          x64\Release\CoverageRateComputer.obj
2026-08-20T10:18:55.8119238Z          x64\Release\CoverageFilterSettings.obj
2026-08-20T10:18:55.8119750Z          x64\Release\CppCoverageException.obj
2026-08-20T10:18:55.8120230Z          x64\Release\Debugger.obj
2026-08-20T10:18:55.8120724Z          x64\Release\ExceptionHandler.obj
2026-08-20T10:18:55.8121234Z          x64\Release\ExecutedAddressManager.obj
2026-08-20T10:18:55.8121740Z          x64\Release\HandleInformation.obj
2026-08-20T10:18:55.8122219Z          x64\Release\IDebugEventsHandler.obj
2026-08-20T10:18:55.8122729Z          x64\Release\Options.obj
2026-08-20T10:18:55.8123174Z          x64\Release\OptionsExport.obj
2026-08-20T10:18:55.8123630Z          x64\Release\OptionsParser.obj
2026-08-20T10:18:55.8124086Z          x64\Release\Patterns.obj
2026-08-20T10:18:55.8124558Z          x64\Release\Process.obj
2026-08-20T10:18:55.8125002Z          x64\Release\ProgramOptions.obj
2026-08-20T10:18:55.8125633Z          x64\Release\StartInfo.obj
2026-08-20T10:18:55.8126089Z          x64\Release\stdafx.obj
2026-08-20T10:18:55.8126564Z          x64\Release\Wildcards.obj
2026-08-20T10:18:55.8127196Z          "D:\a\OpenCppCoverage-ARM64\OpenCppCoverage-ARM64\x64\Release\FileFilter.lib"
2026-08-20T10:18:55.8128055Z          "D:\a\OpenCppCoverage-ARM64\OpenCppCoverage-ARM64\x64\Release\Plugin.lib"
2026-08-20T10:18:55.8229090Z          "D:\a\OpenCppCoverage-ARM64\OpenCppCoverage-ARM64\x64\Release\Tools.lib"
2026-08-20T10:18:56.1808094Z             Creating library D:\a\OpenCppCoverage-ARM64\OpenCppCoverage-ARM64\x64\Release\CppCoverage.lib and object D:\a\OpenCppCoverage-ARM64\OpenCppCoverage-ARM64\x64\Release\CppCoverage.exp
2026-08-20T10:18:56.1921577Z          Generating code
2026-08-20T10:18:56.2352343Z          Previous IPDB not found, fall back to full compilation.
2026-08-20T10:19:01.0315293Z          All 7128 functions were compiled because no usable IPDB/IOBJ from previous compilation was found.
2026-08-20T10:19:01.0770838Z          Finished generating code
2026-08-20T10:19:01.4789702Z          CppCoverage.vcxproj -> D:\a\OpenCppCoverage-ARM64\OpenCppCoverage-ARM64\x64\Release\CppCoverage.dll
2026-08-20T10:19:01.4836909Z        AppLocalFromInstalled:
2026-08-20T10:19:01.4838559Z          "C:\Users\runneradmin\AppData\Local\OpenCppCoverage\vcpkg\vcpkg.exe" z-applocal --target-binary="D:\a\OpenCppCoverage-ARM64\OpenCppCoverage-ARM64\x64\Release\CppCoverage.dll" --installed-bin-dir="D:\a\OpenCppCoverage-ARM64\OpenCppCoverage-ARM64\vcpkg_installed\x64-windows\bin" --tlog-file="x64\Release\CppCoverage.tlog\CppCoverage.write.1u.tlog" --copied-files-log="x64\Release\vcpkg.applocal.log"
2026-08-20T10:19:01.5227707Z          D:\a\OpenCppCoverage-ARM64\OpenCppCoverage-ARM64\vcpkg_installed\x64-windows\bin\boost_program_options-vc143-mt-x64-1_91.dll -> D:\a\OpenCppCoverage-ARM64\OpenCppCoverage-ARM64\x64\Release\boost_program_options-vc143-mt-x64-1_91.dll done
2026-08-20T10:19:01.5299142Z          D:\a\OpenCppCoverage-ARM64\OpenCppCoverage-ARM64\vcpkg_installed\x64-windows\bin\boost_log-vc143-mt-x64-1_91.dll
2026-08-20T10:19:01.5307021Z          D:\a\OpenCppCoverage-ARM64\OpenCppCoverage-ARM64\vcpkg_installed\x64-windows\bin\boost_filesystem-vc143-mt-x64-1_91.dll
2026-08-20T10:19:01.5313196Z          D:\a\OpenCppCoverage-ARM64\OpenCppCoverage-ARM64\vcpkg_installed\x64-windows\bin\boost_thread-vc143-mt-x64-1_91.dll
2026-08-20T10:19:01.5318669Z          D:\a\OpenCppCoverage-ARM64\OpenCppCoverage-ARM64\vcpkg_installed\x64-windows\bin\boost_program_options-vc143-mt-x64-1_91.dll
2026-08-20T10:19:01.5325103Z          D:\a\OpenCppCoverage-ARM64\OpenCppCoverage-ARM64\vcpkg_installed\x64-windows\bin\boost_iostreams-vc143-mt-x64-1_91.dll
2026-08-20T10:19:01.5329212Z          D:\a\OpenCppCoverage-ARM64\OpenCppCoverage-ARM64\vcpkg_installed\x64-windows\bin\z.dll
2026-08-20T10:19:01.5334096Z          D:\a\OpenCppCoverage-ARM64\OpenCppCoverage-ARM64\vcpkg_installed\x64-windows\bin\bz2.dll
2026-08-20T10:19:01.5339305Z          D:\a\OpenCppCoverage-ARM64\OpenCppCoverage-ARM64\vcpkg_installed\x64-windows\bin\liblzma.dll
2026-08-20T10:19:01.5345649Z          D:\a\OpenCppCoverage-ARM64\OpenCppCoverage-ARM64\vcpkg_installed\x64-windows\bin\zstd.dll
2026-08-20T10:19:01.5348669Z          D:\a\OpenCppCoverage-ARM64\OpenCppCoverage-ARM64\vcpkg_installed\x64-windows\bin\boost_locale-vc143-mt-x64-1_91.dll
2026-08-20T10:19:01.5664666Z        PostBuildEvent:
2026-08-20T10:19:01.5665568Z          xcopy /y "C:\Program Files\Microsoft Visual Studio\2022\Enterprise\DIA SDK\bin\amd64\msdia140.dll" "D:\a\OpenCppCoverage-ARM64\OpenCppCoverage-ARM64\x64\Release\"
2026-08-20T10:19:01.5666239Z          :VCEnd
2026-08-20T10:19:01.5944269Z          C:\Program Files\Microsoft Visual Studio\2022\Enterprise\DIA SDK\bin\amd64\msdia140.dll
2026-08-20T10:19:01.5971690Z          1 File(s) copied
2026-08-20T10:19:01.6114857Z        FinalizeBuildStatus:
2026-08-20T10:19:01.6115927Z          Deleting file "x64\Release\CppCoverage.tlog\unsuccessfulbuild".
2026-08-20T10:19:01.6119955Z          Touching "x64\Release\CppCoverage.tlog\CppCoverage.lastbuildstate".
2026-08-20T10:19:01.6133618Z      7>Done Building Project "D:\a\OpenCppCoverage-ARM64\OpenCppCoverage-ARM64\CppCoverage\CppCoverage.vcxproj" (default targets).
2026-08-20T10:19:01.6276698Z      1>Project "D:\a\OpenCppCoverage-ARM64\OpenCppCoverage-ARM64\CppCoverage.sln" (1) is building "D:\a\OpenCppCoverage-ARM64\OpenCppCoverage-ARM64\ExporterTest\ExporterTest.vcxproj.metaproj" (3) on node 1 (default targets).
2026-08-20T10:19:01.6294105Z      3>Project "D:\a\OpenCppCoverage-ARM64\OpenCppCoverage-ARM64\ExporterTest\ExporterTest.vcxproj.metaproj" (3) is building "D:\a\OpenCppCoverage-ARM64\OpenCppCoverage-ARM64\Exporter\Exporter.vcxproj" (10) on node 1 (default targets).
2026-08-20T10:19:01.6295572Z     10>PrepareForBuild:
2026-08-20T10:19:01.6295956Z          Creating directory "x64\Release\".
2026-08-20T10:19:01.6438363Z          Structured output is enabled. The formatting of compiler diagnostics will reflect the error hierarchy. See https://aka.ms/cpp/structured-output for more details.
2026-08-20T10:19:01.6443713Z          Creating directory "x64\Release\Exporter.tlog\".
2026-08-20T10:19:01.6445224Z        InitializeBuildStatus:
2026-08-20T10:19:01.6446741Z          Creating "x64\Release\Exporter.tlog\unsuccessfulbuild" because "AlwaysCreate" was specified.
2026-08-20T10:19:01.6448310Z          Touching "x64\Release\Exporter.tlog\unsuccessfulbuild".
2026-08-20T10:19:01.6451369Z        PreBuildEvent:
2026-08-20T10:19:01.6456253Z          "D:\a\OpenCppCoverage-ARM64\OpenCppCoverage-ARM64\vcpkg_installed\x64-windows\tools\protobuf\protoc.exe" -I="D:\a\OpenCppCoverage-ARM64\OpenCppCoverage-ARM64\Exporter\Binary" --cpp_out="D:\a\OpenCppCoverage-ARM64\OpenCppCoverage-ARM64\Exporter\Binary" "D:\a\OpenCppCoverage-ARM64\OpenCppCoverage-ARM64\Exporter\Binary\CoverageData.proto"
2026-08-20T10:19:01.6459362Z          :VCEnd
2026-08-20T10:19:01.7799531Z      2>Project "D:\a\OpenCppCoverage-ARM64\OpenCppCoverage-ARM64\CppCoverageTest\CppCoverageTest.vcxproj.metaproj" (2) is building "D:\a\OpenCppCoverage-ARM64\OpenCppCoverage-ARM64\CppCoverageTest\CppCoverageTest.vcxproj" (19) on node 4 (default targets).
2026-08-20T10:19:01.7800959Z     19>PrepareForBuild:
2026-08-20T10:19:01.7801350Z          Creating directory "x64\Release\".
2026-08-20T10:19:01.7820370Z     10>VcpkgTripletSelection:
2026-08-20T10:19:01.7821348Z          Using triplet "x64-windows" from "D:\a\OpenCppCoverage-ARM64\OpenCppCoverage-ARM64\vcpkg_installed\x64-windows\"
2026-08-20T10:19:01.7822491Z          Using normalized configuration "Release"
2026-08-20T10:19:01.7823621Z        VcpkgBootstrap:
2026-08-20T10:19:01.7824922Z        Skipping target "VcpkgBootstrap" because all output files are up-to-date with respect to the input files.
2026-08-20T10:19:01.7825833Z        VcpkgInstallManifestDependencies:
2026-08-20T10:19:01.7828060Z        Skipping target "VcpkgInstallManifestDependencies" because all output files are up-to-date with respect to the input files.
2026-08-20T10:19:01.7829903Z     19>PrepareForBuild:
2026-08-20T10:19:01.7831230Z          Structured output is enabled. The formatting of compiler diagnostics will reflect the error hierarchy. See https://aka.ms/cpp/structured-output for more details.
2026-08-20T10:19:01.7832410Z          Creating directory "x64\Release\CppCoverageTest.tlog\".
2026-08-20T10:19:01.7871934Z     10>ClCompile:
2026-08-20T10:19:01.7879295Z          C:\Program Files\Microsoft Visual Studio\2022\Enterprise\VC\Tools\MSVC\14.44.35207\bin\HostX64\x64\CL.exe /c /I"D:\a\OpenCppCoverage-ARM64\OpenCppCoverage-ARM64\\" /I"D:\a\OpenCppCoverage-ARM64\OpenCppCoverage-ARM64\Exporter\\" /I"D:\a\OpenCppCoverage-ARM64\OpenCppCoverage-ARM64\vcpkg_installed\x64-windows\include" /Zi /nologo /W3 /WX /diagnostics:column /sdl /O2 /Oi /GL /D EXPORTER_EXPORTS /D _SILENCE_CXX17_ITERATOR_BASE_CLASS_DEPRECATION_WARNING /D BOOST_CONFIG_SUPPRESS_OUTDATED_MESSAGE /D "OPENCPPCOVERAGE_VERSION=\"0.9.9.0\"" /D _CRT_SECURE_NO_WARNINGS /D "PROJECT_DIR=R\"|(D:\a\OpenCppCoverage-ARM64\OpenCppCoverage-ARM64\Exporter\)|\"" /D "SOLUTION_DIR=R\"|(D:\a\OpenCppCoverage-ARM64\OpenCppCoverage-ARM64\)|\"" /D "TARGET_FILE_NAME=R\"|(Exporter.dll)|\"" /D "OUT_DIR=R\"|(D:\a\OpenCppCoverage-ARM64\OpenCppCoverage-ARM64\x64\Release\)|\"" /D NOMINMAX /D _WINDLL /D _UNICODE /D UNICODE /Gm- /EHsc /MD /GS /Gy /fp:precise /Zc:wchar_t /Zc:forScope /Zc:inline /std:c++17 /permissive- /Yc"stdafx.h" /Fp"x64\Release\Exporter.pch" /Fo"x64\Release\\" /Fd"x64\Release\vc143.pdb" /external:W0 /Gd /TP /wd4251 /FC /errorReport:queue /external:I"D:\a\OpenCppCoverage-ARM64\OpenCppCoverage-ARM64\vcpkg_installed\x64-windows\include" stdafx.cpp
2026-08-20T10:19:01.7893477Z     19>InitializeBuildStatus:
2026-08-20T10:19:01.7894341Z          Creating "x64\Release\CppCoverageTest.tlog\unsuccessfulbuild" because "AlwaysCreate" was specified.
2026-08-20T10:19:01.7895649Z          Touching "x64\Release\CppCoverageTest.tlog\unsuccessfulbuild".
2026-08-20T10:19:01.8356117Z        VcpkgTripletSelection:
2026-08-20T10:19:01.8389775Z          Using triplet "x64-windows" from "D:\a\OpenCppCoverage-ARM64\OpenCppCoverage-ARM64\vcpkg_installed\x64-windows\"
2026-08-20T10:19:01.8409843Z          Using normalized configuration "Release"
2026-08-20T10:19:01.8412155Z        VcpkgBootstrap:
2026-08-20T10:19:01.8414307Z        Skipping target "VcpkgBootstrap" because all output files are up-to-date with respect to the input files.
2026-08-20T10:19:01.8416987Z        VcpkgInstallManifestDependencies:
2026-08-20T10:19:01.8419562Z        Skipping target "VcpkgInstallManifestDependencies" because all output files are up-to-date with respect to the input files.
2026-08-20T10:19:01.8443647Z        ClCompile:
2026-08-20T10:19:01.8451101Z          C:\Program Files\Microsoft Visual Studio\2022\Enterprise\VC\Tools\MSVC\14.44.35207\bin\HostX64\x64\CL.exe /c /I"D:\a\OpenCppCoverage-ARM64\OpenCppCoverage-ARM64\\" /I"D:\a\OpenCppCoverage-ARM64\OpenCppCoverage-ARM64\CppCoverageTest\\" /I"D:\a\OpenCppCoverage-ARM64\OpenCppCoverage-ARM64\vcpkg_installed\x64-windows\include" /Zi /nologo /W3 /WX /diagnostics:column /sdl /O2 /Oi /GL /D WIN32 /D NDEBUG /D _CONSOLE /D _LIB /D GTEST_LINKED_AS_SHARED_LIBRARY=1 /D _SILENCE_TR1_NAMESPACE_DEPRECATION_WARNING /D BOOST_CONFIG_SUPPRESS_OUTDATED_MESSAGE /D "OPENCPPCOVERAGE_VERSION=\"0.9.9.0\"" /D _CRT_SECURE_NO_WARNINGS /D "PROJECT_DIR=R\"|(D:\a\OpenCppCoverage-ARM64\OpenCppCoverage-ARM64\CppCoverageTest\)|\"" /D "SOLUTION_DIR=R\"|(D:\a\OpenCppCoverage-ARM64\OpenCppCoverage-ARM64\)|\"" /D "TARGET_FILE_NAME=R\"|(CppCoverageTest.exe)|\"" /D "OUT_DIR=R\"|(D:\a\OpenCppCoverage-ARM64\OpenCppCoverage-ARM64\x64\Release\)|\"" /D NOMINMAX /D _UNICODE /D UNICODE /D "SOLUTION_DIR=D:\a\OpenCppCoverage-ARM64\OpenCppCoverage-ARM64\\" /D "SOLUTION_DIR=\"D:\a\OpenCppCoverage-ARM64\OpenCppCoverage-ARM64\\\"" /D "SOLUTION_DIR=#\"D:\a\OpenCppCoverage-ARM64\OpenCppCoverage-ARM64\\\"" /Gm- /EHsc /MD /GS /Gy /fp:precise /Zc:wchar_t /Zc:forScope /Zc:inline /std:c++17 /permissive- /Yc"stdafx.h" /Fp"x64\Release\CppCoverageTest.pch" /Fo"x64\Release\\" /Fd"x64\Release\vc143.pdb" /external:W3 /Gd /TP /wd4251 /wd4275 /FC /errorReport:queue stdafx.cpp
2026-08-20T10:19:01.8473311Z     10>ClCompile:
2026-08-20T10:19:01.8473686Z          stdafx.cpp
2026-08-20T10:19:01.8755282Z     19>ClCompile:
2026-08-20T10:19:01.8755728Z          stdafx.cpp
2026-08-20T10:19:02.4135280Z     10>ClCompile:
2026-08-20T10:19:02.4140739Z          C:\Program Files\Microsoft Visual Studio\2022\Enterprise\VC\Tools\MSVC\14.44.35207\bin\HostX64\x64\CL.exe /c /I"D:\a\OpenCppCoverage-ARM64\OpenCppCoverage-ARM64\\" /I"D:\a\OpenCppCoverage-ARM64\OpenCppCoverage-ARM64\Exporter\\" /I"D:\a\OpenCppCoverage-ARM64\OpenCppCoverage-ARM64\vcpkg_installed\x64-windows\include" /Zi /nologo /W3 /WX /diagnostics:column /sdl /O2 /Oi /GL /D EXPORTER_EXPORTS /D _SILENCE_CXX17_ITERATOR_BASE_CLASS_DEPRECATION_WARNING /D BOOST_CONFIG_SUPPRESS_OUTDATED_MESSAGE /D "OPENCPPCOVERAGE_VERSION=\"0.9.9.0\"" /D _CRT_SECURE_NO_WARNINGS /D "PROJECT_DIR=R\"|(D:\a\OpenCppCoverage-ARM64\OpenCppCoverage-ARM64\Exporter\)|\"" /D "SOLUTION_DIR=R\"|(D:\a\OpenCppCoverage-ARM64\OpenCppCoverage-ARM64\)|\"" /D "TARGET_FILE_NAME=R\"|(Exporter.dll)|\"" /D "OUT_DIR=R\"|(D:\a\OpenCppCoverage-ARM64\OpenCppCoverage-ARM64\x64\Release\)|\"" /D NOMINMAX /D _WINDLL /D _UNICODE /D UNICODE /Gm- /EHsc /MD /GS /Gy /fp:precise /Zc:wchar_t /Zc:forScope /Zc:inline /std:c++17 /permissive- /Yu"stdafx.h" /Fp"x64\Release\Exporter.pch" /Fo"x64\Release\\" /Fd"x64\Release\vc143.pdb" /external:W0 /Gd /TP /wd4251 /FC /errorReport:queue /external:I"D:\a\OpenCppCoverage-ARM64\OpenCppCoverage-ARM64\vcpkg_installed\x64-windows\include" Binary\BinaryExporter.cpp CoberturaExporter.cpp Binary\CoverageDataSerializer.cpp Binary\CoverageDataDeserializer.cpp Html\HtmlExporter.cpp Html\HtmlFile.cpp Html\HtmlFileCoverageExporter.cpp Html\HtmlFolderStructure.cpp Html\TemplateHtmlExporter.cpp InvalidOutputFileException.cpp Plugin\ExporterPluginManager.cpp
2026-08-20T10:19:02.4513174Z          BinaryExporter.cpp
2026-08-20T10:19:03.0903457Z          CoberturaExporter.cpp
2026-08-20T10:19:03.3883180Z     19>ClCompile:
2026-08-20T10:19:03.3894726Z          C:\Program Files\Microsoft Visual Studio\2022\Enterprise\VC\Tools\MSVC\14.44.35207\bin\HostX64\x64\CL.exe /c /I"D:\a\OpenCppCoverage-ARM64\OpenCppCoverage-ARM64\\" /I"D:\a\OpenCppCoverage-ARM64\OpenCppCoverage-ARM64\CppCoverageTest\\" /I"D:\a\OpenCppCoverage-ARM64\OpenCppCoverage-ARM64\vcpkg_installed\x64-windows\include" /Zi /nologo /W3 /WX /diagnostics:column /sdl /O2 /Oi /GL /D WIN32 /D NDEBUG /D _CONSOLE /D _LIB /D GTEST_LINKED_AS_SHARED_LIBRARY=1 /D _SILENCE_TR1_NAMESPACE_DEPRECATION_WARNING /D BOOST_CONFIG_SUPPRESS_OUTDATED_MESSAGE /D "OPENCPPCOVERAGE_VERSION=\"0.9.9.0\"" /D _CRT_SECURE_NO_WARNINGS /D "PROJECT_DIR=R\"|(D:\a\OpenCppCoverage-ARM64\OpenCppCoverage-ARM64\CppCoverageTest\)|\"" /D "SOLUTION_DIR=R\"|(D:\a\OpenCppCoverage-ARM64\OpenCppCoverage-ARM64\)|\"" /D "TARGET_FILE_NAME=R\"|(CppCoverageTest.exe)|\"" /D "OUT_DIR=R\"|(D:\a\OpenCppCoverage-ARM64\OpenCppCoverage-ARM64\x64\Release\)|\"" /D NOMINMAX /D _UNICODE /D UNICODE /D "SOLUTION_DIR=D:\a\OpenCppCoverage-ARM64\OpenCppCoverage-ARM64\\" /D "SOLUTION_DIR=\"D:\a\OpenCppCoverage-ARM64\OpenCppCoverage-ARM64\\\"" /D "SOLUTION_DIR=#\"D:\a\OpenCppCoverage-ARM64\OpenCppCoverage-ARM64\\\"" /Gm- /EHsc /MD /GS /Gy /fp:precise /Zc:wchar_t /Zc:forScope /Zc:inline /std:c++17 /permissive- /Yu"stdafx.h" /Fp"x64\Release\CppCoverageTest.pch" /Fo"x64\Release\\" /Fd"x64\Release\vc143.pdb" /external:W3 /Gd /TP /wd4251 /wd4275 /FC /errorReport:queue BreakPointTest.cpp CodeCoverageRunnerTest.cpp CoverageDataMergerRandomTest.cpp CoverageDataMergerTest.cpp CppCliTest.cpp DebugInformationEnumeratorTest.cpp FilterAssistantTest.cpp UnifiedDiffCoverageFilterManagerTest.cpp OptionsParserUnifiedDiffTest.cpp WildcardCoverageFilterTest.cpp CoverageRateComputerTest.cpp CoverageRateTest.cpp CppCoverageExceptionTest.cpp CppCoverageTest.cpp DebuggerTest.cpp ExceptionHandlerTest.cpp ExecutedAddressManagerTest.cpp HandleInformationTest.cpp OptionsParserConfigTest.cpp OptionsParserExportTest.cpp OptionsParserPatternTest.cpp OptionsParserTest.cpp ProcessTest.cpp StartInfoTest.cpp TestTools.cpp WildcardsTest.cpp
2026-08-20T10:19:03.4220685Z          BreakPointTest.cpp
2026-08-20T10:19:04.0453482Z          CodeCoverageRunnerTest.cpp
2026-08-20T10:19:04.4412925Z     10>ClCompile:
2026-08-20T10:19:04.4413517Z          CoverageDataSerializer.cpp
2026-08-20T10:19:05.7082305Z     19>ClCompile:
2026-08-20T10:19:05.7082806Z          CoverageDataMergerRandomTest.cpp
2026-08-20T10:19:06.1361222Z          CoverageDataMergerTest.cpp
2026-08-20T10:19:06.5295525Z          CppCliTest.cpp
2026-08-20T10:19:06.5378074Z     10>ClCompile:
2026-08-20T10:19:06.5378846Z          CoverageDataDeserializer.cpp
2026-08-20T10:19:07.2140077Z     19>ClCompile:
2026-08-20T10:19:07.2140656Z          DebugInformationEnumeratorTest.cpp
2026-08-20T10:19:07.5780968Z          FilterAssistantTest.cpp
2026-08-20T10:19:08.1539376Z          UnifiedDiffCoverageFilterManagerTest.cpp
2026-08-20T10:19:08.7498202Z     10>ClCompile:
2026-08-20T10:19:08.7498773Z          HtmlExporter.cpp
2026-08-20T10:19:08.8871264Z     19>ClCompile:
2026-08-20T10:19:08.8871756Z          OptionsParserUnifiedDiffTest.cpp
2026-08-20T10:19:09.7777158Z          WildcardCoverageFilterTest.cpp
2026-08-20T10:19:09.8494340Z          CoverageRateComputerTest.cpp
2026-08-20T10:19:10.1632947Z          CoverageRateTest.cpp
2026-08-20T10:19:10.1976525Z          CppCoverageExceptionTest.cpp
2026-08-20T10:19:10.2054468Z     10>ClCompile:
2026-08-20T10:19:10.2054909Z          HtmlFile.cpp
2026-08-20T10:19:10.2318284Z     19>ClCompile:
2026-08-20T10:19:10.2318740Z          CppCoverageTest.cpp
2026-08-20T10:19:10.7521257Z     10>ClCompile:
2026-08-20T10:19:10.7521785Z          HtmlFileCoverageExporter.cpp
2026-08-20T10:19:10.9742708Z     19>ClCompile:
2026-08-20T10:19:10.9743162Z          DebuggerTest.cpp
2026-08-20T10:19:11.8970043Z     10>ClCompile:
2026-08-20T10:19:11.8970695Z          HtmlFolderStructure.cpp
2026-08-20T10:19:12.0880380Z     19>ClCompile:
2026-08-20T10:19:12.0880904Z          ExceptionHandlerTest.cpp
2026-08-20T10:19:12.7543846Z          ExecutedAddressManagerTest.cpp
2026-08-20T10:19:12.9689858Z     10>ClCompile:
2026-08-20T10:19:12.9690420Z          TemplateHtmlExporter.cpp
2026-08-20T10:19:13.3948378Z     19>ClCompile:
2026-08-20T10:19:13.3949579Z          HandleInformationTest.cpp
2026-08-20T10:19:14.0194295Z          OptionsParserConfigTest.cpp
2026-08-20T10:19:14.2964459Z     10>ClCompile:
2026-08-20T10:19:14.2964929Z          InvalidOutputFileException.cpp
2026-08-20T10:19:14.8317506Z          ExporterPluginManager.cpp
2026-08-20T10:19:14.8827690Z     19>ClCompile:
2026-08-20T10:19:14.8828259Z          OptionsParserExportTest.cpp
2026-08-20T10:19:15.7311102Z          Compiling...
2026-08-20T10:19:15.7312213Z          OptionsParserPatternTest.cpp
2026-08-20T10:19:15.7580210Z     10>ClCompile:
2026-08-20T10:19:15.7586977Z          C:\Program Files\Microsoft Visual Studio\2022\Enterprise\VC\Tools\MSVC\14.44.35207\bin\HostX64\x64\CL.exe /c /I"D:\a\OpenCppCoverage-ARM64\OpenCppCoverage-ARM64\\" /I"D:\a\OpenCppCoverage-ARM64\OpenCppCoverage-ARM64\Exporter\\" /I"D:\a\OpenCppCoverage-ARM64\OpenCppCoverage-ARM64\vcpkg_installed\x64-windows\include" /Zi /nologo /W0 /WX /diagnostics:column /sdl /O2 /Oi /GL /D EXPORTER_EXPORTS /D _SILENCE_CXX17_ITERATOR_BASE_CLASS_DEPRECATION_WARNING /D BOOST_CONFIG_SUPPRESS_OUTDATED_MESSAGE /D "OPENCPPCOVERAGE_VERSION=\"0.9.9.0\"" /D _CRT_SECURE_NO_WARNINGS /D "PROJECT_DIR=R\"|(D:\a\OpenCppCoverage-ARM64\OpenCppCoverage-ARM64\Exporter\)|\"" /D "SOLUTION_DIR=R\"|(D:\a\OpenCppCoverage-ARM64\OpenCppCoverage-ARM64\)|\"" /D "TARGET_FILE_NAME=R\"|(Exporter.dll)|\"" /D "OUT_DIR=R\"|(D:\a\OpenCppCoverage-ARM64\OpenCppCoverage-ARM64\x64\Release\)|\"" /D NOMINMAX /D _WINDLL /D _UNICODE /D UNICODE /Gm- /EHsc /MD /GS /Gy /fp:precise /Zc:wchar_t /Zc:forScope /Zc:inline /std:c++17 /permissive- /Fo"x64\Release\\" /Fd"x64\Release\vc143.pdb" /external:W0 /Gd /TP /wd4146 /wd4251 /FC /errorReport:queue /external:I"D:\a\OpenCppCoverage-ARM64\OpenCppCoverage-ARM64\vcpkg_installed\x64-windows\include" Binary\CoverageData.pb.cc
2026-08-20T10:19:15.7944568Z          CoverageData.pb.cc
2026-08-20T10:19:16.6201718Z     19>ClCompile:
2026-08-20T10:19:16.6202259Z          OptionsParserTest.cpp
2026-08-20T10:19:17.6463182Z          ProcessTest.cpp
2026-08-20T10:19:18.3078640Z     10>Link:
2026-08-20T10:19:18.3084311Z          C:\Program Files\Microsoft Visual Studio\2022\Enterprise\VC\Tools\MSVC\14.44.35207\bin\HostX64\x64\link.exe /ERRORREPORT:QUEUE /OUT:"D:\a\OpenCppCoverage-ARM64\OpenCppCoverage-ARM64\x64\Release\Exporter.dll" /NOLOGO /LIBPATH:"D:\a\OpenCppCoverage-ARM64\OpenCppCoverage-ARM64\vcpkg_installed\x64-windows\lib" /LIBPATH:"D:\a\OpenCppCoverage-ARM64\OpenCppCoverage-ARM64\vcpkg_installed\x64-windows\lib\manual-link" bcrypt.lib kernel32.lib user32.lib gdi32.lib winspool.lib comdlg32.lib advapi32.lib shell32.lib ole32.lib oleaut32.lib uuid.lib odbc32.lib odbccp32.lib "D:\a\OpenCppCoverage-ARM64\OpenCppCoverage-ARM64\vcpkg_installed\x64-windows\lib\*.lib" /MANIFEST /MANIFESTUAC:"level='asInvoker' uiAccess='false'" /manifest:embed /DEBUG /PDB:"D:\a\OpenCppCoverage-ARM64\OpenCppCoverage-ARM64\x64\Release\Exporter.pdb" /OPT:REF /OPT:ICF /LTCG:incremental /LTCGOUT:"x64\Release\Exporter.iobj" /TLBID:1 /DYNAMICBASE /NXCOMPAT /IMPLIB:"D:\a\OpenCppCoverage-ARM64\OpenCppCoverage-ARM64\x64\Release\Exporter.lib" /MACHINE:X64 /DLL x64\Release\BinaryExporter.obj
2026-08-20T10:19:18.3091090Z          x64\Release\CoverageData.pb.obj
2026-08-20T10:19:18.3091643Z          x64\Release\CoberturaExporter.obj
2026-08-20T10:19:18.3092199Z          x64\Release\CoverageDataSerializer.obj
2026-08-20T10:19:18.3092835Z          x64\Release\CoverageDataDeserializer.obj
2026-08-20T10:19:18.3093409Z          x64\Release\HtmlExporter.obj
2026-08-20T10:19:18.3093909Z          x64\Release\HtmlFile.obj
2026-08-20T10:19:18.3094414Z          x64\Release\HtmlFileCoverageExporter.obj
2026-08-20T10:19:18.3094988Z          x64\Release\HtmlFolderStructure.obj
2026-08-20T10:19:18.3095575Z          x64\Release\TemplateHtmlExporter.obj
2026-08-20T10:19:18.3096096Z          x64\Release\InvalidOutputFileException.obj
2026-08-20T10:19:18.3096666Z          x64\Release\ExporterPluginManager.obj
2026-08-20T10:19:18.3097172Z          x64\Release\stdafx.obj
2026-08-20T10:19:18.3097796Z          "D:\a\OpenCppCoverage-ARM64\OpenCppCoverage-ARM64\x64\Release\CppCoverage.lib"
2026-08-20T10:19:18.3098692Z          "D:\a\OpenCppCoverage-ARM64\OpenCppCoverage-ARM64\x64\Release\Plugin.lib"
2026-08-20T10:19:18.3099541Z          "D:\a\OpenCppCoverage-ARM64\OpenCppCoverage-ARM64\x64\Release\Tools.lib"
2026-08-20T10:19:18.5943002Z             Creating library D:\a\OpenCppCoverage-ARM64\OpenCppCoverage-ARM64\x64\Release\Exporter.lib and object D:\a\OpenCppCoverage-ARM64\OpenCppCoverage-ARM64\x64\Release\Exporter.exp
2026-08-20T10:19:18.6042799Z          Generating code
2026-08-20T10:19:18.6239655Z          Previous IPDB not found, fall back to full compilation.
2026-08-20T10:19:18.7106583Z     19>ClCompile:
2026-08-20T10:19:18.7107034Z          StartInfoTest.cpp
2026-08-20T10:19:19.2562118Z          TestTools.cpp
2026-08-20T10:19:20.8042828Z          WildcardsTest.cpp
2026-08-20T10:19:26.6268755Z        Link:
2026-08-20T10:19:26.6278388Z          C:\Program Files\Microsoft Visual Studio\2022\Enterprise\VC\Tools\MSVC\14.44.35207\bin\HostX64\x64\link.exe /ERRORREPORT:QUEUE /OUT:"D:\a\OpenCppCoverage-ARM64\OpenCppCoverage-ARM64\x64\Release\CppCoverageTest.exe" /INCREMENTAL:NO /NOLOGO /LIBPATH:"D:\a\OpenCppCoverage-ARM64\OpenCppCoverage-ARM64\vcpkg_installed\x64-windows\lib" /LIBPATH:"D:\a\OpenCppCoverage-ARM64\OpenCppCoverage-ARM64\vcpkg_installed\x64-windows\lib\manual-link" gmock.lib gtest.lib bcrypt.lib kernel32.lib user32.lib gdi32.lib winspool.lib comdlg32.lib advapi32.lib shell32.lib ole32.lib oleaut32.lib uuid.lib odbc32.lib odbccp32.lib "D:\a\OpenCppCoverage-ARM64\OpenCppCoverage-ARM64\vcpkg_installed\x64-windows\lib\*.lib" /MANIFEST /MANIFESTUAC:"level='asInvoker' uiAccess='false'" /manifest:embed /DEBUG /PDB:"D:\a\OpenCppCoverage-ARM64\OpenCppCoverage-ARM64\x64\Release\CppCoverageTest.pdb" /SUBSYSTEM:CONSOLE /OPT:REF /OPT:ICF /LTCG:incremental /LTCGOUT:"x64\Release\CppCoverageTest.iobj" /TLBID:1 /DYNAMICBASE /NXCOMPAT /IMPLIB:"D:\a\OpenCppCoverage-ARM64\OpenCppCoverage-ARM64\x64\Release\CppCoverageTest.lib" /MACHINE:X64 x64\Release\BreakPointTest.obj
2026-08-20T10:19:26.6285107Z          x64\Release\CodeCoverageRunnerTest.obj
2026-08-20T10:19:26.6285716Z          x64\Release\CoverageDataMergerRandomTest.obj
2026-08-20T10:19:26.6286350Z          x64\Release\CoverageDataMergerTest.obj
2026-08-20T10:19:26.6286875Z          x64\Release\CppCliTest.obj
2026-08-20T10:19:26.6287417Z          x64\Release\DebugInformationEnumeratorTest.obj
2026-08-20T10:19:26.6287990Z          x64\Release\FilterAssistantTest.obj
2026-08-20T10:19:26.6288646Z          x64\Release\UnifiedDiffCoverageFilterManagerTest.obj
2026-08-20T10:19:26.6289540Z          x64\Release\OptionsParserUnifiedDiffTest.obj
2026-08-20T10:19:26.6290133Z          x64\Release\WildcardCoverageFilterTest.obj
2026-08-20T10:19:26.6290690Z          x64\Release\CoverageRateComputerTest.obj
2026-08-20T10:19:26.6291255Z          x64\Release\CoverageRateTest.obj
2026-08-20T10:19:26.6291782Z          x64\Release\CppCoverageExceptionTest.obj
2026-08-20T10:19:26.6292304Z          x64\Release\CppCoverageTest.obj
2026-08-20T10:19:26.6292787Z          x64\Release\DebuggerTest.obj
2026-08-20T10:19:26.6293303Z          x64\Release\ExceptionHandlerTest.obj
2026-08-20T10:19:26.6293846Z          x64\Release\ExecutedAddressManagerTest.obj
2026-08-20T10:19:26.6294404Z          x64\Release\HandleInformationTest.obj
2026-08-20T10:19:26.6294944Z          x64\Release\OptionsParserConfigTest.obj
2026-08-20T10:19:26.6295504Z          x64\Release\OptionsParserExportTest.obj
2026-08-20T10:19:26.6296071Z          x64\Release\OptionsParserPatternTest.obj
2026-08-20T10:19:26.6296629Z          x64\Release\OptionsParserTest.obj
2026-08-20T10:19:26.6297127Z          x64\Release\ProcessTest.obj
2026-08-20T10:19:26.6297616Z          x64\Release\StartInfoTest.obj
2026-08-20T10:19:26.6298127Z          x64\Release\stdafx.obj
2026-08-20T10:19:26.6298562Z          x64\Release\TestTools.obj
2026-08-20T10:19:26.6299031Z          x64\Release\WildcardsTest.obj
2026-08-20T10:19:26.6299716Z          "D:\a\OpenCppCoverage-ARM64\OpenCppCoverage-ARM64\x64\Release\CppCoverage.lib"
2026-08-20T10:19:26.6300706Z          "D:\a\OpenCppCoverage-ARM64\OpenCppCoverage-ARM64\x64\Release\FileFilter.lib"
2026-08-20T10:19:26.6301598Z          "D:\a\OpenCppCoverage-ARM64\OpenCppCoverage-ARM64\x64\Release\Plugin.lib"
2026-08-20T10:19:26.6302588Z          "D:\a\OpenCppCoverage-ARM64\OpenCppCoverage-ARM64\x64\Release\TestCoverageOptimizedBuild.lib"
2026-08-20T10:19:26.6303722Z          "D:\a\OpenCppCoverage-ARM64\OpenCppCoverage-ARM64\x64\Release\TestCoverageSharedLib.lib"
2026-08-20T10:19:26.6304715Z          "D:\a\OpenCppCoverage-ARM64\OpenCppCoverage-ARM64\x64\Release\TestHelper.lib"
2026-08-20T10:19:26.6305609Z          "D:\a\OpenCppCoverage-ARM64\OpenCppCoverage-ARM64\x64\Release\Tools.lib"
2026-08-20T10:19:26.6306266Z          Generating code
2026-08-20T10:19:26.6306840Z          Previous IPDB not found, fall back to full compilation.
2026-08-20T10:19:26.9501189Z     10>Link:
2026-08-20T10:19:26.9502075Z          All 3363 functions were compiled because no usable IPDB/IOBJ from previous compilation was found.
2026-08-20T10:19:26.9784674Z          Finished generating code
2026-08-20T10:19:27.3045003Z          Exporter.vcxproj -> D:\a\OpenCppCoverage-ARM64\OpenCppCoverage-ARM64\x64\Release\Exporter.dll
2026-08-20T10:19:27.3064384Z        AppLocalFromInstalled:
2026-08-20T10:19:27.3067630Z          "C:\Users\runneradmin\AppData\Local\OpenCppCoverage\vcpkg\vcpkg.exe" z-applocal --target-binary="D:\a\OpenCppCoverage-ARM64\OpenCppCoverage-ARM64\x64\Release\Exporter.dll" --installed-bin-dir="D:\a\OpenCppCoverage-ARM64\OpenCppCoverage-ARM64\vcpkg_installed\x64-windows\bin" --tlog-file="x64\Release\Exporter.tlog\Exporter.write.1u.tlog" --copied-files-log="x64\Release\vcpkg.applocal.log"
2026-08-20T10:19:27.3503264Z          D:\a\OpenCppCoverage-ARM64\OpenCppCoverage-ARM64\vcpkg_installed\x64-windows\bin\abseil_dll.dll -> D:\a\OpenCppCoverage-ARM64\OpenCppCoverage-ARM64\x64\Release\abseil_dll.dll done
2026-08-20T10:19:27.3512426Z          D:\a\OpenCppCoverage-ARM64\OpenCppCoverage-ARM64\vcpkg_installed\x64-windows\bin\libctemplate.dll -> D:\a\OpenCppCoverage-ARM64\OpenCppCoverage-ARM64\x64\Release\libctemplate.dll done
2026-08-20T10:19:27.3523924Z          D:\a\OpenCppCoverage-ARM64\OpenCppCoverage-ARM64\vcpkg_installed\x64-windows\bin\libprotobuf-lite.dll -> D:\a\OpenCppCoverage-ARM64\OpenCppCoverage-ARM64\x64\Release\libprotobuf-lite.dll done
2026-08-20T10:19:27.3574975Z          D:\a\OpenCppCoverage-ARM64\OpenCppCoverage-ARM64\vcpkg_installed\x64-windows\bin\libprotobuf.dll -> D:\a\OpenCppCoverage-ARM64\OpenCppCoverage-ARM64\x64\Release\libprotobuf.dll done
2026-08-20T10:19:27.3663335Z          D:\a\OpenCppCoverage-ARM64\OpenCppCoverage-ARM64\vcpkg_installed\x64-windows\bin\abseil_dll.dll
2026-08-20T10:19:27.3664606Z          D:\a\OpenCppCoverage-ARM64\OpenCppCoverage-ARM64\vcpkg_installed\x64-windows\bin\libctemplate.dll
2026-08-20T10:19:27.3665655Z          D:\a\OpenCppCoverage-ARM64\OpenCppCoverage-ARM64\vcpkg_installed\x64-windows\bin\libprotobuf-lite.dll
2026-08-20T10:19:27.3666712Z          D:\a\OpenCppCoverage-ARM64\OpenCppCoverage-ARM64\vcpkg_installed\x64-windows\bin\libprotobuf.dll
2026-08-20T10:19:27.3667836Z          D:\a\OpenCppCoverage-ARM64\OpenCppCoverage-ARM64\vcpkg_installed\x64-windows\bin\boost_log-vc143-mt-x64-1_91.dll
2026-08-20T10:19:27.3669004Z          D:\a\OpenCppCoverage-ARM64\OpenCppCoverage-ARM64\vcpkg_installed\x64-windows\bin\boost_filesystem-vc143-mt-x64-1_91.dll
2026-08-20T10:19:27.3670279Z          D:\a\OpenCppCoverage-ARM64\OpenCppCoverage-ARM64\vcpkg_installed\x64-windows\bin\boost_thread-vc143-mt-x64-1_91.dll
2026-08-20T10:19:27.3671518Z          D:\a\OpenCppCoverage-ARM64\OpenCppCoverage-ARM64\vcpkg_installed\x64-windows\bin\boost_program_options-vc143-mt-x64-1_91.dll
2026-08-20T10:19:27.3672768Z          D:\a\OpenCppCoverage-ARM64\OpenCppCoverage-ARM64\vcpkg_installed\x64-windows\bin\boost_iostreams-vc143-mt-x64-1_91.dll
2026-08-20T10:19:27.3673828Z          D:\a\OpenCppCoverage-ARM64\OpenCppCoverage-ARM64\vcpkg_installed\x64-windows\bin\z.dll
2026-08-20T10:19:27.3674685Z          D:\a\OpenCppCoverage-ARM64\OpenCppCoverage-ARM64\vcpkg_installed\x64-windows\bin\bz2.dll
2026-08-20T10:19:27.3675607Z          D:\a\OpenCppCoverage-ARM64\OpenCppCoverage-ARM64\vcpkg_installed\x64-windows\bin\liblzma.dll
2026-08-20T10:19:27.3676516Z          D:\a\OpenCppCoverage-ARM64\OpenCppCoverage-ARM64\vcpkg_installed\x64-windows\bin\zstd.dll
2026-08-20T10:19:27.3677605Z          D:\a\OpenCppCoverage-ARM64\OpenCppCoverage-ARM64\vcpkg_installed\x64-windows\bin\boost_locale-vc143-mt-x64-1_91.dll
2026-08-20T10:19:27.3828006Z        PostBuildEvent:
2026-08-20T10:19:27.3830052Z          if not exist "D:\a\OpenCppCoverage-ARM64\OpenCppCoverage-ARM64\x64\Release\Template" mkdir "D:\a\OpenCppCoverage-ARM64\OpenCppCoverage-ARM64\x64\Release\Template" && xcopy /s /y "D:\a\OpenCppCoverage-ARM64\OpenCppCoverage-ARM64\Exporter\Html\Template" "D:\a\OpenCppCoverage-ARM64\OpenCppCoverage-ARM64\x64\Release\Template"
2026-08-20T10:19:27.3831868Z          :VCEnd
2026-08-20T10:19:27.4231994Z          D:\a\OpenCppCoverage-ARM64\OpenCppCoverage-ARM64\Exporter\Html\Template\MainTemplate.html
2026-08-20T10:19:27.4234984Z          D:\a\OpenCppCoverage-ARM64\OpenCppCoverage-ARM64\Exporter\Html\Template\SourceTemplate.html
2026-08-20T10:19:27.4245695Z          D:\a\OpenCppCoverage-ARM64\OpenCppCoverage-ARM64\Exporter\Html\Template\third-party\css\style.css
2026-08-20T10:19:27.4251297Z          D:\a\OpenCppCoverage-ARM64\OpenCppCoverage-ARM64\Exporter\Html\Template\third-party\css\table-images\botleft.png
2026-08-20T10:19:27.4254446Z          D:\a\OpenCppCoverage-ARM64\OpenCppCoverage-ARM64\Exporter\Html\Template\third-party\css\table-images\botright.png
2026-08-20T10:19:27.4259194Z          D:\a\OpenCppCoverage-ARM64\OpenCppCoverage-ARM64\Exporter\Html\Template\third-party\css\table-images\left.png
2026-08-20T10:19:27.4263023Z          D:\a\OpenCppCoverage-ARM64\OpenCppCoverage-ARM64\Exporter\Html\Template\third-party\css\table-images\right.png
2026-08-20T10:19:27.4271727Z          D:\a\OpenCppCoverage-ARM64\OpenCppCoverage-ARM64\Exporter\Html\Template\third-party\google-code-prettify\prettify-CppCoverage.css
2026-08-20T10:19:27.4275215Z          D:\a\OpenCppCoverage-ARM64\OpenCppCoverage-ARM64\Exporter\Html\Template\third-party\google-code-prettify\prettify.js
2026-08-20T10:19:27.4279185Z          D:\a\OpenCppCoverage-ARM64\OpenCppCoverage-ARM64\Exporter\Html\Template\third-party\google-code-prettify\run_prettify.js
2026-08-20T10:19:27.4285390Z          D:\a\OpenCppCoverage-ARM64\OpenCppCoverage-ARM64\Exporter\Html\Template\third-party\JQuery\jquery-3.4.1.min.js
2026-08-20T10:19:27.4293175Z          D:\a\OpenCppCoverage-ARM64\OpenCppCoverage-ARM64\Exporter\Html\Template\third-party\RGraph\license.txt
2026-08-20T10:19:27.4298424Z          D:\a\OpenCppCoverage-ARM64\OpenCppCoverage-ARM64\Exporter\Html\Template\third-party\RGraph\libraries\RGraph.common.core.js
2026-08-20T10:19:27.4302774Z          D:\a\OpenCppCoverage-ARM64\OpenCppCoverage-ARM64\Exporter\Html\Template\third-party\RGraph\libraries\RGraph.common.dynamic.js
2026-08-20T10:19:27.4306821Z          D:\a\OpenCppCoverage-ARM64\OpenCppCoverage-ARM64\Exporter\Html\Template\third-party\RGraph\libraries\RGraph.common.tooltips.js
2026-08-20T10:19:27.4309942Z          D:\a\OpenCppCoverage-ARM64\OpenCppCoverage-ARM64\Exporter\Html\Template\third-party\RGraph\libraries\RGraph.pie.js
2026-08-20T10:19:27.4317730Z          16 File(s) copied
2026-08-20T10:19:27.4409922Z        FinalizeBuildStatus:
2026-08-20T10:19:27.4411443Z          Deleting file "x64\Release\Exporter.tlog\unsuccessfulbuild".
2026-08-20T10:19:27.4413422Z          Touching "x64\Release\Exporter.tlog\Exporter.lastbuildstate".
2026-08-20T10:19:27.4415103Z     10>Done Building Project "D:\a\OpenCppCoverage-ARM64\OpenCppCoverage-ARM64\Exporter\Exporter.vcxproj" (default targets).
2026-08-20T10:19:27.4848440Z     19>Link:
2026-08-20T10:19:27.4850407Z          All 7265 functions were compiled because no usable IPDB/IOBJ from previous compilation was found.
2026-08-20T10:19:27.5220950Z      3>Project "D:\a\OpenCppCoverage-ARM64\OpenCppCoverage-ARM64\ExporterTest\ExporterTest.vcxproj.metaproj" (3) is building "D:\a\OpenCppCoverage-ARM64\OpenCppCoverage-ARM64\ExporterTest\ExporterTest.vcxproj" (20) on node 3 (default targets).
2026-08-20T10:19:27.5223275Z     20>PrepareForBuild:
2026-08-20T10:19:27.5224089Z          Creating directory "x64\Release\".
2026-08-20T10:19:27.5254621Z          Structured output is enabled. The formatting of compiler diagnostics will reflect the error hierarchy. See https://aka.ms/cpp/structured-output for more details.
2026-08-20T10:19:27.5258315Z          Creating directory "x64\Release\ExporterTest.tlog\".
2026-08-20T10:19:27.5322260Z        InitializeBuildStatus:
2026-08-20T10:19:27.5323087Z          Creating "x64\Release\ExporterTest.tlog\unsuccessfulbuild" because "AlwaysCreate" was specified.
2026-08-20T10:19:27.5324565Z          Touching "x64\Release\ExporterTest.tlog\unsuccessfulbuild".
2026-08-20T10:19:27.5620608Z     19>Link:
2026-08-20T10:19:27.5636754Z          Finished generating code
2026-08-20T10:19:27.5654845Z     20>VcpkgTripletSelection:
2026-08-20T10:19:27.5656004Z          Using triplet "x64-windows" from "D:\a\OpenCppCoverage-ARM64\OpenCppCoverage-ARM64\vcpkg_installed\x64-windows\"
2026-08-20T10:19:27.5657220Z          Using normalized configuration "Release"
2026-08-20T10:19:27.5665241Z        VcpkgBootstrap:
2026-08-20T10:19:27.5669659Z        Skipping target "VcpkgBootstrap" because all output files are up-to-date with respect to the input files.
2026-08-20T10:19:27.5671396Z        VcpkgInstallManifestDependencies:
2026-08-20T10:19:27.5673556Z        Skipping target "VcpkgInstallManifestDependencies" because all output files are up-to-date with respect to the input files.
2026-08-20T10:19:27.5815275Z        ClCompile:
2026-08-20T10:19:27.5844931Z          C:\Program Files\Microsoft Visual Studio\2022\Enterprise\VC\Tools\MSVC\14.44.35207\bin\HostX64\x64\CL.exe /c /I"D:\a\OpenCppCoverage-ARM64\OpenCppCoverage-ARM64\\" /I"D:\a\OpenCppCoverage-ARM64\OpenCppCoverage-ARM64\ExporterTest\\" /I"D:\a\OpenCppCoverage-ARM64\OpenCppCoverage-ARM64\vcpkg_installed\x64-windows\include" /Zi /nologo /W3 /WX /diagnostics:column /sdl /O2 /Oi /GL /D WIN32 /D NDEBUG /D _CONSOLE /D _LIB /D GTEST_LINKED_AS_SHARED_LIBRARY=1 /D _SILENCE_TR1_NAMESPACE_DEPRECATION_WARNING /D BOOST_CONFIG_SUPPRESS_OUTDATED_MESSAGE /D "OPENCPPCOVERAGE_VERSION=\"0.9.9.0\"" /D _CRT_SECURE_NO_WARNINGS /D "PROJECT_DIR=R\"|(D:\a\OpenCppCoverage-ARM64\OpenCppCoverage-ARM64\ExporterTest\)|\"" /D "SOLUTION_DIR=R\"|(D:\a\OpenCppCoverage-ARM64\OpenCppCoverage-ARM64\)|\"" /D "TARGET_FILE_NAME=R\"|(ExporterTest.exe)|\"" /D "OUT_DIR=R\"|(D:\a\OpenCppCoverage-ARM64\OpenCppCoverage-ARM64\x64\Release\)|\"" /D NOMINMAX /D _UNICODE /D UNICODE /Gm- /EHsc /MD /GS /Gy /fp:precise /Zc:wchar_t /Zc:forScope /Zc:inline /std:c++17 /permissive- /Yc"stdafx.h" /Fp"x64\Release\ExporterTest.pch" /Fo"x64\Release\\" /Fd"x64\Release\vc143.pdb" /external:W3 /Gd /TP /wd4251 /wd4275 /FC /errorReport:queue stdafx.cpp
2026-08-20T10:19:27.6148202Z          stdafx.cpp
2026-08-20T10:19:28.0914758Z     19>Link:
2026-08-20T10:19:28.0915660Z          CppCoverageTest.vcxproj -> D:\a\OpenCppCoverage-ARM64\OpenCppCoverage-ARM64\x64\Release\CppCoverageTest.exe
2026-08-20T10:19:28.0964514Z        AppLocalFromInstalled:
2026-08-20T10:19:28.0966785Z          "C:\Users\runneradmin\AppData\Local\OpenCppCoverage\vcpkg\vcpkg.exe" z-applocal --target-binary="D:\a\OpenCppCoverage-ARM64\OpenCppCoverage-ARM64\x64\Release\CppCoverageTest.exe" --installed-bin-dir="D:\a\OpenCppCoverage-ARM64\OpenCppCoverage-ARM64\vcpkg_installed\x64-windows\bin" --tlog-file="x64\Release\CppCoverageTest.tlog\CppCoverageTest.write.1u.tlog" --copied-files-log="x64\Release\vcpkg.applocal.log"
2026-08-20T10:19:28.1474789Z          D:\a\OpenCppCoverage-ARM64\OpenCppCoverage-ARM64\vcpkg_installed\x64-windows\bin\gmock.dll
2026-08-20T10:19:28.1479640Z          D:\a\OpenCppCoverage-ARM64\OpenCppCoverage-ARM64\vcpkg_installed\x64-windows\bin\boost_log-vc143-mt-x64-1_91.dll
2026-08-20T10:19:28.1485739Z          D:\a\OpenCppCoverage-ARM64\OpenCppCoverage-ARM64\vcpkg_installed\x64-windows\bin\boost_filesystem-vc143-mt-x64-1_91.dll
2026-08-20T10:19:28.1489221Z          D:\a\OpenCppCoverage-ARM64\OpenCppCoverage-ARM64\vcpkg_installed\x64-windows\bin\boost_thread-vc143-mt-x64-1_91.dll
2026-08-20T10:19:28.1494585Z          D:\a\OpenCppCoverage-ARM64\OpenCppCoverage-ARM64\vcpkg_installed\x64-windows\bin\boost_program_options-vc143-mt-x64-1_91.dll
2026-08-20T10:19:28.1497690Z          D:\a\OpenCppCoverage-ARM64\OpenCppCoverage-ARM64\vcpkg_installed\x64-windows\bin\boost_iostreams-vc143-mt-x64-1_91.dll
2026-08-20T10:19:28.1500252Z          D:\a\OpenCppCoverage-ARM64\OpenCppCoverage-ARM64\vcpkg_installed\x64-windows\bin\z.dll
2026-08-20T10:19:28.1504040Z          D:\a\OpenCppCoverage-ARM64\OpenCppCoverage-ARM64\vcpkg_installed\x64-windows\bin\bz2.dll
2026-08-20T10:19:28.1506185Z          D:\a\OpenCppCoverage-ARM64\OpenCppCoverage-ARM64\vcpkg_installed\x64-windows\bin\liblzma.dll
2026-08-20T10:19:28.1509887Z          D:\a\OpenCppCoverage-ARM64\OpenCppCoverage-ARM64\vcpkg_installed\x64-windows\bin\zstd.dll
2026-08-20T10:19:28.1515563Z          D:\a\OpenCppCoverage-ARM64\OpenCppCoverage-ARM64\vcpkg_installed\x64-windows\bin\boost_locale-vc143-mt-x64-1_91.dll
2026-08-20T10:19:28.1517893Z          D:\a\OpenCppCoverage-ARM64\OpenCppCoverage-ARM64\vcpkg_installed\x64-windows\bin\PocoFoundation.dll
2026-08-20T10:19:28.1523111Z          D:\a\OpenCppCoverage-ARM64\OpenCppCoverage-ARM64\vcpkg_installed\x64-windows\bin\pcre2-8.dll
2026-08-20T10:19:28.1526620Z          D:\a\OpenCppCoverage-ARM64\OpenCppCoverage-ARM64\vcpkg_installed\x64-windows\bin\utf8proc.dll
2026-08-20T10:19:28.2077848Z      6>PrepareForBuild:
2026-08-20T10:19:28.2079312Z          Creating directory "x64\Release\".
2026-08-20T10:19:28.2114090Z          Structured output is enabled. The formatting of compiler diagnostics will reflect the error hierarchy. See https://aka.ms/cpp/structured-output for more details.
2026-08-20T10:19:28.2117404Z          Creating directory "x64\Release\OpenCppCoverage.tlog\".
2026-08-20T10:19:28.2183337Z        InitializeBuildStatus:
2026-08-20T10:19:28.2184260Z          Creating "x64\Release\OpenCppCoverage.tlog\unsuccessfulbuild" because "AlwaysCreate" was specified.
2026-08-20T10:19:28.2185877Z          Touching "x64\Release\OpenCppCoverage.tlog\unsuccessfulbuild".
2026-08-20T10:19:28.2488125Z        VcpkgTripletSelection:
2026-08-20T10:19:28.2491381Z          Using triplet "x64-windows" from "D:\a\OpenCppCoverage-ARM64\OpenCppCoverage-ARM64\vcpkg_installed\x64-windows\"
2026-08-20T10:19:28.2493746Z          Using normalized configuration "Release"
2026-08-20T10:19:28.2508310Z        VcpkgBootstrap:
2026-08-20T10:19:28.2509695Z        Skipping target "VcpkgBootstrap" because all output files are up-to-date with respect to the input files.
2026-08-20T10:19:28.2520428Z        VcpkgInstallManifestDependencies:
2026-08-20T10:19:28.2521521Z        Skipping target "VcpkgInstallManifestDependencies" because all output files are up-to-date with respect to the input files.
2026-08-20T10:19:28.2563915Z        ClCompile:
2026-08-20T10:19:28.2573854Z          C:\Program Files\Microsoft Visual Studio\2022\Enterprise\VC\Tools\MSVC\14.44.35207\bin\HostX64\x64\CL.exe /c /I"D:\a\OpenCppCoverage-ARM64\OpenCppCoverage-ARM64\\" /I"D:\a\OpenCppCoverage-ARM64\OpenCppCoverage-ARM64\OpenCppCoverage\\" /I"D:\a\OpenCppCoverage-ARM64\OpenCppCoverage-ARM64\vcpkg_installed\x64-windows\include" /Zi /nologo /W3 /WX /diagnostics:column /sdl /O2 /Oi /GL /D WIN32 /D OPEN_CPP_COVERAGE_EXPORTS /D NDEBUG /D _CONSOLE /D _LIB /D BOOST_CONFIG_SUPPRESS_OUTDATED_MESSAGE /D "OPENCPPCOVERAGE_VERSION=\"0.9.9.0\"" /D _CRT_SECURE_NO_WARNINGS /D "PROJECT_DIR=R\"|(D:\a\OpenCppCoverage-ARM64\OpenCppCoverage-ARM64\OpenCppCoverage\)|\"" /D "SOLUTION_DIR=R\"|(D:\a\OpenCppCoverage-ARM64\OpenCppCoverage-ARM64\)|\"" /D "TARGET_FILE_NAME=R\"|(OpenCppCoverage.exe)|\"" /D "OUT_DIR=R\"|(D:\a\OpenCppCoverage-ARM64\OpenCppCoverage-ARM64\x64\Release\)|\"" /D NOMINMAX /D _UNICODE /D UNICODE /Gm- /EHsc /MD /GS /Gy /fp:precise /Zc:wchar_t /Zc:forScope /Zc:inline /std:c++17 /permissive- /Yc"stdafx.h" /Fp"x64\Release\OpenCppCoverage.pch" /Fo"x64\Release\\" /Fd"x64\Release\vc143.pdb" /external:W3 /Gd /TP /FC /errorReport:queue stdafx.cpp
2026-08-20T10:19:28.2847831Z     19>FinalizeBuildStatus:
2026-08-20T10:19:28.2850642Z          Deleting file "x64\Release\CppCoverageTest.tlog\unsuccessfulbuild".
2026-08-20T10:19:28.2852822Z          Touching "x64\Release\CppCoverageTest.tlog\CppCoverageTest.lastbuildstate".
2026-08-20T10:19:28.2861481Z     19>Done Building Project "D:\a\OpenCppCoverage-ARM64\OpenCppCoverage-ARM64\CppCoverageTest\CppCoverageTest.vcxproj" (default targets).
2026-08-20T10:19:28.2875116Z      2>Done Building Project "D:\a\OpenCppCoverage-ARM64\OpenCppCoverage-ARM64\CppCoverageTest\CppCoverageTest.vcxproj.metaproj" (default targets).
2026-08-20T10:19:28.2973845Z      6>ClCompile:
2026-08-20T10:19:28.2974952Z          stdafx.cpp
2026-08-20T10:19:28.4620954Z          C:\Program Files\Microsoft Visual Studio\2022\Enterprise\VC\Tools\MSVC\14.44.35207\bin\HostX64\x64\CL.exe /c /I"D:\a\OpenCppCoverage-ARM64\OpenCppCoverage-ARM64\\" /I"D:\a\OpenCppCoverage-ARM64\OpenCppCoverage-ARM64\OpenCppCoverage\\" /I"D:\a\OpenCppCoverage-ARM64\OpenCppCoverage-ARM64\vcpkg_installed\x64-windows\include" /Zi /nologo /W3 /WX /diagnostics:column /sdl /O2 /Oi /GL /D WIN32 /D OPEN_CPP_COVERAGE_EXPORTS /D NDEBUG /D _CONSOLE /D _LIB /D BOOST_CONFIG_SUPPRESS_OUTDATED_MESSAGE /D "OPENCPPCOVERAGE_VERSION=\"0.9.9.0\"" /D _CRT_SECURE_NO_WARNINGS /D "PROJECT_DIR=R\"|(D:\a\OpenCppCoverage-ARM64\OpenCppCoverage-ARM64\OpenCppCoverage\)|\"" /D "SOLUTION_DIR=R\"|(D:\a\OpenCppCoverage-ARM64\OpenCppCoverage-ARM64\)|\"" /D "TARGET_FILE_NAME=R\"|(OpenCppCoverage.exe)|\"" /D "OUT_DIR=R\"|(D:\a\OpenCppCoverage-ARM64\OpenCppCoverage-ARM64\x64\Release\)|\"" /D NOMINMAX /D _UNICODE /D UNICODE /Gm- /EHsc /MD /GS /Gy /fp:precise /Zc:wchar_t /Zc:forScope /Zc:inline /std:c++17 /permissive- /Yu"stdafx.h" /Fp"x64\Release\OpenCppCoverage.pch" /Fo"x64\Release\\" /Fd"x64\Release\vc143.pdb" /external:W3 /Gd /TP /FC /errorReport:queue main.cpp OpenCppCoverage.cpp
2026-08-20T10:19:28.4993916Z          main.cpp
2026-08-20T10:19:28.9431973Z          OpenCppCoverage.cpp
2026-08-20T10:19:29.2441329Z     20>ClCompile:
2026-08-20T10:19:29.2446160Z          C:\Program Files\Microsoft Visual Studio\2022\Enterprise\VC\Tools\MSVC\14.44.35207\bin\HostX64\x64\CL.exe /c /I"D:\a\OpenCppCoverage-ARM64\OpenCppCoverage-ARM64\\" /I"D:\a\OpenCppCoverage-ARM64\OpenCppCoverage-ARM64\ExporterTest\\" /I"D:\a\OpenCppCoverage-ARM64\OpenCppCoverage-ARM64\vcpkg_installed\x64-windows\include" /Zi /nologo /W3 /WX /diagnostics:column /sdl /O2 /Oi /GL /D WIN32 /D NDEBUG /D _CONSOLE /D _LIB /D GTEST_LINKED_AS_SHARED_LIBRARY=1 /D _SILENCE_TR1_NAMESPACE_DEPRECATION_WARNING /D BOOST_CONFIG_SUPPRESS_OUTDATED_MESSAGE /D "OPENCPPCOVERAGE_VERSION=\"0.9.9.0\"" /D _CRT_SECURE_NO_WARNINGS /D "PROJECT_DIR=R\"|(D:\a\OpenCppCoverage-ARM64\OpenCppCoverage-ARM64\ExporterTest\)|\"" /D "SOLUTION_DIR=R\"|(D:\a\OpenCppCoverage-ARM64\OpenCppCoverage-ARM64\)|\"" /D "TARGET_FILE_NAME=R\"|(ExporterTest.exe)|\"" /D "OUT_DIR=R\"|(D:\a\OpenCppCoverage-ARM64\OpenCppCoverage-ARM64\x64\Release\)|\"" /D NOMINMAX /D _UNICODE /D UNICODE /Gm- /EHsc /MD /GS /Gy /fp:precise /Zc:wchar_t /Zc:forScope /Zc:inline /std:c++17 /permissive- /Yu"stdafx.h" /Fp"x64\Release\ExporterTest.pch" /Fo"x64\Release\\" /Fd"x64\Release\vc143.pdb" /external:W3 /Gd /TP /wd4251 /wd4275 /FC /errorReport:queue BinaryExporterTest.cpp CoberturaExporterTest.cpp CoverageDataSerializerTest.cpp ExporterPluginManagerTest.cpp ExporterTest.cpp HtmlExporterTest.cpp HtmlFileCoverageExporterTest.cpp HtmlFolderStructureTest.cpp TemplateHtmlExporterTest.cpp
2026-08-20T10:19:29.2791670Z          BinaryExporterTest.cpp
2026-08-20T10:19:29.5667544Z          CoberturaExporterTest.cpp
2026-08-20T10:19:30.5936590Z          CoverageDataSerializerTest.cpp
2026-08-20T10:19:30.9810280Z          ExporterPluginManagerTest.cpp
2026-08-20T10:19:31.3160499Z      6>Link:
2026-08-20T10:19:31.3166391Z          C:\Program Files\Microsoft Visual Studio\2022\Enterprise\VC\Tools\MSVC\14.44.35207\bin\HostX64\x64\link.exe /ERRORREPORT:QUEUE /OUT:"D:\a\OpenCppCoverage-ARM64\OpenCppCoverage-ARM64\x64\Release\OpenCppCoverage.exe" /INCREMENTAL:NO /NOLOGO /LIBPATH:"D:\a\OpenCppCoverage-ARM64\OpenCppCoverage-ARM64\vcpkg_installed\x64-windows\lib" /LIBPATH:"D:\a\OpenCppCoverage-ARM64\OpenCppCoverage-ARM64\vcpkg_installed\x64-windows\lib\manual-link" bcrypt.lib kernel32.lib user32.lib gdi32.lib winspool.lib comdlg32.lib advapi32.lib shell32.lib ole32.lib oleaut32.lib uuid.lib odbc32.lib odbccp32.lib "D:\a\OpenCppCoverage-ARM64\OpenCppCoverage-ARM64\vcpkg_installed\x64-windows\lib\*.lib" /MANIFEST /MANIFESTUAC:"level='asInvoker' uiAccess='false'" /manifest:embed /DEBUG /PDB:"D:\a\OpenCppCoverage-ARM64\OpenCppCoverage-ARM64\x64\Release\OpenCppCoverage.pdb" /SUBSYSTEM:CONSOLE /OPT:REF /OPT:ICF /LTCG:incremental /LTCGOUT:"x64\Release\OpenCppCoverage.iobj" /TLBID:1 /DYNAMICBASE /NXCOMPAT /IMPLIB:"D:\a\OpenCppCoverage-ARM64\OpenCppCoverage-ARM64\x64\Release\OpenCppCoverage.lib" /MACHINE:X64 x64\Release\main.obj
2026-08-20T10:19:31.3172376Z          x64\Release\OpenCppCoverage.obj
2026-08-20T10:19:31.3172781Z          x64\Release\stdafx.obj
2026-08-20T10:19:31.3173360Z          "D:\a\OpenCppCoverage-ARM64\OpenCppCoverage-ARM64\x64\Release\CppCoverage.lib"
2026-08-20T10:19:31.3174937Z          "D:\a\OpenCppCoverage-ARM64\OpenCppCoverage-ARM64\x64\Release\Exporter.lib"
2026-08-20T10:19:31.3175777Z          "D:\a\OpenCppCoverage-ARM64\OpenCppCoverage-ARM64\x64\Release\Plugin.lib"
2026-08-20T10:19:31.3176533Z          "D:\a\OpenCppCoverage-ARM64\OpenCppCoverage-ARM64\x64\Release\Tools.lib"
2026-08-20T10:19:31.4395142Z          Generating code
2026-08-20T10:19:31.4469014Z          Previous IPDB not found, fall back to full compilation.
2026-08-20T10:19:32.3113879Z          All 1058 functions were compiled because no usable IPDB/IOBJ from previous compilation was found.
2026-08-20T10:19:32.3182318Z          Finished generating code
2026-08-20T10:19:32.5274685Z          OpenCppCoverage.vcxproj -> D:\a\OpenCppCoverage-ARM64\OpenCppCoverage-ARM64\x64\Release\OpenCppCoverage.exe
2026-08-20T10:19:32.5308371Z        AppLocalFromInstalled:
2026-08-20T10:19:32.5310867Z          "C:\Users\runneradmin\AppData\Local\OpenCppCoverage\vcpkg\vcpkg.exe" z-applocal --target-binary="D:\a\OpenCppCoverage-ARM64\OpenCppCoverage-ARM64\x64\Release\OpenCppCoverage.exe" --installed-bin-dir="D:\a\OpenCppCoverage-ARM64\OpenCppCoverage-ARM64\vcpkg_installed\x64-windows\bin" --tlog-file="x64\Release\OpenCppCoverage.tlog\OpenCppCoverage.write.1u.tlog" --copied-files-log="x64\Release\vcpkg.applocal.log"
2026-08-20T10:19:32.5795756Z          D:\a\OpenCppCoverage-ARM64\OpenCppCoverage-ARM64\vcpkg_installed\x64-windows\bin\boost_log-vc143-mt-x64-1_91.dll
2026-08-20T10:19:32.5799725Z          D:\a\OpenCppCoverage-ARM64\OpenCppCoverage-ARM64\vcpkg_installed\x64-windows\bin\boost_filesystem-vc143-mt-x64-1_91.dll
2026-08-20T10:19:32.5805686Z          D:\a\OpenCppCoverage-ARM64\OpenCppCoverage-ARM64\vcpkg_installed\x64-windows\bin\boost_thread-vc143-mt-x64-1_91.dll
2026-08-20T10:19:32.5811159Z          D:\a\OpenCppCoverage-ARM64\OpenCppCoverage-ARM64\vcpkg_installed\x64-windows\bin\boost_program_options-vc143-mt-x64-1_91.dll
2026-08-20T10:19:32.5816519Z          D:\a\OpenCppCoverage-ARM64\OpenCppCoverage-ARM64\vcpkg_installed\x64-windows\bin\boost_iostreams-vc143-mt-x64-1_91.dll
2026-08-20T10:19:32.5821898Z          D:\a\OpenCppCoverage-ARM64\OpenCppCoverage-ARM64\vcpkg_installed\x64-windows\bin\z.dll
2026-08-20T10:19:32.5826546Z          D:\a\OpenCppCoverage-ARM64\OpenCppCoverage-ARM64\vcpkg_installed\x64-windows\bin\bz2.dll
2026-08-20T10:19:32.5834961Z          D:\a\OpenCppCoverage-ARM64\OpenCppCoverage-ARM64\vcpkg_installed\x64-windows\bin\liblzma.dll
2026-08-20T10:19:32.5839162Z          D:\a\OpenCppCoverage-ARM64\OpenCppCoverage-ARM64\vcpkg_installed\x64-windows\bin\zstd.dll
2026-08-20T10:19:32.5843405Z          D:\a\OpenCppCoverage-ARM64\OpenCppCoverage-ARM64\vcpkg_installed\x64-windows\bin\boost_locale-vc143-mt-x64-1_91.dll
2026-08-20T10:19:32.5846210Z          D:\a\OpenCppCoverage-ARM64\OpenCppCoverage-ARM64\vcpkg_installed\x64-windows\bin\abseil_dll.dll
2026-08-20T10:19:32.5853499Z          D:\a\OpenCppCoverage-ARM64\OpenCppCoverage-ARM64\vcpkg_installed\x64-windows\bin\libctemplate.dll
2026-08-20T10:19:32.5856417Z          D:\a\OpenCppCoverage-ARM64\OpenCppCoverage-ARM64\vcpkg_installed\x64-windows\bin\libprotobuf-lite.dll
2026-08-20T10:19:32.5861407Z          D:\a\OpenCppCoverage-ARM64\OpenCppCoverage-ARM64\vcpkg_installed\x64-windows\bin\libprotobuf.dll
2026-08-20T10:19:32.6195560Z        PostBuildEvent:
2026-08-20T10:19:32.6196597Z          if not exist "D:\a\OpenCppCoverage-ARM64\OpenCppCoverage-ARM64\x64\Release\Plugins\Exporter" mkdir "D:\a\OpenCppCoverage-ARM64\OpenCppCoverage-ARM64\x64\Release\Plugins\Exporter"
2026-08-20T10:19:32.6197518Z          :VCEnd
2026-08-20T10:19:32.6544242Z        FinalizeBuildStatus:
2026-08-20T10:19:32.6544799Z          Deleting file "x64\Release\OpenCppCoverage.tlog\unsuccessfulbuild".
2026-08-20T10:19:32.6548087Z          Touching "x64\Release\OpenCppCoverage.tlog\OpenCppCoverage.lastbuildstate".
2026-08-20T10:19:32.6561651Z      6>Done Building Project "D:\a\OpenCppCoverage-ARM64\OpenCppCoverage-ARM64\OpenCppCoverage\OpenCppCoverage.vcxproj" (default targets).
2026-08-20T10:19:32.6769477Z     20>ClCompile:
2026-08-20T10:19:32.6769861Z          ExporterTest.cpp
2026-08-20T10:19:33.4212052Z          HtmlExporterTest.cpp
2026-08-20T10:19:33.8563498Z          HtmlFileCoverageExporterTest.cpp
2026-08-20T10:19:34.6410690Z          HtmlFolderStructureTest.cpp
2026-08-20T10:19:34.9108457Z          TemplateHtmlExporterTest.cpp
2026-08-20T10:19:35.5635796Z        Link:
2026-08-20T10:19:35.5642064Z          C:\Program Files\Microsoft Visual Studio\2022\Enterprise\VC\Tools\MSVC\14.44.35207\bin\HostX64\x64\link.exe /ERRORREPORT:QUEUE /OUT:"D:\a\OpenCppCoverage-ARM64\OpenCppCoverage-ARM64\x64\Release\ExporterTest.exe" /INCREMENTAL:NO /NOLOGO /LIBPATH:"D:\a\OpenCppCoverage-ARM64\OpenCppCoverage-ARM64\vcpkg_installed\x64-windows\lib" /LIBPATH:"D:\a\OpenCppCoverage-ARM64\OpenCppCoverage-ARM64\vcpkg_installed\x64-windows\lib\manual-link" gmock.lib gtest.lib bcrypt.lib kernel32.lib user32.lib gdi32.lib winspool.lib comdlg32.lib advapi32.lib shell32.lib ole32.lib oleaut32.lib uuid.lib odbc32.lib odbccp32.lib "D:\a\OpenCppCoverage-ARM64\OpenCppCoverage-ARM64\vcpkg_installed\x64-windows\lib\*.lib" /MANIFEST /MANIFESTUAC:"level='asInvoker' uiAccess='false'" /manifest:embed /DEBUG /PDB:"D:\a\OpenCppCoverage-ARM64\OpenCppCoverage-ARM64\x64\Release\ExporterTest.pdb" /SUBSYSTEM:CONSOLE /OPT:REF /OPT:ICF /LTCG:incremental /LTCGOUT:"x64\Release\ExporterTest.iobj" /TLBID:1 /DYNAMICBASE /NXCOMPAT /IMPLIB:"D:\a\OpenCppCoverage-ARM64\OpenCppCoverage-ARM64\x64\Release\ExporterTest.lib" /MACHINE:X64 x64\Release\BinaryExporterTest.obj
2026-08-20T10:19:35.5648517Z          x64\Release\CoberturaExporterTest.obj
2026-08-20T10:19:35.5649010Z          x64\Release\CoverageDataSerializerTest.obj
2026-08-20T10:19:35.5649530Z          x64\Release\ExporterPluginManagerTest.obj
2026-08-20T10:19:35.5650096Z          x64\Release\ExporterTest.obj
2026-08-20T10:19:35.5650555Z          x64\Release\HtmlExporterTest.obj
2026-08-20T10:19:35.5651075Z          x64\Release\HtmlFileCoverageExporterTest.obj
2026-08-20T10:19:35.5651570Z          x64\Release\HtmlFolderStructureTest.obj
2026-08-20T10:19:35.5652068Z          x64\Release\stdafx.obj
2026-08-20T10:19:35.5652512Z          x64\Release\TemplateHtmlExporterTest.obj
2026-08-20T10:19:35.5653136Z          "D:\a\OpenCppCoverage-ARM64\OpenCppCoverage-ARM64\x64\Release\CppCoverage.lib"
2026-08-20T10:19:35.5653897Z          "D:\a\OpenCppCoverage-ARM64\OpenCppCoverage-ARM64\x64\Release\Exporter.lib"
2026-08-20T10:19:35.5654608Z          "D:\a\OpenCppCoverage-ARM64\OpenCppCoverage-ARM64\x64\Release\Plugin.lib"
2026-08-20T10:19:35.5655158Z          "D:\a\OpenCppCoverage-ARM64\OpenCppCoverage-ARM64\x64\Release\TestHelper.lib"
2026-08-20T10:19:35.5655695Z          "D:\a\OpenCppCoverage-ARM64\OpenCppCoverage-ARM64\x64\Release\Tools.lib"
2026-08-20T10:19:35.7436044Z             Creating library D:\a\OpenCppCoverage-ARM64\OpenCppCoverage-ARM64\x64\Release\ExporterTest.lib and object D:\a\OpenCppCoverage-ARM64\OpenCppCoverage-ARM64\x64\Release\ExporterTest.exp
2026-08-20T10:19:35.7536931Z          Generating code
2026-08-20T10:19:35.7736570Z          Previous IPDB not found, fall back to full compilation.
2026-08-20T10:19:39.5679163Z          All 4876 functions were compiled because no usable IPDB/IOBJ from previous compilation was found.
2026-08-20T10:19:39.5991561Z          Finished generating code
2026-08-20T10:19:39.9604510Z          ExporterTest.vcxproj -> D:\a\OpenCppCoverage-ARM64\OpenCppCoverage-ARM64\x64\Release\ExporterTest.exe
2026-08-20T10:19:39.9654053Z        AppLocalFromInstalled:
2026-08-20T10:19:39.9656747Z          "C:\Users\runneradmin\AppData\Local\OpenCppCoverage\vcpkg\vcpkg.exe" z-applocal --target-binary="D:\a\OpenCppCoverage-ARM64\OpenCppCoverage-ARM64\x64\Release\ExporterTest.exe" --installed-bin-dir="D:\a\OpenCppCoverage-ARM64\OpenCppCoverage-ARM64\vcpkg_installed\x64-windows\bin" --tlog-file="x64\Release\ExporterTest.tlog\ExporterTest.write.1u.tlog" --copied-files-log="x64\Release\vcpkg.applocal.log"
2026-08-20T10:19:40.0115504Z          D:\a\OpenCppCoverage-ARM64\OpenCppCoverage-ARM64\vcpkg_installed\x64-windows\bin\gmock.dll
2026-08-20T10:19:40.0117818Z          D:\a\OpenCppCoverage-ARM64\OpenCppCoverage-ARM64\vcpkg_installed\x64-windows\bin\libctemplate.dll
2026-08-20T10:19:40.0119672Z          D:\a\OpenCppCoverage-ARM64\OpenCppCoverage-ARM64\vcpkg_installed\x64-windows\bin\boost_log-vc143-mt-x64-1_91.dll
2026-08-20T10:19:40.0121101Z          D:\a\OpenCppCoverage-ARM64\OpenCppCoverage-ARM64\vcpkg_installed\x64-windows\bin\boost_filesystem-vc143-mt-x64-1_91.dll
2026-08-20T10:19:40.0122927Z          D:\a\OpenCppCoverage-ARM64\OpenCppCoverage-ARM64\vcpkg_installed\x64-windows\bin\boost_thread-vc143-mt-x64-1_91.dll
2026-08-20T10:19:40.0126000Z          D:\a\OpenCppCoverage-ARM64\OpenCppCoverage-ARM64\vcpkg_installed\x64-windows\bin\boost_program_options-vc143-mt-x64-1_91.dll
2026-08-20T10:19:40.0127375Z          D:\a\OpenCppCoverage-ARM64\OpenCppCoverage-ARM64\vcpkg_installed\x64-windows\bin\boost_iostreams-vc143-mt-x64-1_91.dll
2026-08-20T10:19:40.0128349Z          D:\a\OpenCppCoverage-ARM64\OpenCppCoverage-ARM64\vcpkg_installed\x64-windows\bin\z.dll
2026-08-20T10:19:40.0130319Z          D:\a\OpenCppCoverage-ARM64\OpenCppCoverage-ARM64\vcpkg_installed\x64-windows\bin\bz2.dll
2026-08-20T10:19:40.0133390Z          D:\a\OpenCppCoverage-ARM64\OpenCppCoverage-ARM64\vcpkg_installed\x64-windows\bin\liblzma.dll
2026-08-20T10:19:40.0134487Z          D:\a\OpenCppCoverage-ARM64\OpenCppCoverage-ARM64\vcpkg_installed\x64-windows\bin\zstd.dll
2026-08-20T10:19:40.0137378Z          D:\a\OpenCppCoverage-ARM64\OpenCppCoverage-ARM64\vcpkg_installed\x64-windows\bin\boost_locale-vc143-mt-x64-1_91.dll
2026-08-20T10:19:40.0139861Z          D:\a\OpenCppCoverage-ARM64\OpenCppCoverage-ARM64\vcpkg_installed\x64-windows\bin\abseil_dll.dll
2026-08-20T10:19:40.0141826Z          D:\a\OpenCppCoverage-ARM64\OpenCppCoverage-ARM64\vcpkg_installed\x64-windows\bin\libprotobuf-lite.dll
2026-08-20T10:19:40.0142983Z          D:\a\OpenCppCoverage-ARM64\OpenCppCoverage-ARM64\vcpkg_installed\x64-windows\bin\libprotobuf.dll
2026-08-20T10:19:40.0144333Z          D:\a\OpenCppCoverage-ARM64\OpenCppCoverage-ARM64\vcpkg_installed\x64-windows\bin\PocoFoundation.dll
2026-08-20T10:19:40.0145288Z          D:\a\OpenCppCoverage-ARM64\OpenCppCoverage-ARM64\vcpkg_installed\x64-windows\bin\pcre2-8.dll
2026-08-20T10:19:40.0146136Z          D:\a\OpenCppCoverage-ARM64\OpenCppCoverage-ARM64\vcpkg_installed\x64-windows\bin\utf8proc.dll
2026-08-20T10:19:40.0618336Z        FinalizeBuildStatus:
2026-08-20T10:19:40.0619880Z          Deleting file "x64\Release\ExporterTest.tlog\unsuccessfulbuild".
2026-08-20T10:19:40.0622943Z          Touching "x64\Release\ExporterTest.tlog\ExporterTest.lastbuildstate".
2026-08-20T10:19:40.0638570Z     20>Done Building Project "D:\a\OpenCppCoverage-ARM64\OpenCppCoverage-ARM64\ExporterTest\ExporterTest.vcxproj" (default targets).
2026-08-20T10:19:40.0652500Z      3>Done Building Project "D:\a\OpenCppCoverage-ARM64\OpenCppCoverage-ARM64\ExporterTest\ExporterTest.vcxproj.metaproj" (default targets).
2026-08-20T10:19:40.1510768Z      1>Project "D:\a\OpenCppCoverage-ARM64\OpenCppCoverage-ARM64\CppCoverage.sln" (1) is building "D:\a\OpenCppCoverage-ARM64\OpenCppCoverage-ARM64\OpenCppCoverageTest\OpenCppCoverageTest.vcxproj.metaproj" (4) on node 1 (default targets).
2026-08-20T10:19:40.1515326Z      4>Project "D:\a\OpenCppCoverage-ARM64\OpenCppCoverage-ARM64\OpenCppCoverageTest\OpenCppCoverageTest.vcxproj.metaproj" (4) is building "D:\a\OpenCppCoverage-ARM64\OpenCppCoverage-ARM64\OpenCppCoverageTest\OpenCppCoverageTest.vcxproj" (21) on node 2 (default targets).
2026-08-20T10:19:40.1518130Z     21>PrepareForBuild:
2026-08-20T10:19:40.1519621Z          Creating directory "x64\Release\".
2026-08-20T10:19:40.1533672Z          Structured output is enabled. The formatting of compiler diagnostics will reflect the error hierarchy. See https://aka.ms/cpp/structured-output for more details.
2026-08-20T10:19:40.1538045Z          Creating directory "x64\Release\OpenCppC.F892B2B1.tlog\".
2026-08-20T10:19:40.1594387Z        InitializeBuildStatus:
2026-08-20T10:19:40.1596339Z          Creating "x64\Release\OpenCppC.F892B2B1.tlog\unsuccessfulbuild" because "AlwaysCreate" was specified.
2026-08-20T10:19:40.1597621Z          Touching "x64\Release\OpenCppC.F892B2B1.tlog\unsuccessfulbuild".
2026-08-20T10:19:40.1996472Z        VcpkgTripletSelection:
2026-08-20T10:19:40.1999921Z          Using triplet "x64-windows" from "D:\a\OpenCppCoverage-ARM64\OpenCppCoverage-ARM64\vcpkg_installed\x64-windows\"
2026-08-20T10:19:40.2002831Z          Using normalized configuration "Release"
2026-08-20T10:19:40.2015022Z        VcpkgBootstrap:
2026-08-20T10:19:40.2020652Z        Skipping target "VcpkgBootstrap" because all output files are up-to-date with respect to the input files.
2026-08-20T10:19:40.2026968Z        VcpkgInstallManifestDependencies:
2026-08-20T10:19:40.2029946Z        Skipping target "VcpkgInstallManifestDependencies" because all output files are up-to-date with respect to the input files.
2026-08-20T10:19:40.2088905Z        ClCompile:
2026-08-20T10:19:40.2096234Z          C:\Program Files\Microsoft Visual Studio\2022\Enterprise\VC\Tools\MSVC\14.44.35207\bin\HostX64\x64\CL.exe /c /I"D:\a\OpenCppCoverage-ARM64\OpenCppCoverage-ARM64\\" /I"D:\a\OpenCppCoverage-ARM64\OpenCppCoverage-ARM64\OpenCppCoverageTest\\" /I"D:\a\OpenCppCoverage-ARM64\OpenCppCoverage-ARM64\vcpkg_installed\x64-windows\include" /Zi /nologo /W3 /WX /diagnostics:column /sdl /O2 /Oi /GL /D WIN32 /D NDEBUG /D _CONSOLE /D _LIB /D GTEST_LINKED_AS_SHARED_LIBRARY=1 /D _SILENCE_TR1_NAMESPACE_DEPRECATION_WARNING /D BOOST_CONFIG_SUPPRESS_OUTDATED_MESSAGE /D "OPENCPPCOVERAGE_VERSION=\"0.9.9.0\"" /D _CRT_SECURE_NO_WARNINGS /D "PROJECT_DIR=R\"|(D:\a\OpenCppCoverage-ARM64\OpenCppCoverage-ARM64\OpenCppCoverageTest\)|\"" /D "SOLUTION_DIR=R\"|(D:\a\OpenCppCoverage-ARM64\OpenCppCoverage-ARM64\)|\"" /D "TARGET_FILE_NAME=R\"|(OpenCppCoverageTest.exe)|\"" /D "OUT_DIR=R\"|(D:\a\OpenCppCoverage-ARM64\OpenCppCoverage-ARM64\x64\Release\)|\"" /D NOMINMAX /D _UNICODE /D UNICODE /Gm- /EHsc /MD /GS /Gy /fp:precise /Zc:wchar_t /Zc:forScope /Zc:inline /std:c++17 /permissive- /Fo"x64\Release\\" /Fd"x64\Release\vc143.pdb" /external:W3 /Gd /TP /wd4251 /wd4275 /FC /errorReport:queue CommandLineOptionsTest.cpp ImportExportTests.cpp OpenCppCoverageConsoleTest.cpp OpenCppCoverageTest.cpp OpenCppCoverageTestTools.cpp stdafx.cpp WarningManagerTests.cpp
2026-08-20T10:19:40.2391614Z          CommandLineOptionsTest.cpp
2026-08-20T10:19:42.2374317Z          ImportExportTests.cpp
2026-08-20T10:19:43.8672815Z          OpenCppCoverageConsoleTest.cpp
2026-08-20T10:19:46.1454608Z          OpenCppCoverageTest.cpp
2026-08-20T10:19:47.3673095Z          OpenCppCoverageTestTools.cpp
2026-08-20T10:19:49.1352357Z          stdafx.cpp
2026-08-20T10:19:50.3557321Z          WarningManagerTests.cpp
2026-08-20T10:19:52.4645610Z        Link:
2026-08-20T10:19:52.4649607Z          C:\Program Files\Microsoft Visual Studio\2022\Enterprise\VC\Tools\MSVC\14.44.35207\bin\HostX64\x64\link.exe /ERRORREPORT:QUEUE /OUT:"D:\a\OpenCppCoverage-ARM64\OpenCppCoverage-ARM64\x64\Release\OpenCppCoverageTest.exe" /INCREMENTAL:NO /NOLOGO /LIBPATH:"D:\a\OpenCppCoverage-ARM64\OpenCppCoverage-ARM64\vcpkg_installed\x64-windows\lib" /LIBPATH:"D:\a\OpenCppCoverage-ARM64\OpenCppCoverage-ARM64\vcpkg_installed\x64-windows\lib\manual-link" gmock.lib gtest.lib bcrypt.lib kernel32.lib user32.lib gdi32.lib winspool.lib comdlg32.lib advapi32.lib shell32.lib ole32.lib oleaut32.lib uuid.lib odbc32.lib odbccp32.lib "D:\a\OpenCppCoverage-ARM64\OpenCppCoverage-ARM64\vcpkg_installed\x64-windows\lib\*.lib" /MANIFEST /MANIFESTUAC:"level='asInvoker' uiAccess='false'" /manifest:embed /DEBUG /PDB:"D:\a\OpenCppCoverage-ARM64\OpenCppCoverage-ARM64\x64\Release\OpenCppCoverageTest.pdb" /SUBSYSTEM:CONSOLE /OPT:REF /OPT:ICF /LTCG:incremental /LTCGOUT:"x64\Release\OpenCppCoverageTest.iobj" /TLBID:1 /DYNAMICBASE /NXCOMPAT /IMPLIB:"D:\a\OpenCppCoverage-ARM64\OpenCppCoverage-ARM64\x64\Release\OpenCppCoverageTest.lib" /MACHINE:X64 x64\Release\CommandLineOptionsTest.obj
2026-08-20T10:19:52.4655689Z          x64\Release\ImportExportTests.obj
2026-08-20T10:19:52.4656083Z          x64\Release\OpenCppCoverageConsoleTest.obj
2026-08-20T10:19:52.4656475Z          x64\Release\OpenCppCoverageTest.obj
2026-08-20T10:19:52.4656851Z          x64\Release\OpenCppCoverageTestTools.obj
2026-08-20T10:19:52.4657184Z          x64\Release\stdafx.obj
2026-08-20T10:19:52.4657428Z          x64\Release\WarningManagerTests.obj
2026-08-20T10:19:52.4657820Z          "D:\a\OpenCppCoverage-ARM64\OpenCppCoverage-ARM64\x64\Release\CppCoverage.lib"
2026-08-20T10:19:52.4658385Z          "D:\a\OpenCppCoverage-ARM64\OpenCppCoverage-ARM64\x64\Release\Exporter.lib"
2026-08-20T10:19:52.4659176Z          "D:\a\OpenCppCoverage-ARM64\OpenCppCoverage-ARM64\x64\Release\Plugin.lib"
2026-08-20T10:19:52.4659958Z          "D:\a\OpenCppCoverage-ARM64\OpenCppCoverage-ARM64\x64\Release\TestCoverageSharedLib.lib"
2026-08-20T10:19:52.4660773Z          "D:\a\OpenCppCoverage-ARM64\OpenCppCoverage-ARM64\x64\Release\TestHelper.lib"
2026-08-20T10:19:52.4661769Z          "D:\a\OpenCppCoverage-ARM64\OpenCppCoverage-ARM64\x64\Release\Tools.lib"
2026-08-20T10:19:52.6577602Z          Generating code
2026-08-20T10:19:52.6695802Z          Previous IPDB not found, fall back to full compilation.
2026-08-20T10:19:53.8534574Z          All 1406 functions were compiled because no usable IPDB/IOBJ from previous compilation was found.
2026-08-20T10:19:53.8643514Z          Finished generating code
2026-08-20T10:19:54.0852484Z          OpenCppCoverageTest.vcxproj -> D:\a\OpenCppCoverage-ARM64\OpenCppCoverage-ARM64\x64\Release\OpenCppCoverageTest.exe
2026-08-20T10:19:54.0897713Z        AppLocalFromInstalled:
2026-08-20T10:19:54.0900090Z          "C:\Users\runneradmin\AppData\Local\OpenCppCoverage\vcpkg\vcpkg.exe" z-applocal --target-binary="D:\a\OpenCppCoverage-ARM64\OpenCppCoverage-ARM64\x64\Release\OpenCppCoverageTest.exe" --installed-bin-dir="D:\a\OpenCppCoverage-ARM64\OpenCppCoverage-ARM64\vcpkg_installed\x64-windows\bin" --tlog-file="x64\Release\OpenCppC.F892B2B1.tlog\OpenCppCoverageTest.write.1u.tlog" --copied-files-log="x64\Release\vcpkg.applocal.log"
2026-08-20T10:19:54.1332053Z          D:\a\OpenCppCoverage-ARM64\OpenCppCoverage-ARM64\vcpkg_installed\x64-windows\bin\gmock.dll
2026-08-20T10:19:54.1334161Z          D:\a\OpenCppCoverage-ARM64\OpenCppCoverage-ARM64\vcpkg_installed\x64-windows\bin\PocoFoundation.dll
2026-08-20T10:19:54.1337464Z          D:\a\OpenCppCoverage-ARM64\OpenCppCoverage-ARM64\vcpkg_installed\x64-windows\bin\pcre2-8.dll
2026-08-20T10:19:54.1339514Z          D:\a\OpenCppCoverage-ARM64\OpenCppCoverage-ARM64\vcpkg_installed\x64-windows\bin\z.dll
2026-08-20T10:19:54.1340720Z          D:\a\OpenCppCoverage-ARM64\OpenCppCoverage-ARM64\vcpkg_installed\x64-windows\bin\utf8proc.dll
2026-08-20T10:19:54.1343091Z          D:\a\OpenCppCoverage-ARM64\OpenCppCoverage-ARM64\vcpkg_installed\x64-windows\bin\boost_log-vc143-mt-x64-1_91.dll
2026-08-20T10:19:54.1345438Z          D:\a\OpenCppCoverage-ARM64\OpenCppCoverage-ARM64\vcpkg_installed\x64-windows\bin\boost_filesystem-vc143-mt-x64-1_91.dll
2026-08-20T10:19:54.1347435Z          D:\a\OpenCppCoverage-ARM64\OpenCppCoverage-ARM64\vcpkg_installed\x64-windows\bin\boost_thread-vc143-mt-x64-1_91.dll
2026-08-20T10:19:54.1349781Z          D:\a\OpenCppCoverage-ARM64\OpenCppCoverage-ARM64\vcpkg_installed\x64-windows\bin\boost_program_options-vc143-mt-x64-1_91.dll
2026-08-20T10:19:54.1351215Z          D:\a\OpenCppCoverage-ARM64\OpenCppCoverage-ARM64\vcpkg_installed\x64-windows\bin\boost_iostreams-vc143-mt-x64-1_91.dll
2026-08-20T10:19:54.1352416Z          D:\a\OpenCppCoverage-ARM64\OpenCppCoverage-ARM64\vcpkg_installed\x64-windows\bin\bz2.dll
2026-08-20T10:19:54.1354109Z          D:\a\OpenCppCoverage-ARM64\OpenCppCoverage-ARM64\vcpkg_installed\x64-windows\bin\liblzma.dll
2026-08-20T10:19:54.1355739Z          D:\a\OpenCppCoverage-ARM64\OpenCppCoverage-ARM64\vcpkg_installed\x64-windows\bin\zstd.dll
2026-08-20T10:19:54.1357996Z          D:\a\OpenCppCoverage-ARM64\OpenCppCoverage-ARM64\vcpkg_installed\x64-windows\bin\boost_locale-vc143-mt-x64-1_91.dll
2026-08-20T10:19:54.1358967Z          D:\a\OpenCppCoverage-ARM64\OpenCppCoverage-ARM64\vcpkg_installed\x64-windows\bin\abseil_dll.dll
2026-08-20T10:19:54.1359850Z          D:\a\OpenCppCoverage-ARM64\OpenCppCoverage-ARM64\vcpkg_installed\x64-windows\bin\libctemplate.dll
2026-08-20T10:19:54.1361225Z          D:\a\OpenCppCoverage-ARM64\OpenCppCoverage-ARM64\vcpkg_installed\x64-windows\bin\libprotobuf-lite.dll
2026-08-20T10:19:54.1363112Z          D:\a\OpenCppCoverage-ARM64\OpenCppCoverage-ARM64\vcpkg_installed\x64-windows\bin\libprotobuf.dll
2026-08-20T10:19:54.1817444Z        PostBuildEvent:
2026-08-20T10:19:54.1818486Z          xcopy /y "D:\a\OpenCppCoverage-ARM64\OpenCppCoverage-ARM64\x64\Release\TestCoverageSharedLib.dll" "D:\a\OpenCppCoverage-ARM64\OpenCppCoverage-ARM64\x64\Release\Plugins\Exporter"
2026-08-20T10:19:54.1819206Z          :VCEnd
2026-08-20T10:19:54.2097997Z          D:\a\OpenCppCoverage-ARM64\OpenCppCoverage-ARM64\x64\Release\TestCoverageSharedLib.dll
2026-08-20T10:19:54.2115012Z          1 File(s) copied
2026-08-20T10:19:54.2238317Z        FinalizeBuildStatus:
2026-08-20T10:19:54.2238862Z          Deleting file "x64\Release\OpenCppC.F892B2B1.tlog\unsuccessfulbuild".
2026-08-20T10:19:54.2239503Z          Touching "x64\Release\OpenCppC.F892B2B1.tlog\OpenCppCoverageTest.lastbuildstate".
2026-08-20T10:19:54.2253315Z     21>Done Building Project "D:\a\OpenCppCoverage-ARM64\OpenCppCoverage-ARM64\OpenCppCoverageTest\OpenCppCoverageTest.vcxproj" (default targets).
2026-08-20T10:19:54.2265359Z      4>Done Building Project "D:\a\OpenCppCoverage-ARM64\OpenCppCoverage-ARM64\OpenCppCoverageTest\OpenCppCoverageTest.vcxproj.metaproj" (default targets).
2026-08-20T10:19:54.2273102Z      1>Done Building Project "D:\a\OpenCppCoverage-ARM64\OpenCppCoverage-ARM64\CppCoverage.sln" (default targets).
2026-08-20T10:19:54.2357371Z Deferred Messages
2026-08-20T10:19:54.2358882Z          
2026-08-20T10:19:54.2359303Z          Detailed Build Summary
2026-08-20T10:19:54.2359752Z          ======================
2026-08-20T10:19:54.2360161Z              
2026-08-20T10:19:54.2360504Z          
2026-08-20T10:19:54.2361250Z          ============================== Build Hierarchy (IDs represent configurations) =====================================================
2026-08-20T10:19:54.2362211Z          Id                  : Exclusive Time   Total Time   Path (Targets)
2026-08-20T10:19:54.2363124Z          -----------------------------------------------------------------------------------------------------------------------------------
2026-08-20T10:19:54.2364257Z          0                   : 0.016s           123.959s       D:\a\OpenCppCoverage-ARM64\OpenCppCoverage-ARM64\CppCoverage.sln () 
2026-08-20T10:19:54.2365376Z          | 9                 : 0.000s           0.000s       D:\a\OpenCppCoverage-ARM64\OpenCppCoverage-ARM64\Tools\Tools.vcxproj () 
2026-08-20T10:19:54.2366538Z          | 16                : 0.000s           0.000s       D:\a\OpenCppCoverage-ARM64\OpenCppCoverage-ARM64\Plugin\Plugin.vcxproj () 
2026-08-20T10:19:54.2367766Z          | 15                : 0.000s           0.000s       D:\a\OpenCppCoverage-ARM64\OpenCppCoverage-ARM64\TestCppCli\TestCppCli.vcxproj () 
2026-08-20T10:19:54.2369241Z          | 14                : 0.000s           0.000s       D:\a\OpenCppCoverage-ARM64\OpenCppCoverage-ARM64\TestCoverageOptimizedBuild\TestCoverageOptimizedBuild.vcxproj () 
2026-08-20T10:19:54.2370723Z          | 11                : 0.000s           0.000s       D:\a\OpenCppCoverage-ARM64\OpenCppCoverage-ARM64\FileFilter\FileFilter.vcxproj () 
2026-08-20T10:19:54.2372009Z          | 5                 : 0.000s           0.000s       D:\a\OpenCppCoverage-ARM64\OpenCppCoverage-ARM64\Exporter\Exporter.vcxproj () 
2026-08-20T10:19:54.2373713Z          | 7                 : 0.000s           0.000s       D:\a\OpenCppCoverage-ARM64\OpenCppCoverage-ARM64\TestCoverageSharedLib\TestCoverageSharedLib.vcxproj () 
2026-08-20T10:19:54.2375280Z          | 3                 : 0.000s           98.008s       D:\a\OpenCppCoverage-ARM64\OpenCppCoverage-ARM64\CppCoverageTest\CppCoverageTest.vcxproj.metaproj () 
2026-08-20T10:19:54.2376822Z          | | 4               : 0.000s           0.000s       D:\a\OpenCppCoverage-ARM64\OpenCppCoverage-ARM64\TestCoverageConsole\TestCoverageConsole.vcxproj () 
2026-08-20T10:19:54.2378232Z          | | 1               : 0.000s           0.000s       D:\a\OpenCppCoverage-ARM64\OpenCppCoverage-ARM64\CppCoverage\CppCoverage.vcxproj () 
2026-08-20T10:19:54.2379505Z          | | 15              : 0.532s           9.165s       D:\a\OpenCppCoverage-ARM64\OpenCppCoverage-ARM64\TestCppCli\TestCppCli.vcxproj () 
2026-08-20T10:19:54.2380922Z          | | | 7             : 0.000s           0.000s       D:\a\OpenCppCoverage-ARM64\OpenCppCoverage-ARM64\TestCoverageSharedLib\TestCoverageSharedLib.vcxproj () 
2026-08-20T10:19:54.2382502Z          | | | 21            : 0.000s           0.000s       D:\a\OpenCppCoverage-ARM64\OpenCppCoverage-ARM64\TestCoverageSharedLib\TestCoverageSharedLib.vcxproj (GetNativeManifest) 
2026-08-20T10:19:54.2384517Z          | | . 22            : 0.000s           0.000s       D:\a\OpenCppCoverage-ARM64\OpenCppCoverage-ARM64\TestCoverageSharedLib\TestCoverageSharedLib.vcxproj (GetProjectInfoForReference) 
2026-08-20T10:19:54.2386126Z          | . 51              : 7.350s           7.476s       D:\a\OpenCppCoverage-ARM64\OpenCppCoverage-ARM64\CppCoverageTest\CppCoverageTest.vcxproj () 
2026-08-20T10:19:54.2387571Z          | | | 67            : 0.016s           0.016s       D:\a\OpenCppCoverage-ARM64\OpenCppCoverage-ARM64\TestCoverageConsole\TestCoverageConsole.vcxproj (GetNativeManifest) 
2026-08-20T10:19:54.2389220Z          | | | 66            : 0.000s           0.000s       D:\a\OpenCppCoverage-ARM64\OpenCppCoverage-ARM64\TestCppCli\TestCppCli.vcxproj (GetNativeManifest) 
2026-08-20T10:19:54.2391265Z          | | | 76            : 0.016s           0.016s       D:\a\OpenCppCoverage-ARM64\OpenCppCoverage-ARM64\TestCoverageConsole\TestCoverageConsole.vcxproj (GetProjectInfoForReference) 
2026-08-20T10:19:54.2393280Z          | | | 75            : 0.016s           0.016s       D:\a\OpenCppCoverage-ARM64\OpenCppCoverage-ARM64\TestCppCli\TestCppCli.vcxproj (GetProjectInfoForReference) 
2026-08-20T10:19:54.2395455Z          | | | 90            : 0.000s           0.000s       D:\a\OpenCppCoverage-ARM64\OpenCppCoverage-ARM64\TestCoverageOptimizedBuild\TestCoverageOptimizedBuild.vcxproj (GetCopyToOutputDirectoryItems) 
2026-08-20T10:19:54.2397818Z          | | . 101           : 0.000s           0.000s       D:\a\OpenCppCoverage-ARM64\OpenCppCoverage-ARM64\TestCoverageConsole\TestCoverageConsole.vcxproj (GetCopyToOutputDirectoryItems) 
2026-08-20T10:19:54.2401243Z          | 4                 : 0.803s           20.963s       D:\a\OpenCppCoverage-ARM64\OpenCppCoverage-ARM64\TestCoverageConsole\TestCoverageConsole.vcxproj () 
2026-08-20T10:19:54.2402911Z          | | 9               : 0.000s           0.000s       D:\a\OpenCppCoverage-ARM64\OpenCppCoverage-ARM64\Tools\Tools.vcxproj () 
2026-08-20T10:19:54.2404448Z          | | 23              : 0.000s           0.000s       D:\a\OpenCppCoverage-ARM64\OpenCppCoverage-ARM64\Tools\Tools.vcxproj (GetNativeManifest) 
2026-08-20T10:19:54.2406132Z          | | 26              : 0.000s           0.000s       D:\a\OpenCppCoverage-ARM64\OpenCppCoverage-ARM64\Tools\Tools.vcxproj (GetProjectInfoForReference) 
2026-08-20T10:19:54.2408126Z          | | 14              : 1.469s           1.469s       D:\a\OpenCppCoverage-ARM64\OpenCppCoverage-ARM64\TestCoverageOptimizedBuild\TestCoverageOptimizedBuild.vcxproj () 
2026-08-20T10:19:54.2409947Z          | | 7               : 0.767s           6.303s       D:\a\OpenCppCoverage-ARM64\OpenCppCoverage-ARM64\TestCoverageSharedLib\TestCoverageSharedLib.vcxproj () 
2026-08-20T10:19:54.2411488Z          | | | 16            : 0.000s           0.000s       D:\a\OpenCppCoverage-ARM64\OpenCppCoverage-ARM64\Plugin\Plugin.vcxproj () 
2026-08-20T10:19:54.2412836Z          | | | 18            : 0.000s           0.000s       D:\a\OpenCppCoverage-ARM64\OpenCppCoverage-ARM64\Plugin\Plugin.vcxproj (GetNativeManifest) 
2026-08-20T10:19:54.2414422Z          | | . 20            : 0.000s           0.000s       D:\a\OpenCppCoverage-ARM64\OpenCppCoverage-ARM64\Plugin\Plugin.vcxproj (GetCopyToOutputDirectoryItems) 
2026-08-20T10:19:54.2416299Z          | | 24              : 0.000s           0.000s       D:\a\OpenCppCoverage-ARM64\OpenCppCoverage-ARM64\TestCoverageOptimizedBuild\TestCoverageOptimizedBuild.vcxproj (GetNativeManifest) 
2026-08-20T10:19:54.2418426Z          | . 27              : 0.000s           0.000s       D:\a\OpenCppCoverage-ARM64\OpenCppCoverage-ARM64\TestCoverageOptimizedBuild\TestCoverageOptimizedBuild.vcxproj (GetProjectInfoForReference) 
2026-08-20T10:19:54.2420335Z          | 6                 : 0.000s           109.782s       D:\a\OpenCppCoverage-ARM64\OpenCppCoverage-ARM64\ExporterTest\ExporterTest.vcxproj.metaproj () 
2026-08-20T10:19:54.2422044Z          | | 1               : 0.000s           0.000s       D:\a\OpenCppCoverage-ARM64\OpenCppCoverage-ARM64\CppCoverage\CppCoverage.vcxproj () 
2026-08-20T10:19:54.2423462Z          | | 5               : 9.950s           80.736s       D:\a\OpenCppCoverage-ARM64\OpenCppCoverage-ARM64\Exporter\Exporter.vcxproj () 
2026-08-20T10:19:54.2424662Z          | | | 9             : 0.000s           0.000s       D:\a\OpenCppCoverage-ARM64\OpenCppCoverage-ARM64\Tools\Tools.vcxproj () 
2026-08-20T10:19:54.2425778Z          | | | 16            : 0.000s           0.000s       D:\a\OpenCppCoverage-ARM64\OpenCppCoverage-ARM64\Plugin\Plugin.vcxproj () 
2026-08-20T10:19:54.2426839Z          | | | 1             : 0.000s           0.000s       D:\a\OpenCppCoverage-ARM64\OpenCppCoverage-ARM64\CppCoverage\CppCoverage.vcxproj () 
2026-08-20T10:19:54.2427857Z          | | | 50            : 0.000s           0.000s       D:\a\OpenCppCoverage-ARM64\OpenCppCoverage-ARM64\CppCoverage\CppCoverage.vcxproj (GetNativeManifest) 
2026-08-20T10:19:54.2428978Z          | | | 68            : 0.000s           0.000s       D:\a\OpenCppCoverage-ARM64\OpenCppCoverage-ARM64\CppCoverage\CppCoverage.vcxproj (GetProjectInfoForReference) 
2026-08-20T10:19:54.2431091Z          | | . 77            : 0.000s           0.000s       D:\a\OpenCppCoverage-ARM64\OpenCppCoverage-ARM64\CppCoverage\CppCoverage.vcxproj (GetCopyToOutputDirectoryItems) 
2026-08-20T10:19:54.2433078Z          | . 78              : 4.706s           4.706s       D:\a\OpenCppCoverage-ARM64\OpenCppCoverage-ARM64\ExporterTest\ExporterTest.vcxproj () 
2026-08-20T10:19:54.2434796Z          | | | 82            : 0.000s           0.000s       D:\a\OpenCppCoverage-ARM64\OpenCppCoverage-ARM64\Exporter\Exporter.vcxproj (GetNativeManifest) 
2026-08-20T10:19:54.2436624Z          | | . 85            : 0.000s           0.000s       D:\a\OpenCppCoverage-ARM64\OpenCppCoverage-ARM64\Exporter\Exporter.vcxproj (GetProjectInfoForReference) 
2026-08-20T10:19:54.2438361Z          | 1                 : 6.207s           41.332s       D:\a\OpenCppCoverage-ARM64\OpenCppCoverage-ARM64\CppCoverage\CppCoverage.vcxproj () 
2026-08-20T10:19:54.2439877Z          | | 9               : 0.000s           0.000s       D:\a\OpenCppCoverage-ARM64\OpenCppCoverage-ARM64\Tools\Tools.vcxproj () 
2026-08-20T10:19:54.2441375Z          | | 16              : 0.000s           0.000s       D:\a\OpenCppCoverage-ARM64\OpenCppCoverage-ARM64\Plugin\Plugin.vcxproj () 
2026-08-20T10:19:54.2444588Z          | | 11              : 3.627s           23.412s       D:\a\OpenCppCoverage-ARM64\OpenCppCoverage-ARM64\FileFilter\FileFilter.vcxproj () 
2026-08-20T10:19:54.2446491Z          | | | 9             : 3.112s           3.112s       D:\a\OpenCppCoverage-ARM64\OpenCppCoverage-ARM64\Tools\Tools.vcxproj () 
2026-08-20T10:19:54.2448433Z          | | | 23            : 0.000s           0.000s       D:\a\OpenCppCoverage-ARM64\OpenCppCoverage-ARM64\Tools\Tools.vcxproj (GetNativeManifest) 
2026-08-20T10:19:54.2450280Z          | | . 26            : 0.000s           0.000s       D:\a\OpenCppCoverage-ARM64\OpenCppCoverage-ARM64\Tools\Tools.vcxproj (GetProjectInfoForReference) 
2026-08-20T10:19:54.2452207Z          | | 38              : 0.000s           0.000s       D:\a\OpenCppCoverage-ARM64\OpenCppCoverage-ARM64\FileFilter\FileFilter.vcxproj (GetNativeManifest) 
2026-08-20T10:19:54.2454129Z          | . 42              : 0.000s           0.000s       D:\a\OpenCppCoverage-ARM64\OpenCppCoverage-ARM64\FileFilter\FileFilter.vcxproj (GetProjectInfoForReference) 
2026-08-20T10:19:54.2456271Z          | 2                 : 1.690s           99.385s       D:\a\OpenCppCoverage-ARM64\OpenCppCoverage-ARM64\OpenCppCoverage\OpenCppCoverage.vcxproj () 
2026-08-20T10:19:54.2458051Z          | | 9               : 0.000s           0.000s       D:\a\OpenCppCoverage-ARM64\OpenCppCoverage-ARM64\Tools\Tools.vcxproj () 
2026-08-20T10:19:54.2459647Z          | | 5               : 0.000s           0.000s       D:\a\OpenCppCoverage-ARM64\OpenCppCoverage-ARM64\Exporter\Exporter.vcxproj () 
2026-08-20T10:19:54.2461970Z          | | 1               : 0.000s           0.000s       D:\a\OpenCppCoverage-ARM64\OpenCppCoverage-ARM64\CppCoverage\CppCoverage.vcxproj () 
2026-08-20T10:19:54.2463349Z          | . 16              : 1.501s           1.689s       D:\a\OpenCppCoverage-ARM64\OpenCppCoverage-ARM64\Plugin\Plugin.vcxproj () 
2026-08-20T10:19:54.2465236Z          | 8                 : 0.016s           123.943s       D:\a\OpenCppCoverage-ARM64\OpenCppCoverage-ARM64\OpenCppCoverageTest\OpenCppCoverageTest.vcxproj.metaproj () 
2026-08-20T10:19:54.2467154Z          | | 2               : 0.000s           0.000s       D:\a\OpenCppCoverage-ARM64\OpenCppCoverage-ARM64\OpenCppCoverage\OpenCppCoverage.vcxproj () 
2026-08-20T10:19:54.2468506Z          | | 3               : 0.000s           0.000s       D:\a\OpenCppCoverage-ARM64\OpenCppCoverage-ARM64\CppCoverageTest\CppCoverageTest.vcxproj.metaproj () 
2026-08-20T10:19:54.2469934Z          | | 6               : 0.000s           0.000s       D:\a\OpenCppCoverage-ARM64\OpenCppCoverage-ARM64\ExporterTest\ExporterTest.vcxproj.metaproj () 
2026-08-20T10:19:54.2471382Z          | . 108             : 1.922s           1.953s       D:\a\OpenCppCoverage-ARM64\OpenCppCoverage-ARM64\OpenCppCoverageTest\OpenCppCoverageTest.vcxproj () 
2026-08-20T10:19:54.2472973Z          | | | 125           : 0.016s           0.016s       D:\a\OpenCppCoverage-ARM64\OpenCppCoverage-ARM64\CppCoverageTest\CppCoverageTest.vcxproj (GetNativeManifest) 
2026-08-20T10:19:54.2474543Z          | | | 124           : 0.016s           0.016s       D:\a\OpenCppCoverage-ARM64\OpenCppCoverage-ARM64\ExporterTest\ExporterTest.vcxproj (GetNativeManifest) 
2026-08-20T10:19:54.2476089Z          | | | 126           : 0.000s           0.000s       D:\a\OpenCppCoverage-ARM64\OpenCppCoverage-ARM64\OpenCppCoverage\OpenCppCoverage.vcxproj (GetNativeManifest) 
2026-08-20T10:19:54.2477722Z          | | | 134           : 0.016s           0.016s       D:\a\OpenCppCoverage-ARM64\OpenCppCoverage-ARM64\CppCoverageTest\CppCoverageTest.vcxproj (GetProjectInfoForReference) 
2026-08-20T10:19:54.2483519Z          | | | 133           : 0.016s           0.016s       D:\a\OpenCppCoverage-ARM64\OpenCppCoverage-ARM64\ExporterTest\ExporterTest.vcxproj (GetProjectInfoForReference) 
2026-08-20T10:19:54.2486403Z          | | | 135           : 0.000s           0.000s       D:\a\OpenCppCoverage-ARM64\OpenCppCoverage-ARM64\OpenCppCoverage\OpenCppCoverage.vcxproj (GetProjectInfoForReference) 
2026-08-20T10:19:54.2488643Z          | | | 144           : 0.000s           0.000s       D:\a\OpenCppCoverage-ARM64\OpenCppCoverage-ARM64\OpenCppCoverage\OpenCppCoverage.vcxproj (GetCopyToOutputDirectoryItems) 
2026-08-20T10:19:54.2490319Z          | | | 143           : 0.000s           0.000s       D:\a\OpenCppCoverage-ARM64\OpenCppCoverage-ARM64\CppCoverageTest\CppCoverageTest.vcxproj (GetCopyToOutputDirectoryItems) 
2026-08-20T10:19:54.2492260Z          | | . 142           : 0.000s           0.000s       D:\a\OpenCppCoverage-ARM64\OpenCppCoverage-ARM64\ExporterTest\ExporterTest.vcxproj (GetCopyToOutputDirectoryItems) 
2026-08-20T10:19:54.2496403Z          | 10                : 2.957s           22.414s       D:\a\OpenCppCoverage-ARM64\OpenCppCoverage-ARM64\TestHelper\TestHelper.vcxproj () 
2026-08-20T10:19:54.2497635Z          | | 9               : 0.000s           0.000s       D:\a\OpenCppCoverage-ARM64\OpenCppCoverage-ARM64\Tools\Tools.vcxproj () 
2026-08-20T10:19:54.2498764Z          | | 16              : 0.000s           0.000s       D:\a\OpenCppCoverage-ARM64\OpenCppCoverage-ARM64\Plugin\Plugin.vcxproj () 
2026-08-20T10:19:54.2499992Z          | | 23              : 0.000s           0.000s       D:\a\OpenCppCoverage-ARM64\OpenCppCoverage-ARM64\Tools\Tools.vcxproj (GetNativeManifest) 
2026-08-20T10:19:54.2501386Z          | | 26              : 0.000s           0.000s       D:\a\OpenCppCoverage-ARM64\OpenCppCoverage-ARM64\Tools\Tools.vcxproj (GetProjectInfoForReference) 
2026-08-20T10:19:54.2502828Z          | . 29              : 0.000s           0.000s       D:\a\OpenCppCoverage-ARM64\OpenCppCoverage-ARM64\Tools\Tools.vcxproj (GetCopyToOutputDirectoryItems) 
2026-08-20T10:19:54.2504470Z          | 12                : 3.469s           37.907s       D:\a\OpenCppCoverage-ARM64\OpenCppCoverage-ARM64\FileFilterTest\FileFilterTest.vcxproj () 
2026-08-20T10:19:54.2505713Z          | | 9               : 0.000s           0.000s       D:\a\OpenCppCoverage-ARM64\OpenCppCoverage-ARM64\Tools\Tools.vcxproj () 
2026-08-20T10:19:54.2506867Z          | | 10              : 0.000s           0.000s       D:\a\OpenCppCoverage-ARM64\OpenCppCoverage-ARM64\TestHelper\TestHelper.vcxproj () 
2026-08-20T10:19:54.2508291Z          | | 14              : 0.000s           0.000s       D:\a\OpenCppCoverage-ARM64\OpenCppCoverage-ARM64\TestCoverageOptimizedBuild\TestCoverageOptimizedBuild.vcxproj () 
2026-08-20T10:19:54.2509742Z          | | 11              : 0.000s           0.000s       D:\a\OpenCppCoverage-ARM64\OpenCppCoverage-ARM64\FileFilter\FileFilter.vcxproj () 
2026-08-20T10:19:54.2511066Z          | | 38              : 0.000s           0.000s       D:\a\OpenCppCoverage-ARM64\OpenCppCoverage-ARM64\FileFilter\FileFilter.vcxproj (GetNativeManifest) 
2026-08-20T10:19:54.2512609Z          | | 42              : 0.000s           0.000s       D:\a\OpenCppCoverage-ARM64\OpenCppCoverage-ARM64\FileFilter\FileFilter.vcxproj (GetProjectInfoForReference) 
2026-08-20T10:19:54.2514158Z          | . 46              : 0.000s           0.000s       D:\a\OpenCppCoverage-ARM64\OpenCppCoverage-ARM64\FileFilter\FileFilter.vcxproj (GetCopyToOutputDirectoryItems) 
2026-08-20T10:19:54.2515570Z          | 13                : 1.626s           28.371s       D:\a\OpenCppCoverage-ARM64\OpenCppCoverage-ARM64\ToolsTest\ToolsTest.vcxproj () 
2026-08-20T10:19:54.2516737Z          | | 9               : 0.000s           0.000s       D:\a\OpenCppCoverage-ARM64\OpenCppCoverage-ARM64\Tools\Tools.vcxproj () 
2026-08-20T10:19:54.2517892Z          | | 10              : 0.000s           0.000s       D:\a\OpenCppCoverage-ARM64\OpenCppCoverage-ARM64\TestHelper\TestHelper.vcxproj () 
2026-08-20T10:19:54.2519222Z          | | 30              : 0.000s           0.000s       D:\a\OpenCppCoverage-ARM64\OpenCppCoverage-ARM64\TestHelper\TestHelper.vcxproj (GetNativeManifest) 
2026-08-20T10:19:54.2520694Z          | . 32              : 0.000s           0.000s       D:\a\OpenCppCoverage-ARM64\OpenCppCoverage-ARM64\TestHelper\TestHelper.vcxproj (GetProjectInfoForReference) 
2026-08-20T10:19:54.2522081Z          . 17                : 1.360s           5.834s       D:\a\OpenCppCoverage-ARM64\OpenCppCoverage-ARM64\PluginTest\PluginTest.vcxproj () 
2026-08-20T10:19:54.2523300Z          | | 16              : 0.000s           0.000s       D:\a\OpenCppCoverage-ARM64\OpenCppCoverage-ARM64\Plugin\Plugin.vcxproj () 
2026-08-20T10:19:54.2525417Z          | | 18              : 0.016s           0.016s       D:\a\OpenCppCoverage-ARM64\OpenCppCoverage-ARM64\Plugin\Plugin.vcxproj (GetNativeManifest) 
2026-08-20T10:19:54.2526875Z          | . 19              : 0.016s           0.016s       D:\a\OpenCppCoverage-ARM64\OpenCppCoverage-ARM64\Plugin\Plugin.vcxproj (GetProjectInfoForReference) 
2026-08-20T10:19:54.2527834Z          
2026-08-20T10:19:54.2528546Z          ============================== Node Utilization (IDs represent configurations) ====================================================
2026-08-20T10:19:54.2529487Z          Timestamp:            1       3       4       2        Duration   Cumulative
2026-08-20T10:19:54.2530428Z          -----------------------------------------------------------------------------------------------------------------------------------
2026-08-20T10:19:54.2531496Z          639228178702579686:   0       x       x       x        0.016s     0.016s 
2026-08-20T10:19:54.2532238Z          639228178702735914:   8       1       2       4        0.016s     0.031s 
2026-08-20T10:19:54.2532992Z          639228178702892020:   5       |       |       |        0.109s     0.141s ..
2026-08-20T10:19:54.2536256Z          639228178703985858:   |       |       |       14       0.047s     0.187s 
2026-08-20T10:19:54.2536995Z          639228178704454499:   |       11      |       |        0.031s     0.219s 
2026-08-20T10:19:54.2537781Z          639228178704767088:   |       |       16      |        0.297s     0.516s .....
2026-08-20T10:19:54.2538552Z          639228178707735760:   |       9       |       |        0.031s     0.547s 
2026-08-20T10:19:54.2539287Z          639228178708048292:   7       |       |       |        0.078s     0.625s .
2026-08-20T10:19:54.2540027Z          639228178708829451:   15      |       |       |        0.094s     0.719s .
2026-08-20T10:19:54.2540744Z          639228178709767083:   10      |       |       |        0.031s     0.750s 
2026-08-20T10:19:54.2541464Z          639228178710079676:   |       |       13      12       0.047s     0.797s 
2026-08-20T10:19:54.2542217Z          639228178710548301:   |       |       |       |        0.063s     0.859s .
2026-08-20T10:19:54.2542950Z          639228178711173381:   17      |       |       |        0.016s     0.875s 
2026-08-20T10:19:54.2543664Z          639228178711329658:   |       |       |       14       0.062s     0.937s .
2026-08-20T10:19:54.2544382Z          639228178711954553:   x       |       |       |        0.047s     0.984s 
2026-08-20T10:19:54.2545090Z          639228178712424569:   x       |       16      |        0.094s     1.078s .
2026-08-20T10:19:54.2545859Z          639228178713362297:   x       |       |       |        0.016s     1.094s 
2026-08-20T10:19:54.2546593Z          639228178713518548:   x       |       |       |        0.141s     1.235s ..
2026-08-20T10:19:54.2547333Z          639228178714928146:   x       |       |       |        0.016s     1.250s 
2026-08-20T10:19:54.2548067Z          639228178715084241:   x       |       |       |        0.219s     1.469s ....
2026-08-20T10:19:54.2548855Z          639228178717271855:   x       |       |       |        0.859s     2.329s .................
2026-08-20T10:19:54.2549753Z          639228178725865421:   x       |       |       x        1.722s     4.050s ..................................
2026-08-20T10:19:54.2550598Z          639228178743082435:   x       |       |       x        0.860s     4.911s .................
2026-08-20T10:19:54.2551376Z          639228178751686653:   7       |       18      x        0.016s     4.926s 
2026-08-20T10:19:54.2552131Z          639228178751842950:   17      |       x       x        0.016s     4.942s 
2026-08-20T10:19:54.2552841Z          639228178751999213:   7       |       19      x        0.016s     4.958s 
2026-08-20T10:19:54.2553572Z          639228178752155549:   |       |       x       x        0.094s     5.051s .
2026-08-20T10:19:54.2557462Z          639228178753094232:   17      |       x       x        0.016s     5.067s 
2026-08-20T10:19:54.2559339Z          639228178753250475:   |       |       x       x        0.235s     5.302s ....
2026-08-20T10:19:54.2560272Z          639228178755599204:   7       |       x       x        0.031s     5.333s 
2026-08-20T10:19:54.2561539Z          639228178755911744:   |       |       x       x        1.563s     6.896s ...............................
2026-08-20T10:19:54.2562318Z          639228178771543539:   17      |       x       x        0.031s     6.928s 
2026-08-20T10:19:54.2563004Z          639228178771856005:   |       |       x       x        0.642s     7.569s ............
2026-08-20T10:19:54.2563687Z          639228178778271624:   7       |       x       x        0.172s     7.741s ...
2026-08-20T10:19:54.2564391Z          639228178779990614:   |       |       x       x        0.376s     8.117s .......
2026-08-20T10:19:54.2565203Z          639228178783753346:   17      |       20      x        1.219s     9.336s ........................
2026-08-20T10:19:54.2565919Z          639228178795944186:   7       |       |       x        0.016s     9.352s 
2026-08-20T10:19:54.2566614Z          639228178796100428:   15      |       |       x        0.094s     9.446s .
2026-08-20T10:19:54.2567482Z          639228178797038037:   |       |       |       x        0.016s     9.461s 
2026-08-20T10:19:54.2568127Z          639228178797194366:   |       |       |       x        0.329s     9.790s ......
2026-08-20T10:19:54.2568785Z          639228178800483502:   |       |       |       x        0.328s     10.119s ......
2026-08-20T10:19:54.2569889Z          639228178803768177:   x       |       |       x        7.648s     17.766s + (scale 1:100)
2026-08-20T10:19:54.2570735Z          639228178880244227:   x       |       |       x        2.534s     20.300s ..................................................
2026-08-20T10:19:54.2571548Z          639228178905582044:   10      11      |       4        0.031s     20.331s 
2026-08-20T10:19:54.2573619Z          639228178905894468:   x       |       |       |        0.016s     20.347s 
2026-08-20T10:19:54.2574810Z          639228178906050740:   10      |       |       |        0.047s     20.394s 
2026-08-20T10:19:54.2575873Z          639228178906519572:   |       |       |       |        0.016s     20.410s 
2026-08-20T10:19:54.2576837Z          639228178906675798:   |       |       |       |        0.578s     20.988s ...........
2026-08-20T10:19:54.2577570Z          639228178912456968:   |       |       |       |        0.016s     21.003s 
2026-08-20T10:19:54.2578529Z          639228178912614304:   |       |       |       |        1.188s     22.192s .......................
2026-08-20T10:19:54.2579242Z          639228178924496786:   |       |       |       |        0.016s     22.207s 
2026-08-20T10:19:54.2580048Z          639228178924653057:   |       |       |       |        2.815s     25.022s ........................................................
2026-08-20T10:19:54.2581080Z          639228178952799715:   |       |       |       |        2.591s     27.613s ...................................................
2026-08-20T10:19:54.2581914Z          639228178978711503:   |       |       |       |        0.100s     27.713s ..
2026-08-20T10:19:54.2583284Z          639228178979714036:   |       29      |       |        0.016s     27.729s 
2026-08-20T10:19:54.2583914Z          639228178979870413:   30      |       13      |        0.047s     27.776s 
2026-08-20T10:19:54.2584536Z          639228178980339038:   32      |       |       |        0.016s     27.792s 
2026-08-20T10:19:54.2585191Z          639228178980495337:   |       |       |       |        0.406s     28.198s ........
2026-08-20T10:19:54.2585881Z          639228178984557820:   |       |       |       x        1.219s     29.417s ........................
2026-08-20T10:19:54.2586506Z          639228178996751405:   |       |       |       x        0.031s     29.448s 
2026-08-20T10:19:54.2587095Z          639228178997063995:   |       |       |       x        1.079s     30.528s .....................
2026-08-20T10:19:54.2588497Z          639228179007856888:   |       |       |       x        1.298s     31.826s .........................
2026-08-20T10:19:54.2589322Z          639228179020837941:   |       |       x       x        0.312s     32.138s ......
2026-08-20T10:19:54.2590204Z          639228179023962713:   |       11      x       x        3.174s     35.313s ...............................................................
2026-08-20T10:19:54.2591045Z          639228179055705236:   |       1       x       12       0.016s     35.328s 
2026-08-20T10:19:54.2591708Z          639228179055861513:   |       |       x       |        0.047s     35.375s 
2026-08-20T10:19:54.2592324Z          639228179056330379:   |       |       x       |        0.047s     35.422s 
2026-08-20T10:19:54.2592991Z          639228179056799041:   |       |       x       |        0.516s     35.938s ..........
2026-08-20T10:19:54.2593654Z          639228179061957755:   |       |       x       |        0.031s     35.969s 
2026-08-20T10:19:54.2594359Z          639228179062270016:   |       |       x       |        0.970s     36.939s ...................
2026-08-20T10:19:54.2595176Z          639228179071968814:   |       |       x       |        0.016s     36.955s 
2026-08-20T10:19:54.2595971Z          639228179072125119:   |       |       x       |        3.158s     40.112s ...............................................................
2026-08-20T10:19:54.2596946Z          639228179103703156:   |       |       x       |        3.204s     43.316s ................................................................
2026-08-20T10:19:54.2597740Z          639228179135740453:   |       46      x       |        0.016s     43.332s 
2026-08-20T10:19:54.2598417Z          639228179135896694:   |       |       x       x        22.122s     65.454s ++++ (scale 1:100)
2026-08-20T10:19:54.2599153Z          639228179357119404:   |       1       x       x        5.894s     71.348s + (scale 1:100)
2026-08-20T10:19:54.2599867Z          639228179416061901:   5       50      51      x        0.078s     71.426s .
2026-08-20T10:19:54.2600530Z          639228179416843085:   |       |       x       67       0.016s     71.442s 
2026-08-20T10:19:54.2601189Z          639228179416999247:   |       |       x       x        0.016s     71.458s 
2026-08-20T10:19:54.2601834Z          639228179417155488:   |       68      51      x        0.063s     71.520s .
2026-08-20T10:19:54.2602482Z          639228179417781348:   |       |       |       x        0.016s     71.536s 
2026-08-20T10:19:54.2603119Z          639228179417937718:   75      |       x       76       0.016s     71.551s 
2026-08-20T10:19:54.2603761Z          639228179418093884:   5       |       51      x        0.031s     71.583s 
2026-08-20T10:19:54.2604421Z          639228179418406443:   |       |       |       x        0.547s     72.130s ..........
2026-08-20T10:19:54.2605059Z          639228179423875400:   |       |       |       x        0.016s     72.145s 
2026-08-20T10:19:54.2605737Z          639228179424031391:   |       |       |       x        0.954s     73.099s ...................
2026-08-20T10:19:54.2606410Z          639228179433569092:   |       |       |       x        0.016s     73.115s 
2026-08-20T10:19:54.2607098Z          639228179433725856:   |       |       |       x        12.318s     85.432s ++ (scale 1:100)
2026-08-20T10:19:54.2607769Z          639228179556901606:   |       |       |       x        0.067s     85.499s .
2026-08-20T10:19:54.2609529Z          639228179557574473:   |       |       |       x        2.513s     88.013s ..................................................
2026-08-20T10:19:54.2610495Z          639228179582707818:   |       |       |       x        2.785s     90.798s .......................................................
2026-08-20T10:19:54.2611311Z          639228179610555859:   |       |       |       x        6.317s     97.115s + (scale 1:100)
2026-08-20T10:19:54.2611981Z          639228179673725808:   |       77      |       x        0.062s     97.177s .
2026-08-20T10:19:54.2613685Z          639228179674350770:   6       78      |       x        0.062s     97.240s .
2026-08-20T10:19:54.2614572Z          639228179674975636:   82      |       |       x        0.052s     97.291s .
2026-08-20T10:19:54.2614993Z          639228179675490914:   85      |       |       x        0.027s     97.318s 
2026-08-20T10:19:54.2615411Z          639228179675758293:   |       |       |       x        0.596s     97.913s ...........
2026-08-20T10:19:54.2615857Z          639228179681713746:   |       |       2       90       0.079s     97.992s .
2026-08-20T10:19:54.2616246Z          639228179682499881:   |       |       51      101      0.031s     98.023s 
2026-08-20T10:19:54.2616663Z          639228179682812393:   3       |       2       |        0.157s     98.180s ...
2026-08-20T10:19:54.2617057Z          639228179684379314:   |       |       |       |        0.016s     98.196s 
2026-08-20T10:19:54.2617479Z          639228179684535579:   |       |       |       |        0.766s     98.961s ...............
2026-08-20T10:19:54.2617891Z          639228179692192478:   |       |       |       |        0.016s     98.977s 
2026-08-20T10:19:54.2618518Z          639228179692348457:   |       |       |       |        2.018s     100.995s ........................................
2026-08-20T10:19:54.2619008Z          639228179712527909:   |       |       |       |        1.393s     102.387s ...........................
2026-08-20T10:19:54.2619547Z          639228179726453746:   |       |       x       |        2.861s     105.248s .........................................................
2026-08-20T10:19:54.2620173Z          639228179755059554:   |       |       x       |        4.550s     109.798s ..........................................................................................
2026-08-20T10:19:54.2620713Z          639228179800555704:   8       x       x       108      0.062s     109.860s .
2026-08-20T10:19:54.2621132Z          639228179801180659:   |       124     125     x        0.016s     109.876s 
2026-08-20T10:19:54.2621529Z          639228179801336919:   |       x       126     108      0.031s     109.907s 
2026-08-20T10:19:54.2621919Z          639228179801649438:   |       133     134     x        0.016s     109.923s 
2026-08-20T10:19:54.2622305Z          639228179801805663:   |       x       135     108      0.016s     109.938s 
2026-08-20T10:19:54.2622726Z          639228179801961920:   |       x       |       |        12.208s     122.146s ++ (scale 1:100)
2026-08-20T10:19:54.2623194Z          639228179924040635:   |       x       |       |        1.766s     123.912s ...................................
2026-08-20T10:19:54.2623638Z          639228179941698183:   |       142     144     |        0.047s     123.959s 
2026-08-20T10:19:54.2624041Z          639228179941698183:   0       |       |       x        0.047s     124.006s 
2026-08-20T10:19:54.2624555Z          -----------------------------------------------------------------------------------------------------------------------------------
2026-08-20T10:19:54.2625087Z          Utilization:          33.9    67.8    32.4    26.2     Average Utilization: 40.1
2026-08-20T10:19:54.2625363Z 
2026-08-20T10:19:54.2625444Z Build succeeded.
2026-08-20T10:19:54.2625663Z     0 Warning(s)
2026-08-20T10:19:54.2625853Z     0 Error(s)
2026-08-20T10:19:54.2625973Z 
2026-08-20T10:19:54.2626063Z Time Elapsed 00:02:04.03
2026-08-20T10:19:54.3929418Z ##[group]Run & .\Build\Scripts\Assert-BuildToolchain.ps1 `
2026-08-20T10:19:54.3930032Z [36;1m& .\Build\Scripts\Assert-BuildToolchain.ps1 `[0m
2026-08-20T10:19:54.3930414Z [36;1m  -BuildLog artifacts\logs\build-Release-x64.log `[0m
2026-08-20T10:19:54.3930769Z [36;1m  -ExpectedHost HostX64 `[0m
2026-08-20T10:19:54.3931131Z [36;1m  -SummaryPath artifacts\logs\build-toolchain-Release-x64.json[0m
2026-08-20T10:19:54.3931562Z [36;1mif ($LASTEXITCODE -ne 0) { exit $LASTEXITCODE }[0m
2026-08-20T10:19:54.3962099Z shell: C:\Program Files\PowerShell\7\pwsh.EXE -command ". '{0}'"
2026-08-20T10:19:54.3962436Z env:
2026-08-20T10:19:54.3962850Z   MSBUILD_EXE: C:\Program Files\Microsoft Visual Studio\2022\Enterprise\MSBuild\Current\Bin\amd64\MSBuild.exe
2026-08-20T10:19:54.3963444Z   VCPKG_ROOT: C:\Users\runneradmin\AppData\Local\OpenCppCoverage\vcpkg
2026-08-20T10:19:54.3963784Z ##[endgroup]
2026-08-20T10:19:54.7738087Z cl     HostX64\x64 toolset 14.44.35207 x32
2026-08-20T10:19:54.7745921Z link   HostX64\x64 toolset 14.44.35207 x17
2026-08-20T10:19:54.7757995Z Build host toolchain verified: every compiler and linker invocation came from HostX64.
2026-08-20T10:19:54.8298315Z ##[group]Run & .\Build\Scripts\RunTests.ps1 -Platform x64 `
2026-08-20T10:19:54.8298975Z [36;1m& .\Build\Scripts\RunTests.ps1 -Platform x64 `[0m
2026-08-20T10:19:54.8299404Z [36;1m  -Configuration Release -LogDirectory artifacts\logs[0m
2026-08-20T10:19:54.8299793Z [36;1mif ($LASTEXITCODE -ne 0) { exit $LASTEXITCODE }[0m
2026-08-20T10:19:54.8329344Z shell: C:\Program Files\PowerShell\7\pwsh.EXE -command ". '{0}'"
2026-08-20T10:19:54.8329693Z env:
2026-08-20T10:19:54.8330102Z   MSBUILD_EXE: C:\Program Files\Microsoft Visual Studio\2022\Enterprise\MSBuild\Current\Bin\amd64\MSBuild.exe
2026-08-20T10:19:54.8330822Z   VCPKG_ROOT: C:\Users\runneradmin\AppData\Local\OpenCppCoverage\vcpkg
2026-08-20T10:19:54.8331170Z ##[endgroup]
2026-08-20T10:19:55.2279134Z Running CppCoverageTest --gtest_filter=-CodeCoverageRunnerTest.OptimizedBuild
2026-08-20T10:20:00.3419323Z Running ExporterTest 
2026-08-20T10:20:00.5029964Z Running FileFilterTest 
2026-08-20T10:20:00.6429152Z Running OpenCppCoverageTest 
2026-08-20T10:20:06.5085222Z Running PluginTest 
2026-08-20T10:20:06.5195025Z Running ToolsTest 
2026-08-20T10:20:06.5512561Z Test summary written to artifacts\logs\test-summary-x64-Release.json
2026-08-20T10:20:06.5604833Z 
2026-08-20T10:20:06.5605281Z Name                ExitCode Ran Passed
2026-08-20T10:20:06.5605891Z ----                -------- --- ------
2026-08-20T10:20:06.5606511Z CppCoverageTest            0 116    116
2026-08-20T10:20:06.5606796Z ExporterTest               0  34     34
2026-08-20T10:20:06.5607051Z FileFilterTest             0  29     29
2026-08-20T10:20:06.5608244Z OpenCppCoverageTest        0  19     19
2026-08-20T10:20:06.5608666Z PluginTest                 0   5      5
2026-08-20T10:20:06.5608928Z ToolsTest                  0  12     12
2026-08-20T10:20:06.5609106Z 
2026-08-20T10:20:06.5609110Z 
2026-08-20T10:20:06.5622389Z All test suites passed for x64|Release.
2026-08-20T10:20:06.6211997Z ##[group]Run & .\Build\Scripts\RunEndToEnd.ps1 -Platform x64 `
2026-08-20T10:20:06.6212465Z [36;1m& .\Build\Scripts\RunEndToEnd.ps1 -Platform x64 `[0m
2026-08-20T10:20:06.6212856Z [36;1m  -Configuration Release -LogDirectory artifacts\logs[0m
2026-08-20T10:20:06.6213227Z [36;1mif ($LASTEXITCODE -ne 0) { exit $LASTEXITCODE }[0m
2026-08-20T10:20:06.6242595Z shell: C:\Program Files\PowerShell\7\pwsh.EXE -command ". '{0}'"
2026-08-20T10:20:06.6242983Z env:
2026-08-20T10:20:06.6243402Z   MSBUILD_EXE: C:\Program Files\Microsoft Visual Studio\2022\Enterprise\MSBuild\Current\Bin\amd64\MSBuild.exe
2026-08-20T10:20:06.6243983Z   VCPKG_ROOT: C:\Users\runneradmin\AppData\Local\OpenCppCoverage\vcpkg
2026-08-20T10:20:06.6244325Z ##[endgroup]
2026-08-20T10:20:06.9583235Z Running: D:\a\OpenCppCoverage-ARM64\OpenCppCoverage-ARM64\x64\Release\OpenCppCoverage.exe --sources TestCoverageConsole --export_type=cobertura:artifacts\logs\e2e-cobertura-x64-Release.xml -- D:\a\OpenCppCoverage-ARM64\OpenCppCoverage-ARM64\x64\Release\TestCoverageConsole.exe TestBasic
2026-08-20T10:20:07.0222339Z [31;1m[info] Start Program:[0m
2026-08-20T10:20:07.0233667Z [31;1mPath:"D:\\a\\OpenCppCoverage-ARM64\\OpenCppCoverage-ARM64\\x64\\Release\\TestCoverageConsole.exe"[0m
2026-08-20T10:20:07.0245474Z [31;1mArguments:TestBasic [0m
2026-08-20T10:20:07.0254306Z [31;1mWorking directory: not set.[0m
2026-08-20T10:20:07.0261297Z [31;1mModules: Selected: * Excluded: [0m
2026-08-20T10:20:07.0269013Z [31;1mSources: Selected: TestCoverageConsole Excluded: [0m
2026-08-20T10:20:07.0276625Z [31;1mLog Level: Normal[0m
2026-08-20T10:20:07.0282031Z [31;1mCover Children: 0[0m
2026-08-20T10:20:07.0287514Z [31;1mAggregate by file: 1[0m
2026-08-20T10:20:07.0292885Z [31;1mContinue after C++ exception: 0[0m
2026-08-20T10:20:07.0297882Z [31;1mOptimized build support: 0[0m
2026-08-20T10:20:07.0303369Z [31;1mExport: cobertura artifacts\logs\e2e-cobertura-x64-Release.xml [0m
2026-08-20T10:20:07.0308311Z [31;1mInput coverage: [0m
2026-08-20T10:20:07.0314312Z [31;1mUnified diff: [0m
2026-08-20T10:20:07.0322599Z [31;1mExcluded line regular expressions: [0m
2026-08-20T10:20:07.0328578Z [31;1mSubstitute pdb source paths: [0m
2026-08-20T10:20:07.0338860Z [31;1m[info] Module: D:\a\OpenCppCoverage-ARM64\OpenCppCoverage-ARM64\x64\Release\TestCoverageConsole.exe is selected because it matches selected pattern: *[0m
2026-08-20T10:20:07.0352205Z [31;1m[info] Module: C:\Windows\System32\ntdll.dll is selected because it matches selected pattern: *[0m
2026-08-20T10:20:07.0360434Z [31;1m[info] Module: C:\Windows\System32\kernel32.dll is selected because it matches selected pattern: *[0m
2026-08-20T10:20:07.0368620Z [31;1m[info] Module: C:\Windows\System32\KernelBase.dll is selected because it matches selected pattern: *[0m
2026-08-20T10:20:07.0374672Z [31;1m[info] Module: C:\Windows\System32\ucrtbase.dll is selected because it matches selected pattern: *[0m
2026-08-20T10:20:07.0380797Z [31;1m[info] Module: D:\a\OpenCppCoverage-ARM64\OpenCppCoverage-ARM64\x64\Release\PocoFoundation.dll is selected because it matches selected pattern: *[0m
2026-08-20T10:20:07.0389491Z [31;1m[info] Module: D:\a\OpenCppCoverage-ARM64\OpenCppCoverage-ARM64\x64\Release\TestCoverageOptimizedBuild.dll is selected because it matches selected pattern: *[0m
2026-08-20T10:20:07.0399272Z [31;1m[info] Module: D:\a\OpenCppCoverage-ARM64\OpenCppCoverage-ARM64\x64\Release\TestCoverageSharedLib.dll is selected because it matches selected pattern: *[0m
2026-08-20T10:20:07.0405656Z [31;1m[info] Module: D:\a\OpenCppCoverage-ARM64\OpenCppCoverage-ARM64\x64\Release\Tools.dll is selected because it matches selected pattern: *[0m
2026-08-20T10:20:07.0412707Z [31;1m[info] Module: C:\Windows\System32\advapi32.dll is selected because it matches selected pattern: *[0m
2026-08-20T10:20:07.0420914Z [31;1m[info] Module: C:\Windows\System32\msvcp140.dll is selected because it matches selected pattern: *[0m
2026-08-20T10:20:07.0430091Z [31;1m[info] Module: C:\Windows\System32\vcruntime140_1.dll is selected because it matches selected pattern: *[0m
2026-08-20T10:20:07.0433121Z [31;1m[info] Module: C:\Windows\System32\msvcrt.dll is selected because it matches selected pattern: *[0m
2026-08-20T10:20:07.0439718Z [31;1m[info] Module: C:\Windows\System32\vcruntime140.dll is selected because it matches selected pattern: *[0m
2026-08-20T10:20:07.0447824Z [31;1m[info] Module: C:\Windows\System32\sechost.dll is selected because it matches selected pattern: *[0m
2026-08-20T10:20:07.0454611Z [31;1m[info] Module: D:\a\OpenCppCoverage-ARM64\OpenCppCoverage-ARM64\x64\Release\Plugin.dll is selected because it matches selected pattern: *[0m
2026-08-20T10:20:07.0476767Z [31;1m[info] Module: C:\Windows\System32\bcrypt.dll is selected because it matches selected pattern: *[0m
2026-08-20T10:20:07.0563537Z [31;1m[info] Module: D:\a\OpenCppCoverage-ARM64\OpenCppCoverage-ARM64\x64\Release\pcre2-8.dll is selected because it matches selected pattern: *[0m
2026-08-20T10:20:07.0596697Z [31;1m[info] Module: C:\Windows\System32\rpcrt4.dll is selected because it matches selected pattern: *[0m
2026-08-20T10:20:07.0657369Z [31;1m[info] Module: D:\a\OpenCppCoverage-ARM64\OpenCppCoverage-ARM64\x64\Release\z.dll is selected because it matches selected pattern: *[0m
2026-08-20T10:20:07.0691321Z [31;1m[info] Module: D:\a\OpenCppCoverage-ARM64\OpenCppCoverage-ARM64\x64\Release\utf8proc.dll is selected because it matches selected pattern: *[0m
2026-08-20T10:20:07.0728453Z [31;1m[info] Module: C:\Windows\System32\IPHLPAPI.DLL is selected because it matches selected pattern: *[0m
2026-08-20T10:20:07.0737290Z [31;1m[info] Module: D:\a\OpenCppCoverage-ARM64\OpenCppCoverage-ARM64\x64\Release\boost_iostreams-vc143-mt-x64-1_91.dll is selected because it matches selected pattern: *[0m
2026-08-20T10:20:07.0742831Z [31;1m[info] Module: D:\a\OpenCppCoverage-ARM64\OpenCppCoverage-ARM64\x64\Release\boost_log-vc143-mt-x64-1_91.dll is selected because it matches selected pattern: *[0m
2026-08-20T10:20:07.0747250Z [31;1m[info] Module: D:\a\OpenCppCoverage-ARM64\OpenCppCoverage-ARM64\x64\Release\boost_locale-vc143-mt-x64-1_91.dll is selected because it matches selected pattern: *[0m
2026-08-20T10:20:07.0754471Z [31;1m[info] Module: C:\Windows\System32\dbghelp.dll is selected because it matches selected pattern: *[0m
2026-08-20T10:20:07.0760956Z [31;1m[info] Module: D:\a\OpenCppCoverage-ARM64\OpenCppCoverage-ARM64\x64\Release\boost_thread-vc143-mt-x64-1_91.dll is selected because it matches selected pattern: *[0m
2026-08-20T10:20:07.0766372Z [31;1m[info] Module: D:\a\OpenCppCoverage-ARM64\OpenCppCoverage-ARM64\x64\Release\bz2.dll is selected because it matches selected pattern: *[0m
2026-08-20T10:20:07.0772866Z [31;1m[info] Module: D:\a\OpenCppCoverage-ARM64\OpenCppCoverage-ARM64\x64\Release\liblzma.dll is selected because it matches selected pattern: *[0m
2026-08-20T10:20:07.0778930Z [31;1m[info] Module: D:\a\OpenCppCoverage-ARM64\OpenCppCoverage-ARM64\x64\Release\zstd.dll is selected because it matches selected pattern: *[0m
2026-08-20T10:20:07.0785796Z [31;1m[info] Module: C:\Windows\System32\ws2_32.dll is selected because it matches selected pattern: *[0m
2026-08-20T10:20:07.0792703Z [31;1m[info] Module: D:\a\OpenCppCoverage-ARM64\OpenCppCoverage-ARM64\x64\Release\boost_filesystem-vc143-mt-x64-1_91.dll is selected because it matches selected pattern: *[0m
2026-08-20T10:20:07.0798691Z [31;1m[info] Module: C:\Windows\System32\dbgcore.dll is selected because it matches selected pattern: *[0m
2026-08-20T10:20:07.0804912Z [31;1m[info] Module: C:\Windows\System32\secur32.dll is selected because it matches selected pattern: *[0m
2026-08-20T10:20:07.0811758Z [31;1m[info] Module: C:\Windows\System32\msvcp140_codecvt_ids.dll is selected because it matches selected pattern: *[0m
2026-08-20T10:20:07.0817813Z [31;1m[info] Module: C:\Windows\System32\sspicli.dll is selected because it matches selected pattern: *[0m
2026-08-20T10:20:07.0825320Z [31;1m[info] Module: C:\Windows\System32\kernel.appcore.dll is selected because it matches selected pattern: *[0m
2026-08-20T10:20:07.0832132Z [31;1m[info] ----------------------------------------------------[0m
2026-08-20T10:20:07.0838772Z [31;1m[info] Cobertura report generated: artifacts\logs\e2e-cobertura-x64-Release.xml[0m
2026-08-20T10:20:07.0844894Z [31;1m[info] ----------------------------------------------------[0m
2026-08-20T10:20:07.0851377Z [31;1m[info] The code coverage report is not what you expect? See the FAQ https://github.com/OpenCppCoverage/OpenCppCoverage/wiki/FAQ.[0m
2026-08-20T10:20:07.1319051Z End-to-end coverage verified on x64|Release: 3/25 lines executed in TestBasic.cpp, unreachable line 36 correctly reported as not executed.
2026-08-20T10:20:07.1325289Z Summary written to artifacts\logs\e2e-summary-x64-Release.json
2026-08-20T10:20:07.1916128Z ##[group]Run & .\CreateRelease.ps1 -Platform x64 -Configuration Release 2>&1 |
2026-08-20T10:20:07.1916854Z [36;1m& .\CreateRelease.ps1 -Platform x64 -Configuration Release 2>&1 |[0m
2026-08-20T10:20:07.1917269Z [36;1m  Tee-Object artifacts\logs\package-x64.log[0m
2026-08-20T10:20:07.1917653Z [36;1mif ($LASTEXITCODE -ne 0) { exit $LASTEXITCODE }[0m
2026-08-20T10:20:07.1946936Z shell: C:\Program Files\PowerShell\7\pwsh.EXE -command ". '{0}'"
2026-08-20T10:20:07.1947291Z env:
2026-08-20T10:20:07.1947707Z   MSBUILD_EXE: C:\Program Files\Microsoft Visual Studio\2022\Enterprise\MSBuild\Current\Bin\amd64\MSBuild.exe
2026-08-20T10:20:07.1948275Z   VCPKG_ROOT: C:\Users\runneradmin\AppData\Local\OpenCppCoverage\vcpkg
2026-08-20T10:20:07.1948692Z ##[endgroup]
2026-08-20T10:20:10.6824743Z {
2026-08-20T10:20:10.6825544Z   "Package": "D:\\a\\OpenCppCoverage-ARM64\\OpenCppCoverage-ARM64\\artifacts\\OpenCppCoverage-0.9.9.0-windows-x64.zip",
2026-08-20T10:20:10.6826370Z   "Size": 16378292,
2026-08-20T10:20:10.6826811Z   "Sha256": "4f445e8aa73cf69f67f6b84f737d732c9580ca3c4d32839a5cdc0edf30b42a36",
2026-08-20T10:20:10.6827688Z   "Checksum": "D:\\a\\OpenCppCoverage-ARM64\\OpenCppCoverage-ARM64\\artifacts\\OpenCppCoverage-0.9.9.0-windows-x64.zip.sha256",
2026-08-20T10:20:10.6828796Z   "Staging": "D:\\a\\OpenCppCoverage-ARM64\\OpenCppCoverage-ARM64\\artifacts\\staging\\OpenCppCoverage-0.9.9.0-windows-x64",
2026-08-20T10:20:10.6829952Z   "Expanded": "D:\\a\\OpenCppCoverage-ARM64\\OpenCppCoverage-ARM64\\artifacts\\expanded\\OpenCppCoverage-0.9.9.0-windows-x64",
2026-08-20T10:20:10.6830669Z   "PeImageCount": 35,
2026-08-20T10:20:10.6830982Z   "FileCount": 155,
2026-08-20T10:20:10.6831312Z   "DependencyCount": 103,
2026-08-20T10:20:10.6831807Z   "CrtSource": "C:\\Program Files\\Microsoft Visual Studio\\2022\\Enterprise\\VC\\Redist\\MSVC\\14.44.35112\\x64\\Microsoft.VC143.CRT",
2026-08-20T10:20:10.6832782Z   "CrtStaged": [
2026-08-20T10:20:10.6833055Z     "concrt140.dll",
2026-08-20T10:20:10.6833368Z     "msvcp140_1.dll",
2026-08-20T10:20:10.6834201Z     "msvcp140_2.dll",
2026-08-20T10:20:10.6834587Z     "msvcp140_atomic_wait.dll",
2026-08-20T10:20:10.6835926Z     "msvcp140_codecvt_ids.dll",
2026-08-20T10:20:10.6836307Z     "msvcp140.dll",
2026-08-20T10:20:10.6836587Z     "vccorlib140.dll",
2026-08-20T10:20:10.6836881Z     "vcruntime140_1.dll",
2026-08-20T10:20:10.6837191Z     "vcruntime140_threads.dll",
2026-08-20T10:20:10.6837477Z     "vcruntime140.dll"
2026-08-20T10:20:10.6837748Z   ],
2026-08-20T10:20:10.6837966Z   "CrtNotStaged": []
2026-08-20T10:20:10.6838223Z }
2026-08-20T10:20:10.7634927Z ##[group]Run $packageRoot = Get-ChildItem artifacts\expanded -Directory |
2026-08-20T10:20:10.7635584Z [36;1m$packageRoot = Get-ChildItem artifacts\expanded -Directory |[0m
2026-08-20T10:20:10.7636029Z [36;1m  Select-Object -First 1 -ExpandProperty FullName[0m
2026-08-20T10:20:10.7636457Z [36;1mif (-not $packageRoot) { throw "No re-expanded package was found." }[0m
2026-08-20T10:20:10.7636884Z [36;1m& .\Build\Scripts\RunEndToEnd.ps1 -Platform x64 `[0m
2026-08-20T10:20:10.7637287Z [36;1m  -Configuration Release -LogDirectory artifacts\logs `[0m
2026-08-20T10:20:10.7637674Z [36;1m  -PackageRoot $packageRoot -Label packaged 2>&1 |[0m
2026-08-20T10:20:10.7638038Z [36;1m  Tee-Object artifacts\logs\e2e-packaged-x64.log[0m
2026-08-20T10:20:10.7638415Z [36;1mif ($LASTEXITCODE -ne 0) { exit $LASTEXITCODE }[0m
2026-08-20T10:20:10.7667927Z shell: C:\Program Files\PowerShell\7\pwsh.EXE -command ". '{0}'"
2026-08-20T10:20:10.7668264Z env:
2026-08-20T10:20:10.7668735Z   MSBUILD_EXE: C:\Program Files\Microsoft Visual Studio\2022\Enterprise\MSBuild\Current\Bin\amd64\MSBuild.exe
2026-08-20T10:20:10.7669291Z   VCPKG_ROOT: C:\Users\runneradmin\AppData\Local\OpenCppCoverage\vcpkg
2026-08-20T10:20:10.7669638Z ##[endgroup]
2026-08-20T10:20:11.1483211Z Running: D:\a\OpenCppCoverage-ARM64\OpenCppCoverage-ARM64\artifacts\expanded\OpenCppCoverage-0.9.9.0-windows-x64\Binaries\OpenCppCoverage.exe --sources TestCoverageConsole --export_type=cobertura:artifacts\logs\e2e-cobertura-x64-Release-packaged.xml -- D:\a\OpenCppCoverage-ARM64\OpenCppCoverage-ARM64\x64\Release\TestCoverageConsole.exe TestBasic
2026-08-20T10:20:11.4089697Z [31;1m[info] Start Program:[0m
2026-08-20T10:20:11.4134083Z [31;1mPath:"D:\\a\\OpenCppCoverage-ARM64\\OpenCppCoverage-ARM64\\x64\\Release\\TestCoverageConsole.exe"[0m
2026-08-20T10:20:11.4144298Z [31;1mArguments:TestBasic [0m
2026-08-20T10:20:11.4168294Z [31;1mWorking directory: not set.[0m
2026-08-20T10:20:11.4182555Z [31;1mModules: Selected: * Excluded: [0m
2026-08-20T10:20:11.4196700Z [31;1mSources: Selected: TestCoverageConsole Excluded: [0m
2026-08-20T10:20:11.4207588Z [31;1mLog Level: Normal[0m
2026-08-20T10:20:11.4218665Z [31;1mCover Children: 0[0m
2026-08-20T10:20:11.4230804Z [31;1mAggregate by file: 1[0m
2026-08-20T10:20:11.4242925Z [31;1mContinue after C++ exception: 0[0m
2026-08-20T10:20:11.4253853Z [31;1mOptimized build support: 0[0m
2026-08-20T10:20:11.4264806Z [31;1mExport: cobertura artifacts\logs\e2e-cobertura-x64-Release-packaged.xml [0m
2026-08-20T10:20:11.4275759Z [31;1mInput coverage: [0m
2026-08-20T10:20:11.4288178Z [31;1mUnified diff: [0m
2026-08-20T10:20:11.4300872Z [31;1mExcluded line regular expressions: [0m
2026-08-20T10:20:11.4315839Z [31;1mSubstitute pdb source paths: [0m
2026-08-20T10:20:11.4343123Z [31;1m[info] Module: D:\a\OpenCppCoverage-ARM64\OpenCppCoverage-ARM64\x64\Release\TestCoverageConsole.exe is selected because it matches selected pattern: *[0m
2026-08-20T10:20:11.4357559Z [31;1m[info] Module: C:\Windows\System32\ntdll.dll is selected because it matches selected pattern: *[0m
2026-08-20T10:20:11.4364648Z [31;1m[info] Module: C:\Windows\System32\kernel32.dll is selected because it matches selected pattern: *[0m
2026-08-20T10:20:11.4376664Z [31;1m[info] Module: C:\Windows\System32\KernelBase.dll is selected because it matches selected pattern: *[0m
2026-08-20T10:20:11.4393032Z [31;1m[info] Module: C:\Windows\System32\ucrtbase.dll is selected because it matches selected pattern: *[0m
2026-08-20T10:20:11.4403495Z [31;1m[info] Module: D:\a\OpenCppCoverage-ARM64\OpenCppCoverage-ARM64\x64\Release\PocoFoundation.dll is selected because it matches selected pattern: *[0m
2026-08-20T10:20:11.4413322Z [31;1m[info] Module: D:\a\OpenCppCoverage-ARM64\OpenCppCoverage-ARM64\x64\Release\TestCoverageOptimizedBuild.dll is selected because it matches selected pattern: *[0m
2026-08-20T10:20:11.4424467Z [31;1m[info] Module: D:\a\OpenCppCoverage-ARM64\OpenCppCoverage-ARM64\x64\Release\TestCoverageSharedLib.dll is selected because it matches selected pattern: *[0m
2026-08-20T10:20:11.4431791Z [31;1m[info] Module: D:\a\OpenCppCoverage-ARM64\OpenCppCoverage-ARM64\x64\Release\Tools.dll is selected because it matches selected pattern: *[0m
2026-08-20T10:20:11.4439327Z [31;1m[info] Module: C:\Windows\System32\advapi32.dll is selected because it matches selected pattern: *[0m
2026-08-20T10:20:11.4446719Z [31;1m[info] Module: C:\Windows\System32\msvcp140.dll is selected because it matches selected pattern: *[0m
2026-08-20T10:20:11.4453182Z [31;1m[info] Module: C:\Windows\System32\vcruntime140_1.dll is selected because it matches selected pattern: *[0m
2026-08-20T10:20:11.4460746Z [31;1m[info] Module: C:\Windows\System32\msvcrt.dll is selected because it matches selected pattern: *[0m
2026-08-20T10:20:11.4466535Z [31;1m[info] Module: C:\Windows\System32\vcruntime140.dll is selected because it matches selected pattern: *[0m
2026-08-20T10:20:11.4473380Z [31;1m[info] Module: C:\Windows\System32\sechost.dll is selected because it matches selected pattern: *[0m
2026-08-20T10:20:11.4479004Z [31;1m[info] Module: D:\a\OpenCppCoverage-ARM64\OpenCppCoverage-ARM64\x64\Release\Plugin.dll is selected because it matches selected pattern: *[0m
2026-08-20T10:20:11.4501888Z [31;1m[info] Module: C:\Windows\System32\bcrypt.dll is selected because it matches selected pattern: *[0m
2026-08-20T10:20:11.4822551Z [31;1m[info] Module: C:\Windows\System32\rpcrt4.dll is selected because it matches selected pattern: *[0m
2026-08-20T10:20:11.4832770Z [31;1m[info] Module: C:\Windows\System32\dbghelp.dll is selected because it matches selected pattern: *[0m
2026-08-20T10:20:11.4843147Z [31;1m[info] Module: D:\a\OpenCppCoverage-ARM64\OpenCppCoverage-ARM64\x64\Release\pcre2-8.dll is selected because it matches selected pattern: *[0m
2026-08-20T10:20:11.4853142Z [31;1m[info] Module: D:\a\OpenCppCoverage-ARM64\OpenCppCoverage-ARM64\x64\Release\boost_iostreams-vc143-mt-x64-1_91.dll is selected because it matches selected pattern: *[0m
2026-08-20T10:20:11.4861911Z [31;1m[info] Module: D:\a\OpenCppCoverage-ARM64\OpenCppCoverage-ARM64\x64\Release\utf8proc.dll is selected because it matches selected pattern: *[0m
2026-08-20T10:20:11.4871518Z [31;1m[info] Module: C:\Windows\System32\IPHLPAPI.DLL is selected because it matches selected pattern: *[0m
2026-08-20T10:20:11.4881572Z [31;1m[info] Module: D:\a\OpenCppCoverage-ARM64\OpenCppCoverage-ARM64\x64\Release\boost_locale-vc143-mt-x64-1_91.dll is selected because it matches selected pattern: *[0m
2026-08-20T10:20:11.4891255Z [31;1m[info] Module: D:\a\OpenCppCoverage-ARM64\OpenCppCoverage-ARM64\x64\Release\boost_log-vc143-mt-x64-1_91.dll is selected because it matches selected pattern: *[0m
2026-08-20T10:20:11.4900280Z [31;1m[info] Module: D:\a\OpenCppCoverage-ARM64\OpenCppCoverage-ARM64\x64\Release\z.dll is selected because it matches selected pattern: *[0m
2026-08-20T10:20:11.4909398Z [31;1m[info] Module: D:\a\OpenCppCoverage-ARM64\OpenCppCoverage-ARM64\x64\Release\boost_thread-vc143-mt-x64-1_91.dll is selected because it matches selected pattern: *[0m
2026-08-20T10:20:11.4919361Z [31;1m[info] Module: C:\Windows\System32\ws2_32.dll is selected because it matches selected pattern: *[0m
2026-08-20T10:20:11.4930606Z [31;1m[info] Module: D:\a\OpenCppCoverage-ARM64\OpenCppCoverage-ARM64\x64\Release\bz2.dll is selected because it matches selected pattern: *[0m
2026-08-20T10:20:11.4939818Z [31;1m[info] Module: D:\a\OpenCppCoverage-ARM64\OpenCppCoverage-ARM64\x64\Release\liblzma.dll is selected because it matches selected pattern: *[0m
2026-08-20T10:20:11.4949070Z [31;1m[info] Module: D:\a\OpenCppCoverage-ARM64\OpenCppCoverage-ARM64\x64\Release\zstd.dll is selected because it matches selected pattern: *[0m
2026-08-20T10:20:11.4958486Z [31;1m[info] Module: D:\a\OpenCppCoverage-ARM64\OpenCppCoverage-ARM64\x64\Release\boost_filesystem-vc143-mt-x64-1_91.dll is selected because it matches selected pattern: *[0m
2026-08-20T10:20:11.4971374Z [31;1m[info] Module: C:\Windows\System32\secur32.dll is selected because it matches selected pattern: *[0m
2026-08-20T10:20:11.4981699Z [31;1m[info] Module: C:\Windows\System32\msvcp140_codecvt_ids.dll is selected because it matches selected pattern: *[0m
2026-08-20T10:20:11.4990614Z [31;1m[info] Module: C:\Windows\System32\dbgcore.dll is selected because it matches selected pattern: *[0m
2026-08-20T10:20:11.4999297Z [31;1m[info] Module: C:\Windows\System32\sspicli.dll is selected because it matches selected pattern: *[0m
2026-08-20T10:20:11.5007709Z [31;1m[info] Module: C:\Windows\System32\kernel.appcore.dll is selected because it matches selected pattern: *[0m
2026-08-20T10:20:11.5015769Z [31;1m[info] ----------------------------------------------------[0m
2026-08-20T10:20:11.5025685Z [31;1m[info] Cobertura report generated: artifacts\logs\e2e-cobertura-x64-Release-packaged.xml[0m
2026-08-20T10:20:11.5034392Z [31;1m[info] ----------------------------------------------------[0m
2026-08-20T10:20:11.5043200Z [31;1m[info] The code coverage report is not what you expect? See the FAQ https://github.com/OpenCppCoverage/OpenCppCoverage/wiki/FAQ.[0m
2026-08-20T10:20:11.5465459Z End-to-end coverage verified on x64|Release: 3/25 lines executed in TestBasic.cpp, unreachable line 36 correctly reported as not executed.
2026-08-20T10:20:11.5469972Z Summary written to artifacts\logs\e2e-summary-x64-Release-packaged.json
2026-08-20T10:20:11.6150656Z ##[group]Run & .\Build\Scripts\Assert-Results.ps1 -Platform x64 `
2026-08-20T10:20:11.6151329Z [36;1m& .\Build\Scripts\Assert-Results.ps1 -Platform x64 `[0m
2026-08-20T10:20:11.6151691Z [36;1m  -LogDirectory artifacts\logs[0m
2026-08-20T10:20:11.6152013Z [36;1mif ($LASTEXITCODE -ne 0) { exit $LASTEXITCODE }[0m
2026-08-20T10:20:11.6181511Z shell: C:\Program Files\PowerShell\7\pwsh.EXE -command ". '{0}'"
2026-08-20T10:20:11.6181854Z env:
2026-08-20T10:20:11.6182290Z   MSBUILD_EXE: C:\Program Files\Microsoft Visual Studio\2022\Enterprise\MSBuild\Current\Bin\amd64\MSBuild.exe
2026-08-20T10:20:11.6182843Z   VCPKG_ROOT: C:\Users\runneradmin\AppData\Local\OpenCppCoverage\vcpkg
2026-08-20T10:20:11.6183188Z ##[endgroup]
2026-08-20T10:20:11.9677762Z All recorded results for x64 are complete and fully passing (Debug, Release plus end-to-end).
2026-08-20T10:20:12.0220060Z Node 20 is being deprecated. This workflow is running with Node 24 by default. If you need to temporarily use Node 20, you can set the ACTIONS_ALLOW_USE_UNSECURE_NODE_VERSION=true environment variable. For more information see: https://github.blog/changelog/2025-09-19-deprecation-of-node-20-on-github-actions-runners/
2026-08-20T10:20:12.0221513Z ##[group]Run actions/upload-artifact@v4
2026-08-20T10:20:12.0221806Z with:
2026-08-20T10:20:12.0222063Z   name: logs-windows-x64
2026-08-20T10:20:12.0222324Z   path: artifacts/logs
2026-08-20T10:20:12.0222571Z   if-no-files-found: warn
2026-08-20T10:20:12.0222819Z   compression-level: 6
2026-08-20T10:20:12.0223054Z   overwrite: false
2026-08-20T10:20:12.0223315Z   include-hidden-files: false
2026-08-20T10:20:12.0223576Z env:
2026-08-20T10:20:12.0223993Z   MSBUILD_EXE: C:\Program Files\Microsoft Visual Studio\2022\Enterprise\MSBuild\Current\Bin\amd64\MSBuild.exe
2026-08-20T10:20:12.0224857Z   VCPKG_ROOT: C:\Users\runneradmin\AppData\Local\OpenCppCoverage\vcpkg
2026-08-20T10:20:12.0225224Z ##[endgroup]
2026-08-20T10:20:12.2200900Z (node:7144) [DEP0040] DeprecationWarning: The `punycode` module is deprecated. Please use a userland alternative instead.
2026-08-20T10:20:12.2201943Z (Use `node --trace-deprecation ...` to show where the warning was created)
2026-08-20T10:20:12.2343866Z With the provided path, there will be 36 files uploaded
2026-08-20T10:20:12.2349883Z Artifact name is valid!
2026-08-20T10:20:12.2351537Z Root directory input is valid!
2026-08-20T10:20:12.5884954Z Beginning upload of artifact content to blob storage
2026-08-20T10:20:12.7254447Z (node:7144) [DEP0169] DeprecationWarning: `url.parse()` behavior is not standardized and prone to errors that have security implications. Use the WHATWG URL API instead. CVEs are not issued for `url.parse()` vulnerabilities.
2026-08-20T10:20:13.3628548Z Uploaded bytes 1722602
2026-08-20T10:20:13.4224265Z Finished uploading artifact content to blob storage!
2026-08-20T10:20:13.4225249Z SHA256 digest of uploaded artifact zip is 6a45a37b483b892df5999bb73d77e33bcda8cf94f7d286aaebd7f0e4b44a7aca
2026-08-20T10:20:13.4227498Z Finalizing artifact upload
2026-08-20T10:20:13.6959170Z Artifact logs-windows-x64.zip successfully finalized. Artifact ID 9402558139
2026-08-20T10:20:13.6960470Z Artifact logs-windows-x64 has been successfully uploaded! Final size is 1722602 bytes. Artifact ID is 9402558139
2026-08-20T10:20:13.6968958Z Artifact download URL: https://github.com/LynnSingoei/OpenCppCoverage-ARM64/actions/runs/32357865925/artifacts/9402558139
2026-08-20T10:20:13.7282278Z Node 20 is being deprecated. This workflow is running with Node 24 by default. If you need to temporarily use Node 20, you can set the ACTIONS_ALLOW_USE_UNSECURE_NODE_VERSION=true environment variable. For more information see: https://github.blog/changelog/2025-09-19-deprecation-of-node-20-on-github-actions-runners/
2026-08-20T10:20:13.7284414Z ##[group]Run actions/upload-artifact@v4
2026-08-20T10:20:13.7284822Z with:
2026-08-20T10:20:13.7285158Z   name: OpenCppCoverage-windows-x64
2026-08-20T10:20:13.7285875Z   path: artifacts/*.zip
artifacts/*.sha256
artifacts/*-expanded-pe-manifest.json

2026-08-20T10:20:13.7286525Z   if-no-files-found: warn
2026-08-20T10:20:13.7286905Z   compression-level: 6
2026-08-20T10:20:13.7287239Z   overwrite: false
2026-08-20T10:20:13.7287573Z   include-hidden-files: false
2026-08-20T10:20:13.7287947Z env:
2026-08-20T10:20:13.7288676Z   MSBUILD_EXE: C:\Program Files\Microsoft Visual Studio\2022\Enterprise\MSBuild\Current\Bin\amd64\MSBuild.exe
2026-08-20T10:20:13.7289605Z   VCPKG_ROOT: C:\Users\runneradmin\AppData\Local\OpenCppCoverage\vcpkg
2026-08-20T10:20:13.7290150Z ##[endgroup]
2026-08-20T10:20:13.9209270Z (node:3320) [DEP0040] DeprecationWarning: The `punycode` module is deprecated. Please use a userland alternative instead.
2026-08-20T10:20:13.9210146Z (Use `node --trace-deprecation ...` to show where the warning was created)
2026-08-20T10:20:13.9296073Z With the provided path, there will be 3 files uploaded
2026-08-20T10:20:13.9300782Z Artifact name is valid!
2026-08-20T10:20:13.9303064Z Root directory input is valid!
2026-08-20T10:20:14.2768431Z Beginning upload of artifact content to blob storage
2026-08-20T10:20:14.5707277Z (node:3320) [DEP0169] DeprecationWarning: `url.parse()` behavior is not standardized and prone to errors that have security implications. Use the WHATWG URL API instead. CVEs are not issued for `url.parse()` vulnerabilities.
2026-08-20T10:20:15.4252325Z Uploaded bytes 8388608
2026-08-20T10:20:15.6692605Z Uploaded bytes 16259842
2026-08-20T10:20:15.7277112Z Finished uploading artifact content to blob storage!
2026-08-20T10:20:15.7279653Z SHA256 digest of uploaded artifact zip is 331ec79f7603650555ee7e4a175d374dc4abba9714171b512132dd0b782e0e5c
2026-08-20T10:20:15.7282355Z Finalizing artifact upload
2026-08-20T10:20:15.9633586Z Artifact OpenCppCoverage-windows-x64.zip successfully finalized. Artifact ID 9402559271
2026-08-20T10:20:15.9634776Z Artifact OpenCppCoverage-windows-x64 has been successfully uploaded! Final size is 16259842 bytes. Artifact ID is 9402559271
2026-08-20T10:20:15.9642967Z Artifact download URL: https://github.com/LynnSingoei/OpenCppCoverage-ARM64/actions/runs/32357865925/artifacts/9402559271
2026-08-20T10:20:16.1201216Z Node 20 is being deprecated. This workflow is running with Node 24 by default. If you need to temporarily use Node 20, you can set the ACTIONS_ALLOW_USE_UNSECURE_NODE_VERSION=true environment variable. For more information see: https://github.blog/changelog/2025-09-19-deprecation-of-node-20-on-github-actions-runners/
2026-08-20T10:20:16.1202494Z Post job cleanup.
2026-08-20T10:20:16.2668083Z Cache hit occurred on the primary key vcpkg-Windows-X64-x64-windows-e9073cbba490b47646cd34a400c0f939662f8d5e71d819b4641152c3a200eb94, not saving cache.
2026-08-20T10:20:16.2669716Z (node:3024) [DEP0040] DeprecationWarning: The `punycode` module is deprecated. Please use a userland alternative instead.
2026-08-20T10:20:16.2672431Z (Use `node --trace-deprecation ...` to show where the warning was created)
2026-08-20T10:20:16.2942556Z Node 20 is being deprecated. This workflow is running with Node 24 by default. If you need to temporarily use Node 20, you can set the ACTIONS_ALLOW_USE_UNSECURE_NODE_VERSION=true environment variable. For more information see: https://github.blog/changelog/2025-09-19-deprecation-of-node-20-on-github-actions-runners/
2026-08-20T10:20:16.2944529Z Post job cleanup.
2026-08-20T10:20:16.4768360Z [command]"C:\Program Files\Git\bin\git.exe" version
2026-08-20T10:20:16.5016475Z git version 2.55.0.windows.3
2026-08-20T10:20:16.5083396Z Temporarily overriding HOME='D:\a\_temp\c5562b60-64a2-49c6-9408-ba1cdb08c967' before making global git config changes
2026-08-20T10:20:16.5084738Z Adding repository directory to the temporary git global config as a safe directory
2026-08-20T10:20:16.5094883Z [command]"C:\Program Files\Git\bin\git.exe" config --global --add safe.directory D:\a\OpenCppCoverage-ARM64\OpenCppCoverage-ARM64
2026-08-20T10:20:16.5366738Z [command]"C:\Program Files\Git\bin\git.exe" config --local --name-only --get-regexp core\.sshCommand
2026-08-20T10:20:16.5623867Z [command]"C:\Program Files\Git\bin\git.exe" submodule foreach --recursive "sh -c \"git config --local --name-only --get-regexp 'core\.sshCommand' && git config --local --unset-all 'core.sshCommand' || :\""
2026-08-20T10:20:17.0265584Z [command]"C:\Program Files\Git\bin\git.exe" config --local --name-only --get-regexp http\.https\:\/\/github\.com\/\.extraheader
2026-08-20T10:20:17.0494981Z http.https://github.com/.extraheader
2026-08-20T10:20:17.0534884Z [command]"C:\Program Files\Git\bin\git.exe" config --local --unset-all http.https://github.com/.extraheader
2026-08-20T10:20:17.0801918Z [command]"C:\Program Files\Git\bin\git.exe" submodule foreach --recursive "sh -c \"git config --local --name-only --get-regexp 'http\.https\:\/\/github\.com\/\.extraheader' && git config --local --unset-all 'http.https://github.com/.extraheader' || :\""
2026-08-20T10:20:17.5939455Z [command]"C:\Program Files\Git\bin\git.exe" config --local --name-only --get-regexp ^includeIf\.gitdir:
2026-08-20T10:20:17.6224239Z [command]"C:\Program Files\Git\bin\git.exe" submodule foreach --recursive "git config --local --show-origin --name-only --get-regexp remote.origin.url"
2026-08-20T10:20:18.1412193Z Cleaning up orphan processes
2026-08-20T10:20:18.1830256Z Terminate orphan process: pid (1224) (MSBuild)
2026-08-20T10:20:18.1886739Z Terminate orphan process: pid (1292) (MSBuild)
2026-08-20T10:20:18.1987397Z Terminate orphan process: pid (6116) (MSBuild)
2026-08-20T10:20:18.2162137Z Terminate orphan process: pid (6540) (vctip)
2026-08-20T10:20:18.3091627Z ##[warning]Node.js 20 is deprecated. The following actions target Node.js 20 but are being forced to run on Node.js 24: actions/cache@v4, actions/checkout@v4, actions/upload-artifact@v4, microsoft/setup-msbuild@v2. For more information see: https://github.blog/changelog/2025-09-19-deprecation-of-node-20-on-github-actions-runners/
