2026-08-20T10:13:30.7436153Z Current runner version: '2.336.0'
2026-08-20T10:13:30.7461586Z ##[group]Runner Image Provisioner
2026-08-20T10:13:30.7462371Z Hosted Compute Agent
2026-08-20T10:13:30.7462914Z Version: 20260729.566
2026-08-20T10:13:30.7463515Z Commit: cf7153fe6e25b664e8693c24944bf2b00355d109
2026-08-20T10:13:30.7464169Z Build Date: 2026-07-29T19:17:02Z
2026-08-20T10:13:30.7464771Z Worker ID: {12626ba4-6199-41d6-9b3b-6e278afbe0fa}
2026-08-20T10:13:30.7465459Z Azure Region: westus2
2026-08-20T10:13:30.7465962Z ##[endgroup]
2026-08-20T10:13:30.7467313Z ##[group]Operating System
2026-08-20T10:13:30.7467930Z Microsoft Windows Server 2022
2026-08-20T10:13:30.7468482Z 10.0.20348
2026-08-20T10:13:30.7468993Z Datacenter
2026-08-20T10:13:30.7469452Z ##[endgroup]
2026-08-20T10:13:30.7469932Z ##[group]Runner Image
2026-08-20T10:13:30.7470440Z Image: windows-2022
2026-08-20T10:13:30.7470943Z Version: 20260802.262.1
2026-08-20T10:13:30.7472289Z Included Software: https://github.com/actions/runner-images/blob/win22/20260802.262/images/windows/Windows2022-Readme.md
2026-08-20T10:13:30.7473825Z Image Release: https://github.com/actions/runner-images/releases/tag/win22%2F20260802.262
2026-08-20T10:13:30.7474705Z ##[endgroup]
2026-08-20T10:13:30.7475846Z ##[group]GITHUB_TOKEN Permissions
2026-08-20T10:13:30.7477673Z Contents: read
2026-08-20T10:13:30.7478193Z Metadata: read
2026-08-20T10:13:30.7478711Z Packages: read
2026-08-20T10:13:30.7479237Z ##[endgroup]
2026-08-20T10:13:30.7481292Z Secret source: Actions
2026-08-20T10:13:30.7482217Z Prepare workflow directory
2026-08-20T10:13:30.7882933Z Prepare all required actions
2026-08-20T10:13:30.7929131Z Getting action download info
2026-08-20T10:13:31.1995999Z Download action repository 'actions/checkout@v4' (SHA:11d5960a326750d5838078e36cf38b85af677262)
2026-08-20T10:13:31.3090837Z Download action repository 'microsoft/setup-msbuild@v2' (SHA:6fb02220983dee41ce7ae257b6f4d8f9bf5ed4ce)
2026-08-20T10:13:31.4992059Z Download action repository 'actions/cache@v4' (SHA:0057852bfaa89a56745cba8c7296529d2fc39830)
2026-08-20T10:13:31.6435078Z Download action repository 'actions/upload-artifact@v4' (SHA:ea165f8d65b6e75b540449e92b4886f43607fa02)
2026-08-20T10:13:31.9650954Z Complete job name: Windows x86 compatibility
2026-08-20T10:13:32.1548100Z Node 20 is being deprecated. This workflow is running with Node 24 by default. If you need to temporarily use Node 20, you can set the ACTIONS_ALLOW_USE_UNSECURE_NODE_VERSION=true environment variable. For more information see: https://github.blog/changelog/2025-09-19-deprecation-of-node-20-on-github-actions-runners/
2026-08-20T10:13:32.1556984Z ##[group]Run actions/checkout@v4
2026-08-20T10:13:32.1557668Z with:
2026-08-20T10:13:32.1558119Z   repository: LynnSingoei/OpenCppCoverage-ARM64
2026-08-20T10:13:32.1562270Z   token: ***
2026-08-20T10:13:32.1562654Z   ssh-strict: true
2026-08-20T10:13:32.1563040Z   ssh-user: git
2026-08-20T10:13:32.1563441Z   persist-credentials: true
2026-08-20T10:13:32.1563887Z   clean: true
2026-08-20T10:13:32.1564306Z   sparse-checkout-cone-mode: true
2026-08-20T10:13:32.1564778Z   fetch-depth: 1
2026-08-20T10:13:32.1565163Z   fetch-tags: false
2026-08-20T10:13:32.1565565Z   show-progress: true
2026-08-20T10:13:32.1565957Z   lfs: false
2026-08-20T10:13:32.1566338Z   submodules: false
2026-08-20T10:13:32.1566740Z   set-safe-directory: true
2026-08-20T10:13:32.1567200Z   allow-unsafe-pr-checkout: false
2026-08-20T10:13:32.1567879Z ##[endgroup]
2026-08-20T10:13:32.2967113Z Syncing repository: LynnSingoei/OpenCppCoverage-ARM64
2026-08-20T10:13:32.2968931Z ##[group]Getting Git version info
2026-08-20T10:13:32.2969692Z Working directory is 'D:\a\OpenCppCoverage-ARM64\OpenCppCoverage-ARM64'
2026-08-20T10:13:32.3892880Z [command]"C:\Program Files\Git\bin\git.exe" version
2026-08-20T10:13:32.7375700Z git version 2.55.0.windows.3
2026-08-20T10:13:32.7414756Z ##[endgroup]
2026-08-20T10:13:32.7433108Z Temporarily overriding HOME='D:\a\_temp\940ebdbc-d921-46d8-868b-3b92a0e1a293' before making global git config changes
2026-08-20T10:13:32.7436591Z Adding repository directory to the temporary git global config as a safe directory
2026-08-20T10:13:32.7444133Z [command]"C:\Program Files\Git\bin\git.exe" config --global --add safe.directory D:\a\OpenCppCoverage-ARM64\OpenCppCoverage-ARM64
2026-08-20T10:13:32.7989138Z Deleting the contents of 'D:\a\OpenCppCoverage-ARM64\OpenCppCoverage-ARM64'
2026-08-20T10:13:32.7994371Z ##[group]Initializing the repository
2026-08-20T10:13:32.8003809Z [command]"C:\Program Files\Git\bin\git.exe" init D:\a\OpenCppCoverage-ARM64\OpenCppCoverage-ARM64
2026-08-20T10:13:32.8887756Z Initialized empty Git repository in D:/a/OpenCppCoverage-ARM64/OpenCppCoverage-ARM64/.git/
2026-08-20T10:13:32.8924999Z [command]"C:\Program Files\Git\bin\git.exe" remote add origin https://github.com/LynnSingoei/OpenCppCoverage-ARM64
2026-08-20T10:13:32.9419907Z ##[endgroup]
2026-08-20T10:13:32.9420924Z ##[group]Disabling automatic garbage collection
2026-08-20T10:13:32.9428059Z [command]"C:\Program Files\Git\bin\git.exe" config --local gc.auto 0
2026-08-20T10:13:32.9655953Z ##[endgroup]
2026-08-20T10:13:32.9656936Z ##[group]Setting up auth
2026-08-20T10:13:32.9668816Z [command]"C:\Program Files\Git\bin\git.exe" config --local --name-only --get-regexp core\.sshCommand
2026-08-20T10:13:32.9894020Z [command]"C:\Program Files\Git\bin\git.exe" submodule foreach --recursive "sh -c \"git config --local --name-only --get-regexp 'core\.sshCommand' && git config --local --unset-all 'core.sshCommand' || :\""
2026-08-20T10:13:34.2861206Z [command]"C:\Program Files\Git\bin\git.exe" config --local --name-only --get-regexp http\.https\:\/\/github\.com\/\.extraheader
2026-08-20T10:13:34.3089463Z [command]"C:\Program Files\Git\bin\git.exe" submodule foreach --recursive "sh -c \"git config --local --name-only --get-regexp 'http\.https\:\/\/github\.com\/\.extraheader' && git config --local --unset-all 'http.https://github.com/.extraheader' || :\""
2026-08-20T10:13:34.7443893Z [command]"C:\Program Files\Git\bin\git.exe" config --local --name-only --get-regexp ^includeIf\.gitdir:
2026-08-20T10:13:34.7678156Z [command]"C:\Program Files\Git\bin\git.exe" submodule foreach --recursive "git config --local --show-origin --name-only --get-regexp remote.origin.url"
2026-08-20T10:13:35.2292907Z [command]"C:\Program Files\Git\bin\git.exe" config --local http.https://github.com/.extraheader "AUTHORIZATION: basic ***"
2026-08-20T10:13:35.2524533Z ##[endgroup]
2026-08-20T10:13:35.2525212Z ##[group]Fetching the repository
2026-08-20T10:13:35.2537451Z [command]"C:\Program Files\Git\bin\git.exe" -c protocol.version=2 fetch --no-tags --prune --no-recurse-submodules --depth=1 origin +7c49ad404a9ef37c9fbe2c943fdd3a2065ca1640:refs/remotes/pull/1/merge
2026-08-20T10:13:36.4263366Z From https://github.com/LynnSingoei/OpenCppCoverage-ARM64
2026-08-20T10:13:36.4264096Z  * [new ref]         7c49ad404a9ef37c9fbe2c943fdd3a2065ca1640 -> pull/1/merge
2026-08-20T10:13:36.4296149Z ##[endgroup]
2026-08-20T10:13:36.4296935Z ##[group]Determining the checkout info
2026-08-20T10:13:36.4299677Z ##[endgroup]
2026-08-20T10:13:36.4308879Z [command]"C:\Program Files\Git\bin\git.exe" sparse-checkout disable
2026-08-20T10:13:36.4664768Z [command]"C:\Program Files\Git\bin\git.exe" config --local --unset-all extensions.worktreeConfig
2026-08-20T10:13:36.4961587Z ##[group]Checking out the ref
2026-08-20T10:13:36.4969825Z [command]"C:\Program Files\Git\bin\git.exe" checkout --progress --force refs/remotes/pull/1/merge
2026-08-20T10:13:36.6401457Z Note: switching to 'refs/remotes/pull/1/merge'.
2026-08-20T10:13:36.6405617Z 
2026-08-20T10:13:36.6405920Z You are in 'detached HEAD' state. You can look around, make experimental
2026-08-20T10:13:36.6406493Z changes and commit them, and you can discard any commits you make in this
2026-08-20T10:13:36.6407015Z state without impacting any branches by switching back to a branch.
2026-08-20T10:13:36.6407492Z 
2026-08-20T10:13:36.6407710Z If you want to create a new branch to retain commits you create, you may
2026-08-20T10:13:36.6409587Z do so (now or later) by using -c with the switch command. Example:
2026-08-20T10:13:36.6409885Z 
2026-08-20T10:13:36.6410048Z   git switch -c <new-branch-name>
2026-08-20T10:13:36.6410240Z 
2026-08-20T10:13:36.6410372Z Or undo this operation with:
2026-08-20T10:13:36.6410534Z 
2026-08-20T10:13:36.6410612Z   git switch -
2026-08-20T10:13:36.6410749Z 
2026-08-20T10:13:36.6410959Z Turn off this advice by setting config variable advice.detachedHead to false
2026-08-20T10:13:36.6411283Z 
2026-08-20T10:13:36.6411639Z HEAD is now at 7c49ad4 Merge 81376baeda1b5453c1fcfe6fc0a09ccec3f892c8 into 3e518697ea761935574af486bacd5fcc1aeab363
2026-08-20T10:13:36.6473236Z ##[endgroup]
2026-08-20T10:13:36.6873873Z [command]"C:\Program Files\Git\bin\git.exe" log -1 --format=%H
2026-08-20T10:13:36.7090385Z 7c49ad404a9ef37c9fbe2c943fdd3a2065ca1640
2026-08-20T10:13:36.7458780Z Node 20 is being deprecated. This workflow is running with Node 24 by default. If you need to temporarily use Node 20, you can set the ACTIONS_ALLOW_USE_UNSECURE_NODE_VERSION=true environment variable. For more information see: https://github.blog/changelog/2025-09-19-deprecation-of-node-20-on-github-actions-runners/
2026-08-20T10:13:36.7460806Z ##[group]Run microsoft/setup-msbuild@v2
2026-08-20T10:13:36.7461071Z with:
2026-08-20T10:13:36.7461259Z   msbuild-architecture: x86
2026-08-20T10:13:36.7461475Z ##[endgroup]
2026-08-20T10:13:36.8800121Z [command]C:\ProgramData\Chocolatey\bin\vswhere.exe -products * -requires Microsoft.Component.MSBuild -property installationPath -latest
2026-08-20T10:13:37.3220730Z C:\Program Files\Microsoft Visual Studio\2022\Enterprise
2026-08-20T10:13:37.3512991Z ##[group]Run & .\Build\Scripts\ResolveMSBuild.ps1 `
2026-08-20T10:13:37.3513477Z [36;1m& .\Build\Scripts\ResolveMSBuild.ps1 `[0m
2026-08-20T10:13:37.3513797Z [36;1m  -HostArchitecture x64 `[0m
2026-08-20T10:13:37.3514068Z [36;1m  -Project Tools\Tools.vcxproj `[0m
2026-08-20T10:13:37.3514334Z [36;1m  -Configuration Debug `[0m
2026-08-20T10:13:37.3514595Z [36;1m  -Platform Win32 `[0m
2026-08-20T10:13:37.3514952Z [36;1m  -SummaryPath artifacts\logs\msbuild-host-Win32.json[0m
2026-08-20T10:13:37.3515329Z [36;1mif ($LASTEXITCODE -ne 0) { exit $LASTEXITCODE }[0m
2026-08-20T10:13:37.4007510Z shell: C:\Program Files\PowerShell\7\pwsh.EXE -command ". '{0}'"
2026-08-20T10:13:37.4007876Z ##[endgroup]
2026-08-20T10:13:39.4215157Z MSBuild (x64): C:\Program Files\Microsoft Visual Studio\2022\Enterprise\MSBuild\Current\Bin\amd64\MSBuild.exe
2026-08-20T10:13:39.4293182Z MSBuild version: 17.14.51.32402
2026-08-20T10:13:43.0206102Z   PreferredToolArchitecture    x64
2026-08-20T10:13:43.0220418Z   VCToolArchitecture           Native64Bit
2026-08-20T10:13:43.0236958Z   VCToolsInstallDir            C:\Program Files\Microsoft Visual Studio\2022\Enterprise\VC\Tools\MSVC\14.44.35207\
2026-08-20T10:13:43.0255444Z   VCToolsVersion               14.44.35207
2026-08-20T10:13:43.0270259Z   WindowsTargetPlatformVersion 10.0
2026-08-20T10:13:43.0300696Z   ExecutablePath               C:\Program Files\Microsoft Visual Studio\2022\Enterprise\VC\Tools\MSVC\14.44.35207\bin\HostX64\x86;C:\Program Files\Microsoft Visual Studio\2022\Enterprise\VC\Tools\MSVC\14.44.35207\bin\HostX64\x64;C:\Program Files (x86)\Windows Kits\10\bin\10.0.26100.0\x64;;C:\Program Files (x86)\Microsoft SDKs\Windows\v10.0A\bin\NETFX 4.8.1 Tools\x64;C:\Program Files (x86)\Windows Kits\10\bin\10.0.26100.0\x86;;C:\Program Files (x86)\Microsoft SDKs\Windows\v10.0A\bin\NETFX 4.8.1 Tools;C:\Program Files\Microsoft Visual Studio\2022\Enterprise\Common7\tools;C:\Program Files\Microsoft Visual Studio\2022\Enterprise\Common7\ide;C:\Program Files (x86)\HTML Help Workshop;;C:\Program Files\Microsoft Visual Studio\2022\Enterprise\MSBuild\Current\Bin\amd64;C:\Windows\Microsoft.NET\Framework64\v4.0.30319\;C:\Windows\Microsoft.NET\Framework\v4.0.30319\;C:\Program Files\Microsoft Visual Studio\2022\Enterprise\MSBuild\Current\Bin;C:\Windows\Microsoft.NET\Framework\v4.0.30319\;;C:\Program Files\PowerShell\7;C:\Program Files\Microsoft Visual Studio\2022\Enterprise\MSBuild\Current\Bin;C:\Program Files\MongoDB\Server\7.0\bin;C:\aliyun-cli;C:\vcpkg;C:\Program Files (x86)\NSIS\;C:\tools\zstd;C:\Program Files\Mercurial\;C:\hostedtoolcache\windows\stack\3.11.1\x64;C:\cabal\bin;C:\\ghcup\bin;C:\mingw64\bin;C:\Program Files\dotnet;C:\Program Files\MySQL\MySQL Server 8.0\bin;C:\Program Files\R\R-4.6.1\bin\x64;C:\SeleniumWebDrivers\GeckoDriver;C:\SeleniumWebDrivers\EdgeDriver\;C:\SeleniumWebDrivers\ChromeDriver;C:\Program Files (x86)\sbt\bin;C:\Program Files (x86)\GitHub CLI;C:\Program Files\Git\bin;C:\Program Files (x86)\pipx_bin;C:\npm\prefix;C:\hostedtoolcache\windows\go\1.24.13\x64\bin;C:\hostedtoolcache\windows\Python\3.12.10\x64\Scripts;C:\hostedtoolcache\windows\Python\3.12.10\x64;C:\hostedtoolcache\windows\Ruby\3.3.12\x64\bin;C:\Program Files\OpenSSL\bin;C:\tools\kotlinc\bin;C:\hostedtoolcache\windows\Java_Temurin-Hotspot_jdk\8.0.502-7\x64\bin;C:\Program Files\ImageMagick-7.1.2-Q16-HDRI;C:\Program Files\Microsoft SDKs\Azure\CLI2\wbin;C:\ProgramData\kind;C:\ProgramData\Chocolatey\bin;C:\Windows\system32;C:\Windows;C:\Windows\System32\Wbem;C:\Windows\System32\WindowsPowerShell\v1.0\;C:\Windows\System32\OpenSSH\;C:\Program Files\dotnet\;C:\Program Files\PowerShell\7\;C:\Program Files\Microsoft\Web Platform Installer\;C:\Program Files\TortoiseSVN\bin;C:\Program Files\Microsoft SQL Server\Client SDK\ODBC\170\Tools\Binn\;C:\Program Files\Microsoft SQL Server\150\Tools\Binn\;C:\Program Files (x86)\Windows Kits\10\Windows Performance Toolkit\;C:\Program Files (x86)\WiX Toolset v3.14\bin;C:\Program Files\Microsoft SQL Server\130\DTS\Binn\;C:\Program Files\Microsoft SQL Server\140\DTS\Binn\;C:\Program Files\Microsoft SQL Server\150\DTS\Binn\;C:\Program Files\Microsoft SQL Server\160\DTS\Binn\;C:\Program Files\Microsoft SQL Server\170\DTS\Binn\;C:\Strawberry\c\bin;C:\Strawberry\perl\site\bin;C:\Strawberry\perl\bin;C:\ProgramData\chocolatey\lib\pulumi\tools\Pulumi\bin;C:\Program Files\CMake\bin;C:\ProgramData\chocolatey\lib\maven\apache-maven-3.9.16\bin;C:\Program Files\Microsoft Service Fabric\bin\Fabric\Fabric.Code;C:\Program Files\Microsoft SDKs\Service Fabric\Tools\ServiceFabricLocalClusterManager;C:\Program Files\nodejs\;C:\Program Files\Git\cmd;C:\Program Files\Git\mingw64\bin;C:\Program Files\Git\usr\bin;C:\Program Files\GitHub CLI\;c:\tools\php;C:\Program Files (x86)\sbt\bin;C:\Program Files\Amazon\AWSCLIV2\;C:\Program Files\Amazon\SessionManagerPlugin\bin\;C:\Program Files\Amazon\AWSSAMCLI\bin\;C:\Program Files\Microsoft SQL Server\130\Tools\Binn\;C:\Program Files\mongosh\;C:\Program Files\LLVM\bin;C:\Program Files (x86)\LLVM\bin;C:\Users\runneradmin\.dotnet\tools;C:\Users\runneradmin\.cargo\bin;C:\Users\runneradmin\AppData\Local\Microsoft\WindowsApps;
2026-08-20T10:13:43.0745064Z Resolved Native64Bit MSBuild host.
2026-08-20T10:13:43.1380908Z ##[group]Run New-Item -ItemType Directory -Force artifacts\logs | Out-Null
2026-08-20T10:13:43.1381525Z [36;1mNew-Item -ItemType Directory -Force artifacts\logs | Out-Null[0m
2026-08-20T10:13:43.1381909Z [36;1m@([0m
2026-08-20T10:13:43.1382259Z [36;1m  "OS=$([System.Runtime.InteropServices.RuntimeInformation]::OSDescription)"[0m
2026-08-20T10:13:43.1382951Z [36;1m  "OSArchitecture=$([System.Runtime.InteropServices.RuntimeInformation]::OSArchitecture)"[0m
2026-08-20T10:13:43.1383710Z [36;1m  "ProcessArchitecture=$([System.Runtime.InteropServices.RuntimeInformation]::ProcessArchitecture)"[0m
2026-08-20T10:13:43.1384327Z [36;1m  "PROCESSOR_ARCHITECTURE=$env:PROCESSOR_ARCHITECTURE"[0m
2026-08-20T10:13:43.1384719Z [36;1m) | Tee-Object artifacts\logs\environment-Win32.txt[0m
2026-08-20T10:13:43.1385035Z [36;1mif ("Win32" -eq "ARM64" -and[0m
2026-08-20T10:13:43.1385518Z [36;1m    [System.Runtime.InteropServices.RuntimeInformation]::OSArchitecture -ne "Arm64") {[0m
2026-08-20T10:13:43.1386115Z [36;1m  throw "The ARM64 job is not running on a native ARM64 operating system."[0m
2026-08-20T10:13:43.1386501Z [36;1m}[0m
2026-08-20T10:13:43.1422403Z shell: C:\Program Files\PowerShell\7\pwsh.EXE -command ". '{0}'"
2026-08-20T10:13:43.1422908Z env:
2026-08-20T10:13:43.1423323Z   MSBUILD_EXE: C:\Program Files\Microsoft Visual Studio\2022\Enterprise\MSBuild\Current\Bin\amd64\MSBuild.exe
2026-08-20T10:13:43.1423827Z ##[endgroup]
2026-08-20T10:13:43.4685859Z OS=Microsoft Windows 10.0.20348
2026-08-20T10:13:43.4688747Z OSArchitecture=X64
2026-08-20T10:13:43.4690677Z ProcessArchitecture=X64
2026-08-20T10:13:43.4692651Z PROCESSOR_ARCHITECTURE=AMD64
2026-08-20T10:13:43.5247751Z ##[group]Run & .\Build\Scripts\Test-ProjectToolsets.ps1
2026-08-20T10:13:43.5248522Z [36;1m& .\Build\Scripts\Test-ProjectToolsets.ps1[0m
2026-08-20T10:13:43.5249220Z [36;1mif ($LASTEXITCODE -ne 0) { exit $LASTEXITCODE }[0m
2026-08-20T10:13:43.5285634Z shell: C:\Program Files\PowerShell\7\pwsh.EXE -command ". '{0}'"
2026-08-20T10:13:43.5285963Z env:
2026-08-20T10:13:43.5286370Z   MSBUILD_EXE: C:\Program Files\Microsoft Visual Studio\2022\Enterprise\MSBuild\Current\Bin\amd64\MSBuild.exe
2026-08-20T10:13:43.5286875Z ##[endgroup]
2026-08-20T10:13:43.9218572Z Checked 17 project file(s) for hardcoded platform toolsets.
2026-08-20T10:13:43.9241571Z No project pins a legacy platform toolset.
2026-08-20T10:13:43.9819079Z ##[group]Run & .\Build\Scripts\Test-FailClosed.ps1
2026-08-20T10:13:43.9819552Z [36;1m& .\Build\Scripts\Test-FailClosed.ps1[0m
2026-08-20T10:13:43.9819908Z [36;1mif ($LASTEXITCODE -ne 0) { exit $LASTEXITCODE }[0m
2026-08-20T10:13:43.9851385Z shell: C:\Program Files\PowerShell\7\pwsh.EXE -command ". '{0}'"
2026-08-20T10:13:43.9851710Z env:
2026-08-20T10:13:43.9852120Z   MSBUILD_EXE: C:\Program Files\Microsoft Visual Studio\2022\Enterprise\MSBuild\Current\Bin\amd64\MSBuild.exe
2026-08-20T10:13:43.9852609Z ##[endgroup]
2026-08-20T10:13:44.3300207Z Fail-closed regression passed: failing, crashed, empty and partially passing suites are all rejected.
2026-08-20T10:13:44.3856991Z ##[group]Run & .\Build\Scripts\Test-SourceEncoding.ps1
2026-08-20T10:13:44.3857507Z [36;1m& .\Build\Scripts\Test-SourceEncoding.ps1[0m
2026-08-20T10:13:44.3857864Z [36;1mif ($LASTEXITCODE -ne 0) { exit $LASTEXITCODE }[0m
2026-08-20T10:13:44.3890791Z shell: C:\Program Files\PowerShell\7\pwsh.EXE -command ". '{0}'"
2026-08-20T10:13:44.3891132Z env:
2026-08-20T10:13:44.3891536Z   MSBUILD_EXE: C:\Program Files\Microsoft Visual Studio\2022\Enterprise\MSBuild\Current\Bin\amd64\MSBuild.exe
2026-08-20T10:13:44.3892009Z ##[endgroup]
2026-08-20T10:13:44.8672013Z Source encoding gate passed for 3 files.
2026-08-20T10:13:49.3352775Z Source encoding gate passed for 286 files.
2026-08-20T10:13:51.9553329Z Non-ASCII source inventory matches 6 reviewed files.
2026-08-20T10:13:51.9619050Z All source encoding gate regression cases passed.
2026-08-20T10:13:52.1444450Z Node 20 is being deprecated. This workflow is running with Node 24 by default. If you need to temporarily use Node 20, you can set the ACTIONS_ALLOW_USE_UNSECURE_NODE_VERSION=true environment variable. For more information see: https://github.blog/changelog/2025-09-19-deprecation-of-node-20-on-github-actions-runners/
2026-08-20T10:13:52.1445845Z ##[group]Run actions/cache@v4
2026-08-20T10:13:52.1446066Z with:
2026-08-20T10:13:52.1446238Z   path: vcpkg_installed
2026-08-20T10:13:52.1446694Z   key: vcpkg-Windows-X64-x86-windows-e9073cbba490b47646cd34a400c0f939662f8d5e71d819b4641152c3a200eb94
2026-08-20T10:13:52.1447208Z   enableCrossOsArchive: false
2026-08-20T10:13:52.1447437Z   fail-on-cache-miss: false
2026-08-20T10:13:52.1447651Z   lookup-only: false
2026-08-20T10:13:52.1447835Z   save-always: false
2026-08-20T10:13:52.1448009Z env:
2026-08-20T10:13:52.1448453Z   MSBUILD_EXE: C:\Program Files\Microsoft Visual Studio\2022\Enterprise\MSBuild\Current\Bin\amd64\MSBuild.exe
2026-08-20T10:13:52.1448920Z ##[endgroup]
2026-08-20T10:13:52.2660714Z (node:4932) [DEP0040] DeprecationWarning: The `punycode` module is deprecated. Please use a userland alternative instead.
2026-08-20T10:13:52.2661576Z (Use `node --trace-deprecation ...` to show where the warning was created)
2026-08-20T10:13:52.6941252Z Cache hit for: vcpkg-Windows-X64-x86-windows-e9073cbba490b47646cd34a400c0f939662f8d5e71d819b4641152c3a200eb94
2026-08-20T10:13:52.7053862Z (node:4932) [DEP0169] DeprecationWarning: `url.parse()` behavior is not standardized and prone to errors that have security implications. Use the WHATWG URL API instead. CVEs are not issued for `url.parse()` vulnerabilities.
2026-08-20T10:13:54.4114571Z Received 37748736 of 277087594 (13.6%), 35.7 MBs/sec
2026-08-20T10:13:55.4190755Z Received 138412032 of 277087594 (50.0%), 65.4 MBs/sec
2026-08-20T10:13:56.4200339Z Received 268435456 of 277087594 (96.9%), 84.9 MBs/sec
2026-08-20T10:13:57.2012041Z Received 277087594 of 277087594 (100.0%), 69.6 MBs/sec
2026-08-20T10:13:57.2012792Z Cache Size: ~264 MB (277087594 B)
2026-08-20T10:13:57.2086550Z [command]"C:\Program Files\Git\usr\bin\tar.exe" -xf D:/a/_temp/6cb0da43-e58b-4798-ad88-6b27b2b24bd1/cache.tzst -P -C D:/a/OpenCppCoverage-ARM64/OpenCppCoverage-ARM64 --force-local --use-compress-program "zstd -d"
2026-08-20T10:14:02.5956854Z Cache restored successfully
2026-08-20T10:14:02.6196833Z Cache restored from key: vcpkg-Windows-X64-x86-windows-e9073cbba490b47646cd34a400c0f939662f8d5e71d819b4641152c3a200eb94
2026-08-20T10:14:02.6440585Z ##[group]Run & .\InstallThirdPartyLibraries.ps1 -Triplet x86-windows 2>&1 |
2026-08-20T10:14:02.6441234Z [36;1m& .\InstallThirdPartyLibraries.ps1 -Triplet x86-windows 2>&1 |[0m
2026-08-20T10:14:02.6441674Z [36;1m  Tee-Object artifacts\logs\restore-Win32.log[0m
2026-08-20T10:14:02.6442034Z [36;1mif ($LASTEXITCODE -ne 0) { exit $LASTEXITCODE }[0m
2026-08-20T10:14:02.6482848Z shell: C:\Program Files\PowerShell\7\pwsh.EXE -command ". '{0}'"
2026-08-20T10:14:02.6483197Z env:
2026-08-20T10:14:02.6483617Z   MSBUILD_EXE: C:\Program Files\Microsoft Visual Studio\2022\Enterprise\MSBuild\Current\Bin\amd64\MSBuild.exe
2026-08-20T10:14:02.6484108Z ##[endgroup]
2026-08-20T10:14:03.0778824Z [31;1mCloning into 'C:\Users\runneradmin\AppData\Local\OpenCppCoverage\vcpkg'...[0m
2026-08-20T10:14:12.7847024Z [31;1mUpdating files:   0% (1/14271)[0m
2026-08-20T10:14:12.9413901Z [31;1mUpdating files:   1% (143/14271)[0m
2026-08-20T10:14:13.1128191Z [31;1mUpdating files:   2% (286/14271)[0m
2026-08-20T10:14:13.2764809Z [31;1mUpdating files:   3% (429/14271)[0m
2026-08-20T10:14:13.4159387Z [31;1mUpdating files:   4% (571/14271)[0m
2026-08-20T10:14:13.5695397Z [31;1mUpdating files:   5% (714/14271)[0m
2026-08-20T10:14:13.6625046Z [31;1mUpdating files:   5% (808/14271)[0m
2026-08-20T10:14:13.7592377Z [31;1mUpdating files:   6% (857/14271)[0m
2026-08-20T10:14:13.9277607Z [31;1mUpdating files:   7% (999/14271)[0m
2026-08-20T10:14:14.0510728Z [31;1mUpdating files:   8% (1142/14271)[0m
2026-08-20T10:14:14.2937745Z [31;1mUpdating files:   9% (1285/14271)[0m
2026-08-20T10:14:14.5800297Z [31;1mUpdating files:  10% (1428/14271)[0m
2026-08-20T10:14:14.6654579Z [31;1mUpdating files:  10% (1493/14271)[0m
2026-08-20T10:14:14.7414159Z [31;1mUpdating files:  11% (1570/14271)[0m
2026-08-20T10:14:14.9669431Z [31;1mUpdating files:  12% (1713/14271)[0m
2026-08-20T10:14:15.2041690Z [31;1mUpdating files:  13% (1856/14271)[0m
2026-08-20T10:14:15.5276857Z [31;1mUpdating files:  14% (1998/14271)[0m
2026-08-20T10:14:15.6661054Z [31;1mUpdating files:  14% (2048/14271)[0m
2026-08-20T10:14:16.6679664Z [31;1mUpdating files:  14% (2121/14271)[0m
2026-08-20T10:14:16.7054687Z [31;1mUpdating files:  15% (2141/14271)[0m
2026-08-20T10:14:16.9785126Z [31;1mUpdating files:  16% (2284/14271)[0m
2026-08-20T10:14:17.1464812Z [31;1mUpdating files:  17% (2427/14271)[0m
2026-08-20T10:14:17.4717063Z [31;1mUpdating files:  18% (2569/14271)[0m
2026-08-20T10:14:18.4079088Z [31;1mUpdating files:  18% (2590/14271)[0m
2026-08-20T10:14:18.6842338Z [31;1mUpdating files:  18% (2694/14271)[0m
2026-08-20T10:14:18.7076644Z [31;1mUpdating files:  19% (2712/14271)[0m
2026-08-20T10:14:18.9958904Z [31;1mUpdating files:  20% (2855/14271)[0m
2026-08-20T10:14:19.2925021Z [31;1mUpdating files:  21% (2997/14271)[0m
2026-08-20T10:14:19.4351931Z [31;1mUpdating files:  22% (3140/14271)[0m
2026-08-20T10:14:19.5511981Z [31;1mUpdating files:  23% (3283/14271)[0m
2026-08-20T10:14:19.6849728Z [31;1mUpdating files:  23% (3415/14271)[0m
2026-08-20T10:14:19.6929458Z [31;1mUpdating files:  24% (3426/14271)[0m
2026-08-20T10:14:19.8170143Z [31;1mUpdating files:  25% (3568/14271)[0m
2026-08-20T10:14:19.9431837Z [31;1mUpdating files:  26% (3711/14271)[0m
2026-08-20T10:14:20.0537823Z [31;1mUpdating files:  27% (3854/14271)[0m
2026-08-20T10:14:20.1886655Z [31;1mUpdating files:  28% (3996/14271)[0m
2026-08-20T10:14:20.3283090Z [31;1mUpdating files:  29% (4139/14271)[0m
2026-08-20T10:14:20.4636740Z [31;1mUpdating files:  30% (4282/14271)[0m
2026-08-20T10:14:20.6019195Z [31;1mUpdating files:  31% (4425/14271)[0m
2026-08-20T10:14:20.6861586Z [31;1mUpdating files:  31% (4516/14271)[0m
2026-08-20T10:14:20.7415605Z [31;1mUpdating files:  32% (4567/14271)[0m
2026-08-20T10:14:20.8663949Z [31;1mUpdating files:  33% (4710/14271)[0m
2026-08-20T10:14:21.0087121Z [31;1mUpdating files:  34% (4853/14271)[0m
2026-08-20T10:14:21.1481280Z [31;1mUpdating files:  35% (4995/14271)[0m
2026-08-20T10:14:21.2599108Z [31;1mUpdating files:  36% (5138/14271)[0m
2026-08-20T10:14:21.7764205Z [31;1mUpdating files:  36% (5186/14271)[0m
2026-08-20T10:14:21.8882114Z [31;1mUpdating files:  37% (5281/14271)[0m
2026-08-20T10:14:22.0075546Z [31;1mUpdating files:  38% (5423/14271)[0m
2026-08-20T10:14:22.1464558Z [31;1mUpdating files:  39% (5566/14271)[0m
2026-08-20T10:14:22.2561115Z [31;1mUpdating files:  40% (5709/14271)[0m
2026-08-20T10:14:22.3778729Z [31;1mUpdating files:  41% (5852/14271)[0m
2026-08-20T10:14:22.5090737Z [31;1mUpdating files:  42% (5994/14271)[0m
2026-08-20T10:14:22.6247844Z [31;1mUpdating files:  43% (6137/14271)[0m
2026-08-20T10:14:22.6940662Z [31;1mUpdating files:  43% (6224/14271)[0m
2026-08-20T10:14:22.7346983Z [31;1mUpdating files:  44% (6280/14271)[0m
2026-08-20T10:14:22.8785313Z [31;1mUpdating files:  45% (6422/14271)[0m
2026-08-20T10:14:23.0185464Z [31;1mUpdating files:  46% (6565/14271)[0m
2026-08-20T10:14:23.1275063Z [31;1mUpdating files:  47% (6708/14271)[0m
2026-08-20T10:14:23.2484524Z [31;1mUpdating files:  48% (6851/14271)[0m
2026-08-20T10:14:23.3576234Z [31;1mUpdating files:  49% (6993/14271)[0m
2026-08-20T10:14:23.4745863Z [31;1mUpdating files:  50% (7136/14271)[0m
2026-08-20T10:14:23.6172248Z [31;1mUpdating files:  51% (7279/14271)[0m
2026-08-20T10:14:23.7028235Z [31;1mUpdating files:  51% (7386/14271)[0m
2026-08-20T10:14:23.7293239Z [31;1mUpdating files:  52% (7421/14271)[0m
2026-08-20T10:14:23.8470162Z [31;1mUpdating files:  53% (7564/14271)[0m
2026-08-20T10:14:23.9855637Z [31;1mUpdating files:  54% (7707/14271)[0m
2026-08-20T10:14:24.1151775Z [31;1mUpdating files:  55% (7850/14271)[0m
2026-08-20T10:14:24.2296812Z [31;1mUpdating files:  56% (7992/14271)[0m
2026-08-20T10:14:24.3735308Z [31;1mUpdating files:  57% (8135/14271)[0m
2026-08-20T10:14:24.4973874Z [31;1mUpdating files:  58% (8278/14271)[0m
2026-08-20T10:14:25.6157835Z [31;1mUpdating files:  58% (8294/14271)[0m
2026-08-20T10:14:25.7072096Z [31;1mUpdating files:  58% (8391/14271)[0m
2026-08-20T10:14:25.7318649Z [31;1mUpdating files:  59% (8420/14271)[0m
2026-08-20T10:14:25.8441063Z [31;1mUpdating files:  60% (8563/14271)[0m
2026-08-20T10:14:25.9727364Z [31;1mUpdating files:  61% (8706/14271)[0m
2026-08-20T10:14:26.1023082Z [31;1mUpdating files:  62% (8849/14271)[0m
2026-08-20T10:14:26.2454291Z [31;1mUpdating files:  63% (8991/14271)[0m
2026-08-20T10:14:26.3641277Z [31;1mUpdating files:  64% (9134/14271)[0m
2026-08-20T10:14:26.4689772Z [31;1mUpdating files:  65% (9277/14271)[0m
2026-08-20T10:14:26.5914214Z [31;1mUpdating files:  66% (9419/14271)[0m
2026-08-20T10:14:26.7018141Z [31;1mUpdating files:  67% (9562/14271)[0m
2026-08-20T10:14:26.7065186Z [31;1mUpdating files:  67% (9563/14271)[0m
2026-08-20T10:14:26.8172929Z [31;1mUpdating files:  68% (9705/14271)[0m
2026-08-20T10:14:26.9678643Z [31;1mUpdating files:  69% (9847/14271)[0m
2026-08-20T10:14:27.0804859Z [31;1mUpdating files:  70% (9990/14271)[0m
2026-08-20T10:14:27.2017237Z [31;1mUpdating files:  71% (10133/14271)[0m
2026-08-20T10:14:27.3260424Z [31;1mUpdating files:  72% (10276/14271)[0m
2026-08-20T10:14:27.4301221Z [31;1mUpdating files:  73% (10418/14271)[0m
2026-08-20T10:14:27.5367368Z [31;1mUpdating files:  74% (10561/14271)[0m
2026-08-20T10:14:27.6524581Z [31;1mUpdating files:  75% (10704/14271)[0m
2026-08-20T10:14:27.7069569Z [31;1mUpdating files:  75% (10778/14271)[0m
2026-08-20T10:14:27.7592490Z [31;1mUpdating files:  76% (10846/14271)[0m
2026-08-20T10:14:27.8558836Z [31;1mUpdating files:  77% (10989/14271)[0m
2026-08-20T10:14:27.9695748Z [31;1mUpdating files:  78% (11132/14271)[0m
2026-08-20T10:14:28.0826044Z [31;1mUpdating files:  79% (11275/14271)[0m
2026-08-20T10:14:28.1670970Z [31;1mUpdating files:  80% (11417/14271)[0m
2026-08-20T10:14:28.2545380Z [31;1mUpdating files:  81% (11560/14271)[0m
2026-08-20T10:14:28.3443618Z [31;1mUpdating files:  82% (11703/14271)[0m
2026-08-20T10:14:28.4388753Z [31;1mUpdating files:  83% (11845/14271)[0m
2026-08-20T10:14:28.5353738Z [31;1mUpdating files:  84% (11988/14271)[0m
2026-08-20T10:14:28.6290126Z [31;1mUpdating files:  85% (12131/14271)[0m
2026-08-20T10:14:28.7076661Z [31;1mUpdating files:  85% (12240/14271)[0m
2026-08-20T10:14:28.7926376Z [31;1mUpdating files:  86% (12274/14271)[0m
2026-08-20T10:14:28.8968256Z [31;1mUpdating files:  87% (12416/14271)[0m
2026-08-20T10:14:28.9853036Z [31;1mUpdating files:  88% (12559/14271)[0m
2026-08-20T10:14:29.0639500Z [31;1mUpdating files:  89% (12702/14271)[0m
2026-08-20T10:14:29.1398140Z [31;1mUpdating files:  90% (12844/14271)[0m
2026-08-20T10:14:29.2305474Z [31;1mUpdating files:  91% (12987/14271)[0m
2026-08-20T10:14:29.3163938Z [31;1mUpdating files:  92% (13130/14271)[0m
2026-08-20T10:14:29.4217042Z [31;1mUpdating files:  93% (13273/14271)[0m
2026-08-20T10:14:29.5075212Z [31;1mUpdating files:  94% (13415/14271)[0m
2026-08-20T10:14:29.6092434Z [31;1mUpdating files:  95% (13558/14271)[0m
2026-08-20T10:14:29.6998100Z [31;1mUpdating files:  96% (13701/14271)[0m
2026-08-20T10:14:29.7088333Z [31;1mUpdating files:  96% (13720/14271)[0m
2026-08-20T10:14:29.7806391Z [31;1mUpdating files:  97% (13843/14271)[0m
2026-08-20T10:14:29.8667857Z [31;1mUpdating files:  98% (13986/14271)[0m
2026-08-20T10:14:29.9889368Z [31;1mUpdating files:  99% (14129/14271)[0m
2026-08-20T10:14:30.0748753Z [31;1mUpdating files: 100% (14271/14271)[0m
2026-08-20T10:14:30.0750930Z [31;1mUpdating files: 100% (14271/14271), done.[0m
2026-08-20T10:14:30.9317630Z [31;1mFrom https://github.com/microsoft/vcpkg[0m
2026-08-20T10:14:30.9319994Z [31;1m * branch                06d00ffa491e4668627728f14b891d22c6fea146 -> FETCH_HEAD[0m
2026-08-20T10:14:31.4410492Z [31;1mHEAD is now at 06d00ffa4 [stdgpu] add new port (#53264)[0m
2026-08-20T10:14:40.0015569Z Downloading https://github.com/microsoft/vcpkg-tool/releases/download/2026-07-27/vcpkg.exe -> C:\Users\runneradmin\AppData\Local\OpenCppCoverage\vcpkg\vcpkg.exe... done.
2026-08-20T10:14:40.0490068Z Validating signature... done.
2026-08-20T10:14:40.0594091Z 
2026-08-20T10:14:40.1213978Z vcpkg package management program version 2026-07-27-98d7cb0cf1f4686a3e43aa5672b6230c1d56bce8
2026-08-20T10:14:40.1214685Z 
2026-08-20T10:14:40.1214848Z See LICENSE.txt for license information.
2026-08-20T10:14:42.3243373Z A suitable version of cmake was not found (required v4.4.0).
2026-08-20T10:14:42.3244413Z Downloading https://github.com/Kitware/CMake/releases/download/v4.4.0/cmake-4.4.0-windows-x86_64.zip -> cmake-4.4.0-windows-x86_64.zip
2026-08-20T10:14:42.8548351Z Successfully downloaded cmake-4.4.0-windows-x86_64.zip
2026-08-20T10:14:42.8549019Z Extracting cmake...
2026-08-20T10:15:01.2540116Z Detecting compiler hash for triplet x64-windows...
2026-08-20T10:15:10.7104635Z Compiler found: C:/Program Files/Microsoft Visual Studio/2022/Enterprise/VC/Tools/MSVC/14.44.35207/bin/Hostx64/x64/cl.exe
2026-08-20T10:15:10.7237533Z Detecting compiler hash for triplet x86-windows...
2026-08-20T10:15:16.6178859Z Compiler found: C:/Program Files/Microsoft Visual Studio/2022/Enterprise/VC/Tools/MSVC/14.44.35207/bin/Hostx64/x86/cl.exe
2026-08-20T10:15:16.7966366Z The following packages are already installed:
2026-08-20T10:15:16.7967248Z   * abseil:x86-windows@20260107.1#3
2026-08-20T10:15:16.7967752Z   * abseil:x64-windows@20260107.1#3
2026-08-20T10:15:16.7969330Z     boost-algorithm:x86-windows@1.91.0
2026-08-20T10:15:16.7970186Z   * boost-align:x86-windows@1.91.0
2026-08-20T10:15:16.7970639Z   * boost-any:x86-windows@1.91.0
2026-08-20T10:15:16.7971233Z   * boost-array:x86-windows@1.91.0
2026-08-20T10:15:16.7973094Z   * boost-asio[core,spawn,deadline-timer]:x86-windows@1.91.0
2026-08-20T10:15:16.7973753Z   * boost-assert:x86-windows@1.91.0
2026-08-20T10:15:16.7974310Z   * boost-atomic:x86-windows@1.91.0
2026-08-20T10:15:16.7975043Z   * boost-bind:x86-windows@1.91.0
2026-08-20T10:15:16.7976323Z   * boost-charconv:x86-windows@1.91.0
2026-08-20T10:15:16.7977542Z   * boost-chrono:x86-windows@1.91.0
2026-08-20T10:15:16.7978071Z   * boost-cmake:x86-windows@1.91.0
2026-08-20T10:15:16.7978499Z   * boost-compat:x86-windows@1.91.0
2026-08-20T10:15:16.7979208Z   * boost-concept-check:x86-windows@1.91.0
2026-08-20T10:15:16.7980739Z   * boost-config:x86-windows@1.91.0
2026-08-20T10:15:16.7981202Z     boost-container:x86-windows@1.91.0
2026-08-20T10:15:16.7981759Z   * boost-container-hash:x86-windows@1.91.0
2026-08-20T10:15:16.7982836Z   * boost-context:x86-windows@1.91.0
2026-08-20T10:15:16.7983394Z   * boost-conversion:x86-windows@1.91.0
2026-08-20T10:15:16.7984777Z   * boost-core:x86-windows@1.91.0
2026-08-20T10:15:16.7985350Z   * boost-date-time:x86-windows@1.91.0
2026-08-20T10:15:16.7986762Z   * boost-describe:x86-windows@1.91.0
2026-08-20T10:15:16.7987261Z   * boost-detail:x86-windows@1.91.0
2026-08-20T10:15:16.7988712Z   * boost-dynamic-bitset:x86-windows@1.91.0
2026-08-20T10:15:16.7989266Z   * boost-endian:x86-windows@1.91.0
2026-08-20T10:15:16.7990682Z   * boost-exception:x86-windows@1.91.0
2026-08-20T10:15:16.7991164Z     boost-filesystem:x86-windows@1.91.0
2026-08-20T10:15:16.7991949Z   * boost-function:x86-windows@1.91.0
2026-08-20T10:15:16.7993726Z   * boost-function-types:x86-windows@1.91.0
2026-08-20T10:15:16.7994261Z   * boost-functional:x86-windows@1.91.0
2026-08-20T10:15:16.7995241Z   * boost-fusion:x86-windows@1.91.0
2026-08-20T10:15:16.7995879Z   * boost-headers:x86-windows@1.91.0
2026-08-20T10:15:16.7996956Z   * boost-integer:x86-windows@1.91.0
2026-08-20T10:15:16.7997892Z   * boost-interprocess:x86-windows@1.91.0
2026-08-20T10:15:16.7998913Z   * boost-intrusive:x86-windows@1.91.0
2026-08-20T10:15:16.7999962Z   * boost-io:x86-windows@1.91.0
2026-08-20T10:15:16.8000910Z     boost-iostreams[core,zstd,zlib,lzma,bzip2]:x86-windows@1.91.0
2026-08-20T10:15:16.8001828Z   * boost-iterator:x86-windows@1.91.0
2026-08-20T10:15:16.8003007Z   * boost-lexical-cast:x86-windows@1.91.0
2026-08-20T10:15:16.8003932Z     boost-locale:x86-windows@1.91.0
2026-08-20T10:15:16.8005126Z     boost-log:x86-windows@1.91.0
2026-08-20T10:15:16.8005751Z   * boost-move:x86-windows@1.91.0
2026-08-20T10:15:16.8006936Z   * boost-mp11:x86-windows@1.91.0
2026-08-20T10:15:16.8007936Z   * boost-mpl:x86-windows@1.91.0
2026-08-20T10:15:16.8009504Z   * boost-multi-index:x86-windows@1.91.0
2026-08-20T10:15:16.8010103Z   * boost-numeric-conversion:x86-windows@1.91.0
2026-08-20T10:15:16.8010654Z     boost-optional:x86-windows@1.91.0
2026-08-20T10:15:16.8012124Z   * boost-parameter:x86-windows@1.91.0
2026-08-20T10:15:16.8012641Z   * boost-phoenix:x86-windows@1.91.0
2026-08-20T10:15:16.8013092Z   * boost-pool:x86-windows@1.91.0
2026-08-20T10:15:16.8013537Z   * boost-predef:x86-windows@1.91.0
2026-08-20T10:15:16.8015130Z   * boost-preprocessor:x86-windows@1.91.0
2026-08-20T10:15:16.8015684Z     boost-program-options:x86-windows@1.91.0
2026-08-20T10:15:16.8016349Z     boost-property-tree:x86-windows@1.91.0
2026-08-20T10:15:16.8017496Z   * boost-proto:x86-windows@1.91.0
2026-08-20T10:15:16.8019160Z   * boost-random:x86-windows@1.91.0
2026-08-20T10:15:16.8020065Z     boost-range:x86-windows@1.91.0
2026-08-20T10:15:16.8021743Z   * boost-ratio:x86-windows@1.91.0
2026-08-20T10:15:16.8023397Z     boost-regex:x86-windows@1.91.0
2026-08-20T10:15:16.8024307Z   * boost-scope:x86-windows@1.91.0
2026-08-20T10:15:16.8025291Z   * boost-serialization:x86-windows@1.91.0
2026-08-20T10:15:16.8027591Z   * boost-smart-ptr:x86-windows@1.91.0
2026-08-20T10:15:16.8028249Z     boost-spirit:x86-windows@1.91.0
2026-08-20T10:15:16.8029886Z   * boost-static-assert:x86-windows@1.91.0
2026-08-20T10:15:16.8030418Z   * boost-system:x86-windows@1.91.0
2026-08-20T10:15:16.8031917Z   * boost-thread:x86-windows@1.91.0
2026-08-20T10:15:16.8032789Z   * boost-throw-exception:x86-windows@1.91.0
2026-08-20T10:15:16.8035131Z   * boost-tokenizer:x86-windows@1.91.0
2026-08-20T10:15:16.8035833Z   * boost-tuple:x86-windows@1.91.0
2026-08-20T10:15:16.8038075Z   * boost-type-index:x86-windows@1.91.0
2026-08-20T10:15:16.8038588Z   * boost-type-traits:x86-windows@1.91.0
2026-08-20T10:15:16.8040278Z   * boost-typeof:x86-windows@1.91.0
2026-08-20T10:15:16.8041401Z   * boost-uninstall:x86-windows@1.91.0
2026-08-20T10:15:16.8042599Z   * boost-unordered:x86-windows@1.91.0
2026-08-20T10:15:16.8044110Z   * boost-utility:x86-windows@1.91.0
2026-08-20T10:15:16.8044885Z     boost-uuid:x86-windows@1.91.0
2026-08-20T10:15:16.8046595Z   * boost-variant:x86-windows@1.91.0
2026-08-20T10:15:16.8047538Z   * boost-variant2:x86-windows@1.91.0
2026-08-20T10:15:16.8048553Z   * boost-winapi:x86-windows@1.91.0
2026-08-20T10:15:16.8049831Z   * boost-xpressive:x86-windows@1.91.0
2026-08-20T10:15:16.8051347Z   * bzip2[core,tool]:x86-windows@1.0.8#6
2026-08-20T10:15:16.8052211Z     ctemplate:x86-windows@2020-09-14#6
2026-08-20T10:15:16.8053991Z     gtest:x86-windows@1.18.0
2026-08-20T10:15:16.8055103Z   * liblzma:x86-windows@5.8.3
2026-08-20T10:15:16.8056910Z   * pcre2[core,platform-default-features,jit]:x86-windows@10.47#1
2026-08-20T10:15:16.8057700Z     poco:x86-windows@1.14.1#2
2026-08-20T10:15:16.8059057Z   * protobuf:x64-windows@6.33.4#2
2026-08-20T10:15:16.8060257Z     protobuf:x86-windows@6.33.4#2
2026-08-20T10:15:16.8061150Z   * utf8-range:x86-windows@6.33.4
2026-08-20T10:15:16.8062677Z   * utf8-range:x64-windows@6.33.4
2026-08-20T10:15:16.8063812Z   * utf8proc:x86-windows@2.11.3
2026-08-20T10:15:16.8065225Z   * vcpkg-boost:x64-windows@2025-03-29
2026-08-20T10:15:16.8066185Z   * vcpkg-cmake:x64-windows@2025-08-07
2026-08-20T10:15:16.8067809Z   * vcpkg-cmake-config:x64-windows@2026-07-21
2026-08-20T10:15:16.8068921Z   * zlib:x86-windows@1.3.2#2
2026-08-20T10:15:16.8070197Z   * zstd:x86-windows@1.5.7
2026-08-20T10:15:16.8071744Z The package boost-regex is compatible with built-in CMake targets of FindBoost.cmake:
2026-08-20T10:15:16.8072414Z 
2026-08-20T10:15:16.8073765Z     find_package(Boost REQUIRED COMPONENTS regex)
2026-08-20T10:15:16.8080012Z     target_link_libraries(main PRIVATE Boost::regex)
2026-08-20T10:15:16.8080455Z 
2026-08-20T10:15:16.8080602Z or the generated cmake configs via:
2026-08-20T10:15:16.8080885Z 
2026-08-20T10:15:16.8081031Z     find_package( REQUIRED CONFIG)
2026-08-20T10:15:16.8081577Z     target_link_libraries(main PRIVATE Boost::regex)
2026-08-20T10:15:16.8081943Z 
2026-08-20T10:15:16.8082386Z The package boost-optional is compatible with built-in CMake targets of FindBoost.cmake:
2026-08-20T10:15:16.8083045Z 
2026-08-20T10:15:16.8084229Z     find_package(Boost REQUIRED COMPONENTS optional)
2026-08-20T10:15:16.8085569Z     target_link_libraries(main PRIVATE Boost::optional)
2026-08-20T10:15:16.8086653Z 
2026-08-20T10:15:16.8088196Z or the generated cmake configs via:
2026-08-20T10:15:16.8088663Z 
2026-08-20T10:15:16.8090303Z     find_package( REQUIRED CONFIG)
2026-08-20T10:15:16.8091389Z     target_link_libraries(main PRIVATE Boost::optional)
2026-08-20T10:15:16.8092645Z 
2026-08-20T10:15:16.8094387Z The package boost-range is compatible with built-in CMake targets of FindBoost.cmake:
2026-08-20T10:15:16.8095009Z 
2026-08-20T10:15:16.8095815Z     find_package(Boost REQUIRED COMPONENTS range)
2026-08-20T10:15:16.8096481Z     target_link_libraries(main PRIVATE Boost::range)
2026-08-20T10:15:16.8097711Z 
2026-08-20T10:15:16.8099153Z or the generated cmake configs via:
2026-08-20T10:15:16.8099502Z 
2026-08-20T10:15:16.8101170Z     find_package( REQUIRED CONFIG)
2026-08-20T10:15:16.8102913Z     target_link_libraries(main PRIVATE Boost::range)
2026-08-20T10:15:16.8103322Z 
2026-08-20T10:15:16.8105005Z The package boost-algorithm is compatible with built-in CMake targets of FindBoost.cmake:
2026-08-20T10:15:16.8105684Z 
2026-08-20T10:15:16.8106188Z     find_package(Boost REQUIRED COMPONENTS algorithm)
2026-08-20T10:15:16.8107791Z     target_link_libraries(main PRIVATE Boost::algorithm)
2026-08-20T10:15:16.8108255Z 
2026-08-20T10:15:16.8110111Z or the generated cmake configs via:
2026-08-20T10:15:16.8110742Z 
2026-08-20T10:15:16.8113785Z     find_package( REQUIRED CONFIG)
2026-08-20T10:15:16.8114419Z     target_link_libraries(main PRIVATE Boost::algorithm)
2026-08-20T10:15:16.8114836Z 
2026-08-20T10:15:16.8116494Z The package boost-container is compatible with built-in CMake targets of FindBoost.cmake:
2026-08-20T10:15:16.8117209Z 
2026-08-20T10:15:16.8118835Z     find_package(Boost REQUIRED COMPONENTS container)
2026-08-20T10:15:16.8120178Z     target_link_libraries(main PRIVATE Boost::container)
2026-08-20T10:15:16.8120732Z 
2026-08-20T10:15:16.8122391Z or the generated cmake configs via:
2026-08-20T10:15:16.8123009Z 
2026-08-20T10:15:16.8124653Z     find_package( REQUIRED CONFIG)
2026-08-20T10:15:16.8125214Z     target_link_libraries(main PRIVATE Boost::container)
2026-08-20T10:15:16.8126532Z 
2026-08-20T10:15:16.8128397Z The package boost-filesystem is compatible with built-in CMake targets of FindBoost.cmake:
2026-08-20T10:15:16.8129159Z 
2026-08-20T10:15:16.8130636Z     find_package(Boost REQUIRED COMPONENTS filesystem)
2026-08-20T10:15:16.8131755Z     target_link_libraries(main PRIVATE Boost::filesystem)
2026-08-20T10:15:16.8132953Z 
2026-08-20T10:15:16.8134157Z or the generated cmake configs via:
2026-08-20T10:15:16.8134650Z 
2026-08-20T10:15:16.8136430Z     find_package( REQUIRED CONFIG)
2026-08-20T10:15:16.8138535Z     target_link_libraries(main PRIVATE Boost::filesystem)
2026-08-20T10:15:16.8138953Z 
2026-08-20T10:15:16.8140810Z The package boost-iostreams is compatible with built-in CMake targets of FindBoost.cmake:
2026-08-20T10:15:16.8141499Z 
2026-08-20T10:15:16.8143226Z     find_package(Boost REQUIRED COMPONENTS iostreams)
2026-08-20T10:15:16.8144412Z     target_link_libraries(main PRIVATE Boost::iostreams)
2026-08-20T10:15:16.8145484Z 
2026-08-20T10:15:16.8146690Z or the generated cmake configs via:
2026-08-20T10:15:16.8147030Z 
2026-08-20T10:15:16.8148846Z     find_package( REQUIRED CONFIG)
2026-08-20T10:15:16.8150069Z     target_link_libraries(main PRIVATE Boost::iostreams)
2026-08-20T10:15:16.8151305Z 
2026-08-20T10:15:16.8152771Z The package boost-locale is compatible with built-in CMake targets of FindBoost.cmake:
2026-08-20T10:15:16.8153424Z 
2026-08-20T10:15:16.8155013Z     find_package(Boost REQUIRED COMPONENTS locale)
2026-08-20T10:15:16.8155690Z     target_link_libraries(main PRIVATE Boost::locale)
2026-08-20T10:15:16.8156088Z 
2026-08-20T10:15:16.8157507Z or the generated cmake configs via:
2026-08-20T10:15:16.8157817Z 
2026-08-20T10:15:16.8159308Z     find_package( REQUIRED CONFIG)
2026-08-20T10:15:16.8160512Z     target_link_libraries(main PRIVATE Boost::locale)
2026-08-20T10:15:16.8161144Z 
2026-08-20T10:15:16.8163063Z The package boost-spirit is compatible with built-in CMake targets of FindBoost.cmake:
2026-08-20T10:15:16.8164120Z 
2026-08-20T10:15:16.8164347Z     find_package(Boost REQUIRED COMPONENTS spirit)
2026-08-20T10:15:16.8166081Z     target_link_libraries(main PRIVATE Boost::spirit)
2026-08-20T10:15:16.8166513Z 
2026-08-20T10:15:16.8168324Z or the generated cmake configs via:
2026-08-20T10:15:16.8168901Z 
2026-08-20T10:15:16.8170606Z     find_package( REQUIRED CONFIG)
2026-08-20T10:15:16.8171553Z     target_link_libraries(main PRIVATE Boost::spirit)
2026-08-20T10:15:16.8172724Z 
2026-08-20T10:15:16.8174496Z The package boost-property-tree is compatible with built-in CMake targets of FindBoost.cmake:
2026-08-20T10:15:16.8175261Z 
2026-08-20T10:15:16.8177008Z     find_package(Boost REQUIRED COMPONENTS property_tree)
2026-08-20T10:15:16.8177756Z     target_link_libraries(main PRIVATE Boost::property_tree)
2026-08-20T10:15:16.8179039Z 
2026-08-20T10:15:16.8180225Z or the generated cmake configs via:
2026-08-20T10:15:16.8181005Z 
2026-08-20T10:15:16.8182830Z     find_package( REQUIRED CONFIG)
2026-08-20T10:15:16.8183839Z     target_link_libraries(main PRIVATE Boost::property_tree)
2026-08-20T10:15:16.8185038Z 
2026-08-20T10:15:16.8186737Z The package boost-log is compatible with built-in CMake targets of FindBoost.cmake:
2026-08-20T10:15:16.8187363Z 
2026-08-20T10:15:16.8189048Z     find_package(Boost REQUIRED COMPONENTS log)
2026-08-20T10:15:16.8189470Z     target_link_libraries(main PRIVATE Boost::log)
2026-08-20T10:15:16.8189967Z 
2026-08-20T10:15:16.8191356Z or the generated cmake configs via:
2026-08-20T10:15:16.8192027Z 
2026-08-20T10:15:16.8193422Z     find_package( REQUIRED CONFIG)
2026-08-20T10:15:16.8193986Z     target_link_libraries(main PRIVATE Boost::log)
2026-08-20T10:15:16.8195176Z 
2026-08-20T10:15:16.8196397Z The package boost-program-options is compatible with built-in CMake targets of FindBoost.cmake:
2026-08-20T10:15:16.8197061Z 
2026-08-20T10:15:16.8198012Z     find_package(Boost REQUIRED COMPONENTS program_options)
2026-08-20T10:15:16.8198545Z     target_link_libraries(main PRIVATE Boost::program_options)
2026-08-20T10:15:16.8199420Z 
2026-08-20T10:15:16.8200559Z or the generated cmake configs via:
2026-08-20T10:15:16.8200893Z 
2026-08-20T10:15:16.8202301Z     find_package( REQUIRED CONFIG)
2026-08-20T10:15:16.8202920Z     target_link_libraries(main PRIVATE Boost::program_options)
2026-08-20T10:15:16.8204158Z 
2026-08-20T10:15:16.8204665Z The package boost-uuid is compatible with built-in CMake targets of FindBoost.cmake:
2026-08-20T10:15:16.8205742Z 
2026-08-20T10:15:16.8207022Z     find_package(Boost REQUIRED COMPONENTS uuid)
2026-08-20T10:15:16.8207796Z     target_link_libraries(main PRIVATE Boost::uuid)
2026-08-20T10:15:16.8209012Z 
2026-08-20T10:15:16.8210129Z or the generated cmake configs via:
2026-08-20T10:15:16.8210502Z 
2026-08-20T10:15:16.8211891Z     find_package( REQUIRED CONFIG)
2026-08-20T10:15:16.8212390Z     target_link_libraries(main PRIVATE Boost::uuid)
2026-08-20T10:15:16.8213676Z 
2026-08-20T10:15:16.8214690Z The package gtest is compatible with built-in CMake targets:
2026-08-20T10:15:16.8215084Z 
2026-08-20T10:15:16.8216539Z     enable_testing()
2026-08-20T10:15:16.8216928Z     
2026-08-20T10:15:16.8218489Z     find_package(GTest CONFIG REQUIRED)
2026-08-20T10:15:16.8219259Z     target_link_libraries(main PRIVATE GTest::gtest GTest::gtest_main GTest::gmock GTest::gmock_main)
2026-08-20T10:15:16.8220367Z     
2026-08-20T10:15:16.8221378Z     add_test(AllTestsInMain main)
2026-08-20T10:15:16.8222226Z 
2026-08-20T10:15:16.8223572Z The package poco is compatible with built-in CMake targets:
2026-08-20T10:15:16.8223855Z 
2026-08-20T10:15:16.8225220Z     find_package(Poco REQUIRED [COMPONENTS <libs>...])
2026-08-20T10:15:16.8225861Z     target_link_libraries(main PRIVATE Poco::<libs>)
2026-08-20T10:15:16.8226961Z 
2026-08-20T10:15:16.8228112Z protobuf provides CMake targets:
2026-08-20T10:15:16.8228585Z 
2026-08-20T10:15:16.8230096Z   # this is heuristically generated, and may not be correct
2026-08-20T10:15:16.8230712Z   find_package(protobuf CONFIG REQUIRED)
2026-08-20T10:15:16.8231801Z   target_link_libraries(main PRIVATE protobuf::libprotobuf protobuf::libprotobuf-lite)
2026-08-20T10:15:16.8232652Z 
2026-08-20T10:15:16.8233936Z protobuf provides pkg-config modules:
2026-08-20T10:15:16.8234317Z 
2026-08-20T10:15:16.8235918Z   # Google's Data Interchange Format
2026-08-20T10:15:16.8236529Z   protobuf-lite
2026-08-20T10:15:16.8237396Z 
2026-08-20T10:15:16.8238493Z   # Google's Data Interchange Format
2026-08-20T10:15:16.8238975Z   protobuf
2026-08-20T10:15:16.8240268Z 
2026-08-20T10:15:16.8241293Z All requested installations completed successfully in: 3.09 ms
2026-08-20T10:15:16.8296046Z VCPKG_ROOT=C:\Users\runneradmin\AppData\Local\OpenCppCoverage\vcpkg
2026-08-20T10:15:16.8590970Z ##[group]Run & .\Build\Scripts\ToolchainPreflight.ps1 -Platform Win32 `
2026-08-20T10:15:16.8591566Z [36;1m& .\Build\Scripts\ToolchainPreflight.ps1 -Platform Win32 `[0m
2026-08-20T10:15:16.8592115Z [36;1m  -Configuration Debug -LogDirectory artifacts\logs -RequireVcpkgComparison 2>&1 |[0m
2026-08-20T10:15:16.8592635Z [36;1m  Tee-Object artifacts\logs\preflight-Win32.log[0m
2026-08-20T10:15:16.8593033Z [36;1mif ($LASTEXITCODE -ne 0) { exit $LASTEXITCODE }[0m
2026-08-20T10:15:16.8624476Z shell: C:\Program Files\PowerShell\7\pwsh.EXE -command ". '{0}'"
2026-08-20T10:15:16.8624808Z env:
2026-08-20T10:15:16.8625220Z   MSBUILD_EXE: C:\Program Files\Microsoft Visual Studio\2022\Enterprise\MSBuild\Current\Bin\amd64\MSBuild.exe
2026-08-20T10:15:16.8625817Z   VCPKG_ROOT: C:\Users\runneradmin\AppData\Local\OpenCppCoverage\vcpkg
2026-08-20T10:15:16.8626162Z ##[endgroup]
2026-08-20T10:15:24.9556155Z Platform                : Win32
2026-08-20T10:15:24.9562471Z Configuration           : Debug
2026-08-20T10:15:24.9569482Z Project                 : D:\a\OpenCppCoverage-ARM64\OpenCppCoverage-ARM64\Tools\Tools.vcxproj
2026-08-20T10:15:24.9575202Z HostArchitecture        : x64
2026-08-20T10:15:24.9581926Z TargetArchitecture      : x86
2026-08-20T10:15:24.9588018Z OSArchitecture          : X64
2026-08-20T10:15:24.9594042Z ProcessArchitecture     : X64
2026-08-20T10:15:24.9600409Z MSBuildPath             : C:\Program Files\Microsoft Visual Studio\2022\Enterprise\MSBuild\Current\Bin\MSBuild.exe
2026-08-20T10:15:24.9606995Z PlatformToolset         : v143
2026-08-20T10:15:24.9613018Z DefaultPlatformToolset  : v143
2026-08-20T10:15:24.9619777Z VCToolsVersion          : 14.44.35207
2026-08-20T10:15:24.9626036Z VCToolsInstallDir       : C:\Program Files\Microsoft Visual Studio\2022\Enterprise\VC\Tools\MSVC\14.44.35207\
2026-08-20T10:15:24.9632498Z WindowsSdkVersion       : 10.0
2026-08-20T10:15:24.9639580Z ClPath                  : C:\Program Files\Microsoft Visual Studio\2022\Enterprise\VC\Tools\MSVC\14.44.35207\bin\Hostx64\x86\cl.exe
2026-08-20T10:15:24.9645555Z ClVersion               : 19.44.35228
2026-08-20T10:15:24.9651723Z ClTarget                : x86
2026-08-20T10:15:24.9659524Z ClBanner                : Microsoft (R) C/C++ Optimizing Compiler Version 19.44.35228 for x86
2026-08-20T10:15:24.9668089Z LinkPath                : C:\Program Files\Microsoft Visual Studio\2022\Enterprise\VC\Tools\MSVC\14.44.35207\bin\Hostx64\x86\link.exe
2026-08-20T10:15:24.9675471Z CrtImportLibrary        : C:\Program Files\Microsoft Visual Studio\2022\Enterprise\VC\Tools\MSVC\14.44.35207\lib\x86\libcpmt.lib
2026-08-20T10:15:24.9682515Z VcpkgCompilerVersion    : 14.44.35207
2026-08-20T10:15:24.9690415Z VcpkgCompilerPath       : C:/Program Files/Microsoft Visual Studio/2022/Enterprise/VC/Tools/MSVC/14.44.35207/bin/Hostx64/x86/cl.exe
2026-08-20T10:15:24.9697439Z VcpkgCompilerBannerVersion: 19.44.35228.0
2026-08-20T10:15:24.9705412Z VcpkgCompilerSource     : C:\Users\runneradmin\AppData\Local\OpenCppCoverage\vcpkg\buildtrees\detect_compiler\stdout-x86-windows.log
2026-08-20T10:15:24.9712304Z ForeignLibraryPaths     : System.Object[]
2026-08-20T10:15:24.9719597Z Succeeded               : True
2026-08-20T10:15:24.9737631Z Toolchain preflight succeeded. Report: artifacts\logs\toolchain-preflight-Win32-Debug.json
2026-08-20T10:15:25.0340532Z ##[group]Run & "$env:MSBUILD_EXE" /m CppCoverage.sln /p:Configuration=Debug /p:Platform=Win32 `
2026-08-20T10:15:25.0341383Z [36;1m& "$env:MSBUILD_EXE" /m CppCoverage.sln /p:Configuration=Debug /p:Platform=Win32 `[0m
2026-08-20T10:15:25.0341920Z [36;1m  /p:PreferredToolArchitecture=x64 `[0m
2026-08-20T10:15:25.0342301Z [36;1m  /bl:artifacts\logs\build-Debug-Win32.binlog `[0m
2026-08-20T10:15:25.0342789Z [36;1m  /fl "/flp:logfile=artifacts\logs\build-Debug-Win32.log;verbosity=normal"[0m
2026-08-20T10:15:25.0374851Z shell: C:\Program Files\PowerShell\7\pwsh.EXE -command ". '{0}'"
2026-08-20T10:15:25.0375220Z env:
2026-08-20T10:15:25.0375683Z   MSBUILD_EXE: C:\Program Files\Microsoft Visual Studio\2022\Enterprise\MSBuild\Current\Bin\amd64\MSBuild.exe
2026-08-20T10:15:25.0376363Z   VCPKG_ROOT: C:\Users\runneradmin\AppData\Local\OpenCppCoverage\vcpkg
2026-08-20T10:15:25.0376759Z ##[endgroup]
2026-08-20T10:15:25.3052390Z MSBuild version 17.14.51+25f168cee for .NET Framework
2026-08-20T10:15:25.7070015Z Build started 8/20/2026 10:15:25 AM.
2026-08-20T10:15:25.7244504Z 
2026-08-20T10:15:26.4722878Z      1>Project "D:\a\OpenCppCoverage-ARM64\OpenCppCoverage-ARM64\CppCoverage.sln" on node 1 (default targets).
2026-08-20T10:15:26.4723957Z      1>ValidateSolutionConfiguration:
2026-08-20T10:15:26.4724598Z          Building solution configuration "Debug|Win32".
2026-08-20T10:15:27.1589030Z      1>Project "D:\a\OpenCppCoverage-ARM64\OpenCppCoverage-ARM64\CppCoverage.sln" (1) is building "D:\a\OpenCppCoverage-ARM64\OpenCppCoverage-ARM64\ExporterTest\ExporterTest.vcxproj.metaproj" (3) on node 1 (default targets).
2026-08-20T10:15:27.1593533Z      3>Project "D:\a\OpenCppCoverage-ARM64\OpenCppCoverage-ARM64\ExporterTest\ExporterTest.vcxproj.metaproj" (3) is building "D:\a\OpenCppCoverage-ARM64\OpenCppCoverage-ARM64\Exporter\Exporter.vcxproj" (5) on node 1 (default targets).
2026-08-20T10:15:27.1599081Z      5>Project "D:\a\OpenCppCoverage-ARM64\OpenCppCoverage-ARM64\Exporter\Exporter.vcxproj" (5) is building "D:\a\OpenCppCoverage-ARM64\OpenCppCoverage-ARM64\Plugin\Plugin.vcxproj" (9) on node 1 (default targets).
2026-08-20T10:15:27.1602202Z      9>PrepareForBuild:
2026-08-20T10:15:27.1602620Z          Creating directory "Debug\".
2026-08-20T10:15:27.2006863Z          Structured output is enabled. The formatting of compiler diagnostics will reflect the error hierarchy. See https://aka.ms/cpp/structured-output for more details.
2026-08-20T10:15:27.2017871Z          Creating directory "Debug\Plugin.tlog\".
2026-08-20T10:15:27.2053526Z        InitializeBuildStatus:
2026-08-20T10:15:27.2059099Z          Creating "Debug\Plugin.tlog\unsuccessfulbuild" because "AlwaysCreate" was specified.
2026-08-20T10:15:27.2081617Z          Touching "Debug\Plugin.tlog\unsuccessfulbuild".
2026-08-20T10:15:27.2121156Z      1>Project "D:\a\OpenCppCoverage-ARM64\OpenCppCoverage-ARM64\CppCoverage.sln" (1) is building "D:\a\OpenCppCoverage-ARM64\OpenCppCoverage-ARM64\TestCoverageConsole\TestCoverageConsole.vcxproj" (8) on node 4 (default targets).
2026-08-20T10:15:27.2129117Z      8>Project "D:\a\OpenCppCoverage-ARM64\OpenCppCoverage-ARM64\TestCoverageConsole\TestCoverageConsole.vcxproj" (8) is building "D:\a\OpenCppCoverage-ARM64\OpenCppCoverage-ARM64\TestCoverageOptimizedBuild\TestCoverageOptimizedBuild.vcxproj" (10) on node 4 (default targets).
2026-08-20T10:15:27.2133917Z     10>PrepareForBuild:
2026-08-20T10:15:27.2134348Z          Creating directory "Debug\".
2026-08-20T10:15:27.2137286Z      1>Project "D:\a\OpenCppCoverage-ARM64\OpenCppCoverage-ARM64\CppCoverage.sln" (1) is building "D:\a\OpenCppCoverage-ARM64\OpenCppCoverage-ARM64\OpenCppCoverage\OpenCppCoverage.vcxproj" (6) on node 2 (default targets).
2026-08-20T10:15:27.2163885Z      6>Project "D:\a\OpenCppCoverage-ARM64\OpenCppCoverage-ARM64\OpenCppCoverage\OpenCppCoverage.vcxproj" (6) is building "D:\a\OpenCppCoverage-ARM64\OpenCppCoverage-ARM64\Tools\Tools.vcxproj" (11) on node 2 (default targets).
2026-08-20T10:15:27.2173090Z     11>PrepareForBuild:
2026-08-20T10:15:27.2174817Z          Creating directory "Debug\".
2026-08-20T10:15:27.2175805Z     10>PrepareForBuild:
2026-08-20T10:15:27.2296322Z          Structured output is enabled. The formatting of compiler diagnostics will reflect the error hierarchy. See https://aka.ms/cpp/structured-output for more details.
2026-08-20T10:15:27.2337598Z          Creating directory "D:\a\OpenCppCoverage-ARM64\OpenCppCoverage-ARM64\Debug\".
2026-08-20T10:15:27.2344417Z          Creating directory "Debug\TestCove.2FD17BA1.tlog\".
2026-08-20T10:15:27.2351828Z        InitializeBuildStatus:
2026-08-20T10:15:27.2355834Z          Creating "Debug\TestCove.2FD17BA1.tlog\unsuccessfulbuild" because "AlwaysCreate" was specified.
2026-08-20T10:15:27.2358660Z          Touching "Debug\TestCove.2FD17BA1.tlog\unsuccessfulbuild".
2026-08-20T10:15:27.2463384Z     11>PrepareForBuild:
2026-08-20T10:15:27.2491391Z          Structured output is enabled. The formatting of compiler diagnostics will reflect the error hierarchy. See https://aka.ms/cpp/structured-output for more details.
2026-08-20T10:15:27.2619303Z          Creating directory "Debug\Tools.tlog\".
2026-08-20T10:15:27.2658810Z        InitializeBuildStatus:
2026-08-20T10:15:27.2667175Z          Creating "Debug\Tools.tlog\unsuccessfulbuild" because "AlwaysCreate" was specified.
2026-08-20T10:15:27.2696509Z          Touching "Debug\Tools.tlog\unsuccessfulbuild".
2026-08-20T10:15:27.2712696Z     10>VcpkgTripletSelection:
2026-08-20T10:15:27.2729350Z          Using triplet "x86-windows" from "D:\a\OpenCppCoverage-ARM64\OpenCppCoverage-ARM64\vcpkg_installed\x86-windows\"
2026-08-20T10:15:27.2757512Z          Using normalized configuration "Debug"
2026-08-20T10:15:27.2770725Z      9>VcpkgTripletSelection:
2026-08-20T10:15:27.2782140Z          Using triplet "x86-windows" from "D:\a\OpenCppCoverage-ARM64\OpenCppCoverage-ARM64\vcpkg_installed\x86-windows\"
2026-08-20T10:15:27.2792228Z          Using normalized configuration "Debug"
2026-08-20T10:15:27.2793366Z        VcpkgBootstrap:
2026-08-20T10:15:27.2795924Z        Skipping target "VcpkgBootstrap" because all output files are up-to-date with respect to the input files.
2026-08-20T10:15:27.2824969Z     10>VcpkgBootstrap:
2026-08-20T10:15:27.2828081Z        Skipping target "VcpkgBootstrap" because all output files are up-to-date with respect to the input files.
2026-08-20T10:15:27.2942692Z     11>VcpkgTripletSelection:
2026-08-20T10:15:27.2945461Z          Using triplet "x86-windows" from "D:\a\OpenCppCoverage-ARM64\OpenCppCoverage-ARM64\vcpkg_installed\x86-windows\"
2026-08-20T10:15:27.2950413Z          Using normalized configuration "Debug"
2026-08-20T10:15:27.2969131Z        VcpkgBootstrap:
2026-08-20T10:15:27.2970325Z        Skipping target "VcpkgBootstrap" because all output files are up-to-date with respect to the input files.
2026-08-20T10:15:38.4646161Z      9>Project "D:\a\OpenCppCoverage-ARM64\OpenCppCoverage-ARM64\Plugin\Plugin.vcxproj" (9) is building "C:\Users\runneradmin\AppData\Local\OpenCppCoverage\vcpkg\scripts\buildsystems\msbuild\support\InstallImplementation.targets" (19) on node 1 (VcpkgInstallImplementation target(s)).
2026-08-20T10:15:38.4647442Z     19>VcpkgInstallImplementation:
2026-08-20T10:15:38.4647930Z          Installing vcpkg dependencies to D:\a\OpenCppCoverage-ARM64\OpenCppCoverage-ARM64\vcpkg_installed\
2026-08-20T10:15:38.6697507Z          "C:\Users\runneradmin\AppData\Local\OpenCppCoverage\vcpkg\vcpkg.exe" install  --x-wait-for-lock --triplet "x86-windows" --vcpkg-root "C:\Users\runneradmin\AppData\Local\OpenCppCoverage\vcpkg\\" "--x-manifest-root=D:\a\OpenCppCoverage-ARM64\OpenCppCoverage-ARM64\\" "--x-install-root=D:\a\OpenCppCoverage-ARM64\OpenCppCoverage-ARM64\vcpkg_installed\\" 
2026-08-20T10:15:38.6760762Z          "C:\Users\runneradmin\AppData\Local\OpenCppCoverage\vcpkg\vcpkg.exe" install  --x-wait-for-lock --triplet "x86-windows" --vcpkg-root "C:\Users\runneradmin\AppData\Local\OpenCppCoverage\vcpkg\\" "--x-manifest-root=D:\a\OpenCppCoverage-ARM64\OpenCppCoverage-ARM64\\" "--x-install-root=D:\a\OpenCppCoverage-ARM64\OpenCppCoverage-ARM64\vcpkg_installed\\" 
2026-08-20T10:15:39.1587164Z          Detecting compiler hash for triplet x64-windows...
2026-08-20T10:15:41.3046965Z          Compiler found: C:/Program Files/Microsoft Visual Studio/2022/Enterprise/VC/Tools/MSVC/14.44.35207/bin/Hostx64/x64/cl.exe
2026-08-20T10:15:41.3146784Z          Detecting compiler hash for triplet x86-windows...
2026-08-20T10:15:43.2123914Z          Compiler found: C:/Program Files/Microsoft Visual Studio/2022/Enterprise/VC/Tools/MSVC/14.44.35207/bin/Hostx64/x86/cl.exe
2026-08-20T10:15:43.2634571Z          The following packages are already installed:
2026-08-20T10:15:43.2635473Z            * abseil:x86-windows@20260107.1#3
2026-08-20T10:15:43.2636221Z            * abseil:x64-windows@20260107.1#3
2026-08-20T10:15:43.2636881Z              boost-algorithm:x86-windows@1.91.0
2026-08-20T10:15:43.2637453Z            * boost-align:x86-windows@1.91.0
2026-08-20T10:15:43.2638119Z            * boost-any:x86-windows@1.91.0
2026-08-20T10:15:43.2638756Z            * boost-array:x86-windows@1.91.0
2026-08-20T10:15:43.2639565Z            * boost-asio[core,spawn,deadline-timer]:x86-windows@1.91.0
2026-08-20T10:15:43.2640370Z            * boost-assert:x86-windows@1.91.0
2026-08-20T10:15:43.2640906Z            * boost-atomic:x86-windows@1.91.0
2026-08-20T10:15:43.2641687Z            * boost-bind:x86-windows@1.91.0
2026-08-20T10:15:43.2642728Z            * boost-charconv:x86-windows@1.91.0
2026-08-20T10:15:43.2643820Z            * boost-chrono:x86-windows@1.91.0
2026-08-20T10:15:43.2644843Z            * boost-cmake:x86-windows@1.91.0
2026-08-20T10:15:43.2645902Z            * boost-compat:x86-windows@1.91.0
2026-08-20T10:15:43.2646575Z            * boost-concept-check:x86-windows@1.91.0
2026-08-20T10:15:43.2647074Z            * boost-config:x86-windows@1.91.0
2026-08-20T10:15:43.2647496Z              boost-container:x86-windows@1.91.0
2026-08-20T10:15:43.2647900Z            * boost-container-hash:x86-windows@1.91.0
2026-08-20T10:15:43.2648189Z            * boost-context:x86-windows@1.91.0
2026-08-20T10:15:43.2648466Z            * boost-conversion:x86-windows@1.91.0
2026-08-20T10:15:43.2648730Z            * boost-core:x86-windows@1.91.0
2026-08-20T10:15:43.2648991Z            * boost-date-time:x86-windows@1.91.0
2026-08-20T10:15:43.2649260Z            * boost-describe:x86-windows@1.91.0
2026-08-20T10:15:43.2649534Z            * boost-detail:x86-windows@1.91.0
2026-08-20T10:15:43.2649807Z            * boost-dynamic-bitset:x86-windows@1.91.0
2026-08-20T10:15:43.2650084Z            * boost-endian:x86-windows@1.91.0
2026-08-20T10:15:43.2650343Z            * boost-exception:x86-windows@1.91.0
2026-08-20T10:15:43.2650617Z              boost-filesystem:x86-windows@1.91.0
2026-08-20T10:15:43.2650883Z            * boost-function:x86-windows@1.91.0
2026-08-20T10:15:43.2651184Z            * boost-function-types:x86-windows@1.91.0
2026-08-20T10:15:43.2651477Z            * boost-functional:x86-windows@1.91.0
2026-08-20T10:15:43.2651738Z            * boost-fusion:x86-windows@1.91.0
2026-08-20T10:15:43.2651996Z            * boost-headers:x86-windows@1.91.0
2026-08-20T10:15:43.2652252Z            * boost-integer:x86-windows@1.91.0
2026-08-20T10:15:43.2652527Z            * boost-interprocess:x86-windows@1.91.0
2026-08-20T10:15:43.2652807Z            * boost-intrusive:x86-windows@1.91.0
2026-08-20T10:15:43.2653065Z            * boost-io:x86-windows@1.91.0
2026-08-20T10:15:43.2653397Z              boost-iostreams[core,zstd,zlib,lzma,bzip2]:x86-windows@1.91.0
2026-08-20T10:15:43.2653765Z            * boost-iterator:x86-windows@1.91.0
2026-08-20T10:15:43.2654038Z            * boost-lexical-cast:x86-windows@1.91.0
2026-08-20T10:15:43.2654309Z              boost-locale:x86-windows@1.91.0
2026-08-20T10:15:43.2654556Z              boost-log:x86-windows@1.91.0
2026-08-20T10:15:43.2654807Z            * boost-move:x86-windows@1.91.0
2026-08-20T10:15:43.2655378Z            * boost-mp11:x86-windows@1.91.0
2026-08-20T10:15:43.2655625Z            * boost-mpl:x86-windows@1.91.0
2026-08-20T10:15:43.2655890Z            * boost-multi-index:x86-windows@1.91.0
2026-08-20T10:15:43.2656196Z            * boost-numeric-conversion:x86-windows@1.91.0
2026-08-20T10:15:43.2656494Z              boost-optional:x86-windows@1.91.0
2026-08-20T10:15:43.2656757Z            * boost-parameter:x86-windows@1.91.0
2026-08-20T10:15:43.2657021Z            * boost-phoenix:x86-windows@1.91.0
2026-08-20T10:15:43.2657273Z            * boost-pool:x86-windows@1.91.0
2026-08-20T10:15:43.2657528Z            * boost-predef:x86-windows@1.91.0
2026-08-20T10:15:43.2657803Z            * boost-preprocessor:x86-windows@1.91.0
2026-08-20T10:15:43.2658105Z              boost-program-options:x86-windows@1.91.0
2026-08-20T10:15:43.2658404Z              boost-property-tree:x86-windows@1.91.0
2026-08-20T10:15:43.2658701Z            * boost-proto:x86-windows@1.91.0
2026-08-20T10:15:43.2658986Z            * boost-random:x86-windows@1.91.0
2026-08-20T10:15:43.2659243Z              boost-range:x86-windows@1.91.0
2026-08-20T10:15:43.2659488Z            * boost-ratio:x86-windows@1.91.0
2026-08-20T10:15:43.2659739Z              boost-regex:x86-windows@1.91.0
2026-08-20T10:15:43.2659983Z            * boost-scope:x86-windows@1.91.0
2026-08-20T10:15:43.2660243Z            * boost-serialization:x86-windows@1.91.0
2026-08-20T10:15:43.2660523Z            * boost-smart-ptr:x86-windows@1.91.0
2026-08-20T10:15:43.2660799Z              boost-spirit:x86-windows@1.91.0
2026-08-20T10:15:43.2661064Z            * boost-static-assert:x86-windows@1.91.0
2026-08-20T10:15:43.2661337Z            * boost-system:x86-windows@1.91.0
2026-08-20T10:15:43.2661587Z            * boost-thread:x86-windows@1.91.0
2026-08-20T10:15:43.2661864Z            * boost-throw-exception:x86-windows@1.91.0
2026-08-20T10:15:43.2662149Z            * boost-tokenizer:x86-windows@1.91.0
2026-08-20T10:15:43.2662409Z            * boost-tuple:x86-windows@1.91.0
2026-08-20T10:15:43.2662675Z            * boost-type-index:x86-windows@1.91.0
2026-08-20T10:15:43.2662956Z            * boost-type-traits:x86-windows@1.91.0
2026-08-20T10:15:43.2663228Z            * boost-typeof:x86-windows@1.91.0
2026-08-20T10:15:43.2663487Z            * boost-uninstall:x86-windows@1.91.0
2026-08-20T10:15:43.2663748Z            * boost-unordered:x86-windows@1.91.0
2026-08-20T10:15:43.2664015Z            * boost-utility:x86-windows@1.91.0
2026-08-20T10:15:43.2664274Z              boost-uuid:x86-windows@1.91.0
2026-08-20T10:15:43.2664532Z            * boost-variant:x86-windows@1.91.0
2026-08-20T10:15:43.2664796Z            * boost-variant2:x86-windows@1.91.0
2026-08-20T10:15:43.2665059Z            * boost-winapi:x86-windows@1.91.0
2026-08-20T10:15:43.2665329Z            * boost-xpressive:x86-windows@1.91.0
2026-08-20T10:15:43.2665594Z            * bzip2[core,tool]:x86-windows@1.0.8#6
2026-08-20T10:15:43.2665858Z              ctemplate:x86-windows@2020-09-14#6
2026-08-20T10:15:43.2666119Z              gtest:x86-windows@1.18.0
2026-08-20T10:15:43.2666361Z            * liblzma:x86-windows@5.8.3
2026-08-20T10:15:43.2666687Z            * pcre2[core,platform-default-features,jit]:x86-windows@10.47#1
2026-08-20T10:15:43.2667031Z              poco:x86-windows@1.14.1#2
2026-08-20T10:15:43.2667282Z            * protobuf:x64-windows@6.33.4#2
2026-08-20T10:15:43.2667525Z              protobuf:x86-windows@6.33.4#2
2026-08-20T10:15:43.2667765Z            * utf8-range:x86-windows@6.33.4
2026-08-20T10:15:43.2668004Z            * utf8-range:x64-windows@6.33.4
2026-08-20T10:15:43.2668255Z            * utf8proc:x86-windows@2.11.3
2026-08-20T10:15:43.2668506Z            * vcpkg-boost:x64-windows@2025-03-29
2026-08-20T10:15:43.2668770Z            * vcpkg-cmake:x64-windows@2025-08-07
2026-08-20T10:15:43.2669047Z            * vcpkg-cmake-config:x64-windows@2026-07-21
2026-08-20T10:15:43.2669403Z            * zlib:x86-windows@1.3.2#2
2026-08-20T10:15:43.2669761Z            * zstd:x86-windows@1.5.7
2026-08-20T10:15:43.3009675Z          The package boost-regex is compatible with built-in CMake targets of FindBoost.cmake:
2026-08-20T10:15:43.3011684Z          
2026-08-20T10:15:43.3012079Z              find_package(Boost REQUIRED COMPONENTS regex)
2026-08-20T10:15:43.3012761Z              target_link_libraries(main PRIVATE Boost::regex)
2026-08-20T10:15:43.3013287Z          
2026-08-20T10:15:43.3013630Z          or the generated cmake configs via:
2026-08-20T10:15:43.3014084Z          
2026-08-20T10:15:43.3014410Z              find_package( REQUIRED CONFIG)
2026-08-20T10:15:43.3014970Z              target_link_libraries(main PRIVATE Boost::regex)
2026-08-20T10:15:43.3015507Z          
2026-08-20T10:15:43.3016142Z          The package boost-optional is compatible with built-in CMake targets of FindBoost.cmake:
2026-08-20T10:15:43.3016900Z          
2026-08-20T10:15:43.3017254Z              find_package(Boost REQUIRED COMPONENTS optional)
2026-08-20T10:15:43.3018147Z              target_link_libraries(main PRIVATE Boost::optional)
2026-08-20T10:15:43.3019288Z          
2026-08-20T10:15:43.3021211Z          or the generated cmake configs via:
2026-08-20T10:15:43.3022620Z          
2026-08-20T10:15:43.3023496Z              find_package( REQUIRED CONFIG)
2026-08-20T10:15:43.3024563Z              target_link_libraries(main PRIVATE Boost::optional)
2026-08-20T10:15:43.3025127Z          
2026-08-20T10:15:43.3025755Z          The package boost-range is compatible with built-in CMake targets of FindBoost.cmake:
2026-08-20T10:15:43.3026967Z          
2026-08-20T10:15:43.3027728Z              find_package(Boost REQUIRED COMPONENTS range)
2026-08-20T10:15:43.3028416Z              target_link_libraries(main PRIVATE Boost::range)
2026-08-20T10:15:43.3029309Z          
2026-08-20T10:15:43.3029643Z          or the generated cmake configs via:
2026-08-20T10:15:43.3030102Z          
2026-08-20T10:15:43.3030414Z              find_package( REQUIRED CONFIG)
2026-08-20T10:15:43.3031420Z              target_link_libraries(main PRIVATE Boost::range)
2026-08-20T10:15:43.3032099Z          
2026-08-20T10:15:43.3033727Z          The package boost-algorithm is compatible with built-in CMake targets of FindBoost.cmake:
2026-08-20T10:15:43.3034613Z          
2026-08-20T10:15:43.3035032Z              find_package(Boost REQUIRED COMPONENTS algorithm)
2026-08-20T10:15:43.3035717Z              target_link_libraries(main PRIVATE Boost::algorithm)
2026-08-20T10:15:43.3036265Z          
2026-08-20T10:15:43.3036709Z          or the generated cmake configs via:
2026-08-20T10:15:43.3037168Z          
2026-08-20T10:15:43.3037485Z              find_package( REQUIRED CONFIG)
2026-08-20T10:15:43.3038018Z              target_link_libraries(main PRIVATE Boost::algorithm)
2026-08-20T10:15:43.3038508Z          
2026-08-20T10:15:43.3039077Z          The package boost-container is compatible with built-in CMake targets of FindBoost.cmake:
2026-08-20T10:15:43.3039766Z          
2026-08-20T10:15:43.3040121Z              find_package(Boost REQUIRED COMPONENTS container)
2026-08-20T10:15:43.3040739Z              target_link_libraries(main PRIVATE Boost::container)
2026-08-20T10:15:43.3041281Z          
2026-08-20T10:15:43.3041587Z          or the generated cmake configs via:
2026-08-20T10:15:43.3042003Z          
2026-08-20T10:15:43.3042295Z              find_package( REQUIRED CONFIG)
2026-08-20T10:15:43.3042828Z              target_link_libraries(main PRIVATE Boost::container)
2026-08-20T10:15:43.3043355Z          
2026-08-20T10:15:43.3043934Z          The package boost-filesystem is compatible with built-in CMake targets of FindBoost.cmake:
2026-08-20T10:15:43.3044677Z          
2026-08-20T10:15:43.3045051Z              find_package(Boost REQUIRED COMPONENTS filesystem)
2026-08-20T10:15:43.3046055Z              target_link_libraries(main PRIVATE Boost::filesystem)
2026-08-20T10:15:43.3046692Z          
2026-08-20T10:15:43.3047211Z          or the generated cmake configs via:
2026-08-20T10:15:43.3048099Z          
2026-08-20T10:15:43.3049882Z              find_package( REQUIRED CONFIG)
2026-08-20T10:15:43.3050552Z              target_link_libraries(main PRIVATE Boost::filesystem)
2026-08-20T10:15:43.3051083Z          
2026-08-20T10:15:43.3051712Z          The package boost-iostreams is compatible with built-in CMake targets of FindBoost.cmake:
2026-08-20T10:15:43.3052475Z          
2026-08-20T10:15:43.3052868Z              find_package(Boost REQUIRED COMPONENTS iostreams)
2026-08-20T10:15:43.3053556Z              target_link_libraries(main PRIVATE Boost::iostreams)
2026-08-20T10:15:43.3054135Z          
2026-08-20T10:15:43.3054474Z          or the generated cmake configs via:
2026-08-20T10:15:43.3054917Z          
2026-08-20T10:15:43.3055242Z              find_package( REQUIRED CONFIG)
2026-08-20T10:15:43.3055872Z              target_link_libraries(main PRIVATE Boost::iostreams)
2026-08-20T10:15:43.3056446Z          
2026-08-20T10:15:43.3057120Z          The package boost-locale is compatible with built-in CMake targets of FindBoost.cmake:
2026-08-20T10:15:43.3057943Z          
2026-08-20T10:15:43.3058341Z              find_package(Boost REQUIRED COMPONENTS locale)
2026-08-20T10:15:43.3058987Z              target_link_libraries(main PRIVATE Boost::locale)
2026-08-20T10:15:43.3059464Z          
2026-08-20T10:15:43.3059748Z          or the generated cmake configs via:
2026-08-20T10:15:43.3060155Z          
2026-08-20T10:15:43.3060437Z              find_package( REQUIRED CONFIG)
2026-08-20T10:15:43.3060977Z              target_link_libraries(main PRIVATE Boost::locale)
2026-08-20T10:15:43.3061482Z          
2026-08-20T10:15:43.3062095Z          The package boost-spirit is compatible with built-in CMake targets of FindBoost.cmake:
2026-08-20T10:15:43.3062864Z          
2026-08-20T10:15:43.3063217Z              find_package(Boost REQUIRED COMPONENTS spirit)
2026-08-20T10:15:43.3063828Z              target_link_libraries(main PRIVATE Boost::spirit)
2026-08-20T10:15:43.3064343Z          
2026-08-20T10:15:43.3064640Z          or the generated cmake configs via:
2026-08-20T10:15:43.3065042Z          
2026-08-20T10:15:43.3065329Z              find_package( REQUIRED CONFIG)
2026-08-20T10:15:43.3065853Z              target_link_libraries(main PRIVATE Boost::spirit)
2026-08-20T10:15:43.3066331Z          
2026-08-20T10:15:43.3066948Z          The package boost-property-tree is compatible with built-in CMake targets of FindBoost.cmake:
2026-08-20T10:15:43.3067700Z          
2026-08-20T10:15:43.3068076Z              find_package(Boost REQUIRED COMPONENTS property_tree)
2026-08-20T10:15:43.3068767Z              target_link_libraries(main PRIVATE Boost::property_tree)
2026-08-20T10:15:43.3069293Z          
2026-08-20T10:15:43.3069598Z          or the generated cmake configs via:
2026-08-20T10:15:43.3070021Z          
2026-08-20T10:15:43.3070325Z              find_package( REQUIRED CONFIG)
2026-08-20T10:15:43.3070889Z              target_link_libraries(main PRIVATE Boost::property_tree)
2026-08-20T10:15:43.3071460Z          
2026-08-20T10:15:43.3072038Z          The package boost-log is compatible with built-in CMake targets of FindBoost.cmake:
2026-08-20T10:15:43.3072731Z          
2026-08-20T10:15:43.3073093Z              find_package(Boost REQUIRED COMPONENTS log)
2026-08-20T10:15:43.3073683Z              target_link_libraries(main PRIVATE Boost::log)
2026-08-20T10:15:43.3074158Z          
2026-08-20T10:15:43.3074860Z          or the generated cmake configs via:
2026-08-20T10:15:43.3075266Z          
2026-08-20T10:15:43.3075987Z              find_package( REQUIRED CONFIG)
2026-08-20T10:15:43.3076962Z              target_link_libraries(main PRIVATE Boost::log)
2026-08-20T10:15:43.3077652Z          
2026-08-20T10:15:43.3079403Z          The package boost-program-options is compatible with built-in CMake targets of FindBoost.cmake:
2026-08-20T10:15:43.3080383Z          
2026-08-20T10:15:43.3080812Z              find_package(Boost REQUIRED COMPONENTS program_options)
2026-08-20T10:15:43.3081885Z              target_link_libraries(main PRIVATE Boost::program_options)
2026-08-20T10:15:43.3082487Z          
2026-08-20T10:15:43.3082812Z          or the generated cmake configs via:
2026-08-20T10:15:43.3083239Z          
2026-08-20T10:15:43.3083561Z              find_package( REQUIRED CONFIG)
2026-08-20T10:15:43.3085523Z              target_link_libraries(main PRIVATE Boost::program_options)
2026-08-20T10:15:43.3086083Z          
2026-08-20T10:15:43.3086678Z          The package boost-uuid is compatible with built-in CMake targets of FindBoost.cmake:
2026-08-20T10:15:43.3087409Z          
2026-08-20T10:15:43.3087731Z              find_package(Boost REQUIRED COMPONENTS uuid)
2026-08-20T10:15:43.3088289Z              target_link_libraries(main PRIVATE Boost::uuid)
2026-08-20T10:15:43.3088769Z          
2026-08-20T10:15:43.3089794Z          or the generated cmake configs via:
2026-08-20T10:15:43.3090578Z          
2026-08-20T10:15:43.3090880Z              find_package( REQUIRED CONFIG)
2026-08-20T10:15:43.3091386Z              target_link_libraries(main PRIVATE Boost::uuid)
2026-08-20T10:15:43.3092341Z          
2026-08-20T10:15:43.3093922Z          The package gtest is compatible with built-in CMake targets:
2026-08-20T10:15:43.3094991Z          
2026-08-20T10:15:43.3096769Z              enable_testing()
2026-08-20T10:15:43.3097752Z              
2026-08-20T10:15:43.3098217Z              find_package(GTest CONFIG REQUIRED)
2026-08-20T10:15:43.3102729Z              target_link_libraries(main PRIVATE GTest::gtest GTest::gtest_main GTest::gmock GTest::gmock_main)
2026-08-20T10:15:43.3103795Z              
2026-08-20T10:15:43.3104303Z              add_test(AllTestsInMain main)
2026-08-20T10:15:43.3104816Z          
2026-08-20T10:15:43.3105335Z          The package poco is compatible with built-in CMake targets:
2026-08-20T10:15:43.3105824Z          
2026-08-20T10:15:43.3106214Z              find_package(Poco REQUIRED [COMPONENTS <libs>...])
2026-08-20T10:15:43.3106673Z              target_link_libraries(main PRIVATE Poco::<libs>)
2026-08-20T10:15:43.3107275Z          
2026-08-20T10:15:43.3107658Z          protobuf provides CMake targets:
2026-08-20T10:15:43.3108166Z          
2026-08-20T10:15:43.3108652Z            # this is heuristically generated, and may not be correct
2026-08-20T10:15:43.3109364Z            find_package(protobuf CONFIG REQUIRED)
2026-08-20T10:15:43.3109981Z            target_link_libraries(main PRIVATE protobuf::libprotobuf protobuf::libprotobuf-lite)
2026-08-20T10:15:43.3110505Z          
2026-08-20T10:15:43.3110792Z          protobuf provides pkg-config modules:
2026-08-20T10:15:43.3111129Z          
2026-08-20T10:15:43.3111375Z            # Google's Data Interchange Format
2026-08-20T10:15:43.3111771Z            protobuf-lite
2026-08-20T10:15:43.3112043Z          
2026-08-20T10:15:43.3112308Z            # Google's Data Interchange Format
2026-08-20T10:15:43.3112630Z            protobuf
2026-08-20T10:15:43.3112911Z          
2026-08-20T10:15:43.3113271Z          All requested installations completed successfully in: 1.96 ms
2026-08-20T10:15:43.3113978Z          Touching "D:\a\OpenCppCoverage-ARM64\OpenCppCoverage-ARM64\vcpkg_installed\.msbuildstamp-x86-windows.stamp".
2026-08-20T10:15:43.3115161Z     19>Done Building Project "C:\Users\runneradmin\AppData\Local\OpenCppCoverage\vcpkg\scripts\buildsystems\msbuild\support\InstallImplementation.targets" (VcpkgInstallImplementation target(s)).
2026-08-20T10:15:43.5807504Z      9>ClCompile:
2026-08-20T10:15:43.5817279Z          C:\Program Files\Microsoft Visual Studio\2022\Enterprise\VC\Tools\MSVC\14.44.35207\bin\HostX64\x86\CL.exe /c /I"D:\a\OpenCppCoverage-ARM64\OpenCppCoverage-ARM64\\" /I"D:\a\OpenCppCoverage-ARM64\OpenCppCoverage-ARM64\Plugin\\" /I"D:\a\OpenCppCoverage-ARM64\OpenCppCoverage-ARM64\vcpkg_installed\x86-windows\include" /ZI /JMC /nologo /W3 /WX /diagnostics:column /sdl /Od /Oy- /D WIN32 /D _DEBUG /D PLUGIN_EXPORTS /D _WINDOWS /D _USRDLL /D "OPENCPPCOVERAGE_VERSION=\"0.9.9.0\"" /D _CRT_SECURE_NO_WARNINGS /D "PROJECT_DIR=R\"|(D:\a\OpenCppCoverage-ARM64\OpenCppCoverage-ARM64\Plugin\)|\"" /D "SOLUTION_DIR=R\"|(D:\a\OpenCppCoverage-ARM64\OpenCppCoverage-ARM64\)|\"" /D "TARGET_FILE_NAME=R\"|(Plugin.dll)|\"" /D "OUT_DIR=R\"|(D:\a\OpenCppCoverage-ARM64\OpenCppCoverage-ARM64\Debug\)|\"" /D NOMINMAX /D _WINDLL /D _UNICODE /D UNICODE /Gm- /EHsc /RTC1 /MDd /GS /fp:precise /Zc:wchar_t /Zc:forScope /Zc:inline /std:c++17 /permissive- /Yc"stdafx.h" /Fp"Debug\Plugin.pch" /Fo"Debug\\" /Fd"Debug\vc143.pdb" /external:W3 /Gd /TP /analyze- /FC /errorReport:queue stdafx.cpp
2026-08-20T10:15:43.5828738Z     10>ClCompile:
2026-08-20T10:15:43.5836443Z          C:\Program Files\Microsoft Visual Studio\2022\Enterprise\VC\Tools\MSVC\14.44.35207\bin\HostX64\x86\CL.exe /c /I"D:\a\OpenCppCoverage-ARM64\OpenCppCoverage-ARM64\\" /I"D:\a\OpenCppCoverage-ARM64\OpenCppCoverage-ARM64\TestCoverageOptimizedBuild\\" /I"D:\a\OpenCppCoverage-ARM64\OpenCppCoverage-ARM64\vcpkg_installed\x86-windows\include" /ZI /JMC /nologo /W3 /WX /diagnostics:column /sdl /O2 /Oy- /D WIN32 /D _DEBUG /D _WINDOWS /D _USRDLL /D TESTCOVERAGEOPTIMIZEDBUILD_EXPORTS /D BOOST_CONFIG_SUPPRESS_OUTDATED_MESSAGE /D "OPENCPPCOVERAGE_VERSION=\"0.9.9.0\"" /D _CRT_SECURE_NO_WARNINGS /D "PROJECT_DIR=R\"|(D:\a\OpenCppCoverage-ARM64\OpenCppCoverage-ARM64\TestCoverageOptimizedBuild\)|\"" /D "SOLUTION_DIR=R\"|(D:\a\OpenCppCoverage-ARM64\OpenCppCoverage-ARM64\)|\"" /D "TARGET_FILE_NAME=R\"|(TestCoverageOptimizedBuild.dll)|\"" /D "OUT_DIR=R\"|(D:\a\OpenCppCoverage-ARM64\OpenCppCoverage-ARM64\Debug\)|\"" /D NOMINMAX /D _WINDLL /D _UNICODE /D UNICODE /Gm- /EHsc /MDd /GS /fp:precise /Zc:wchar_t /Zc:forScope /Zc:inline /std:c++17 /permissive- /Fo"Debug\\" /Fd"Debug\vc143.pdb" /external:W3 /Gd /TP /analyze- /FC /errorReport:queue TestCoverageOptimizedBuild.cpp
2026-08-20T10:15:43.5845951Z     11>ClCompile:
2026-08-20T10:15:43.5852902Z          C:\Program Files\Microsoft Visual Studio\2022\Enterprise\VC\Tools\MSVC\14.44.35207\bin\HostX64\x86\CL.exe /c /I"D:\a\OpenCppCoverage-ARM64\OpenCppCoverage-ARM64\\" /I"D:\a\OpenCppCoverage-ARM64\OpenCppCoverage-ARM64\Tools\\" /I"D:\a\OpenCppCoverage-ARM64\OpenCppCoverage-ARM64\vcpkg_installed\x86-windows\include" /ZI /JMC /nologo /W3 /WX /diagnostics:column /sdl /Od /Oy- /D WIN32 /D _DEBUG /D _WINDOWS /D _USRDLL /D TOOLS_EXPORTS /D BOOST_CONFIG_SUPPRESS_OUTDATED_MESSAGE /D "OPENCPPCOVERAGE_VERSION=\"0.9.9.0\"" /D _CRT_SECURE_NO_WARNINGS /D "PROJECT_DIR=R\"|(D:\a\OpenCppCoverage-ARM64\OpenCppCoverage-ARM64\Tools\)|\"" /D "SOLUTION_DIR=R\"|(D:\a\OpenCppCoverage-ARM64\OpenCppCoverage-ARM64\)|\"" /D "TARGET_FILE_NAME=R\"|(Tools.dll)|\"" /D "OUT_DIR=R\"|(D:\a\OpenCppCoverage-ARM64\OpenCppCoverage-ARM64\Debug\)|\"" /D NOMINMAX /D _WINDLL /D _UNICODE /D UNICODE /Gm- /EHsc /RTC1 /MDd /GS /fp:precise /Zc:wchar_t /Zc:forScope /Zc:inline /std:c++17 /permissive- /Yc"stdafx.h" /Fp"Debug\Tools.pch" /Fo"Debug\\" /Fd"Debug\vc143.pdb" /external:W3 /Gd /TP /analyze- /FC /errorReport:queue stdafx.cpp
2026-08-20T10:15:44.3374247Z     10>ClCompile:
2026-08-20T10:15:44.3374901Z          TestCoverageOptimizedBuild.cpp
2026-08-20T10:15:44.3380675Z      9>ClCompile:
2026-08-20T10:15:44.3381430Z          stdafx.cpp
2026-08-20T10:15:44.3382350Z     11>ClCompile:
2026-08-20T10:15:44.3382858Z          stdafx.cpp
2026-08-20T10:15:48.2781402Z          C:\Program Files\Microsoft Visual Studio\2022\Enterprise\VC\Tools\MSVC\14.44.35207\bin\HostX64\x86\CL.exe /c /I"D:\a\OpenCppCoverage-ARM64\OpenCppCoverage-ARM64\\" /I"D:\a\OpenCppCoverage-ARM64\OpenCppCoverage-ARM64\Tools\\" /I"D:\a\OpenCppCoverage-ARM64\OpenCppCoverage-ARM64\vcpkg_installed\x86-windows\include" /ZI /JMC /nologo /W3 /WX /diagnostics:column /sdl /Od /Oy- /D WIN32 /D _DEBUG /D _WINDOWS /D _USRDLL /D TOOLS_EXPORTS /D BOOST_CONFIG_SUPPRESS_OUTDATED_MESSAGE /D "OPENCPPCOVERAGE_VERSION=\"0.9.9.0\"" /D _CRT_SECURE_NO_WARNINGS /D "PROJECT_DIR=R\"|(D:\a\OpenCppCoverage-ARM64\OpenCppCoverage-ARM64\Tools\)|\"" /D "SOLUTION_DIR=R\"|(D:\a\OpenCppCoverage-ARM64\OpenCppCoverage-ARM64\)|\"" /D "TARGET_FILE_NAME=R\"|(Tools.dll)|\"" /D "OUT_DIR=R\"|(D:\a\OpenCppCoverage-ARM64\OpenCppCoverage-ARM64\Debug\)|\"" /D NOMINMAX /D _WINDLL /D _UNICODE /D UNICODE /Gm- /EHsc /RTC1 /MDd /GS /fp:precise /Zc:wchar_t /Zc:forScope /Zc:inline /std:c++17 /permissive- /Fo"Debug\\" /Fd"Debug\vc143.pdb" /external:W3 /Gd /TP /analyze- /FC /errorReport:queue dllmain.cpp
2026-08-20T10:15:48.2828367Z      9>ClCompile:
2026-08-20T10:15:48.2837565Z          C:\Program Files\Microsoft Visual Studio\2022\Enterprise\VC\Tools\MSVC\14.44.35207\bin\HostX64\x86\CL.exe /c /I"D:\a\OpenCppCoverage-ARM64\OpenCppCoverage-ARM64\\" /I"D:\a\OpenCppCoverage-ARM64\OpenCppCoverage-ARM64\Plugin\\" /I"D:\a\OpenCppCoverage-ARM64\OpenCppCoverage-ARM64\vcpkg_installed\x86-windows\include" /ZI /JMC /nologo /W3 /WX /diagnostics:column /sdl /Od /Oy- /D WIN32 /D _DEBUG /D PLUGIN_EXPORTS /D _WINDOWS /D _USRDLL /D "OPENCPPCOVERAGE_VERSION=\"0.9.9.0\"" /D _CRT_SECURE_NO_WARNINGS /D "PROJECT_DIR=R\"|(D:\a\OpenCppCoverage-ARM64\OpenCppCoverage-ARM64\Plugin\)|\"" /D "SOLUTION_DIR=R\"|(D:\a\OpenCppCoverage-ARM64\OpenCppCoverage-ARM64\)|\"" /D "TARGET_FILE_NAME=R\"|(Plugin.dll)|\"" /D "OUT_DIR=R\"|(D:\a\OpenCppCoverage-ARM64\OpenCppCoverage-ARM64\Debug\)|\"" /D NOMINMAX /D _WINDLL /D _UNICODE /D UNICODE /Gm- /EHsc /RTC1 /MDd /GS /fp:precise /Zc:wchar_t /Zc:forScope /Zc:inline /std:c++17 /permissive- /Yu"stdafx.h" /Fp"Debug\Plugin.pch" /Fo"Debug\\" /Fd"Debug\vc143.pdb" /external:W3 /Gd /TP /analyze- /FC /errorReport:queue Exporter\CoverageData.cpp Exporter\FileCoverage.cpp Exporter\LineCoverage.cpp Exporter\ModuleCoverage.cpp
2026-08-20T10:15:48.3216478Z     11>ClCompile:
2026-08-20T10:15:48.3218451Z          dllmain.cpp
2026-08-20T10:15:48.3256681Z      9>ClCompile:
2026-08-20T10:15:48.3257316Z          CoverageData.cpp
2026-08-20T10:15:48.6599061Z     11>ClCompile:
2026-08-20T10:15:48.6607304Z          C:\Program Files\Microsoft Visual Studio\2022\Enterprise\VC\Tools\MSVC\14.44.35207\bin\HostX64\x86\CL.exe /c /I"D:\a\OpenCppCoverage-ARM64\OpenCppCoverage-ARM64\\" /I"D:\a\OpenCppCoverage-ARM64\OpenCppCoverage-ARM64\Tools\\" /I"D:\a\OpenCppCoverage-ARM64\OpenCppCoverage-ARM64\vcpkg_installed\x86-windows\include" /ZI /JMC /nologo /W3 /WX /diagnostics:column /sdl /Od /Oy- /D WIN32 /D _DEBUG /D _WINDOWS /D _USRDLL /D TOOLS_EXPORTS /D BOOST_CONFIG_SUPPRESS_OUTDATED_MESSAGE /D "OPENCPPCOVERAGE_VERSION=\"0.9.9.0\"" /D _CRT_SECURE_NO_WARNINGS /D "PROJECT_DIR=R\"|(D:\a\OpenCppCoverage-ARM64\OpenCppCoverage-ARM64\Tools\)|\"" /D "SOLUTION_DIR=R\"|(D:\a\OpenCppCoverage-ARM64\OpenCppCoverage-ARM64\)|\"" /D "TARGET_FILE_NAME=R\"|(Tools.dll)|\"" /D "OUT_DIR=R\"|(D:\a\OpenCppCoverage-ARM64\OpenCppCoverage-ARM64\Debug\)|\"" /D NOMINMAX /D _WINDLL /D _UNICODE /D UNICODE /Gm- /EHsc /RTC1 /MDd /GS /fp:precise /Zc:wchar_t /Zc:forScope /Zc:inline /std:c++17 /permissive- /Yu"stdafx.h" /Fp"Debug\Tools.pch" /Fo"Debug\\" /Fd"Debug\vc143.pdb" /external:W3 /Gd /TP /analyze- /FC /errorReport:queue ExceptionBase.cpp Log.cpp MappedFile.cpp MiniDump.cpp PEFileHeader.cpp ProcessMemory.cpp ScopedAction.cpp Tool.cpp UniquePath.cpp WarningManager.cpp
2026-08-20T10:15:48.6964142Z          ExceptionBase.cpp
2026-08-20T10:15:49.5708008Z     10>Link:
2026-08-20T10:15:49.5720141Z          C:\Program Files\Microsoft Visual Studio\2022\Enterprise\VC\Tools\MSVC\14.44.35207\bin\HostX64\x86\link.exe /ERRORREPORT:QUEUE /OUT:"D:\a\OpenCppCoverage-ARM64\OpenCppCoverage-ARM64\Debug\TestCoverageOptimizedBuild.dll" /INCREMENTAL /ILK:"Debug\TestCoverageOptimizedBuild.ilk" /NOLOGO /LIBPATH:"D:\a\OpenCppCoverage-ARM64\OpenCppCoverage-ARM64\vcpkg_installed\x86-windows\debug\lib" /LIBPATH:"D:\a\OpenCppCoverage-ARM64\OpenCppCoverage-ARM64\vcpkg_installed\x86-windows\debug\lib\manual-link" bcrypt.lib kernel32.lib user32.lib gdi32.lib winspool.lib comdlg32.lib advapi32.lib shell32.lib ole32.lib oleaut32.lib uuid.lib odbc32.lib odbccp32.lib "D:\a\OpenCppCoverage-ARM64\OpenCppCoverage-ARM64\vcpkg_installed\x86-windows\debug\lib\*.lib" /MANIFEST /MANIFESTUAC:"level='asInvoker' uiAccess='false'" /manifest:embed /DEBUG /PDB:"D:\a\OpenCppCoverage-ARM64\OpenCppCoverage-ARM64\Debug\TestCoverageOptimizedBuild.pdb" /SUBSYSTEM:WINDOWS /TLBID:1 /DYNAMICBASE /NXCOMPAT /IMPLIB:"D:\a\OpenCppCoverage-ARM64\OpenCppCoverage-ARM64\Debug\TestCoverageOptimizedBuild.lib" /MACHINE:X86 /DLL Debug\TestCoverageOptimizedBuild.obj
2026-08-20T10:15:49.8490181Z      9>ClCompile:
2026-08-20T10:15:49.8491378Z          FileCoverage.cpp
2026-08-20T10:15:50.1824285Z     10>Link:
2026-08-20T10:15:50.1825891Z             Creating library D:\a\OpenCppCoverage-ARM64\OpenCppCoverage-ARM64\Debug\TestCoverageOptimizedBuild.lib and object D:\a\OpenCppCoverage-ARM64\OpenCppCoverage-ARM64\Debug\TestCoverageOptimizedBuild.exp
2026-08-20T10:15:50.2831947Z     11>ClCompile:
2026-08-20T10:15:50.2832959Z          Log.cpp
2026-08-20T10:15:50.4865355Z     10>Link:
2026-08-20T10:15:50.4868253Z          TestCoverageOptimizedBuild.vcxproj -> D:\a\OpenCppCoverage-ARM64\OpenCppCoverage-ARM64\Debug\TestCoverageOptimizedBuild.dll
2026-08-20T10:15:50.4894362Z        AppLocalFromInstalled:
2026-08-20T10:15:50.4898212Z          "C:\Users\runneradmin\AppData\Local\OpenCppCoverage\vcpkg\vcpkg.exe" z-applocal --target-binary="D:\a\OpenCppCoverage-ARM64\OpenCppCoverage-ARM64\Debug\TestCoverageOptimizedBuild.dll" --installed-bin-dir="D:\a\OpenCppCoverage-ARM64\OpenCppCoverage-ARM64\vcpkg_installed\x86-windows\debug\bin" --tlog-file="Debug\TestCove.2FD17BA1.tlog\TestCoverageOptimizedBuild.write.1u.tlog" --copied-files-log="Debug\vcpkg.applocal.log"
2026-08-20T10:15:50.6411664Z        FinalizeBuildStatus:
2026-08-20T10:15:50.6416455Z          Deleting file "Debug\TestCove.2FD17BA1.tlog\unsuccessfulbuild".
2026-08-20T10:15:50.6422189Z          Touching "Debug\TestCove.2FD17BA1.tlog\TestCoverageOptimizedBuild.lastbuildstate".
2026-08-20T10:15:50.6433979Z     10>Done Building Project "D:\a\OpenCppCoverage-ARM64\OpenCppCoverage-ARM64\TestCoverageOptimizedBuild\TestCoverageOptimizedBuild.vcxproj" (default targets).
2026-08-20T10:15:51.2299358Z      9>ClCompile:
2026-08-20T10:15:51.2300506Z          LineCoverage.cpp
2026-08-20T10:15:51.2366050Z          ModuleCoverage.cpp
2026-08-20T10:15:52.4520102Z          Generating Code...
2026-08-20T10:15:52.6057543Z        Link:
2026-08-20T10:15:52.6064559Z          C:\Program Files\Microsoft Visual Studio\2022\Enterprise\VC\Tools\MSVC\14.44.35207\bin\HostX64\x86\link.exe /ERRORREPORT:QUEUE /OUT:"D:\a\OpenCppCoverage-ARM64\OpenCppCoverage-ARM64\Debug\Plugin.dll" /INCREMENTAL /ILK:"Debug\Plugin.ilk" /NOLOGO /LIBPATH:"D:\a\OpenCppCoverage-ARM64\OpenCppCoverage-ARM64\vcpkg_installed\x86-windows\debug\lib" /LIBPATH:"D:\a\OpenCppCoverage-ARM64\OpenCppCoverage-ARM64\vcpkg_installed\x86-windows\debug\lib\manual-link" kernel32.lib user32.lib gdi32.lib winspool.lib comdlg32.lib advapi32.lib shell32.lib ole32.lib oleaut32.lib uuid.lib odbc32.lib odbccp32.lib "D:\a\OpenCppCoverage-ARM64\OpenCppCoverage-ARM64\vcpkg_installed\x86-windows\debug\lib\*.lib" /MANIFEST /MANIFESTUAC:"level='asInvoker' uiAccess='false'" /manifest:embed /DEBUG /PDB:"D:\a\OpenCppCoverage-ARM64\OpenCppCoverage-ARM64\Debug\Plugin.pdb" /SUBSYSTEM:WINDOWS /TLBID:1 /DYNAMICBASE /NXCOMPAT /IMPLIB:"D:\a\OpenCppCoverage-ARM64\OpenCppCoverage-ARM64\Debug\Plugin.lib" /MACHINE:X86 /DLL Debug\CoverageData.obj
2026-08-20T10:15:52.6071668Z          Debug\FileCoverage.obj
2026-08-20T10:15:52.6072169Z          Debug\LineCoverage.obj
2026-08-20T10:15:52.6072681Z          Debug\ModuleCoverage.obj
2026-08-20T10:15:52.6073175Z          Debug\stdafx.obj
2026-08-20T10:15:52.7371414Z             Creating library D:\a\OpenCppCoverage-ARM64\OpenCppCoverage-ARM64\Debug\Plugin.lib and object D:\a\OpenCppCoverage-ARM64\OpenCppCoverage-ARM64\Debug\Plugin.exp
2026-08-20T10:15:52.8537353Z          Plugin.vcxproj -> D:\a\OpenCppCoverage-ARM64\OpenCppCoverage-ARM64\Debug\Plugin.dll
2026-08-20T10:15:52.8540360Z        AppLocalFromInstalled:
2026-08-20T10:15:52.8543497Z          "C:\Users\runneradmin\AppData\Local\OpenCppCoverage\vcpkg\vcpkg.exe" z-applocal --target-binary="D:\a\OpenCppCoverage-ARM64\OpenCppCoverage-ARM64\Debug\Plugin.dll" --installed-bin-dir="D:\a\OpenCppCoverage-ARM64\OpenCppCoverage-ARM64\vcpkg_installed\x86-windows\debug\bin" --tlog-file="Debug\Plugin.tlog\Plugin.write.1u.tlog" --copied-files-log="Debug\vcpkg.applocal.log"
2026-08-20T10:15:52.9321415Z        FinalizeBuildStatus:
2026-08-20T10:15:52.9322248Z          Deleting file "Debug\Plugin.tlog\unsuccessfulbuild".
2026-08-20T10:15:52.9324313Z          Touching "Debug\Plugin.tlog\Plugin.lastbuildstate".
2026-08-20T10:15:52.9329895Z      9>Done Building Project "D:\a\OpenCppCoverage-ARM64\OpenCppCoverage-ARM64\Plugin\Plugin.vcxproj" (default targets).
2026-08-20T10:15:52.9578484Z      8>Project "D:\a\OpenCppCoverage-ARM64\OpenCppCoverage-ARM64\TestCoverageConsole\TestCoverageConsole.vcxproj" (8) is building "D:\a\OpenCppCoverage-ARM64\OpenCppCoverage-ARM64\TestCoverageSharedLib\TestCoverageSharedLib.vcxproj" (13) on node 3 (default targets).
2026-08-20T10:15:52.9603265Z     13>PrepareForBuild:
2026-08-20T10:15:52.9608206Z          Creating directory "Debug\".
2026-08-20T10:15:52.9614827Z          Structured output is enabled. The formatting of compiler diagnostics will reflect the error hierarchy. See https://aka.ms/cpp/structured-output for more details.
2026-08-20T10:15:52.9622570Z          Creating directory "Debug\TestCove.0481B51C.tlog\".
2026-08-20T10:15:52.9697343Z        InitializeBuildStatus:
2026-08-20T10:15:52.9711418Z          Creating "Debug\TestCove.0481B51C.tlog\unsuccessfulbuild" because "AlwaysCreate" was specified.
2026-08-20T10:15:52.9714229Z          Touching "Debug\TestCove.0481B51C.tlog\unsuccessfulbuild".
2026-08-20T10:15:53.0075941Z      1>Project "D:\a\OpenCppCoverage-ARM64\OpenCppCoverage-ARM64\CppCoverage.sln" (1) is building "D:\a\OpenCppCoverage-ARM64\OpenCppCoverage-ARM64\PluginTest\PluginTest.vcxproj" (18) on node 3 (default targets).
2026-08-20T10:15:53.0079425Z     18>PrepareForBuild:
2026-08-20T10:15:53.0080964Z          Creating directory "Debug\".
2026-08-20T10:15:53.0115222Z          Structured output is enabled. The formatting of compiler diagnostics will reflect the error hierarchy. See https://aka.ms/cpp/structured-output for more details.
2026-08-20T10:15:53.0119957Z          Creating directory "Debug\PluginTest.tlog\".
2026-08-20T10:15:53.0200715Z        InitializeBuildStatus:
2026-08-20T10:15:53.0202999Z          Creating "Debug\PluginTest.tlog\unsuccessfulbuild" because "AlwaysCreate" was specified.
2026-08-20T10:15:53.0204822Z          Touching "Debug\PluginTest.tlog\unsuccessfulbuild".
2026-08-20T10:15:53.0514308Z        VcpkgTripletSelection:
2026-08-20T10:15:53.0518802Z          Using triplet "x86-windows" from "D:\a\OpenCppCoverage-ARM64\OpenCppCoverage-ARM64\vcpkg_installed\x86-windows\"
2026-08-20T10:15:53.0520447Z          Using normalized configuration "Debug"
2026-08-20T10:15:53.0522329Z        VcpkgBootstrap:
2026-08-20T10:15:53.0525346Z        Skipping target "VcpkgBootstrap" because all output files are up-to-date with respect to the input files.
2026-08-20T10:15:53.0527095Z        VcpkgInstallManifestDependencies:
2026-08-20T10:15:53.0529142Z        Skipping target "VcpkgInstallManifestDependencies" because all output files are up-to-date with respect to the input files.
2026-08-20T10:15:53.1179369Z        ClCompile:
2026-08-20T10:15:53.1187229Z          C:\Program Files\Microsoft Visual Studio\2022\Enterprise\VC\Tools\MSVC\14.44.35207\bin\HostX64\x86\CL.exe /c /I"D:\a\OpenCppCoverage-ARM64\OpenCppCoverage-ARM64\\" /I"D:\a\OpenCppCoverage-ARM64\OpenCppCoverage-ARM64\PluginTest\\" /I"D:\a\OpenCppCoverage-ARM64\OpenCppCoverage-ARM64\vcpkg_installed\x86-windows\include" /ZI /JMC /nologo /W3 /WX /diagnostics:column /sdl /Od /Oy- /D WIN32 /D _DEBUG /D _CONSOLE /D GTEST_LINKED_AS_SHARED_LIBRARY=1 /D _SILENCE_TR1_NAMESPACE_DEPRECATION_WARNING /D "OPENCPPCOVERAGE_VERSION=\"0.9.9.0\"" /D _CRT_SECURE_NO_WARNINGS /D "PROJECT_DIR=R\"|(D:\a\OpenCppCoverage-ARM64\OpenCppCoverage-ARM64\PluginTest\)|\"" /D "SOLUTION_DIR=R\"|(D:\a\OpenCppCoverage-ARM64\OpenCppCoverage-ARM64\)|\"" /D "TARGET_FILE_NAME=R\"|(PluginTest.exe)|\"" /D "OUT_DIR=R\"|(D:\a\OpenCppCoverage-ARM64\OpenCppCoverage-ARM64\Debug\)|\"" /D NOMINMAX /D _UNICODE /D UNICODE /Gm- /EHsc /RTC1 /MDd /GS /fp:precise /Zc:wchar_t /Zc:forScope /Zc:inline /std:c++17 /permissive- /Yc"pch.h" /Fp"Debug\PluginTest.pch" /Fo"Debug\\" /Fd"Debug\vc143.pdb" /external:W3 /Gd /TP /wd4251 /wd4275 /analyze- /FC /errorReport:queue pch.cpp
2026-08-20T10:15:53.1451427Z     13>VcpkgTripletSelection:
2026-08-20T10:15:53.1505006Z          Using triplet "x86-windows" from "D:\a\OpenCppCoverage-ARM64\OpenCppCoverage-ARM64\vcpkg_installed\x86-windows\"
2026-08-20T10:15:53.1514774Z          Using normalized configuration "Debug"
2026-08-20T10:15:53.1516253Z        VcpkgBootstrap:
2026-08-20T10:15:53.1521360Z        Skipping target "VcpkgBootstrap" because all output files are up-to-date with respect to the input files.
2026-08-20T10:15:53.1527143Z        VcpkgInstallManifestDependencies:
2026-08-20T10:15:53.1533057Z        Skipping target "VcpkgInstallManifestDependencies" because all output files are up-to-date with respect to the input files.
2026-08-20T10:15:53.1540544Z        ClCompile:
2026-08-20T10:15:53.1548734Z          C:\Program Files\Microsoft Visual Studio\2022\Enterprise\VC\Tools\MSVC\14.44.35207\bin\HostX64\x86\CL.exe /c /I"D:\a\OpenCppCoverage-ARM64\OpenCppCoverage-ARM64\\" /I"D:\a\OpenCppCoverage-ARM64\OpenCppCoverage-ARM64\TestCoverageSharedLib\\" /I"D:\a\OpenCppCoverage-ARM64\OpenCppCoverage-ARM64\vcpkg_installed\x86-windows\include" /ZI /JMC /nologo /W3 /WX /diagnostics:column /sdl /Od /Oy- /D WIN32 /D _DEBUG /D _WINDOWS /D BOOST_CONFIG_SUPPRESS_OUTDATED_MESSAGE /D "OPENCPPCOVERAGE_VERSION=\"0.9.9.0\"" /D _CRT_SECURE_NO_WARNINGS /D "PROJECT_DIR=R\"|(D:\a\OpenCppCoverage-ARM64\OpenCppCoverage-ARM64\TestCoverageSharedLib\)|\"" /D "SOLUTION_DIR=R\"|(D:\a\OpenCppCoverage-ARM64\OpenCppCoverage-ARM64\)|\"" /D "TARGET_FILE_NAME=R\"|(TestCoverageSharedLib.dll)|\"" /D "OUT_DIR=R\"|(D:\a\OpenCppCoverage-ARM64\OpenCppCoverage-ARM64\Debug\)|\"" /D NOMINMAX /D _WINDLL /D _UNICODE /D UNICODE /Gm- /EHsc /RTC1 /MDd /GS /fp:precise /Zc:wchar_t /Zc:forScope /Zc:inline /std:c++17 /permissive- /Yc"stdafx.h" /Fp"Debug\TestCoverageSharedLib.pch" /Fo"Debug\\" /Fd"Debug\vc143.pdb" /external:W3 /Gd /TP /analyze- /FC /errorReport:queue stdafx.cpp
2026-08-20T10:15:53.1838546Z     18>ClCompile:
2026-08-20T10:15:53.1839725Z          pch.cpp
2026-08-20T10:15:53.1909043Z     13>ClCompile:
2026-08-20T10:15:53.1910806Z          stdafx.cpp
2026-08-20T10:15:53.5035558Z          C:\Program Files\Microsoft Visual Studio\2022\Enterprise\VC\Tools\MSVC\14.44.35207\bin\HostX64\x86\CL.exe /c /I"D:\a\OpenCppCoverage-ARM64\OpenCppCoverage-ARM64\\" /I"D:\a\OpenCppCoverage-ARM64\OpenCppCoverage-ARM64\TestCoverageSharedLib\\" /I"D:\a\OpenCppCoverage-ARM64\OpenCppCoverage-ARM64\vcpkg_installed\x86-windows\include" /ZI /JMC /nologo /W3 /WX /diagnostics:column /sdl /Od /Oy- /D WIN32 /D _DEBUG /D _WINDOWS /D BOOST_CONFIG_SUPPRESS_OUTDATED_MESSAGE /D "OPENCPPCOVERAGE_VERSION=\"0.9.9.0\"" /D _CRT_SECURE_NO_WARNINGS /D "PROJECT_DIR=R\"|(D:\a\OpenCppCoverage-ARM64\OpenCppCoverage-ARM64\TestCoverageSharedLib\)|\"" /D "SOLUTION_DIR=R\"|(D:\a\OpenCppCoverage-ARM64\OpenCppCoverage-ARM64\)|\"" /D "TARGET_FILE_NAME=R\"|(TestCoverageSharedLib.dll)|\"" /D "OUT_DIR=R\"|(D:\a\OpenCppCoverage-ARM64\OpenCppCoverage-ARM64\Debug\)|\"" /D NOMINMAX /D _WINDLL /D _UNICODE /D UNICODE /Gm- /EHsc /RTC1 /MDd /GS /fp:precise /Zc:wchar_t /Zc:forScope /Zc:inline /std:c++17 /permissive- /Yu"stdafx.h" /Fp"Debug\TestCoverageSharedLib.pch" /Fo"Debug\\" /Fd"Debug\vc143.pdb" /external:W3 /Gd /TP /analyze- /FC /errorReport:queue SimpleTextExport.cpp TestCoverageSharedLib.cpp TestCppCli.cpp
2026-08-20T10:15:53.5495472Z          SimpleTextExport.cpp
2026-08-20T10:15:55.1303072Z          TestCoverageSharedLib.cpp
2026-08-20T10:15:55.6452284Z     18>ClCompile:
2026-08-20T10:15:55.6481176Z          C:\Program Files\Microsoft Visual Studio\2022\Enterprise\VC\Tools\MSVC\14.44.35207\bin\HostX64\x86\CL.exe /c /I"D:\a\OpenCppCoverage-ARM64\OpenCppCoverage-ARM64\\" /I"D:\a\OpenCppCoverage-ARM64\OpenCppCoverage-ARM64\PluginTest\\" /I"D:\a\OpenCppCoverage-ARM64\OpenCppCoverage-ARM64\vcpkg_installed\x86-windows\include" /ZI /JMC /nologo /W3 /WX /diagnostics:column /sdl /Od /Oy- /D WIN32 /D _DEBUG /D _CONSOLE /D GTEST_LINKED_AS_SHARED_LIBRARY=1 /D _SILENCE_TR1_NAMESPACE_DEPRECATION_WARNING /D "OPENCPPCOVERAGE_VERSION=\"0.9.9.0\"" /D _CRT_SECURE_NO_WARNINGS /D "PROJECT_DIR=R\"|(D:\a\OpenCppCoverage-ARM64\OpenCppCoverage-ARM64\PluginTest\)|\"" /D "SOLUTION_DIR=R\"|(D:\a\OpenCppCoverage-ARM64\OpenCppCoverage-ARM64\)|\"" /D "TARGET_FILE_NAME=R\"|(PluginTest.exe)|\"" /D "OUT_DIR=R\"|(D:\a\OpenCppCoverage-ARM64\OpenCppCoverage-ARM64\Debug\)|\"" /D NOMINMAX /D _UNICODE /D UNICODE /Gm- /EHsc /RTC1 /MDd /GS /fp:precise /Zc:wchar_t /Zc:forScope /Zc:inline /std:c++17 /permissive- /Yu"pch.h" /Fp"Debug\PluginTest.pch" /Fo"Debug\\" /Fd"Debug\vc143.pdb" /external:W3 /Gd /TP /wd4251 /wd4275 /analyze- /FC /errorReport:queue Exporter\CoverageDataTest.cpp Exporter\FileCoverageTest.cpp PluginTest.cpp
2026-08-20T10:15:55.6884145Z          CoverageDataTest.cpp
2026-08-20T10:15:56.1557108Z          FileCoverageTest.cpp
2026-08-20T10:15:56.5110331Z     13>ClCompile:
2026-08-20T10:15:56.5111009Z          TestCppCli.cpp
2026-08-20T10:15:56.5210241Z          Generating Code...
2026-08-20T10:15:56.5677377Z     18>ClCompile:
2026-08-20T10:15:56.5678044Z          PluginTest.cpp
2026-08-20T10:15:56.6172620Z          Generating Code...
2026-08-20T10:15:56.6919619Z     13>Link:
2026-08-20T10:15:56.6928546Z          C:\Program Files\Microsoft Visual Studio\2022\Enterprise\VC\Tools\MSVC\14.44.35207\bin\HostX64\x86\link.exe /ERRORREPORT:QUEUE /OUT:"D:\a\OpenCppCoverage-ARM64\OpenCppCoverage-ARM64\Debug\TestCoverageSharedLib.dll" /INCREMENTAL /ILK:"Debug\TestCoverageSharedLib.ilk" /NOLOGO /LIBPATH:"D:\a\OpenCppCoverage-ARM64\OpenCppCoverage-ARM64\vcpkg_installed\x86-windows\debug\lib" /LIBPATH:"D:\a\OpenCppCoverage-ARM64\OpenCppCoverage-ARM64\vcpkg_installed\x86-windows\debug\lib\manual-link" bcrypt.lib kernel32.lib user32.lib gdi32.lib winspool.lib comdlg32.lib advapi32.lib shell32.lib ole32.lib oleaut32.lib uuid.lib odbc32.lib odbccp32.lib "D:\a\OpenCppCoverage-ARM64\OpenCppCoverage-ARM64\vcpkg_installed\x86-windows\debug\lib\*.lib" /MANIFEST /MANIFESTUAC:"level='asInvoker' uiAccess='false'" /manifest:embed /DEBUG /PDB:"D:\a\OpenCppCoverage-ARM64\OpenCppCoverage-ARM64\Debug\TestCoverageSharedLib.pdb" /SUBSYSTEM:WINDOWS /TLBID:1 /DYNAMICBASE /NXCOMPAT /IMPLIB:"D:\a\OpenCppCoverage-ARM64\OpenCppCoverage-ARM64\Debug\TestCoverageSharedLib.lib" /MACHINE:X86 /DLL Debug\SimpleTextExport.obj
2026-08-20T10:15:56.6937428Z          Debug\TestCoverageSharedLib.obj
2026-08-20T10:15:56.6938318Z          Debug\stdafx.obj
2026-08-20T10:15:56.6938881Z          Debug\TestCppCli.obj
2026-08-20T10:15:56.6939615Z          "D:\a\OpenCppCoverage-ARM64\OpenCppCoverage-ARM64\Debug\Plugin.lib"
2026-08-20T10:15:56.8406448Z             Creating library D:\a\OpenCppCoverage-ARM64\OpenCppCoverage-ARM64\Debug\TestCoverageSharedLib.lib and object D:\a\OpenCppCoverage-ARM64\OpenCppCoverage-ARM64\Debug\TestCoverageSharedLib.exp
2026-08-20T10:15:56.9514923Z          TestCoverageSharedLib.vcxproj -> D:\a\OpenCppCoverage-ARM64\OpenCppCoverage-ARM64\Debug\TestCoverageSharedLib.dll
2026-08-20T10:15:56.9558667Z        AppLocalFromInstalled:
2026-08-20T10:15:56.9561765Z          "C:\Users\runneradmin\AppData\Local\OpenCppCoverage\vcpkg\vcpkg.exe" z-applocal --target-binary="D:\a\OpenCppCoverage-ARM64\OpenCppCoverage-ARM64\Debug\TestCoverageSharedLib.dll" --installed-bin-dir="D:\a\OpenCppCoverage-ARM64\OpenCppCoverage-ARM64\vcpkg_installed\x86-windows\debug\bin" --tlog-file="Debug\TestCove.0481B51C.tlog\TestCoverageSharedLib.write.1u.tlog" --copied-files-log="Debug\vcpkg.applocal.log"
2026-08-20T10:15:57.0658080Z        FinalizeBuildStatus:
2026-08-20T10:15:57.0658994Z          Deleting file "Debug\TestCove.0481B51C.tlog\unsuccessfulbuild".
2026-08-20T10:15:57.0664238Z          Touching "Debug\TestCove.0481B51C.tlog\TestCoverageSharedLib.lastbuildstate".
2026-08-20T10:15:57.0687085Z     13>Done Building Project "D:\a\OpenCppCoverage-ARM64\OpenCppCoverage-ARM64\TestCoverageSharedLib\TestCoverageSharedLib.vcxproj" (default targets).
2026-08-20T10:15:57.1119798Z     18>Link:
2026-08-20T10:15:57.1127848Z          C:\Program Files\Microsoft Visual Studio\2022\Enterprise\VC\Tools\MSVC\14.44.35207\bin\HostX64\x86\link.exe /ERRORREPORT:QUEUE /OUT:"D:\a\OpenCppCoverage-ARM64\OpenCppCoverage-ARM64\Debug\PluginTest.exe" /INCREMENTAL /ILK:"Debug\PluginTest.ilk" /NOLOGO /LIBPATH:"D:\a\OpenCppCoverage-ARM64\OpenCppCoverage-ARM64\vcpkg_installed\x86-windows\debug\lib" /LIBPATH:"D:\a\OpenCppCoverage-ARM64\OpenCppCoverage-ARM64\vcpkg_installed\x86-windows\debug\lib\manual-link" gmock.lib gtest.lib kernel32.lib user32.lib gdi32.lib winspool.lib comdlg32.lib advapi32.lib shell32.lib ole32.lib oleaut32.lib uuid.lib odbc32.lib odbccp32.lib "D:\a\OpenCppCoverage-ARM64\OpenCppCoverage-ARM64\vcpkg_installed\x86-windows\debug\lib\*.lib" /MANIFEST /MANIFESTUAC:"level='asInvoker' uiAccess='false'" /manifest:embed /DEBUG /PDB:"D:\a\OpenCppCoverage-ARM64\OpenCppCoverage-ARM64\Debug\PluginTest.pdb" /SUBSYSTEM:CONSOLE /TLBID:1 /DYNAMICBASE /NXCOMPAT /IMPLIB:"D:\a\OpenCppCoverage-ARM64\OpenCppCoverage-ARM64\Debug\PluginTest.lib" /MACHINE:X86 Debug\CoverageDataTest.obj
2026-08-20T10:15:57.1135103Z          Debug\FileCoverageTest.obj
2026-08-20T10:15:57.1135525Z          Debug\pch.obj
2026-08-20T10:15:57.1135876Z          Debug\PluginTest.obj
2026-08-20T10:15:57.1136465Z          "D:\a\OpenCppCoverage-ARM64\OpenCppCoverage-ARM64\Debug\Plugin.lib"
2026-08-20T10:15:57.4732705Z          PluginTest.vcxproj -> D:\a\OpenCppCoverage-ARM64\OpenCppCoverage-ARM64\Debug\PluginTest.exe
2026-08-20T10:15:57.4799018Z        AppLocalFromInstalled:
2026-08-20T10:15:57.4801922Z          "C:\Users\runneradmin\AppData\Local\OpenCppCoverage\vcpkg\vcpkg.exe" z-applocal --target-binary="D:\a\OpenCppCoverage-ARM64\OpenCppCoverage-ARM64\Debug\PluginTest.exe" --installed-bin-dir="D:\a\OpenCppCoverage-ARM64\OpenCppCoverage-ARM64\vcpkg_installed\x86-windows\debug\bin" --tlog-file="Debug\PluginTest.tlog\PluginTest.write.1u.tlog" --copied-files-log="Debug\vcpkg.applocal.log"
2026-08-20T10:15:57.5239621Z          D:\a\OpenCppCoverage-ARM64\OpenCppCoverage-ARM64\vcpkg_installed\x86-windows\debug\bin\gmock.dll -> D:\a\OpenCppCoverage-ARM64\OpenCppCoverage-ARM64\Debug\gmock.dll done
2026-08-20T10:15:57.5368258Z          D:\a\OpenCppCoverage-ARM64\OpenCppCoverage-ARM64\vcpkg_installed\x86-windows\debug\bin\gmock.dll
2026-08-20T10:15:57.5982002Z        FinalizeBuildStatus:
2026-08-20T10:15:57.5982859Z          Deleting file "Debug\PluginTest.tlog\unsuccessfulbuild".
2026-08-20T10:15:57.5988798Z          Touching "Debug\PluginTest.tlog\PluginTest.lastbuildstate".
2026-08-20T10:15:57.6009715Z     18>Done Building Project "D:\a\OpenCppCoverage-ARM64\OpenCppCoverage-ARM64\PluginTest\PluginTest.vcxproj" (default targets).
2026-08-20T10:15:57.6343062Z      1>Project "D:\a\OpenCppCoverage-ARM64\OpenCppCoverage-ARM64\CppCoverage.sln" (1) is building "D:\a\OpenCppCoverage-ARM64\OpenCppCoverage-ARM64\CppCoverageTest\CppCoverageTest.vcxproj.metaproj" (2) on node 1 (default targets).
2026-08-20T10:15:57.6345793Z      2>Project "D:\a\OpenCppCoverage-ARM64\OpenCppCoverage-ARM64\CppCoverageTest\CppCoverageTest.vcxproj.metaproj" (2) is building "D:\a\OpenCppCoverage-ARM64\OpenCppCoverage-ARM64\TestCppCli\TestCppCli.vcxproj" (14) on node 3 (default targets).
2026-08-20T10:15:57.6347727Z     14>PrepareForBuild:
2026-08-20T10:15:57.6348141Z          Creating directory "Debug\".
2026-08-20T10:15:57.6384649Z          Structured output is enabled. The formatting of compiler diagnostics will reflect the error hierarchy. See https://aka.ms/cpp/structured-output for more details.
2026-08-20T10:15:57.6390976Z          Creating directory "Debug\TestCppCli.tlog\".
2026-08-20T10:15:58.5158346Z        InitializeBuildStatus:
2026-08-20T10:15:58.5159244Z          Creating "Debug\TestCppCli.tlog\unsuccessfulbuild" because "AlwaysCreate" was specified.
2026-08-20T10:15:58.5161870Z          Touching "Debug\TestCppCli.tlog\unsuccessfulbuild".
2026-08-20T10:15:58.5637099Z        VcpkgTripletSelection:
2026-08-20T10:15:58.5639134Z          Using triplet "x86-windows" from "D:\a\OpenCppCoverage-ARM64\OpenCppCoverage-ARM64\vcpkg_installed\x86-windows\"
2026-08-20T10:15:58.5640481Z          Using normalized configuration "Debug"
2026-08-20T10:15:58.5665634Z        VcpkgBootstrap:
2026-08-20T10:15:58.5667311Z        Skipping target "VcpkgBootstrap" because all output files are up-to-date with respect to the input files.
2026-08-20T10:15:58.5681282Z        VcpkgInstallManifestDependencies:
2026-08-20T10:15:58.5687657Z        Skipping target "VcpkgInstallManifestDependencies" because all output files are up-to-date with respect to the input files.
2026-08-20T10:15:58.5853348Z        ClCompile:
2026-08-20T10:15:58.5863641Z          C:\Program Files\Microsoft Visual Studio\2022\Enterprise\VC\Tools\MSVC\14.44.35207\bin\HostX64\x86\CL.exe /c /I"D:\a\OpenCppCoverage-ARM64\OpenCppCoverage-ARM64\vcpkg_installed\x86-windows\include" /AI"C:\Program Files (x86)\Reference Assemblies\Microsoft\Framework\.NETFramework\v4.7.2\\" /AI"C:\Program Files (x86)\Windows Kits\10\References" /AI"C:\Program Files (x86)\Reference Assemblies\Microsoft\Framework\.NETFramework\v4.7.2\Facades\\" /Zi /clr /nologo /W3 /WX- /diagnostics:column /Od /Oy- /D WIN32 /D _DEBUG /D _WINDLL /D _UNICODE /D UNICODE /EHa /MD /GS /fp:precise /Zc:wchar_t /Zc:forScope /Zc:inline /Fo"Debug\\" /Fd"Debug\vc143.pdb" /external:W3 /TP /FU"C:\Program Files\Microsoft Visual Studio\2022\Enterprise\Common7\IDE\PublicAssemblies\Microsoft.VisualStudio.QualityTools.UnitTestFramework.dll" /FU"C:\Program Files (x86)\Reference Assemblies\Microsoft\Framework\.NETFramework\v4.7.2\mscorlib.dll" /FU"C:\Program Files (x86)\Reference Assemblies\Microsoft\Framework\.NETFramework\v4.7.2\System.Data.dll" /FU"C:\Program Files (x86)\Reference Assemblies\Microsoft\Framework\.NETFramework\v4.7.2\System.dll" /FU"C:\Program Files (x86)\Reference Assemblies\Microsoft\Framework\.NETFramework\v4.7.2\System.Xml.dll" /analyze- /FC /errorReport:queue /clr:nostdlib AssemblyInfo.cpp UnitTest.cpp "Debug\.NETFramework,Version=v4.7.2.AssemblyAttributes.cpp"
2026-08-20T10:15:58.6257518Z          AssemblyInfo.cpp
2026-08-20T10:15:59.1430590Z          UnitTest.cpp
2026-08-20T10:15:59.1618105Z     11>ClCompile:
2026-08-20T10:15:59.1618503Z          MappedFile.cpp
2026-08-20T10:15:59.2651808Z     14>ClCompile:
2026-08-20T10:15:59.2652306Z          .NETFramework,Version=v4.7.2.AssemblyAttributes.cpp
2026-08-20T10:15:59.3927342Z          Generating Code...
2026-08-20T10:15:59.4983707Z        Link:
2026-08-20T10:15:59.4990188Z          C:\Program Files\Microsoft Visual Studio\2022\Enterprise\VC\Tools\MSVC\14.44.35207\bin\HostX64\x86\link.exe /ERRORREPORT:QUEUE /OUT:"D:\a\OpenCppCoverage-ARM64\OpenCppCoverage-ARM64\Debug\DefaultTest.dll" /INCREMENTAL /ILK:"Debug\DefaultTest.ilk" /NOLOGO /LIBPATH:"D:\a\OpenCppCoverage-ARM64\OpenCppCoverage-ARM64\vcpkg_installed\x86-windows\debug\lib" /LIBPATH:"D:\a\OpenCppCoverage-ARM64\OpenCppCoverage-ARM64\vcpkg_installed\x86-windows\debug\lib\manual-link" "D:\a\OpenCppCoverage-ARM64\OpenCppCoverage-ARM64\vcpkg_installed\x86-windows\debug\lib\*.lib" /MANIFEST /MANIFESTUAC:"level='asInvoker' uiAccess='false'" /manifest:embed /DEBUG:FULL /PDB:"D:\a\OpenCppCoverage-ARM64\OpenCppCoverage-ARM64\Debug\DefaultTest.pdb" /TLBID:1 /DYNAMICBASE /FIXED:NO /NXCOMPAT /MACHINE:X86 /SAFESEH /DLL Debug\AssemblyInfo.obj
2026-08-20T10:15:59.4995787Z          Debug\UnitTest.obj
2026-08-20T10:15:59.4996270Z          "Debug\.NETFramework,Version=v4.7.2.AssemblyAttributes.obj"
2026-08-20T10:15:59.4997147Z          "D:\a\OpenCppCoverage-ARM64\OpenCppCoverage-ARM64\Debug\TestCoverageSharedLib.lib"
2026-08-20T10:15:59.5288521Z          AssemblyInfo.obj : MSIL module encountered; incremental linking is disabled for MSIL; performing full link
2026-08-20T10:16:00.0594614Z          TestCppCli.vcxproj -> D:\a\OpenCppCoverage-ARM64\OpenCppCoverage-ARM64\Debug\DefaultTest.dll
2026-08-20T10:16:00.3351527Z        MetaGen:
2026-08-20T10:16:00.3353147Z          To improve incremental build performance for managed components, please make sure that the 'VC++ Directories->Reference Directories' points to all the paths which contain the referenced managed assemblies.
2026-08-20T10:16:00.3356021Z          Could not load file or assembly 'Microsoft.VisualStudio.QualityTools.UnitTestFramework, Version=10.0.0.0, Culture=neutral, PublicKeyToken=b03f5f7f11d50a3a' or one of its dependencies. The system cannot find the file specified.
2026-08-20T10:16:00.3432404Z        AppLocalFromInstalled:
2026-08-20T10:16:00.3435303Z          "C:\Users\runneradmin\AppData\Local\OpenCppCoverage\vcpkg\vcpkg.exe" z-applocal --target-binary="D:\a\OpenCppCoverage-ARM64\OpenCppCoverage-ARM64\Debug\DefaultTest.dll" --installed-bin-dir="D:\a\OpenCppCoverage-ARM64\OpenCppCoverage-ARM64\vcpkg_installed\x86-windows\debug\bin" --tlog-file="Debug\TestCppCli.tlog\TestCppCli.write.1u.tlog" --copied-files-log="Debug\vcpkg.applocal.log"
2026-08-20T10:16:00.4375680Z        FinalizeBuildStatus:
2026-08-20T10:16:00.4376579Z          Deleting file "Debug\TestCppCli.tlog\unsuccessfulbuild".
2026-08-20T10:16:00.4381275Z          Touching "Debug\TestCppCli.tlog\TestCppCli.lastbuildstate".
2026-08-20T10:16:00.4400371Z     14>Done Building Project "D:\a\OpenCppCoverage-ARM64\OpenCppCoverage-ARM64\TestCppCli\TestCppCli.vcxproj" (default targets).
2026-08-20T10:16:00.9762289Z     11>ClCompile:
2026-08-20T10:16:00.9762690Z          MiniDump.cpp
2026-08-20T10:16:01.6727266Z          PEFileHeader.cpp
2026-08-20T10:16:02.3963495Z          ProcessMemory.cpp
2026-08-20T10:16:04.2066532Z          ScopedAction.cpp
2026-08-20T10:16:06.0192886Z          Tool.cpp
2026-08-20T10:16:07.8183548Z          UniquePath.cpp
2026-08-20T10:16:08.9209865Z          WarningManager.cpp
2026-08-20T10:16:10.7169720Z          Generating Code...
2026-08-20T10:16:11.6129202Z        Link:
2026-08-20T10:16:11.6136117Z          C:\Program Files\Microsoft Visual Studio\2022\Enterprise\VC\Tools\MSVC\14.44.35207\bin\HostX64\x86\link.exe /ERRORREPORT:QUEUE /OUT:"D:\a\OpenCppCoverage-ARM64\OpenCppCoverage-ARM64\Debug\Tools.dll" /INCREMENTAL /ILK:"Debug\Tools.ilk" /NOLOGO /LIBPATH:"D:\a\OpenCppCoverage-ARM64\OpenCppCoverage-ARM64\vcpkg_installed\x86-windows\debug\lib" /LIBPATH:"D:\a\OpenCppCoverage-ARM64\OpenCppCoverage-ARM64\vcpkg_installed\x86-windows\debug\lib\manual-link" DbgHelp.lib bcrypt.lib kernel32.lib user32.lib gdi32.lib winspool.lib comdlg32.lib advapi32.lib shell32.lib ole32.lib oleaut32.lib uuid.lib odbc32.lib odbccp32.lib "D:\a\OpenCppCoverage-ARM64\OpenCppCoverage-ARM64\vcpkg_installed\x86-windows\debug\lib\*.lib" /MANIFEST /MANIFESTUAC:"level='asInvoker' uiAccess='false'" /manifest:embed /DEBUG /PDB:"D:\a\OpenCppCoverage-ARM64\OpenCppCoverage-ARM64\Debug\Tools.pdb" /SUBSYSTEM:WINDOWS /TLBID:1 /DYNAMICBASE /NXCOMPAT /IMPLIB:"D:\a\OpenCppCoverage-ARM64\OpenCppCoverage-ARM64\Debug\Tools.lib" /MACHINE:X86 /DLL Debug\dllmain.obj
2026-08-20T10:16:11.6140534Z          Debug\ExceptionBase.obj
2026-08-20T10:16:11.6140776Z          Debug\Log.obj
2026-08-20T10:16:11.6140980Z          Debug\MappedFile.obj
2026-08-20T10:16:11.6141213Z          Debug\MiniDump.obj
2026-08-20T10:16:11.6141445Z          Debug\PEFileHeader.obj
2026-08-20T10:16:11.6141675Z          Debug\ProcessMemory.obj
2026-08-20T10:16:11.6141909Z          Debug\ScopedAction.obj
2026-08-20T10:16:11.6142135Z          Debug\stdafx.obj
2026-08-20T10:16:11.6142339Z          Debug\Tool.obj
2026-08-20T10:16:11.6142544Z          Debug\UniquePath.obj
2026-08-20T10:16:11.6142767Z          Debug\WarningManager.obj
2026-08-20T10:16:12.6757593Z             Creating library D:\a\OpenCppCoverage-ARM64\OpenCppCoverage-ARM64\Debug\Tools.lib and object D:\a\OpenCppCoverage-ARM64\OpenCppCoverage-ARM64\Debug\Tools.exp
2026-08-20T10:16:12.9343908Z          Tools.vcxproj -> D:\a\OpenCppCoverage-ARM64\OpenCppCoverage-ARM64\Debug\Tools.dll
2026-08-20T10:16:12.9490426Z        AppLocalFromInstalled:
2026-08-20T10:16:12.9494361Z          "C:\Users\runneradmin\AppData\Local\OpenCppCoverage\vcpkg\vcpkg.exe" z-applocal --target-binary="D:\a\OpenCppCoverage-ARM64\OpenCppCoverage-ARM64\Debug\Tools.dll" --installed-bin-dir="D:\a\OpenCppCoverage-ARM64\OpenCppCoverage-ARM64\vcpkg_installed\x86-windows\debug\bin" --tlog-file="Debug\Tools.tlog\Tools.write.1u.tlog" --copied-files-log="Debug\vcpkg.applocal.log"
2026-08-20T10:16:12.9974025Z          D:\a\OpenCppCoverage-ARM64\OpenCppCoverage-ARM64\vcpkg_installed\x86-windows\debug\bin\boost_iostreams-vc143-mt-gd-x32-1_91.dll -> D:\a\OpenCppCoverage-ARM64\OpenCppCoverage-ARM64\Debug\boost_iostreams-vc143-mt-gd-x32-1_91.dll done
2026-08-20T10:16:12.9980353Z          D:\a\OpenCppCoverage-ARM64\OpenCppCoverage-ARM64\vcpkg_installed\x86-windows\debug\bin\zd.dll -> D:\a\OpenCppCoverage-ARM64\OpenCppCoverage-ARM64\Debug\zd.dll done
2026-08-20T10:16:12.9984280Z          D:\a\OpenCppCoverage-ARM64\OpenCppCoverage-ARM64\vcpkg_installed\x86-windows\debug\bin\bz2d.dll -> D:\a\OpenCppCoverage-ARM64\OpenCppCoverage-ARM64\Debug\bz2d.dll done
2026-08-20T10:16:12.9991793Z          D:\a\OpenCppCoverage-ARM64\OpenCppCoverage-ARM64\vcpkg_installed\x86-windows\debug\bin\liblzma.dll -> D:\a\OpenCppCoverage-ARM64\OpenCppCoverage-ARM64\Debug\liblzma.dll done
2026-08-20T10:16:13.0005996Z          D:\a\OpenCppCoverage-ARM64\OpenCppCoverage-ARM64\vcpkg_installed\x86-windows\debug\bin\zstd.dll -> D:\a\OpenCppCoverage-ARM64\OpenCppCoverage-ARM64\Debug\zstd.dll done
2026-08-20T10:16:13.0019785Z          D:\a\OpenCppCoverage-ARM64\OpenCppCoverage-ARM64\vcpkg_installed\x86-windows\debug\bin\boost_locale-vc143-mt-gd-x32-1_91.dll -> D:\a\OpenCppCoverage-ARM64\OpenCppCoverage-ARM64\Debug\boost_locale-vc143-mt-gd-x32-1_91.dll done
2026-08-20T10:16:13.0033274Z          D:\a\OpenCppCoverage-ARM64\OpenCppCoverage-ARM64\vcpkg_installed\x86-windows\debug\bin\boost_log-vc143-mt-gd-x32-1_91.dll -> D:\a\OpenCppCoverage-ARM64\OpenCppCoverage-ARM64\Debug\boost_log-vc143-mt-gd-x32-1_91.dll done
2026-08-20T10:16:13.0043704Z          D:\a\OpenCppCoverage-ARM64\OpenCppCoverage-ARM64\vcpkg_installed\x86-windows\debug\bin\boost_filesystem-vc143-mt-gd-x32-1_91.dll -> D:\a\OpenCppCoverage-ARM64\OpenCppCoverage-ARM64\Debug\boost_filesystem-vc143-mt-gd-x32-1_91.dll done
2026-08-20T10:16:13.0052167Z          D:\a\OpenCppCoverage-ARM64\OpenCppCoverage-ARM64\vcpkg_installed\x86-windows\debug\bin\boost_thread-vc143-mt-gd-x32-1_91.dll -> D:\a\OpenCppCoverage-ARM64\OpenCppCoverage-ARM64\Debug\boost_thread-vc143-mt-gd-x32-1_91.dll done
2026-08-20T10:16:13.0145282Z          D:\a\OpenCppCoverage-ARM64\OpenCppCoverage-ARM64\vcpkg_installed\x86-windows\debug\bin\boost_iostreams-vc143-mt-gd-x32-1_91.dll
2026-08-20T10:16:13.0175134Z          D:\a\OpenCppCoverage-ARM64\OpenCppCoverage-ARM64\vcpkg_installed\x86-windows\debug\bin\zd.dll
2026-08-20T10:16:13.0186508Z          D:\a\OpenCppCoverage-ARM64\OpenCppCoverage-ARM64\vcpkg_installed\x86-windows\debug\bin\bz2d.dll
2026-08-20T10:16:13.0274746Z          D:\a\OpenCppCoverage-ARM64\OpenCppCoverage-ARM64\vcpkg_installed\x86-windows\debug\bin\liblzma.dll
2026-08-20T10:16:13.0276071Z          D:\a\OpenCppCoverage-ARM64\OpenCppCoverage-ARM64\vcpkg_installed\x86-windows\debug\bin\zstd.dll
2026-08-20T10:16:13.0277541Z          D:\a\OpenCppCoverage-ARM64\OpenCppCoverage-ARM64\vcpkg_installed\x86-windows\debug\bin\boost_locale-vc143-mt-gd-x32-1_91.dll
2026-08-20T10:16:13.0279167Z          D:\a\OpenCppCoverage-ARM64\OpenCppCoverage-ARM64\vcpkg_installed\x86-windows\debug\bin\boost_log-vc143-mt-gd-x32-1_91.dll
2026-08-20T10:16:13.0280742Z          D:\a\OpenCppCoverage-ARM64\OpenCppCoverage-ARM64\vcpkg_installed\x86-windows\debug\bin\boost_filesystem-vc143-mt-gd-x32-1_91.dll
2026-08-20T10:16:13.0282667Z          D:\a\OpenCppCoverage-ARM64\OpenCppCoverage-ARM64\vcpkg_installed\x86-windows\debug\bin\boost_thread-vc143-mt-gd-x32-1_91.dll
2026-08-20T10:16:13.0994368Z        FinalizeBuildStatus:
2026-08-20T10:16:13.0997950Z          Deleting file "Debug\Tools.tlog\unsuccessfulbuild".
2026-08-20T10:16:13.1012176Z          Touching "Debug\Tools.tlog\Tools.lastbuildstate".
2026-08-20T10:16:13.1048784Z     11>Done Building Project "D:\a\OpenCppCoverage-ARM64\OpenCppCoverage-ARM64\Tools\Tools.vcxproj" (default targets).
2026-08-20T10:16:13.2101381Z      8>PrepareForBuild:
2026-08-20T10:16:13.2101917Z          Creating directory "Debug\".
2026-08-20T10:16:13.2210700Z      1>Project "D:\a\OpenCppCoverage-ARM64\OpenCppCoverage-ARM64\CppCoverage.sln" (1) is building "D:\a\OpenCppCoverage-ARM64\OpenCppCoverage-ARM64\CppCoverage\CppCoverage.vcxproj" (7) on node 3 (default targets).
2026-08-20T10:16:13.2215204Z      7>Project "D:\a\OpenCppCoverage-ARM64\OpenCppCoverage-ARM64\CppCoverage\CppCoverage.vcxproj" (7) is building "D:\a\OpenCppCoverage-ARM64\OpenCppCoverage-ARM64\FileFilter\FileFilter.vcxproj" (12) on node 3 (default targets).
2026-08-20T10:16:13.2217894Z     12>PrepareForBuild:
2026-08-20T10:16:13.2218303Z          Creating directory "Debug\".
2026-08-20T10:16:13.2219798Z          Structured output is enabled. The formatting of compiler diagnostics will reflect the error hierarchy. See https://aka.ms/cpp/structured-output for more details.
2026-08-20T10:16:13.2222202Z          Creating directory "Debug\FileFilter.tlog\".
2026-08-20T10:16:13.2223068Z      8>PrepareForBuild:
2026-08-20T10:16:13.2224943Z          Structured output is enabled. The formatting of compiler diagnostics will reflect the error hierarchy. See https://aka.ms/cpp/structured-output for more details.
2026-08-20T10:16:13.2229380Z          Creating directory "Debug\TestCove.0DD16EDF.tlog\".
2026-08-20T10:16:13.2233427Z     12>InitializeBuildStatus:
2026-08-20T10:16:13.2235253Z          Creating "Debug\FileFilter.tlog\unsuccessfulbuild" because "AlwaysCreate" was specified.
2026-08-20T10:16:13.2236500Z          Touching "Debug\FileFilter.tlog\unsuccessfulbuild".
2026-08-20T10:16:13.2238738Z      8>InitializeBuildStatus:
2026-08-20T10:16:13.2241664Z          Creating "Debug\TestCove.0DD16EDF.tlog\unsuccessfulbuild" because "AlwaysCreate" was specified.
2026-08-20T10:16:13.2242949Z          Touching "Debug\TestCove.0DD16EDF.tlog\unsuccessfulbuild".
2026-08-20T10:16:13.2684308Z      1>Project "D:\a\OpenCppCoverage-ARM64\OpenCppCoverage-ARM64\CppCoverage.sln" (1) is building "D:\a\OpenCppCoverage-ARM64\OpenCppCoverage-ARM64\TestHelper\TestHelper.vcxproj" (15) on node 3 (default targets).
2026-08-20T10:16:13.2755664Z     15>PrepareForBuild:
2026-08-20T10:16:13.2781588Z          Creating directory "Debug\".
2026-08-20T10:16:13.2836077Z          Structured output is enabled. The formatting of compiler diagnostics will reflect the error hierarchy. See https://aka.ms/cpp/structured-output for more details.
2026-08-20T10:16:13.2863874Z          Creating directory "Debug\TestHelper.tlog\".
2026-08-20T10:16:13.2865532Z        InitializeBuildStatus:
2026-08-20T10:16:13.2867652Z          Creating "Debug\TestHelper.tlog\unsuccessfulbuild" because "AlwaysCreate" was specified.
2026-08-20T10:16:13.2870183Z          Touching "Debug\TestHelper.tlog\unsuccessfulbuild".
2026-08-20T10:16:13.2872228Z      8>VcpkgTripletSelection:
2026-08-20T10:16:13.2892550Z          Using triplet "x86-windows" from "D:\a\OpenCppCoverage-ARM64\OpenCppCoverage-ARM64\vcpkg_installed\x86-windows\"
2026-08-20T10:16:13.3108712Z          Using normalized configuration "Debug"
2026-08-20T10:16:13.3172250Z        VcpkgBootstrap:
2026-08-20T10:16:13.3185184Z        Skipping target "VcpkgBootstrap" because all output files are up-to-date with respect to the input files.
2026-08-20T10:16:13.3196616Z        VcpkgInstallManifestDependencies:
2026-08-20T10:16:13.3203906Z        Skipping target "VcpkgInstallManifestDependencies" because all output files are up-to-date with respect to the input files.
2026-08-20T10:16:13.3206413Z        ClCompile:
2026-08-20T10:16:13.3218250Z          C:\Program Files\Microsoft Visual Studio\2022\Enterprise\VC\Tools\MSVC\14.44.35207\bin\HostX64\x86\CL.exe /c /I"D:\a\OpenCppCoverage-ARM64\OpenCppCoverage-ARM64\\" /I"D:\a\OpenCppCoverage-ARM64\OpenCppCoverage-ARM64\\" /I"D:\a\OpenCppCoverage-ARM64\OpenCppCoverage-ARM64\TestCoverageConsole\\" /I"D:\a\OpenCppCoverage-ARM64\OpenCppCoverage-ARM64\vcpkg_installed\x86-windows\include" /ZI /JMC /nologo /W3 /WX /diagnostics:column /sdl /Od /Oy- /D WIN32 /D _DEBUG /D _CONSOLE /D _LIB /D BOOST_CONFIG_SUPPRESS_OUTDATED_MESSAGE /D "OPENCPPCOVERAGE_VERSION=\"0.9.9.0\"" /D _CRT_SECURE_NO_WARNINGS /D "PROJECT_DIR=R\"|(D:\a\OpenCppCoverage-ARM64\OpenCppCoverage-ARM64\TestCoverageConsole\)|\"" /D "SOLUTION_DIR=R\"|(D:\a\OpenCppCoverage-ARM64\OpenCppCoverage-ARM64\)|\"" /D "TARGET_FILE_NAME=R\"|(TestCoverageConsole.exe)|\"" /D "OUT_DIR=R\"|(D:\a\OpenCppCoverage-ARM64\OpenCppCoverage-ARM64\Debug\)|\"" /D NOMINMAX /D _UNICODE /D UNICODE /Gm- /EHsc /RTC1 /MDd /GS /fp:precise /Zc:wchar_t /Zc:forScope /Zc:inline /std:c++17 /permissive- /Fo"Debug\\" /Fd"Debug\vc143.pdb" /external:W3 /Gd /TP /analyze- /FC /errorReport:queue TestBasic.cpp TestCoverageConsole.cpp SpecialLineInfo.cpp TestDebugInformationEnumerator.cpp TestDiff.cpp TestThread.cpp
2026-08-20T10:16:13.3599777Z     15>VcpkgTripletSelection:
2026-08-20T10:16:13.3685591Z          Using triplet "x86-windows" from "D:\a\OpenCppCoverage-ARM64\OpenCppCoverage-ARM64\vcpkg_installed\x86-windows\"
2026-08-20T10:16:13.3712978Z          Using normalized configuration "Debug"
2026-08-20T10:16:13.3715571Z        VcpkgBootstrap:
2026-08-20T10:16:13.3732903Z        Skipping target "VcpkgBootstrap" because all output files are up-to-date with respect to the input files.
2026-08-20T10:16:13.3740035Z        VcpkgInstallManifestDependencies:
2026-08-20T10:16:13.3757238Z        Skipping target "VcpkgInstallManifestDependencies" because all output files are up-to-date with respect to the input files.
2026-08-20T10:16:13.3858111Z        ClCompile:
2026-08-20T10:16:13.3928808Z          C:\Program Files\Microsoft Visual Studio\2022\Enterprise\VC\Tools\MSVC\14.44.35207\bin\HostX64\x86\CL.exe /c /I"D:\a\OpenCppCoverage-ARM64\OpenCppCoverage-ARM64\\" /I"D:\a\OpenCppCoverage-ARM64\OpenCppCoverage-ARM64\TestHelper\\" /I"D:\a\OpenCppCoverage-ARM64\OpenCppCoverage-ARM64\vcpkg_installed\x86-windows\include" /ZI /JMC /nologo /W3 /WX /diagnostics:column /sdl /Od /Oy- /D WIN32 /D _USRDLL /D TEST_HELPER_EXPORTS /D _DEBUG /D _CONSOLE /D _LIB /D GTEST_LINKED_AS_SHARED_LIBRARY=1 /D _SILENCE_TR1_NAMESPACE_DEPRECATION_WARNING /D BOOST_CONFIG_SUPPRESS_OUTDATED_MESSAGE /D "OPENCPPCOVERAGE_VERSION=\"0.9.9.0\"" /D _CRT_SECURE_NO_WARNINGS /D "PROJECT_DIR=R\"|(D:\a\OpenCppCoverage-ARM64\OpenCppCoverage-ARM64\TestHelper\)|\"" /D "SOLUTION_DIR=R\"|(D:\a\OpenCppCoverage-ARM64\OpenCppCoverage-ARM64\)|\"" /D "TARGET_FILE_NAME=R\"|(TestHelper.dll)|\"" /D "OUT_DIR=R\"|(D:\a\OpenCppCoverage-ARM64\OpenCppCoverage-ARM64\Debug\)|\"" /D NOMINMAX /D _WINDLL /D _UNICODE /D UNICODE /Gm- /EHsc /RTC1 /MDd /GS /fp:precise /Zc:wchar_t /Zc:forScope /Zc:inline /std:c++17 /permissive- /Yc"stdafx.h" /Fp"Debug\TestHelper.pch" /Fo"Debug\\" /Fd"Debug\vc143.pdb" /external:W3 /Gd /TP /wd4251 /wd4275 /analyze- /FC /errorReport:queue stdafx.cpp
2026-08-20T10:16:13.4490743Z     12>VcpkgTripletSelection:
2026-08-20T10:16:13.4750744Z          Using triplet "x86-windows" from "D:\a\OpenCppCoverage-ARM64\OpenCppCoverage-ARM64\vcpkg_installed\x86-windows\"
2026-08-20T10:16:13.4814790Z          Using normalized configuration "Debug"
2026-08-20T10:16:13.4923705Z        VcpkgBootstrap:
2026-08-20T10:16:13.5013123Z        Skipping target "VcpkgBootstrap" because all output files are up-to-date with respect to the input files.
2026-08-20T10:16:13.5094589Z        VcpkgInstallManifestDependencies:
2026-08-20T10:16:13.5164281Z        Skipping target "VcpkgInstallManifestDependencies" because all output files are up-to-date with respect to the input files.
2026-08-20T10:16:13.5278139Z        ClCompile:
2026-08-20T10:16:13.5334676Z          C:\Program Files\Microsoft Visual Studio\2022\Enterprise\VC\Tools\MSVC\14.44.35207\bin\HostX64\x86\CL.exe /c /I"D:\a\OpenCppCoverage-ARM64\OpenCppCoverage-ARM64\\" /I"D:\a\OpenCppCoverage-ARM64\OpenCppCoverage-ARM64\FileFilter\\" /I"D:\a\OpenCppCoverage-ARM64\OpenCppCoverage-ARM64\vcpkg_installed\x86-windows\include" /ZI /JMC /nologo /W3 /WX /diagnostics:column /sdl /Od /Oy- /D WIN32 /D _DEBUG /D _WINDOWS /D _USRDLL /D FILEFILTER_EXPORTS /D BOOST_CONFIG_SUPPRESS_OUTDATED_MESSAGE /D "OPENCPPCOVERAGE_VERSION=\"0.9.9.0\"" /D _CRT_SECURE_NO_WARNINGS /D "PROJECT_DIR=R\"|(D:\a\OpenCppCoverage-ARM64\OpenCppCoverage-ARM64\FileFilter\)|\"" /D "SOLUTION_DIR=R\"|(D:\a\OpenCppCoverage-ARM64\OpenCppCoverage-ARM64\)|\"" /D "TARGET_FILE_NAME=R\"|(FileFilter.dll)|\"" /D "OUT_DIR=R\"|(D:\a\OpenCppCoverage-ARM64\OpenCppCoverage-ARM64\Debug\)|\"" /D NOMINMAX /D _WINDLL /D _UNICODE /D UNICODE /Gm- /EHsc /RTC1 /MDd /GS /fp:precise /Zc:wchar_t /Zc:forScope /Zc:inline /std:c++17 /permissive- /Yc"stdafx.h" /Fp"Debug\FileFilter.pch" /Fo"Debug\\" /Fd"Debug\vc143.pdb" /external:W3 /Gd /TP /analyze- /FC /errorReport:queue stdafx.cpp
2026-08-20T10:16:13.5361429Z     15>ClCompile:
2026-08-20T10:16:13.5378092Z          stdafx.cpp
2026-08-20T10:16:13.5413323Z      8>ClCompile:
2026-08-20T10:16:13.5822355Z          TestBasic.cpp
2026-08-20T10:16:13.6917669Z     12>ClCompile:
2026-08-20T10:16:13.6928813Z          stdafx.cpp
2026-08-20T10:16:14.7577025Z          C:\Program Files\Microsoft Visual Studio\2022\Enterprise\VC\Tools\MSVC\14.44.35207\bin\HostX64\x86\CL.exe /c /I"D:\a\OpenCppCoverage-ARM64\OpenCppCoverage-ARM64\\" /I"D:\a\OpenCppCoverage-ARM64\OpenCppCoverage-ARM64\FileFilter\\" /I"D:\a\OpenCppCoverage-ARM64\OpenCppCoverage-ARM64\vcpkg_installed\x86-windows\include" /ZI /JMC /nologo /W3 /WX /diagnostics:column /sdl /Od /Oy- /D WIN32 /D _DEBUG /D _WINDOWS /D _USRDLL /D FILEFILTER_EXPORTS /D BOOST_CONFIG_SUPPRESS_OUTDATED_MESSAGE /D "OPENCPPCOVERAGE_VERSION=\"0.9.9.0\"" /D _CRT_SECURE_NO_WARNINGS /D "PROJECT_DIR=R\"|(D:\a\OpenCppCoverage-ARM64\OpenCppCoverage-ARM64\FileFilter\)|\"" /D "SOLUTION_DIR=R\"|(D:\a\OpenCppCoverage-ARM64\OpenCppCoverage-ARM64\)|\"" /D "TARGET_FILE_NAME=R\"|(FileFilter.dll)|\"" /D "OUT_DIR=R\"|(D:\a\OpenCppCoverage-ARM64\OpenCppCoverage-ARM64\Debug\)|\"" /D NOMINMAX /D _WINDLL /D _UNICODE /D UNICODE /Gm- /EHsc /RTC1 /MDd /GS /fp:precise /Zc:wchar_t /Zc:forScope /Zc:inline /std:c++17 /permissive- /Yu"stdafx.h" /Fp"Debug\FileFilter.pch" /Fo"Debug\\" /Fd"Debug\vc143.pdb" /external:W3 /Gd /TP /analyze- /FC /errorReport:queue AmbiguousPathException.cpp File.cpp PathMatcher.cpp ReleaseCoverageFilter.cpp RelocationsExtractor.cpp LineFilter.cpp UnifiedDiffCoverageFilter.cpp UnifiedDiffParser.cpp UnifiedDiffParserException.cpp
2026-08-20T10:16:14.7983789Z          AmbiguousPathException.cpp
2026-08-20T10:16:15.7252695Z      8>ClCompile:
2026-08-20T10:16:15.7254054Z          TestCoverageConsole.cpp
2026-08-20T10:16:15.7412619Z     12>ClCompile:
2026-08-20T10:16:15.7413357Z          File.cpp
2026-08-20T10:16:16.2640330Z     15>ClCompile:
2026-08-20T10:16:16.2649159Z          C:\Program Files\Microsoft Visual Studio\2022\Enterprise\VC\Tools\MSVC\14.44.35207\bin\HostX64\x86\CL.exe /c /I"D:\a\OpenCppCoverage-ARM64\OpenCppCoverage-ARM64\\" /I"D:\a\OpenCppCoverage-ARM64\OpenCppCoverage-ARM64\TestHelper\\" /I"D:\a\OpenCppCoverage-ARM64\OpenCppCoverage-ARM64\vcpkg_installed\x86-windows\include" /ZI /JMC /nologo /W3 /WX /diagnostics:column /sdl /Od /Oy- /D WIN32 /D _USRDLL /D TEST_HELPER_EXPORTS /D _DEBUG /D _CONSOLE /D _LIB /D GTEST_LINKED_AS_SHARED_LIBRARY=1 /D _SILENCE_TR1_NAMESPACE_DEPRECATION_WARNING /D BOOST_CONFIG_SUPPRESS_OUTDATED_MESSAGE /D "OPENCPPCOVERAGE_VERSION=\"0.9.9.0\"" /D _CRT_SECURE_NO_WARNINGS /D "PROJECT_DIR=R\"|(D:\a\OpenCppCoverage-ARM64\OpenCppCoverage-ARM64\TestHelper\)|\"" /D "SOLUTION_DIR=R\"|(D:\a\OpenCppCoverage-ARM64\OpenCppCoverage-ARM64\)|\"" /D "TARGET_FILE_NAME=R\"|(TestHelper.dll)|\"" /D "OUT_DIR=R\"|(D:\a\OpenCppCoverage-ARM64\OpenCppCoverage-ARM64\Debug\)|\"" /D NOMINMAX /D _WINDLL /D _UNICODE /D UNICODE /Gm- /EHsc /RTC1 /MDd /GS /fp:precise /Zc:wchar_t /Zc:forScope /Zc:inline /std:c++17 /permissive- /Yu"stdafx.h" /Fp"Debug\TestHelper.pch" /Fo"Debug\\" /Fd"Debug\vc143.pdb" /external:W3 /Gd /TP /wd4251 /wd4275 /analyze- /FC /errorReport:queue CoverageDataComparer.cpp TemporaryPath.cpp Tools.cpp
2026-08-20T10:16:16.3055517Z          CoverageDataComparer.cpp
2026-08-20T10:16:16.6516573Z     12>ClCompile:
2026-08-20T10:16:16.6517001Z          PathMatcher.cpp
2026-08-20T10:16:16.9144066Z     15>ClCompile:
2026-08-20T10:16:16.9144482Z          TemporaryPath.cpp
2026-08-20T10:16:18.2518059Z          Tools.cpp
2026-08-20T10:16:18.4907664Z      8>ClCompile:
2026-08-20T10:16:18.4908199Z          SpecialLineInfo.cpp
2026-08-20T10:16:18.6120706Z     12>ClCompile:
2026-08-20T10:16:18.6121417Z          ReleaseCoverageFilter.cpp
2026-08-20T10:16:19.6604166Z     15>ClCompile:
2026-08-20T10:16:19.6605035Z          Generating Code...
2026-08-20T10:16:19.9796473Z        Link:
2026-08-20T10:16:19.9805329Z          C:\Program Files\Microsoft Visual Studio\2022\Enterprise\VC\Tools\MSVC\14.44.35207\bin\HostX64\x86\link.exe /ERRORREPORT:QUEUE /OUT:"D:\a\OpenCppCoverage-ARM64\OpenCppCoverage-ARM64\Debug\TestHelper.dll" /INCREMENTAL /ILK:"Debug\TestHelper.ilk" /NOLOGO /LIBPATH:"D:\a\OpenCppCoverage-ARM64\OpenCppCoverage-ARM64\vcpkg_installed\x86-windows\debug\lib" /LIBPATH:"D:\a\OpenCppCoverage-ARM64\OpenCppCoverage-ARM64\vcpkg_installed\x86-windows\debug\lib\manual-link" gmock.lib gtest.lib bcrypt.lib kernel32.lib user32.lib gdi32.lib winspool.lib comdlg32.lib advapi32.lib shell32.lib ole32.lib oleaut32.lib uuid.lib odbc32.lib odbccp32.lib "D:\a\OpenCppCoverage-ARM64\OpenCppCoverage-ARM64\vcpkg_installed\x86-windows\debug\lib\*.lib" /MANIFEST /MANIFESTUAC:"level='asInvoker' uiAccess='false'" /manifest:embed /DEBUG /PDB:"D:\a\OpenCppCoverage-ARM64\OpenCppCoverage-ARM64\Debug\TestHelper.pdb" /SUBSYSTEM:CONSOLE /TLBID:1 /DYNAMICBASE /NXCOMPAT /IMPLIB:"D:\a\OpenCppCoverage-ARM64\OpenCppCoverage-ARM64\Debug\TestHelper.lib" /MACHINE:X86 /DLL Debug\CoverageDataComparer.obj
2026-08-20T10:16:19.9815809Z          Debug\stdafx.obj
2026-08-20T10:16:19.9816389Z          Debug\TemporaryPath.obj
2026-08-20T10:16:19.9817414Z          Debug\Tools.obj
2026-08-20T10:16:19.9818302Z          "D:\a\OpenCppCoverage-ARM64\OpenCppCoverage-ARM64\Debug\Plugin.lib"
2026-08-20T10:16:19.9819485Z          "D:\a\OpenCppCoverage-ARM64\OpenCppCoverage-ARM64\Debug\Tools.lib"
2026-08-20T10:16:19.9820431Z      8>ClCompile:
2026-08-20T10:16:19.9822141Z          TestDebugInformationEnumerator.cpp
2026-08-20T10:16:20.1039916Z     15>Link:
2026-08-20T10:16:20.1055036Z             Creating library D:\a\OpenCppCoverage-ARM64\OpenCppCoverage-ARM64\Debug\TestHelper.lib and object D:\a\OpenCppCoverage-ARM64\OpenCppCoverage-ARM64\Debug\TestHelper.exp
2026-08-20T10:16:20.2827566Z          TestHelper.vcxproj -> D:\a\OpenCppCoverage-ARM64\OpenCppCoverage-ARM64\Debug\TestHelper.dll
2026-08-20T10:16:20.2852426Z        AppLocalFromInstalled:
2026-08-20T10:16:20.2855633Z          "C:\Users\runneradmin\AppData\Local\OpenCppCoverage\vcpkg\vcpkg.exe" z-applocal --target-binary="D:\a\OpenCppCoverage-ARM64\OpenCppCoverage-ARM64\Debug\TestHelper.dll" --installed-bin-dir="D:\a\OpenCppCoverage-ARM64\OpenCppCoverage-ARM64\vcpkg_installed\x86-windows\debug\bin" --tlog-file="Debug\TestHelper.tlog\TestHelper.write.1u.tlog" --copied-files-log="Debug\vcpkg.applocal.log"
2026-08-20T10:16:20.3438966Z          D:\a\OpenCppCoverage-ARM64\OpenCppCoverage-ARM64\vcpkg_installed\x86-windows\debug\bin\PocoFoundationd.dll -> D:\a\OpenCppCoverage-ARM64\OpenCppCoverage-ARM64\Debug\PocoFoundationd.dll done
2026-08-20T10:16:20.3449774Z          D:\a\OpenCppCoverage-ARM64\OpenCppCoverage-ARM64\vcpkg_installed\x86-windows\debug\bin\pcre2-8d.dll -> D:\a\OpenCppCoverage-ARM64\OpenCppCoverage-ARM64\Debug\pcre2-8d.dll done
2026-08-20T10:16:20.3456896Z          D:\a\OpenCppCoverage-ARM64\OpenCppCoverage-ARM64\vcpkg_installed\x86-windows\debug\bin\utf8proc.dll -> D:\a\OpenCppCoverage-ARM64\OpenCppCoverage-ARM64\Debug\utf8proc.dll done
2026-08-20T10:16:20.3611894Z          D:\a\OpenCppCoverage-ARM64\OpenCppCoverage-ARM64\vcpkg_installed\x86-windows\debug\bin\gmock.dll
2026-08-20T10:16:20.3614595Z          D:\a\OpenCppCoverage-ARM64\OpenCppCoverage-ARM64\vcpkg_installed\x86-windows\debug\bin\boost_log-vc143-mt-gd-x32-1_91.dll
2026-08-20T10:16:20.3616400Z          D:\a\OpenCppCoverage-ARM64\OpenCppCoverage-ARM64\vcpkg_installed\x86-windows\debug\bin\boost_filesystem-vc143-mt-gd-x32-1_91.dll
2026-08-20T10:16:20.3623420Z          D:\a\OpenCppCoverage-ARM64\OpenCppCoverage-ARM64\vcpkg_installed\x86-windows\debug\bin\boost_thread-vc143-mt-gd-x32-1_91.dll
2026-08-20T10:16:20.3628682Z          D:\a\OpenCppCoverage-ARM64\OpenCppCoverage-ARM64\vcpkg_installed\x86-windows\debug\bin\PocoFoundationd.dll
2026-08-20T10:16:20.3631268Z          D:\a\OpenCppCoverage-ARM64\OpenCppCoverage-ARM64\vcpkg_installed\x86-windows\debug\bin\pcre2-8d.dll
2026-08-20T10:16:20.3633814Z          D:\a\OpenCppCoverage-ARM64\OpenCppCoverage-ARM64\vcpkg_installed\x86-windows\debug\bin\zd.dll
2026-08-20T10:16:20.3635162Z          D:\a\OpenCppCoverage-ARM64\OpenCppCoverage-ARM64\vcpkg_installed\x86-windows\debug\bin\utf8proc.dll
2026-08-20T10:16:20.3637208Z          D:\a\OpenCppCoverage-ARM64\OpenCppCoverage-ARM64\vcpkg_installed\x86-windows\debug\bin\boost_iostreams-vc143-mt-gd-x32-1_91.dll
2026-08-20T10:16:20.3638727Z          D:\a\OpenCppCoverage-ARM64\OpenCppCoverage-ARM64\vcpkg_installed\x86-windows\debug\bin\bz2d.dll
2026-08-20T10:16:20.3640074Z          D:\a\OpenCppCoverage-ARM64\OpenCppCoverage-ARM64\vcpkg_installed\x86-windows\debug\bin\liblzma.dll
2026-08-20T10:16:20.3641431Z          D:\a\OpenCppCoverage-ARM64\OpenCppCoverage-ARM64\vcpkg_installed\x86-windows\debug\bin\zstd.dll
2026-08-20T10:16:20.3643882Z          D:\a\OpenCppCoverage-ARM64\OpenCppCoverage-ARM64\vcpkg_installed\x86-windows\debug\bin\boost_locale-vc143-mt-gd-x32-1_91.dll
2026-08-20T10:16:20.4323751Z        FinalizeBuildStatus:
2026-08-20T10:16:20.4324444Z          Deleting file "Debug\TestHelper.tlog\unsuccessfulbuild".
2026-08-20T10:16:20.4330889Z          Touching "Debug\TestHelper.tlog\TestHelper.lastbuildstate".
2026-08-20T10:16:20.4355801Z     15>Done Building Project "D:\a\OpenCppCoverage-ARM64\OpenCppCoverage-ARM64\TestHelper\TestHelper.vcxproj" (default targets).
2026-08-20T10:16:20.4638567Z      1>Project "D:\a\OpenCppCoverage-ARM64\OpenCppCoverage-ARM64\CppCoverage.sln" (1) is building "D:\a\OpenCppCoverage-ARM64\OpenCppCoverage-ARM64\ToolsTest\ToolsTest.vcxproj" (17) on node 3 (default targets).
2026-08-20T10:16:20.4640313Z     17>PrepareForBuild:
2026-08-20T10:16:20.4641025Z          Creating directory "Debug\".
2026-08-20T10:16:20.4683346Z          Structured output is enabled. The formatting of compiler diagnostics will reflect the error hierarchy. See https://aka.ms/cpp/structured-output for more details.
2026-08-20T10:16:20.4711285Z          Creating directory "Debug\ToolsTest.tlog\".
2026-08-20T10:16:20.4816534Z        InitializeBuildStatus:
2026-08-20T10:16:20.4817860Z          Creating "Debug\ToolsTest.tlog\unsuccessfulbuild" because "AlwaysCreate" was specified.
2026-08-20T10:16:20.4819881Z          Touching "Debug\ToolsTest.tlog\unsuccessfulbuild".
2026-08-20T10:16:20.5407793Z        VcpkgTripletSelection:
2026-08-20T10:16:20.5411473Z          Using triplet "x86-windows" from "D:\a\OpenCppCoverage-ARM64\OpenCppCoverage-ARM64\vcpkg_installed\x86-windows\"
2026-08-20T10:16:20.5415718Z          Using normalized configuration "Debug"
2026-08-20T10:16:20.5420379Z        VcpkgBootstrap:
2026-08-20T10:16:20.5423191Z        Skipping target "VcpkgBootstrap" because all output files are up-to-date with respect to the input files.
2026-08-20T10:16:20.5428112Z        VcpkgInstallManifestDependencies:
2026-08-20T10:16:20.5432567Z        Skipping target "VcpkgInstallManifestDependencies" because all output files are up-to-date with respect to the input files.
2026-08-20T10:16:20.5520149Z        ClCompile:
2026-08-20T10:16:20.5531359Z          C:\Program Files\Microsoft Visual Studio\2022\Enterprise\VC\Tools\MSVC\14.44.35207\bin\HostX64\x86\CL.exe /c /I"D:\a\OpenCppCoverage-ARM64\OpenCppCoverage-ARM64\\" /I"D:\a\OpenCppCoverage-ARM64\OpenCppCoverage-ARM64\ToolsTest\\" /I"D:\a\OpenCppCoverage-ARM64\OpenCppCoverage-ARM64\vcpkg_installed\x86-windows\include" /ZI /JMC /nologo /W3 /WX /diagnostics:column /sdl /Od /Oy- /D WIN32 /D _DEBUG /D _CONSOLE /D GTEST_LINKED_AS_SHARED_LIBRARY=1 /D _SILENCE_TR1_NAMESPACE_DEPRECATION_WARNING /D BOOST_CONFIG_SUPPRESS_OUTDATED_MESSAGE /D "OPENCPPCOVERAGE_VERSION=\"0.9.9.0\"" /D _CRT_SECURE_NO_WARNINGS /D "PROJECT_DIR=R\"|(D:\a\OpenCppCoverage-ARM64\OpenCppCoverage-ARM64\ToolsTest\)|\"" /D "SOLUTION_DIR=R\"|(D:\a\OpenCppCoverage-ARM64\OpenCppCoverage-ARM64\)|\"" /D "TARGET_FILE_NAME=R\"|(ToolsTest.exe)|\"" /D "OUT_DIR=R\"|(D:\a\OpenCppCoverage-ARM64\OpenCppCoverage-ARM64\Debug\)|\"" /D NOMINMAX /D _UNICODE /D UNICODE /Gm- /EHsc /RTC1 /MDd /GS /fp:precise /Zc:wchar_t /Zc:forScope /Zc:inline /std:c++17 /permissive- /Yc"stdafx.h" /Fp"Debug\ToolsTest.pch" /Fo"Debug\\" /Fd"Debug\vc143.pdb" /external:W3 /Gd /TP /wd4251 /wd4275 /analyze- /FC /errorReport:queue stdafx.cpp
2026-08-20T10:16:20.5923550Z          stdafx.cpp
2026-08-20T10:16:21.0093632Z     12>ClCompile:
2026-08-20T10:16:21.0094449Z          RelocationsExtractor.cpp
2026-08-20T10:16:21.5266498Z      8>ClCompile:
2026-08-20T10:16:21.5267124Z          TestDiff.cpp
2026-08-20T10:16:21.5740470Z     12>ClCompile:
2026-08-20T10:16:21.5741422Z          LineFilter.cpp
2026-08-20T10:16:22.8736774Z      8>ClCompile:
2026-08-20T10:16:22.8737856Z          TestThread.cpp
2026-08-20T10:16:22.9762512Z     17>ClCompile:
2026-08-20T10:16:22.9770909Z          C:\Program Files\Microsoft Visual Studio\2022\Enterprise\VC\Tools\MSVC\14.44.35207\bin\HostX64\x86\CL.exe /c /I"D:\a\OpenCppCoverage-ARM64\OpenCppCoverage-ARM64\\" /I"D:\a\OpenCppCoverage-ARM64\OpenCppCoverage-ARM64\ToolsTest\\" /I"D:\a\OpenCppCoverage-ARM64\OpenCppCoverage-ARM64\vcpkg_installed\x86-windows\include" /ZI /JMC /nologo /W3 /WX /diagnostics:column /sdl /Od /Oy- /D WIN32 /D _DEBUG /D _CONSOLE /D GTEST_LINKED_AS_SHARED_LIBRARY=1 /D _SILENCE_TR1_NAMESPACE_DEPRECATION_WARNING /D BOOST_CONFIG_SUPPRESS_OUTDATED_MESSAGE /D "OPENCPPCOVERAGE_VERSION=\"0.9.9.0\"" /D _CRT_SECURE_NO_WARNINGS /D "PROJECT_DIR=R\"|(D:\a\OpenCppCoverage-ARM64\OpenCppCoverage-ARM64\ToolsTest\)|\"" /D "SOLUTION_DIR=R\"|(D:\a\OpenCppCoverage-ARM64\OpenCppCoverage-ARM64\)|\"" /D "TARGET_FILE_NAME=R\"|(ToolsTest.exe)|\"" /D "OUT_DIR=R\"|(D:\a\OpenCppCoverage-ARM64\OpenCppCoverage-ARM64\Debug\)|\"" /D NOMINMAX /D _UNICODE /D UNICODE /Gm- /EHsc /RTC1 /MDd /GS /fp:precise /Zc:wchar_t /Zc:forScope /Zc:inline /std:c++17 /permissive- /Yu"stdafx.h" /Fp"Debug\ToolsTest.pch" /Fo"Debug\\" /Fd"Debug\vc143.pdb" /external:W3 /Gd /TP /wd4251 /wd4275 /analyze- /FC /errorReport:queue MappedFileTest.cpp PEFileHeaderTest.cpp ToolsTest.cpp ToolTest.cpp
2026-08-20T10:16:23.0262838Z          MappedFileTest.cpp
2026-08-20T10:16:23.5640671Z          PEFileHeaderTest.cpp
2026-08-20T10:16:23.7740530Z     12>ClCompile:
2026-08-20T10:16:23.7741320Z          UnifiedDiffCoverageFilter.cpp
2026-08-20T10:16:24.1292571Z     17>ClCompile:
2026-08-20T10:16:24.1293755Z          ToolsTest.cpp
2026-08-20T10:16:24.1512735Z          ToolTest.cpp
2026-08-20T10:16:24.3344485Z      8>ClCompile:
2026-08-20T10:16:24.3345200Z          Generating Code...
2026-08-20T10:16:24.5809383Z        Link:
2026-08-20T10:16:24.5817912Z          C:\Program Files\Microsoft Visual Studio\2022\Enterprise\VC\Tools\MSVC\14.44.35207\bin\HostX64\x86\link.exe /ERRORREPORT:QUEUE /OUT:"D:\a\OpenCppCoverage-ARM64\OpenCppCoverage-ARM64\Debug\TestCoverageConsole.exe" /INCREMENTAL /ILK:"Debug\TestCoverageConsole.ilk" /NOLOGO /LIBPATH:"D:\a\OpenCppCoverage-ARM64\OpenCppCoverage-ARM64\vcpkg_installed\x86-windows\debug\lib" /LIBPATH:"D:\a\OpenCppCoverage-ARM64\OpenCppCoverage-ARM64\vcpkg_installed\x86-windows\debug\lib\manual-link" bcrypt.lib kernel32.lib user32.lib gdi32.lib winspool.lib comdlg32.lib advapi32.lib shell32.lib ole32.lib oleaut32.lib uuid.lib odbc32.lib odbccp32.lib "D:\a\OpenCppCoverage-ARM64\OpenCppCoverage-ARM64\vcpkg_installed\x86-windows\debug\lib\*.lib" /MANIFEST /MANIFESTUAC:"level='asInvoker' uiAccess='false'" /manifest:embed /DEBUG /PDB:"D:\a\OpenCppCoverage-ARM64\OpenCppCoverage-ARM64\Debug\TestCoverageConsole.pdb" /SUBSYSTEM:CONSOLE /TLBID:1 /DYNAMICBASE /NXCOMPAT /IMPLIB:"D:\a\OpenCppCoverage-ARM64\OpenCppCoverage-ARM64\Debug\TestCoverageConsole.lib" /MACHINE:X86 Debug\TestBasic.obj
2026-08-20T10:16:24.5827954Z          Debug\TestCoverageConsole.obj
2026-08-20T10:16:24.5830063Z          Debug\SpecialLineInfo.obj
2026-08-20T10:16:24.5831678Z          Debug\TestDebugInformationEnumerator.obj
2026-08-20T10:16:24.5832654Z          Debug\TestDiff.obj
2026-08-20T10:16:24.5833946Z          Debug\TestThread.obj
2026-08-20T10:16:24.5835142Z          "D:\a\OpenCppCoverage-ARM64\OpenCppCoverage-ARM64\Debug\TestCoverageOptimizedBuild.lib"
2026-08-20T10:16:24.5837309Z          "D:\a\OpenCppCoverage-ARM64\OpenCppCoverage-ARM64\Debug\TestCoverageSharedLib.lib"
2026-08-20T10:16:24.5838477Z          "D:\a\OpenCppCoverage-ARM64\OpenCppCoverage-ARM64\Debug\Tools.lib"
2026-08-20T10:16:24.6591979Z             Creating library D:\a\OpenCppCoverage-ARM64\OpenCppCoverage-ARM64\Debug\TestCoverageConsole.lib and object D:\a\OpenCppCoverage-ARM64\OpenCppCoverage-ARM64\Debug\TestCoverageConsole.exp
2026-08-20T10:16:24.6683431Z     17>ClCompile:
2026-08-20T10:16:24.6685045Z          Generating Code...
2026-08-20T10:16:24.8256376Z      8>Link:
2026-08-20T10:16:24.8268291Z          TestCoverageConsole.vcxproj -> D:\a\OpenCppCoverage-ARM64\OpenCppCoverage-ARM64\Debug\TestCoverageConsole.exe
2026-08-20T10:16:24.8275893Z        AppLocalFromInstalled:
2026-08-20T10:16:24.8279296Z          "C:\Users\runneradmin\AppData\Local\OpenCppCoverage\vcpkg\vcpkg.exe" z-applocal --target-binary="D:\a\OpenCppCoverage-ARM64\OpenCppCoverage-ARM64\Debug\TestCoverageConsole.exe" --installed-bin-dir="D:\a\OpenCppCoverage-ARM64\OpenCppCoverage-ARM64\vcpkg_installed\x86-windows\debug\bin" --tlog-file="Debug\TestCove.0DD16EDF.tlog\TestCoverageConsole.write.1u.tlog" --copied-files-log="Debug\vcpkg.applocal.log"
2026-08-20T10:16:24.8865896Z     17>Link:
2026-08-20T10:16:24.8873363Z          C:\Program Files\Microsoft Visual Studio\2022\Enterprise\VC\Tools\MSVC\14.44.35207\bin\HostX64\x86\link.exe /ERRORREPORT:QUEUE /OUT:"D:\a\OpenCppCoverage-ARM64\OpenCppCoverage-ARM64\Debug\ToolsTest.exe" /INCREMENTAL /ILK:"Debug\ToolsTest.ilk" /NOLOGO /LIBPATH:"D:\a\OpenCppCoverage-ARM64\OpenCppCoverage-ARM64\vcpkg_installed\x86-windows\debug\lib" /LIBPATH:"D:\a\OpenCppCoverage-ARM64\OpenCppCoverage-ARM64\vcpkg_installed\x86-windows\debug\lib\manual-link" gmock.lib gtest.lib bcrypt.lib kernel32.lib user32.lib gdi32.lib winspool.lib comdlg32.lib advapi32.lib shell32.lib ole32.lib oleaut32.lib uuid.lib odbc32.lib odbccp32.lib "D:\a\OpenCppCoverage-ARM64\OpenCppCoverage-ARM64\vcpkg_installed\x86-windows\debug\lib\*.lib" /MANIFEST /MANIFESTUAC:"level='asInvoker' uiAccess='false'" /manifest:embed /DEBUG /PDB:"D:\a\OpenCppCoverage-ARM64\OpenCppCoverage-ARM64\Debug\ToolsTest.pdb" /SUBSYSTEM:CONSOLE /TLBID:1 /DYNAMICBASE /NXCOMPAT /IMPLIB:"D:\a\OpenCppCoverage-ARM64\OpenCppCoverage-ARM64\Debug\ToolsTest.lib" /MACHINE:X86 Debug\MappedFileTest.obj
2026-08-20T10:16:24.8880982Z          Debug\PEFileHeaderTest.obj
2026-08-20T10:16:24.8881527Z          Debug\stdafx.obj
2026-08-20T10:16:24.8881982Z          Debug\ToolsTest.obj
2026-08-20T10:16:24.8882462Z          Debug\ToolTest.obj
2026-08-20T10:16:24.8883172Z          "D:\a\OpenCppCoverage-ARM64\OpenCppCoverage-ARM64\Debug\TestHelper.lib"
2026-08-20T10:16:24.8884235Z          "D:\a\OpenCppCoverage-ARM64\OpenCppCoverage-ARM64\Debug\Tools.lib"
2026-08-20T10:16:24.9064155Z      8>AppLocalFromInstalled:
2026-08-20T10:16:24.9097512Z          D:\a\OpenCppCoverage-ARM64\OpenCppCoverage-ARM64\vcpkg_installed\x86-windows\debug\bin\PocoFoundationd.dll
2026-08-20T10:16:24.9132827Z          D:\a\OpenCppCoverage-ARM64\OpenCppCoverage-ARM64\vcpkg_installed\x86-windows\debug\bin\pcre2-8d.dll
2026-08-20T10:16:24.9205206Z          D:\a\OpenCppCoverage-ARM64\OpenCppCoverage-ARM64\vcpkg_installed\x86-windows\debug\bin\zd.dll
2026-08-20T10:16:24.9210314Z          D:\a\OpenCppCoverage-ARM64\OpenCppCoverage-ARM64\vcpkg_installed\x86-windows\debug\bin\utf8proc.dll
2026-08-20T10:16:24.9220444Z          D:\a\OpenCppCoverage-ARM64\OpenCppCoverage-ARM64\vcpkg_installed\x86-windows\debug\bin\boost_iostreams-vc143-mt-gd-x32-1_91.dll
2026-08-20T10:16:24.9227641Z          D:\a\OpenCppCoverage-ARM64\OpenCppCoverage-ARM64\vcpkg_installed\x86-windows\debug\bin\bz2d.dll
2026-08-20T10:16:24.9230122Z          D:\a\OpenCppCoverage-ARM64\OpenCppCoverage-ARM64\vcpkg_installed\x86-windows\debug\bin\liblzma.dll
2026-08-20T10:16:24.9232415Z          D:\a\OpenCppCoverage-ARM64\OpenCppCoverage-ARM64\vcpkg_installed\x86-windows\debug\bin\zstd.dll
2026-08-20T10:16:24.9234983Z          D:\a\OpenCppCoverage-ARM64\OpenCppCoverage-ARM64\vcpkg_installed\x86-windows\debug\bin\boost_locale-vc143-mt-gd-x32-1_91.dll
2026-08-20T10:16:24.9237461Z          D:\a\OpenCppCoverage-ARM64\OpenCppCoverage-ARM64\vcpkg_installed\x86-windows\debug\bin\boost_log-vc143-mt-gd-x32-1_91.dll
2026-08-20T10:16:24.9240285Z          D:\a\OpenCppCoverage-ARM64\OpenCppCoverage-ARM64\vcpkg_installed\x86-windows\debug\bin\boost_filesystem-vc143-mt-gd-x32-1_91.dll
2026-08-20T10:16:24.9242815Z          D:\a\OpenCppCoverage-ARM64\OpenCppCoverage-ARM64\vcpkg_installed\x86-windows\debug\bin\boost_thread-vc143-mt-gd-x32-1_91.dll
2026-08-20T10:16:25.1374841Z     17>Link:
2026-08-20T10:16:25.1380500Z          ToolsTest.vcxproj -> D:\a\OpenCppCoverage-ARM64\OpenCppCoverage-ARM64\Debug\ToolsTest.exe
2026-08-20T10:16:25.1422066Z        AppLocalFromInstalled:
2026-08-20T10:16:25.1425404Z          "C:\Users\runneradmin\AppData\Local\OpenCppCoverage\vcpkg\vcpkg.exe" z-applocal --target-binary="D:\a\OpenCppCoverage-ARM64\OpenCppCoverage-ARM64\Debug\ToolsTest.exe" --installed-bin-dir="D:\a\OpenCppCoverage-ARM64\OpenCppCoverage-ARM64\vcpkg_installed\x86-windows\debug\bin" --tlog-file="Debug\ToolsTest.tlog\ToolsTest.write.1u.tlog" --copied-files-log="Debug\vcpkg.applocal.log"
2026-08-20T10:16:25.1974877Z          D:\a\OpenCppCoverage-ARM64\OpenCppCoverage-ARM64\vcpkg_installed\x86-windows\debug\bin\gmock.dll
2026-08-20T10:16:25.1976436Z          D:\a\OpenCppCoverage-ARM64\OpenCppCoverage-ARM64\vcpkg_installed\x86-windows\debug\bin\boost_log-vc143-mt-gd-x32-1_91.dll
2026-08-20T10:16:25.1980667Z          D:\a\OpenCppCoverage-ARM64\OpenCppCoverage-ARM64\vcpkg_installed\x86-windows\debug\bin\boost_filesystem-vc143-mt-gd-x32-1_91.dll
2026-08-20T10:16:25.1986521Z          D:\a\OpenCppCoverage-ARM64\OpenCppCoverage-ARM64\vcpkg_installed\x86-windows\debug\bin\boost_thread-vc143-mt-gd-x32-1_91.dll
2026-08-20T10:16:25.1989999Z          D:\a\OpenCppCoverage-ARM64\OpenCppCoverage-ARM64\vcpkg_installed\x86-windows\debug\bin\PocoFoundationd.dll
2026-08-20T10:16:25.1992971Z          D:\a\OpenCppCoverage-ARM64\OpenCppCoverage-ARM64\vcpkg_installed\x86-windows\debug\bin\pcre2-8d.dll
2026-08-20T10:16:25.1994352Z          D:\a\OpenCppCoverage-ARM64\OpenCppCoverage-ARM64\vcpkg_installed\x86-windows\debug\bin\zd.dll
2026-08-20T10:16:25.1996876Z          D:\a\OpenCppCoverage-ARM64\OpenCppCoverage-ARM64\vcpkg_installed\x86-windows\debug\bin\utf8proc.dll
2026-08-20T10:16:25.2000998Z          D:\a\OpenCppCoverage-ARM64\OpenCppCoverage-ARM64\vcpkg_installed\x86-windows\debug\bin\boost_iostreams-vc143-mt-gd-x32-1_91.dll
2026-08-20T10:16:25.2007626Z          D:\a\OpenCppCoverage-ARM64\OpenCppCoverage-ARM64\vcpkg_installed\x86-windows\debug\bin\bz2d.dll
2026-08-20T10:16:25.2010726Z          D:\a\OpenCppCoverage-ARM64\OpenCppCoverage-ARM64\vcpkg_installed\x86-windows\debug\bin\liblzma.dll
2026-08-20T10:16:25.2013763Z          D:\a\OpenCppCoverage-ARM64\OpenCppCoverage-ARM64\vcpkg_installed\x86-windows\debug\bin\zstd.dll
2026-08-20T10:16:25.2018022Z          D:\a\OpenCppCoverage-ARM64\OpenCppCoverage-ARM64\vcpkg_installed\x86-windows\debug\bin\boost_locale-vc143-mt-gd-x32-1_91.dll
2026-08-20T10:16:25.2542713Z        FinalizeBuildStatus:
2026-08-20T10:16:25.2543907Z          Deleting file "Debug\ToolsTest.tlog\unsuccessfulbuild".
2026-08-20T10:16:25.2548338Z          Touching "Debug\ToolsTest.tlog\ToolsTest.lastbuildstate".
2026-08-20T10:16:25.2565532Z     17>Done Building Project "D:\a\OpenCppCoverage-ARM64\OpenCppCoverage-ARM64\ToolsTest\ToolsTest.vcxproj" (default targets).
2026-08-20T10:16:25.2794341Z      8>FinalizeBuildStatus:
2026-08-20T10:16:25.2795017Z          Deleting file "Debug\TestCove.0DD16EDF.tlog\unsuccessfulbuild".
2026-08-20T10:16:25.2800308Z          Touching "Debug\TestCove.0DD16EDF.tlog\TestCoverageConsole.lastbuildstate".
2026-08-20T10:16:25.2817621Z      8>Done Building Project "D:\a\OpenCppCoverage-ARM64\OpenCppCoverage-ARM64\TestCoverageConsole\TestCoverageConsole.vcxproj" (default targets).
2026-08-20T10:16:25.8098106Z     12>ClCompile:
2026-08-20T10:16:25.8098508Z          UnifiedDiffParser.cpp
2026-08-20T10:16:27.9733168Z          UnifiedDiffParserException.cpp
2026-08-20T10:16:28.7269820Z          Generating Code...
2026-08-20T10:16:29.3620280Z        Link:
2026-08-20T10:16:29.3628737Z          C:\Program Files\Microsoft Visual Studio\2022\Enterprise\VC\Tools\MSVC\14.44.35207\bin\HostX64\x86\link.exe /ERRORREPORT:QUEUE /OUT:"D:\a\OpenCppCoverage-ARM64\OpenCppCoverage-ARM64\Debug\FileFilter.dll" /INCREMENTAL /ILK:"Debug\FileFilter.ilk" /NOLOGO /LIBPATH:"D:\a\OpenCppCoverage-ARM64\OpenCppCoverage-ARM64\vcpkg_installed\x86-windows\debug\lib" /LIBPATH:"D:\a\OpenCppCoverage-ARM64\OpenCppCoverage-ARM64\vcpkg_installed\x86-windows\debug\lib\manual-link" bcrypt.lib kernel32.lib user32.lib gdi32.lib winspool.lib comdlg32.lib advapi32.lib shell32.lib ole32.lib oleaut32.lib uuid.lib odbc32.lib odbccp32.lib "D:\a\OpenCppCoverage-ARM64\OpenCppCoverage-ARM64\vcpkg_installed\x86-windows\debug\lib\*.lib" /MANIFEST /MANIFESTUAC:"level='asInvoker' uiAccess='false'" /manifest:embed /DEBUG /PDB:"D:\a\OpenCppCoverage-ARM64\OpenCppCoverage-ARM64\Debug\FileFilter.pdb" /SUBSYSTEM:WINDOWS /TLBID:1 /DYNAMICBASE /NXCOMPAT /IMPLIB:"D:\a\OpenCppCoverage-ARM64\OpenCppCoverage-ARM64\Debug\FileFilter.lib" /MACHINE:X86 /DLL Debug\AmbiguousPathException.obj
2026-08-20T10:16:29.3636485Z          Debug\File.obj
2026-08-20T10:16:29.3636815Z          Debug\PathMatcher.obj
2026-08-20T10:16:29.3637163Z          Debug\ReleaseCoverageFilter.obj
2026-08-20T10:16:29.3637456Z          Debug\RelocationsExtractor.obj
2026-08-20T10:16:29.3637715Z          Debug\stdafx.obj
2026-08-20T10:16:29.3637939Z          Debug\LineFilter.obj
2026-08-20T10:16:29.3638191Z          Debug\UnifiedDiffCoverageFilter.obj
2026-08-20T10:16:29.3638488Z          Debug\UnifiedDiffParser.obj
2026-08-20T10:16:29.3638766Z          Debug\UnifiedDiffParserException.obj
2026-08-20T10:16:29.3639153Z          "D:\a\OpenCppCoverage-ARM64\OpenCppCoverage-ARM64\Debug\Tools.lib"
2026-08-20T10:16:29.4601949Z             Creating library D:\a\OpenCppCoverage-ARM64\OpenCppCoverage-ARM64\Debug\FileFilter.lib and object D:\a\OpenCppCoverage-ARM64\OpenCppCoverage-ARM64\Debug\FileFilter.exp
2026-08-20T10:16:29.5891722Z          FileFilter.vcxproj -> D:\a\OpenCppCoverage-ARM64\OpenCppCoverage-ARM64\Debug\FileFilter.dll
2026-08-20T10:16:29.5944593Z        AppLocalFromInstalled:
2026-08-20T10:16:29.5947822Z          "C:\Users\runneradmin\AppData\Local\OpenCppCoverage\vcpkg\vcpkg.exe" z-applocal --target-binary="D:\a\OpenCppCoverage-ARM64\OpenCppCoverage-ARM64\Debug\FileFilter.dll" --installed-bin-dir="D:\a\OpenCppCoverage-ARM64\OpenCppCoverage-ARM64\vcpkg_installed\x86-windows\debug\bin" --tlog-file="Debug\FileFilter.tlog\FileFilter.write.1u.tlog" --copied-files-log="Debug\vcpkg.applocal.log"
2026-08-20T10:16:29.6370223Z          D:\a\OpenCppCoverage-ARM64\OpenCppCoverage-ARM64\vcpkg_installed\x86-windows\debug\bin\boost_log-vc143-mt-gd-x32-1_91.dll
2026-08-20T10:16:29.6373288Z          D:\a\OpenCppCoverage-ARM64\OpenCppCoverage-ARM64\vcpkg_installed\x86-windows\debug\bin\boost_filesystem-vc143-mt-gd-x32-1_91.dll
2026-08-20T10:16:29.6377013Z          D:\a\OpenCppCoverage-ARM64\OpenCppCoverage-ARM64\vcpkg_installed\x86-windows\debug\bin\boost_thread-vc143-mt-gd-x32-1_91.dll
2026-08-20T10:16:29.6379725Z          D:\a\OpenCppCoverage-ARM64\OpenCppCoverage-ARM64\vcpkg_installed\x86-windows\debug\bin\boost_iostreams-vc143-mt-gd-x32-1_91.dll
2026-08-20T10:16:29.6382253Z          D:\a\OpenCppCoverage-ARM64\OpenCppCoverage-ARM64\vcpkg_installed\x86-windows\debug\bin\zd.dll
2026-08-20T10:16:29.6384175Z          D:\a\OpenCppCoverage-ARM64\OpenCppCoverage-ARM64\vcpkg_installed\x86-windows\debug\bin\bz2d.dll
2026-08-20T10:16:29.6386272Z          D:\a\OpenCppCoverage-ARM64\OpenCppCoverage-ARM64\vcpkg_installed\x86-windows\debug\bin\liblzma.dll
2026-08-20T10:16:29.6389499Z          D:\a\OpenCppCoverage-ARM64\OpenCppCoverage-ARM64\vcpkg_installed\x86-windows\debug\bin\zstd.dll
2026-08-20T10:16:29.6392850Z          D:\a\OpenCppCoverage-ARM64\OpenCppCoverage-ARM64\vcpkg_installed\x86-windows\debug\bin\boost_locale-vc143-mt-gd-x32-1_91.dll
2026-08-20T10:16:29.6932350Z        FinalizeBuildStatus:
2026-08-20T10:16:29.6932872Z          Deleting file "Debug\FileFilter.tlog\unsuccessfulbuild".
2026-08-20T10:16:29.6937830Z          Touching "Debug\FileFilter.tlog\FileFilter.lastbuildstate".
2026-08-20T10:16:29.6954497Z     12>Done Building Project "D:\a\OpenCppCoverage-ARM64\OpenCppCoverage-ARM64\FileFilter\FileFilter.vcxproj" (default targets).
2026-08-20T10:16:29.7208342Z      1>Project "D:\a\OpenCppCoverage-ARM64\OpenCppCoverage-ARM64\CppCoverage.sln" (1) is building "D:\a\OpenCppCoverage-ARM64\OpenCppCoverage-ARM64\FileFilterTest\FileFilterTest.vcxproj" (16) on node 3 (default targets).
2026-08-20T10:16:29.7213029Z     16>PrepareForBuild:
2026-08-20T10:16:29.7213441Z          Creating directory "Debug\".
2026-08-20T10:16:29.7243820Z          Structured output is enabled. The formatting of compiler diagnostics will reflect the error hierarchy. See https://aka.ms/cpp/structured-output for more details.
2026-08-20T10:16:29.7249507Z          Creating directory "Debug\FileFilterTest.tlog\".
2026-08-20T10:16:29.7337543Z        InitializeBuildStatus:
2026-08-20T10:16:29.7339090Z          Creating "Debug\FileFilterTest.tlog\unsuccessfulbuild" because "AlwaysCreate" was specified.
2026-08-20T10:16:29.7340965Z          Touching "Debug\FileFilterTest.tlog\unsuccessfulbuild".
2026-08-20T10:16:29.7711795Z      7>PrepareForBuild:
2026-08-20T10:16:29.7712470Z          Creating directory "Debug\".
2026-08-20T10:16:29.7752282Z          Structured output is enabled. The formatting of compiler diagnostics will reflect the error hierarchy. See https://aka.ms/cpp/structured-output for more details.
2026-08-20T10:16:29.7758280Z          Creating directory "Debug\CppCoverage.tlog\".
2026-08-20T10:16:29.7846743Z        InitializeBuildStatus:
2026-08-20T10:16:29.7847326Z          Creating "Debug\CppCoverage.tlog\unsuccessfulbuild" because "AlwaysCreate" was specified.
2026-08-20T10:16:29.7849929Z          Touching "Debug\CppCoverage.tlog\unsuccessfulbuild".
2026-08-20T10:16:29.8367030Z        VcpkgTripletSelection:
2026-08-20T10:16:29.8369370Z          Using triplet "x86-windows" from "D:\a\OpenCppCoverage-ARM64\OpenCppCoverage-ARM64\vcpkg_installed\x86-windows\"
2026-08-20T10:16:29.8387211Z          Using normalized configuration "Debug"
2026-08-20T10:16:29.8405919Z        VcpkgBootstrap:
2026-08-20T10:16:29.8407862Z        Skipping target "VcpkgBootstrap" because all output files are up-to-date with respect to the input files.
2026-08-20T10:16:29.8418618Z        VcpkgInstallManifestDependencies:
2026-08-20T10:16:29.8420815Z        Skipping target "VcpkgInstallManifestDependencies" because all output files are up-to-date with respect to the input files.
2026-08-20T10:16:29.8534516Z        ClCompile:
2026-08-20T10:16:29.8542250Z          C:\Program Files\Microsoft Visual Studio\2022\Enterprise\VC\Tools\MSVC\14.44.35207\bin\HostX64\x86\CL.exe /c /I"D:\a\OpenCppCoverage-ARM64\OpenCppCoverage-ARM64\\" /I"D:\a\OpenCppCoverage-ARM64\OpenCppCoverage-ARM64\CppCoverage\\" /I"C:\Program Files\Microsoft Visual Studio\2022\Enterprise\DIA SDK\include" /I"D:\a\OpenCppCoverage-ARM64\OpenCppCoverage-ARM64\vcpkg_installed\x86-windows\include" /ZI /JMC /nologo /W3 /WX /diagnostics:column /sdl /Od /Oy- /D WIN32 /D _DEBUG /D _WINDOWS /D _USRDLL /D CPPCOVERAGE_EXPORTS /D BOOST_CONFIG_SUPPRESS_OUTDATED_MESSAGE /D "OPENCPPCOVERAGE_VERSION=\"0.9.9.0\"" /D _CRT_SECURE_NO_WARNINGS /D "PROJECT_DIR=R\"|(D:\a\OpenCppCoverage-ARM64\OpenCppCoverage-ARM64\CppCoverage\)|\"" /D "SOLUTION_DIR=R\"|(D:\a\OpenCppCoverage-ARM64\OpenCppCoverage-ARM64\)|\"" /D "TARGET_FILE_NAME=R\"|(CppCoverage.dll)|\"" /D "OUT_DIR=R\"|(D:\a\OpenCppCoverage-ARM64\OpenCppCoverage-ARM64\Debug\)|\"" /D NOMINMAX /D _WINDLL /D _UNICODE /D UNICODE /Gm- /EHsc /RTC1 /MDd /GS /fp:precise /Zc:wchar_t /Zc:forScope /Zc:inline /std:c++17 /permissive- /Yc"stdafx.h" /Fp"Debug\CppCoverage.pch" /Fo"Debug\\" /Fd"Debug\vc143.pdb" /external:W3 /Gd /TP /analyze- /FC /errorReport:queue stdafx.cpp
2026-08-20T10:16:29.8669558Z     16>VcpkgTripletSelection:
2026-08-20T10:16:29.8682783Z          Using triplet "x86-windows" from "D:\a\OpenCppCoverage-ARM64\OpenCppCoverage-ARM64\vcpkg_installed\x86-windows\"
2026-08-20T10:16:29.8708062Z          Using normalized configuration "Debug"
2026-08-20T10:16:29.8718616Z        VcpkgBootstrap:
2026-08-20T10:16:29.8729902Z        Skipping target "VcpkgBootstrap" because all output files are up-to-date with respect to the input files.
2026-08-20T10:16:29.8732637Z        VcpkgInstallManifestDependencies:
2026-08-20T10:16:29.8735807Z        Skipping target "VcpkgInstallManifestDependencies" because all output files are up-to-date with respect to the input files.
2026-08-20T10:16:29.8991238Z        ClCompile:
2026-08-20T10:16:29.8999619Z          C:\Program Files\Microsoft Visual Studio\2022\Enterprise\VC\Tools\MSVC\14.44.35207\bin\HostX64\x86\CL.exe /c /I"D:\a\OpenCppCoverage-ARM64\OpenCppCoverage-ARM64\\" /I"D:\a\OpenCppCoverage-ARM64\OpenCppCoverage-ARM64\FileFilterTest\\" /I"D:\a\OpenCppCoverage-ARM64\OpenCppCoverage-ARM64\vcpkg_installed\x86-windows\include" /ZI /JMC /nologo /W3 /WX /diagnostics:column /sdl /Od /Oy- /D WIN32 /D _DEBUG /D _CONSOLE /D GTEST_LINKED_AS_SHARED_LIBRARY=1 /D _SILENCE_TR1_NAMESPACE_DEPRECATION_WARNING /D BOOST_CONFIG_SUPPRESS_OUTDATED_MESSAGE /D "OPENCPPCOVERAGE_VERSION=\"0.9.9.0\"" /D _CRT_SECURE_NO_WARNINGS /D "PROJECT_DIR=R\"|(D:\a\OpenCppCoverage-ARM64\OpenCppCoverage-ARM64\FileFilterTest\)|\"" /D "SOLUTION_DIR=R\"|(D:\a\OpenCppCoverage-ARM64\OpenCppCoverage-ARM64\)|\"" /D "TARGET_FILE_NAME=R\"|(FileFilterTest.exe)|\"" /D "OUT_DIR=R\"|(D:\a\OpenCppCoverage-ARM64\OpenCppCoverage-ARM64\Debug\)|\"" /D NOMINMAX /D _UNICODE /D UNICODE /Gm- /EHsc /RTC1 /MDd /GS /fp:precise /Zc:wchar_t /Zc:forScope /Zc:inline /std:c++17 /permissive- /Yc"stdafx.h" /Fp"Debug\FileFilterTest.pch" /Fo"Debug\\" /Fd"Debug\vc143.pdb" /external:W3 /Gd /TP /wd4251 /wd4275 /analyze- /FC /errorReport:queue stdafx.cpp
2026-08-20T10:16:29.9009713Z      7>ClCompile:
2026-08-20T10:16:29.9010068Z          stdafx.cpp
2026-08-20T10:16:29.9351875Z     16>ClCompile:
2026-08-20T10:16:29.9352566Z          stdafx.cpp
2026-08-20T10:16:30.6661788Z      7>ClCompile:
2026-08-20T10:16:30.6671979Z          C:\Program Files\Microsoft Visual Studio\2022\Enterprise\VC\Tools\MSVC\14.44.35207\bin\HostX64\x86\CL.exe /c /I"D:\a\OpenCppCoverage-ARM64\OpenCppCoverage-ARM64\\" /I"D:\a\OpenCppCoverage-ARM64\OpenCppCoverage-ARM64\CppCoverage\\" /I"C:\Program Files\Microsoft Visual Studio\2022\Enterprise\DIA SDK\include" /I"D:\a\OpenCppCoverage-ARM64\OpenCppCoverage-ARM64\vcpkg_installed\x86-windows\include" /ZI /JMC /nologo /W3 /WX /diagnostics:column /sdl /Od /Oy- /D WIN32 /D _DEBUG /D _WINDOWS /D _USRDLL /D CPPCOVERAGE_EXPORTS /D BOOST_CONFIG_SUPPRESS_OUTDATED_MESSAGE /D "OPENCPPCOVERAGE_VERSION=\"0.9.9.0\"" /D _CRT_SECURE_NO_WARNINGS /D "PROJECT_DIR=R\"|(D:\a\OpenCppCoverage-ARM64\OpenCppCoverage-ARM64\CppCoverage\)|\"" /D "SOLUTION_DIR=R\"|(D:\a\OpenCppCoverage-ARM64\OpenCppCoverage-ARM64\)|\"" /D "TARGET_FILE_NAME=R\"|(CppCoverage.dll)|\"" /D "OUT_DIR=R\"|(D:\a\OpenCppCoverage-ARM64\OpenCppCoverage-ARM64\Debug\)|\"" /D NOMINMAX /D _WINDLL /D _UNICODE /D UNICODE /Gm- /EHsc /RTC1 /MDd /GS /fp:precise /Zc:wchar_t /Zc:forScope /Zc:inline /std:c++17 /permissive- /Yu"stdafx.h" /Fp"Debug\CppCoverage.pch" /Fo"Debug\\" /Fd"Debug\vc143.pdb" /external:W3 /Gd /TP /analyze- /FC /errorReport:queue Address.cpp BreakPoint.cpp CodeCoverageRunner.cpp CoverageDataMerger.cpp CoverageFilterManager.cpp DebugInformationEnumerator.cpp ExportOptionParser.cpp FileSystem.cpp FilterAssistant.cpp MonitoredLineRegister.cpp RunCoverageSettings.cpp UnifiedDiffCoverageFilterManager.cpp UnifiedDiffSettings.cpp WildcardCoverageFilter.cpp CoverageRate.cpp CoverageRateComputer.cpp CoverageFilterSettings.cpp CppCoverageException.cpp Debugger.cpp ExceptionHandler.cpp ExecutedAddressManager.cpp HandleInformation.cpp IDebugEventsHandler.cpp Options.cpp OptionsExport.cpp OptionsParser.cpp Patterns.cpp Process.cpp ProgramOptions.cpp StartInfo.cpp Wildcards.cpp
2026-08-20T10:16:30.7013494Z          Address.cpp
2026-08-20T10:16:31.0566815Z          BreakPoint.cpp
2026-08-20T10:16:31.9967963Z     16>ClCompile:
2026-08-20T10:16:31.9976974Z          C:\Program Files\Microsoft Visual Studio\2022\Enterprise\VC\Tools\MSVC\14.44.35207\bin\HostX64\x86\CL.exe /c /I"D:\a\OpenCppCoverage-ARM64\OpenCppCoverage-ARM64\\" /I"D:\a\OpenCppCoverage-ARM64\OpenCppCoverage-ARM64\FileFilterTest\\" /I"D:\a\OpenCppCoverage-ARM64\OpenCppCoverage-ARM64\vcpkg_installed\x86-windows\include" /ZI /JMC /nologo /W3 /WX /diagnostics:column /sdl /Od /Oy- /D WIN32 /D _DEBUG /D _CONSOLE /D GTEST_LINKED_AS_SHARED_LIBRARY=1 /D _SILENCE_TR1_NAMESPACE_DEPRECATION_WARNING /D BOOST_CONFIG_SUPPRESS_OUTDATED_MESSAGE /D "OPENCPPCOVERAGE_VERSION=\"0.9.9.0\"" /D _CRT_SECURE_NO_WARNINGS /D "PROJECT_DIR=R\"|(D:\a\OpenCppCoverage-ARM64\OpenCppCoverage-ARM64\FileFilterTest\)|\"" /D "SOLUTION_DIR=R\"|(D:\a\OpenCppCoverage-ARM64\OpenCppCoverage-ARM64\)|\"" /D "TARGET_FILE_NAME=R\"|(FileFilterTest.exe)|\"" /D "OUT_DIR=R\"|(D:\a\OpenCppCoverage-ARM64\OpenCppCoverage-ARM64\Debug\)|\"" /D NOMINMAX /D _UNICODE /D UNICODE /Gm- /EHsc /RTC1 /MDd /GS /fp:precise /Zc:wchar_t /Zc:forScope /Zc:inline /std:c++17 /permissive- /Yu"stdafx.h" /Fp"Debug\FileFilterTest.pch" /Fo"Debug\\" /Fd"Debug\vc143.pdb" /external:W3 /Gd /TP /wd4251 /wd4275 /analyze- /FC /errorReport:queue FileFilterTest.cpp LineFilterTest.cpp PathMatcherTest.cpp RelocationsExtractorTest.cpp Tools.cpp UnifiedDiffCoverageFilterTest.cpp UnifiedDiffParserTest.cpp
2026-08-20T10:16:32.0337762Z          FileFilterTest.cpp
2026-08-20T10:16:32.0594411Z          LineFilterTest.cpp
2026-08-20T10:16:32.5091016Z          PathMatcherTest.cpp
2026-08-20T10:16:32.7220683Z      7>ClCompile:
2026-08-20T10:16:32.7221121Z          CodeCoverageRunner.cpp
2026-08-20T10:16:32.9848874Z     16>ClCompile:
2026-08-20T10:16:32.9849608Z          RelocationsExtractorTest.cpp
2026-08-20T10:16:34.6239669Z      7>ClCompile:
2026-08-20T10:16:34.6240071Z          CoverageDataMerger.cpp
2026-08-20T10:16:34.6935869Z     16>ClCompile:
2026-08-20T10:16:34.6936614Z          Tools.cpp
2026-08-20T10:16:35.0809830Z          UnifiedDiffCoverageFilterTest.cpp
2026-08-20T10:16:35.5364566Z          UnifiedDiffParserTest.cpp
2026-08-20T10:16:35.7512517Z      7>ClCompile:
2026-08-20T10:16:35.7513115Z          CoverageFilterManager.cpp
2026-08-20T10:16:36.0618749Z     16>ClCompile:
2026-08-20T10:16:36.0619183Z          Generating Code...
2026-08-20T10:16:36.5554776Z        Link:
2026-08-20T10:16:36.5563147Z          C:\Program Files\Microsoft Visual Studio\2022\Enterprise\VC\Tools\MSVC\14.44.35207\bin\HostX64\x86\link.exe /ERRORREPORT:QUEUE /OUT:"D:\a\OpenCppCoverage-ARM64\OpenCppCoverage-ARM64\Debug\FileFilterTest.exe" /INCREMENTAL /ILK:"Debug\FileFilterTest.ilk" /NOLOGO /LIBPATH:"D:\a\OpenCppCoverage-ARM64\OpenCppCoverage-ARM64\vcpkg_installed\x86-windows\debug\lib" /LIBPATH:"D:\a\OpenCppCoverage-ARM64\OpenCppCoverage-ARM64\vcpkg_installed\x86-windows\debug\lib\manual-link" gmock.lib gtest.lib bcrypt.lib kernel32.lib user32.lib gdi32.lib winspool.lib comdlg32.lib advapi32.lib shell32.lib ole32.lib oleaut32.lib uuid.lib odbc32.lib odbccp32.lib "D:\a\OpenCppCoverage-ARM64\OpenCppCoverage-ARM64\vcpkg_installed\x86-windows\debug\lib\*.lib" /MANIFEST /MANIFESTUAC:"level='asInvoker' uiAccess='false'" /manifest:embed /DEBUG /PDB:"D:\a\OpenCppCoverage-ARM64\OpenCppCoverage-ARM64\Debug\FileFilterTest.pdb" /SUBSYSTEM:CONSOLE /TLBID:1 /DYNAMICBASE /NXCOMPAT /IMPLIB:"D:\a\OpenCppCoverage-ARM64\OpenCppCoverage-ARM64\Debug\FileFilterTest.lib" /MACHINE:X86 Debug\FileFilterTest.obj
2026-08-20T10:16:36.5571131Z          Debug\LineFilterTest.obj
2026-08-20T10:16:36.5571586Z          Debug\PathMatcherTest.obj
2026-08-20T10:16:36.5572061Z          Debug\RelocationsExtractorTest.obj
2026-08-20T10:16:36.5572537Z          Debug\stdafx.obj
2026-08-20T10:16:36.5572911Z          Debug\Tools.obj
2026-08-20T10:16:36.5573352Z          Debug\UnifiedDiffCoverageFilterTest.obj
2026-08-20T10:16:36.5573887Z          Debug\UnifiedDiffParserTest.obj
2026-08-20T10:16:36.5574579Z          "D:\a\OpenCppCoverage-ARM64\OpenCppCoverage-ARM64\Debug\FileFilter.lib"
2026-08-20T10:16:36.5575596Z          "D:\a\OpenCppCoverage-ARM64\OpenCppCoverage-ARM64\Debug\TestCoverageOptimizedBuild.lib"
2026-08-20T10:16:36.5576595Z          "D:\a\OpenCppCoverage-ARM64\OpenCppCoverage-ARM64\Debug\TestHelper.lib"
2026-08-20T10:16:36.5577512Z          "D:\a\OpenCppCoverage-ARM64\OpenCppCoverage-ARM64\Debug\Tools.lib"
2026-08-20T10:16:36.7973591Z          FileFilterTest.vcxproj -> D:\a\OpenCppCoverage-ARM64\OpenCppCoverage-ARM64\Debug\FileFilterTest.exe
2026-08-20T10:16:36.8034349Z        AppLocalFromInstalled:
2026-08-20T10:16:36.8038053Z          "C:\Users\runneradmin\AppData\Local\OpenCppCoverage\vcpkg\vcpkg.exe" z-applocal --target-binary="D:\a\OpenCppCoverage-ARM64\OpenCppCoverage-ARM64\Debug\FileFilterTest.exe" --installed-bin-dir="D:\a\OpenCppCoverage-ARM64\OpenCppCoverage-ARM64\vcpkg_installed\x86-windows\debug\bin" --tlog-file="Debug\FileFilterTest.tlog\FileFilterTest.write.1u.tlog" --copied-files-log="Debug\vcpkg.applocal.log"
2026-08-20T10:16:36.9067207Z          D:\a\OpenCppCoverage-ARM64\OpenCppCoverage-ARM64\vcpkg_installed\x86-windows\debug\bin\gmock.dll
2026-08-20T10:16:36.9071132Z          D:\a\OpenCppCoverage-ARM64\OpenCppCoverage-ARM64\vcpkg_installed\x86-windows\debug\bin\boost_log-vc143-mt-gd-x32-1_91.dll
2026-08-20T10:16:36.9074535Z          D:\a\OpenCppCoverage-ARM64\OpenCppCoverage-ARM64\vcpkg_installed\x86-windows\debug\bin\boost_filesystem-vc143-mt-gd-x32-1_91.dll
2026-08-20T10:16:36.9077406Z          D:\a\OpenCppCoverage-ARM64\OpenCppCoverage-ARM64\vcpkg_installed\x86-windows\debug\bin\boost_thread-vc143-mt-gd-x32-1_91.dll
2026-08-20T10:16:36.9080047Z          D:\a\OpenCppCoverage-ARM64\OpenCppCoverage-ARM64\vcpkg_installed\x86-windows\debug\bin\boost_iostreams-vc143-mt-gd-x32-1_91.dll
2026-08-20T10:16:36.9083386Z          D:\a\OpenCppCoverage-ARM64\OpenCppCoverage-ARM64\vcpkg_installed\x86-windows\debug\bin\zd.dll
2026-08-20T10:16:36.9084748Z          D:\a\OpenCppCoverage-ARM64\OpenCppCoverage-ARM64\vcpkg_installed\x86-windows\debug\bin\bz2d.dll
2026-08-20T10:16:36.9086126Z          D:\a\OpenCppCoverage-ARM64\OpenCppCoverage-ARM64\vcpkg_installed\x86-windows\debug\bin\liblzma.dll
2026-08-20T10:16:36.9087448Z          D:\a\OpenCppCoverage-ARM64\OpenCppCoverage-ARM64\vcpkg_installed\x86-windows\debug\bin\zstd.dll
2026-08-20T10:16:36.9089331Z          D:\a\OpenCppCoverage-ARM64\OpenCppCoverage-ARM64\vcpkg_installed\x86-windows\debug\bin\boost_locale-vc143-mt-gd-x32-1_91.dll
2026-08-20T10:16:36.9090921Z          D:\a\OpenCppCoverage-ARM64\OpenCppCoverage-ARM64\vcpkg_installed\x86-windows\debug\bin\PocoFoundationd.dll
2026-08-20T10:16:36.9092811Z          D:\a\OpenCppCoverage-ARM64\OpenCppCoverage-ARM64\vcpkg_installed\x86-windows\debug\bin\pcre2-8d.dll
2026-08-20T10:16:36.9094867Z          D:\a\OpenCppCoverage-ARM64\OpenCppCoverage-ARM64\vcpkg_installed\x86-windows\debug\bin\utf8proc.dll
2026-08-20T10:16:36.9754147Z        FinalizeBuildStatus:
2026-08-20T10:16:36.9754817Z          Deleting file "Debug\FileFilterTest.tlog\unsuccessfulbuild".
2026-08-20T10:16:36.9760590Z          Touching "Debug\FileFilterTest.tlog\FileFilterTest.lastbuildstate".
2026-08-20T10:16:36.9782067Z     16>Done Building Project "D:\a\OpenCppCoverage-ARM64\OpenCppCoverage-ARM64\FileFilterTest\FileFilterTest.vcxproj" (default targets).
2026-08-20T10:16:37.5297099Z      7>ClCompile:
2026-08-20T10:16:37.5298128Z          DebugInformationEnumerator.cpp
2026-08-20T10:16:40.1582798Z          ExportOptionParser.cpp
2026-08-20T10:16:41.4063300Z          FileSystem.cpp
2026-08-20T10:16:42.1766465Z          FilterAssistant.cpp
2026-08-20T10:16:43.2683705Z          MonitoredLineRegister.cpp
2026-08-20T10:16:44.8381185Z          RunCoverageSettings.cpp
2026-08-20T10:16:45.6515488Z          UnifiedDiffCoverageFilterManager.cpp
2026-08-20T10:16:47.4107540Z          UnifiedDiffSettings.cpp
2026-08-20T10:16:48.1661542Z          WildcardCoverageFilter.cpp
2026-08-20T10:16:49.9728095Z          CoverageRate.cpp
2026-08-20T10:16:49.9817469Z          CoverageRateComputer.cpp
2026-08-20T10:16:50.8717352Z          CoverageFilterSettings.cpp
2026-08-20T10:16:52.1907091Z          CppCoverageException.cpp
2026-08-20T10:16:52.9480532Z          Debugger.cpp
2026-08-20T10:16:54.4543411Z          ExceptionHandler.cpp
2026-08-20T10:16:55.6445470Z          Generating Code...
2026-08-20T10:16:56.5430748Z          Compiling...
2026-08-20T10:16:56.5432746Z          ExecutedAddressManager.cpp
2026-08-20T10:16:58.3145972Z          HandleInformation.cpp
2026-08-20T10:17:00.1921493Z          IDebugEventsHandler.cpp
2026-08-20T10:17:00.2018197Z          Options.cpp
2026-08-20T10:17:01.0994774Z          OptionsExport.cpp
2026-08-20T10:17:01.4408199Z          OptionsParser.cpp
2026-08-20T10:17:03.6330700Z          Patterns.cpp
2026-08-20T10:17:03.9540369Z          Process.cpp
2026-08-20T10:17:05.3760084Z          ProgramOptions.cpp
2026-08-20T10:17:06.5388621Z          StartInfo.cpp
2026-08-20T10:17:07.3394859Z          Wildcards.cpp
2026-08-20T10:17:08.8546756Z          Generating Code...
2026-08-20T10:17:09.6992108Z        Link:
2026-08-20T10:17:09.6999639Z          C:\Program Files\Microsoft Visual Studio\2022\Enterprise\VC\Tools\MSVC\14.44.35207\bin\HostX64\x86\link.exe /ERRORREPORT:QUEUE /OUT:"D:\a\OpenCppCoverage-ARM64\OpenCppCoverage-ARM64\Debug\CppCoverage.dll" /INCREMENTAL /ILK:"Debug\CppCoverage.ilk" /NOLOGO /LIBPATH:"D:\a\OpenCppCoverage-ARM64\OpenCppCoverage-ARM64\vcpkg_installed\x86-windows\debug\lib" /LIBPATH:"D:\a\OpenCppCoverage-ARM64\OpenCppCoverage-ARM64\vcpkg_installed\x86-windows\debug\lib\manual-link" Dbghelp.lib bcrypt.lib "C:\Program Files\Microsoft Visual Studio\2022\Enterprise\DIA SDK\lib\diaguids.lib" kernel32.lib user32.lib gdi32.lib winspool.lib comdlg32.lib advapi32.lib shell32.lib ole32.lib oleaut32.lib uuid.lib odbc32.lib odbccp32.lib "D:\a\OpenCppCoverage-ARM64\OpenCppCoverage-ARM64\vcpkg_installed\x86-windows\debug\lib\*.lib" /MANIFEST /MANIFESTUAC:"level='asInvoker' uiAccess='false'" /manifest:embed /DEBUG /PDB:"D:\a\OpenCppCoverage-ARM64\OpenCppCoverage-ARM64\Debug\CppCoverage.pdb" /SUBSYSTEM:WINDOWS /TLBID:1 /DYNAMICBASE /NXCOMPAT /IMPLIB:"D:\a\OpenCppCoverage-ARM64\OpenCppCoverage-ARM64\Debug\CppCoverage.lib" /MACHINE:X86 /DLL Debug\Address.obj
2026-08-20T10:17:09.7005986Z          Debug\BreakPoint.obj
2026-08-20T10:17:09.7006294Z          Debug\CodeCoverageRunner.obj
2026-08-20T10:17:09.7006554Z          Debug\CoverageDataMerger.obj
2026-08-20T10:17:09.7006814Z          Debug\CoverageFilterManager.obj
2026-08-20T10:17:09.7007102Z          Debug\DebugInformationEnumerator.obj
2026-08-20T10:17:09.7007391Z          Debug\ExportOptionParser.obj
2026-08-20T10:17:09.7007641Z          Debug\FileSystem.obj
2026-08-20T10:17:09.7007870Z          Debug\FilterAssistant.obj
2026-08-20T10:17:09.7008133Z          Debug\MonitoredLineRegister.obj
2026-08-20T10:17:09.7008405Z          Debug\RunCoverageSettings.obj
2026-08-20T10:17:09.7008695Z          Debug\UnifiedDiffCoverageFilterManager.obj
2026-08-20T10:17:09.7008998Z          Debug\UnifiedDiffSettings.obj
2026-08-20T10:17:09.7009635Z          Debug\WildcardCoverageFilter.obj
2026-08-20T10:17:09.7009903Z          Debug\CoverageRate.obj
2026-08-20T10:17:09.7010141Z          Debug\CoverageRateComputer.obj
2026-08-20T10:17:09.7010410Z          Debug\CoverageFilterSettings.obj
2026-08-20T10:17:09.7010671Z          Debug\CppCoverageException.obj
2026-08-20T10:17:09.7010923Z          Debug\Debugger.obj
2026-08-20T10:17:09.7011144Z          Debug\ExceptionHandler.obj
2026-08-20T10:17:09.7011394Z          Debug\ExecutedAddressManager.obj
2026-08-20T10:17:09.7011658Z          Debug\HandleInformation.obj
2026-08-20T10:17:09.7011916Z          Debug\IDebugEventsHandler.obj
2026-08-20T10:17:09.7012154Z          Debug\Options.obj
2026-08-20T10:17:09.7012369Z          Debug\OptionsExport.obj
2026-08-20T10:17:09.7012602Z          Debug\OptionsParser.obj
2026-08-20T10:17:09.7012833Z          Debug\Patterns.obj
2026-08-20T10:17:09.7013042Z          Debug\Process.obj
2026-08-20T10:17:09.7013265Z          Debug\ProgramOptions.obj
2026-08-20T10:17:09.7013504Z          Debug\StartInfo.obj
2026-08-20T10:17:09.7013719Z          Debug\stdafx.obj
2026-08-20T10:17:09.7013929Z          Debug\Wildcards.obj
2026-08-20T10:17:09.7014270Z          "D:\a\OpenCppCoverage-ARM64\OpenCppCoverage-ARM64\Debug\FileFilter.lib"
2026-08-20T10:17:09.7014751Z          "D:\a\OpenCppCoverage-ARM64\OpenCppCoverage-ARM64\Debug\Plugin.lib"
2026-08-20T10:17:09.7015209Z          "D:\a\OpenCppCoverage-ARM64\OpenCppCoverage-ARM64\Debug\Tools.lib"
2026-08-20T10:17:09.9417972Z             Creating library D:\a\OpenCppCoverage-ARM64\OpenCppCoverage-ARM64\Debug\CppCoverage.lib and object D:\a\OpenCppCoverage-ARM64\OpenCppCoverage-ARM64\Debug\CppCoverage.exp
2026-08-20T10:17:10.1442544Z          CppCoverage.vcxproj -> D:\a\OpenCppCoverage-ARM64\OpenCppCoverage-ARM64\Debug\CppCoverage.dll
2026-08-20T10:17:10.1504267Z        AppLocalFromInstalled:
2026-08-20T10:17:10.1507664Z          "C:\Users\runneradmin\AppData\Local\OpenCppCoverage\vcpkg\vcpkg.exe" z-applocal --target-binary="D:\a\OpenCppCoverage-ARM64\OpenCppCoverage-ARM64\Debug\CppCoverage.dll" --installed-bin-dir="D:\a\OpenCppCoverage-ARM64\OpenCppCoverage-ARM64\vcpkg_installed\x86-windows\debug\bin" --tlog-file="Debug\CppCoverage.tlog\CppCoverage.write.1u.tlog" --copied-files-log="Debug\vcpkg.applocal.log"
2026-08-20T10:17:10.1881231Z          D:\a\OpenCppCoverage-ARM64\OpenCppCoverage-ARM64\vcpkg_installed\x86-windows\debug\bin\boost_program_options-vc143-mt-gd-x32-1_91.dll -> D:\a\OpenCppCoverage-ARM64\OpenCppCoverage-ARM64\Debug\boost_program_options-vc143-mt-gd-x32-1_91.dll done
2026-08-20T10:17:10.1948709Z          D:\a\OpenCppCoverage-ARM64\OpenCppCoverage-ARM64\vcpkg_installed\x86-windows\debug\bin\boost_log-vc143-mt-gd-x32-1_91.dll
2026-08-20T10:17:10.1957013Z          D:\a\OpenCppCoverage-ARM64\OpenCppCoverage-ARM64\vcpkg_installed\x86-windows\debug\bin\boost_filesystem-vc143-mt-gd-x32-1_91.dll
2026-08-20T10:17:10.1964036Z          D:\a\OpenCppCoverage-ARM64\OpenCppCoverage-ARM64\vcpkg_installed\x86-windows\debug\bin\boost_thread-vc143-mt-gd-x32-1_91.dll
2026-08-20T10:17:10.1969848Z          D:\a\OpenCppCoverage-ARM64\OpenCppCoverage-ARM64\vcpkg_installed\x86-windows\debug\bin\boost_program_options-vc143-mt-gd-x32-1_91.dll
2026-08-20T10:17:10.1975425Z          D:\a\OpenCppCoverage-ARM64\OpenCppCoverage-ARM64\vcpkg_installed\x86-windows\debug\bin\boost_iostreams-vc143-mt-gd-x32-1_91.dll
2026-08-20T10:17:10.1979728Z          D:\a\OpenCppCoverage-ARM64\OpenCppCoverage-ARM64\vcpkg_installed\x86-windows\debug\bin\zd.dll
2026-08-20T10:17:10.1983744Z          D:\a\OpenCppCoverage-ARM64\OpenCppCoverage-ARM64\vcpkg_installed\x86-windows\debug\bin\bz2d.dll
2026-08-20T10:17:10.1987375Z          D:\a\OpenCppCoverage-ARM64\OpenCppCoverage-ARM64\vcpkg_installed\x86-windows\debug\bin\liblzma.dll
2026-08-20T10:17:10.1991748Z          D:\a\OpenCppCoverage-ARM64\OpenCppCoverage-ARM64\vcpkg_installed\x86-windows\debug\bin\zstd.dll
2026-08-20T10:17:10.1999157Z          D:\a\OpenCppCoverage-ARM64\OpenCppCoverage-ARM64\vcpkg_installed\x86-windows\debug\bin\boost_locale-vc143-mt-gd-x32-1_91.dll
2026-08-20T10:17:10.2411006Z        PostBuildEvent:
2026-08-20T10:17:10.2412055Z          xcopy /y "C:\Program Files\Microsoft Visual Studio\2022\Enterprise\DIA SDK\bin\msdia140.dll" "D:\a\OpenCppCoverage-ARM64\OpenCppCoverage-ARM64\Debug\"
2026-08-20T10:17:10.2412715Z          :VCEnd
2026-08-20T10:17:10.3000424Z          C:\Program Files\Microsoft Visual Studio\2022\Enterprise\DIA SDK\bin\msdia140.dll
2026-08-20T10:17:10.3194771Z          1 File(s) copied
2026-08-20T10:17:10.3352535Z        FinalizeBuildStatus:
2026-08-20T10:17:10.3353062Z          Deleting file "Debug\CppCoverage.tlog\unsuccessfulbuild".
2026-08-20T10:17:10.3357921Z          Touching "Debug\CppCoverage.tlog\CppCoverage.lastbuildstate".
2026-08-20T10:17:10.3376337Z      7>Done Building Project "D:\a\OpenCppCoverage-ARM64\OpenCppCoverage-ARM64\CppCoverage\CppCoverage.vcxproj" (default targets).
2026-08-20T10:17:10.3469641Z      5>PrepareForBuild:
2026-08-20T10:17:10.3470827Z          Creating directory "Debug\".
2026-08-20T10:17:10.3503987Z          Structured output is enabled. The formatting of compiler diagnostics will reflect the error hierarchy. See https://aka.ms/cpp/structured-output for more details.
2026-08-20T10:17:10.3512861Z          Creating directory "Debug\Exporter.tlog\".
2026-08-20T10:17:10.3524362Z        InitializeBuildStatus:
2026-08-20T10:17:10.3525365Z          Creating "Debug\Exporter.tlog\unsuccessfulbuild" because "AlwaysCreate" was specified.
2026-08-20T10:17:10.3528730Z          Touching "Debug\Exporter.tlog\unsuccessfulbuild".
2026-08-20T10:17:10.3539485Z        PreBuildEvent:
2026-08-20T10:17:10.3545714Z          "D:\a\OpenCppCoverage-ARM64\OpenCppCoverage-ARM64\vcpkg_installed\x86-windows\tools\protobuf\protoc.exe" -I="D:\a\OpenCppCoverage-ARM64\OpenCppCoverage-ARM64\Exporter\Binary" --cpp_out="D:\a\OpenCppCoverage-ARM64\OpenCppCoverage-ARM64\Exporter\Binary" "D:\a\OpenCppCoverage-ARM64\OpenCppCoverage-ARM64\Exporter\Binary\CoverageData.proto"
2026-08-20T10:17:10.3554060Z          :VCEnd
2026-08-20T10:17:10.4583883Z      2>Project "D:\a\OpenCppCoverage-ARM64\OpenCppCoverage-ARM64\CppCoverageTest\CppCoverageTest.vcxproj.metaproj" (2) is building "D:\a\OpenCppCoverage-ARM64\OpenCppCoverage-ARM64\CppCoverageTest\CppCoverageTest.vcxproj" (20) on node 2 (default targets).
2026-08-20T10:17:10.4619338Z     20>PrepareForBuild:
2026-08-20T10:17:10.4637082Z          Creating directory "Debug\".
2026-08-20T10:17:10.4651989Z          Structured output is enabled. The formatting of compiler diagnostics will reflect the error hierarchy. See https://aka.ms/cpp/structured-output for more details.
2026-08-20T10:17:10.4660327Z          Creating directory "Debug\CppCoverageTest.tlog\".
2026-08-20T10:17:10.4675225Z        InitializeBuildStatus:
2026-08-20T10:17:10.4677806Z          Creating "Debug\CppCoverageTest.tlog\unsuccessfulbuild" because "AlwaysCreate" was specified.
2026-08-20T10:17:10.4680438Z          Touching "Debug\CppCoverageTest.tlog\unsuccessfulbuild".
2026-08-20T10:17:10.5065174Z      5>VcpkgTripletSelection:
2026-08-20T10:17:10.5069215Z          Using triplet "x86-windows" from "D:\a\OpenCppCoverage-ARM64\OpenCppCoverage-ARM64\vcpkg_installed\x86-windows\"
2026-08-20T10:17:10.5070856Z          Using normalized configuration "Debug"
2026-08-20T10:17:10.5072137Z        VcpkgBootstrap:
2026-08-20T10:17:10.5073509Z        Skipping target "VcpkgBootstrap" because all output files are up-to-date with respect to the input files.
2026-08-20T10:17:10.5075072Z        VcpkgInstallManifestDependencies:
2026-08-20T10:17:10.5076630Z        Skipping target "VcpkgInstallManifestDependencies" because all output files are up-to-date with respect to the input files.
2026-08-20T10:17:10.5163292Z        ClCompile:
2026-08-20T10:17:10.5187310Z          C:\Program Files\Microsoft Visual Studio\2022\Enterprise\VC\Tools\MSVC\14.44.35207\bin\HostX64\x86\CL.exe /c /I"D:\a\OpenCppCoverage-ARM64\OpenCppCoverage-ARM64\\" /I"D:\a\OpenCppCoverage-ARM64\OpenCppCoverage-ARM64\Exporter\\" /I"D:\a\OpenCppCoverage-ARM64\OpenCppCoverage-ARM64\vcpkg_installed\x86-windows\include" /ZI /JMC /nologo /W3 /WX /diagnostics:column /sdl /Od /Oy- /D EXPORTER_EXPORTS /D _SILENCE_CXX17_ITERATOR_BASE_CLASS_DEPRECATION_WARNING /D BOOST_CONFIG_SUPPRESS_OUTDATED_MESSAGE /D "OPENCPPCOVERAGE_VERSION=\"0.9.9.0\"" /D _CRT_SECURE_NO_WARNINGS /D "PROJECT_DIR=R\"|(D:\a\OpenCppCoverage-ARM64\OpenCppCoverage-ARM64\Exporter\)|\"" /D "SOLUTION_DIR=R\"|(D:\a\OpenCppCoverage-ARM64\OpenCppCoverage-ARM64\)|\"" /D "TARGET_FILE_NAME=R\"|(Exporter.dll)|\"" /D "OUT_DIR=R\"|(D:\a\OpenCppCoverage-ARM64\OpenCppCoverage-ARM64\Debug\)|\"" /D NOMINMAX /D _WINDLL /D _UNICODE /D UNICODE /Gm- /EHsc /RTC1 /MDd /GS /fp:precise /Zc:wchar_t /Zc:forScope /Zc:inline /std:c++17 /permissive- /Yc"stdafx.h" /Fp"Debug\Exporter.pch" /Fo"Debug\\" /Fd"Debug\vc143.pdb" /external:W0 /Gd /TP /wd4251 /analyze- /FC /errorReport:queue /external:I"D:\a\OpenCppCoverage-ARM64\OpenCppCoverage-ARM64\vcpkg_installed\x86-windows\include" stdafx.cpp
2026-08-20T10:17:10.5358225Z     20>VcpkgTripletSelection:
2026-08-20T10:17:10.5370416Z          Using triplet "x86-windows" from "D:\a\OpenCppCoverage-ARM64\OpenCppCoverage-ARM64\vcpkg_installed\x86-windows\"
2026-08-20T10:17:10.5376997Z          Using normalized configuration "Debug"
2026-08-20T10:17:10.5378766Z        VcpkgBootstrap:
2026-08-20T10:17:10.5381163Z        Skipping target "VcpkgBootstrap" because all output files are up-to-date with respect to the input files.
2026-08-20T10:17:10.5387904Z        VcpkgInstallManifestDependencies:
2026-08-20T10:17:10.5390102Z        Skipping target "VcpkgInstallManifestDependencies" because all output files are up-to-date with respect to the input files.
2026-08-20T10:17:10.5495850Z        ClCompile:
2026-08-20T10:17:10.5505450Z          C:\Program Files\Microsoft Visual Studio\2022\Enterprise\VC\Tools\MSVC\14.44.35207\bin\HostX64\x86\CL.exe /c /I"D:\a\OpenCppCoverage-ARM64\OpenCppCoverage-ARM64\\" /I"D:\a\OpenCppCoverage-ARM64\OpenCppCoverage-ARM64\CppCoverageTest\\" /I"D:\a\OpenCppCoverage-ARM64\OpenCppCoverage-ARM64\vcpkg_installed\x86-windows\include" /ZI /JMC /nologo /W3 /WX /diagnostics:column /sdl /Od /Oy- /D WIN32 /D _DEBUG /D _CONSOLE /D _LIB /D GTEST_LINKED_AS_SHARED_LIBRARY=1 /D _SILENCE_TR1_NAMESPACE_DEPRECATION_WARNING /D BOOST_CONFIG_SUPPRESS_OUTDATED_MESSAGE /D "OPENCPPCOVERAGE_VERSION=\"0.9.9.0\"" /D _CRT_SECURE_NO_WARNINGS /D "PROJECT_DIR=R\"|(D:\a\OpenCppCoverage-ARM64\OpenCppCoverage-ARM64\CppCoverageTest\)|\"" /D "SOLUTION_DIR=R\"|(D:\a\OpenCppCoverage-ARM64\OpenCppCoverage-ARM64\)|\"" /D "TARGET_FILE_NAME=R\"|(CppCoverageTest.exe)|\"" /D "OUT_DIR=R\"|(D:\a\OpenCppCoverage-ARM64\OpenCppCoverage-ARM64\Debug\)|\"" /D NOMINMAX /D _UNICODE /D UNICODE /Gm- /EHsc /RTC1 /MDd /GS /fp:precise /Zc:wchar_t /Zc:forScope /Zc:inline /std:c++17 /permissive- /Yc"stdafx.h" /Fp"Debug\CppCoverageTest.pch" /Fo"Debug\\" /Fd"Debug\vc143.pdb" /external:W3 /Gd /TP /wd4251 /wd4275 /analyze- /FC /errorReport:queue stdafx.cpp
2026-08-20T10:17:10.5657291Z      5>ClCompile:
2026-08-20T10:17:10.5657631Z          stdafx.cpp
2026-08-20T10:17:10.5867074Z     20>ClCompile:
2026-08-20T10:17:10.5867446Z          stdafx.cpp
2026-08-20T10:17:11.3069151Z      5>ClCompile:
2026-08-20T10:17:11.3079919Z          C:\Program Files\Microsoft Visual Studio\2022\Enterprise\VC\Tools\MSVC\14.44.35207\bin\HostX64\x86\CL.exe /c /I"D:\a\OpenCppCoverage-ARM64\OpenCppCoverage-ARM64\\" /I"D:\a\OpenCppCoverage-ARM64\OpenCppCoverage-ARM64\Exporter\\" /I"D:\a\OpenCppCoverage-ARM64\OpenCppCoverage-ARM64\vcpkg_installed\x86-windows\include" /ZI /JMC /nologo /W3 /WX /diagnostics:column /sdl /Od /Oy- /D EXPORTER_EXPORTS /D _SILENCE_CXX17_ITERATOR_BASE_CLASS_DEPRECATION_WARNING /D BOOST_CONFIG_SUPPRESS_OUTDATED_MESSAGE /D "OPENCPPCOVERAGE_VERSION=\"0.9.9.0\"" /D _CRT_SECURE_NO_WARNINGS /D "PROJECT_DIR=R\"|(D:\a\OpenCppCoverage-ARM64\OpenCppCoverage-ARM64\Exporter\)|\"" /D "SOLUTION_DIR=R\"|(D:\a\OpenCppCoverage-ARM64\OpenCppCoverage-ARM64\)|\"" /D "TARGET_FILE_NAME=R\"|(Exporter.dll)|\"" /D "OUT_DIR=R\"|(D:\a\OpenCppCoverage-ARM64\OpenCppCoverage-ARM64\Debug\)|\"" /D NOMINMAX /D _WINDLL /D _UNICODE /D UNICODE /Gm- /EHsc /RTC1 /MDd /GS /fp:precise /Zc:wchar_t /Zc:forScope /Zc:inline /std:c++17 /permissive- /Yu"stdafx.h" /Fp"Debug\Exporter.pch" /Fo"Debug\\" /Fd"Debug\vc143.pdb" /external:W0 /Gd /TP /wd4251 /analyze- /FC /errorReport:queue /external:I"D:\a\OpenCppCoverage-ARM64\OpenCppCoverage-ARM64\vcpkg_installed\x86-windows\include" Binary\BinaryExporter.cpp CoberturaExporter.cpp Binary\CoverageDataSerializer.cpp Binary\CoverageDataDeserializer.cpp Html\HtmlExporter.cpp Html\HtmlFile.cpp Html\HtmlFileCoverageExporter.cpp Html\HtmlFolderStructure.cpp Html\TemplateHtmlExporter.cpp InvalidOutputFileException.cpp Plugin\ExporterPluginManager.cpp
2026-08-20T10:17:11.3523729Z          BinaryExporter.cpp
2026-08-20T10:17:12.1913621Z          CoberturaExporter.cpp
2026-08-20T10:17:12.6879702Z     20>ClCompile:
2026-08-20T10:17:12.6892838Z          C:\Program Files\Microsoft Visual Studio\2022\Enterprise\VC\Tools\MSVC\14.44.35207\bin\HostX64\x86\CL.exe /c /I"D:\a\OpenCppCoverage-ARM64\OpenCppCoverage-ARM64\\" /I"D:\a\OpenCppCoverage-ARM64\OpenCppCoverage-ARM64\CppCoverageTest\\" /I"D:\a\OpenCppCoverage-ARM64\OpenCppCoverage-ARM64\vcpkg_installed\x86-windows\include" /ZI /JMC /nologo /W3 /WX /diagnostics:column /sdl /Od /Oy- /D WIN32 /D _DEBUG /D _CONSOLE /D _LIB /D GTEST_LINKED_AS_SHARED_LIBRARY=1 /D _SILENCE_TR1_NAMESPACE_DEPRECATION_WARNING /D BOOST_CONFIG_SUPPRESS_OUTDATED_MESSAGE /D "OPENCPPCOVERAGE_VERSION=\"0.9.9.0\"" /D _CRT_SECURE_NO_WARNINGS /D "PROJECT_DIR=R\"|(D:\a\OpenCppCoverage-ARM64\OpenCppCoverage-ARM64\CppCoverageTest\)|\"" /D "SOLUTION_DIR=R\"|(D:\a\OpenCppCoverage-ARM64\OpenCppCoverage-ARM64\)|\"" /D "TARGET_FILE_NAME=R\"|(CppCoverageTest.exe)|\"" /D "OUT_DIR=R\"|(D:\a\OpenCppCoverage-ARM64\OpenCppCoverage-ARM64\Debug\)|\"" /D NOMINMAX /D _UNICODE /D UNICODE /Gm- /EHsc /RTC1 /MDd /GS /fp:precise /Zc:wchar_t /Zc:forScope /Zc:inline /std:c++17 /permissive- /Yu"stdafx.h" /Fp"Debug\CppCoverageTest.pch" /Fo"Debug\\" /Fd"Debug\vc143.pdb" /external:W3 /Gd /TP /wd4251 /wd4275 /analyze- /FC /errorReport:queue BreakPointTest.cpp CodeCoverageRunnerTest.cpp CoverageDataMergerRandomTest.cpp CoverageDataMergerTest.cpp CppCliTest.cpp DebugInformationEnumeratorTest.cpp FilterAssistantTest.cpp UnifiedDiffCoverageFilterManagerTest.cpp OptionsParserUnifiedDiffTest.cpp WildcardCoverageFilterTest.cpp CoverageRateComputerTest.cpp CoverageRateTest.cpp CppCoverageExceptionTest.cpp CppCoverageTest.cpp DebuggerTest.cpp ExceptionHandlerTest.cpp ExecutedAddressManagerTest.cpp HandleInformationTest.cpp OptionsParserConfigTest.cpp OptionsParserExportTest.cpp OptionsParserPatternTest.cpp OptionsParserTest.cpp ProcessTest.cpp StartInfoTest.cpp TestTools.cpp WildcardsTest.cpp
2026-08-20T10:17:12.7214639Z          BreakPointTest.cpp
2026-08-20T10:17:13.5159388Z          CodeCoverageRunnerTest.cpp
2026-08-20T10:17:13.9607641Z      5>ClCompile:
2026-08-20T10:17:13.9608390Z          CoverageDataSerializer.cpp
2026-08-20T10:17:15.6355240Z     20>ClCompile:
2026-08-20T10:17:15.6355917Z          CoverageDataMergerRandomTest.cpp
2026-08-20T10:17:16.2089151Z          CoverageDataMergerTest.cpp
2026-08-20T10:17:16.7061841Z          CppCliTest.cpp
2026-08-20T10:17:16.7395492Z      5>ClCompile:
2026-08-20T10:17:16.7395884Z          CoverageDataDeserializer.cpp
2026-08-20T10:17:17.5321604Z     20>ClCompile:
2026-08-20T10:17:17.5322139Z          DebugInformationEnumeratorTest.cpp
2026-08-20T10:17:17.9633382Z          FilterAssistantTest.cpp
2026-08-20T10:17:18.6800315Z          UnifiedDiffCoverageFilterManagerTest.cpp
2026-08-20T10:17:19.5262594Z      5>ClCompile:
2026-08-20T10:17:19.5262978Z          HtmlExporter.cpp
2026-08-20T10:17:19.5554896Z     20>ClCompile:
2026-08-20T10:17:19.5555343Z          OptionsParserUnifiedDiffTest.cpp
2026-08-20T10:17:20.7223779Z          WildcardCoverageFilterTest.cpp
2026-08-20T10:17:20.7884542Z          CoverageRateComputerTest.cpp
2026-08-20T10:17:21.1881612Z          CoverageRateTest.cpp
2026-08-20T10:17:21.2264295Z          CppCoverageExceptionTest.cpp
2026-08-20T10:17:21.2650375Z          CppCoverageTest.cpp
2026-08-20T10:17:21.4127955Z      5>ClCompile:
2026-08-20T10:17:21.4128321Z          HtmlFile.cpp
2026-08-20T10:17:22.1314536Z          HtmlFileCoverageExporter.cpp
2026-08-20T10:17:22.1816824Z     20>ClCompile:
2026-08-20T10:17:22.1817327Z          DebuggerTest.cpp
2026-08-20T10:17:23.7657673Z          ExceptionHandlerTest.cpp
2026-08-20T10:17:23.9128761Z      5>ClCompile:
2026-08-20T10:17:23.9129200Z          HtmlFolderStructure.cpp
2026-08-20T10:17:24.6588091Z     20>ClCompile:
2026-08-20T10:17:24.6588565Z          ExecutedAddressManagerTest.cpp
2026-08-20T10:17:25.4020647Z      5>ClCompile:
2026-08-20T10:17:25.4021371Z          TemplateHtmlExporter.cpp
2026-08-20T10:17:25.5145162Z     20>ClCompile:
2026-08-20T10:17:25.5146119Z          HandleInformationTest.cpp
2026-08-20T10:17:26.3787182Z          OptionsParserConfigTest.cpp
2026-08-20T10:17:27.2055247Z      5>ClCompile:
2026-08-20T10:17:27.2055651Z          InvalidOutputFileException.cpp
2026-08-20T10:17:27.4938953Z     20>ClCompile:
2026-08-20T10:17:27.4939840Z          OptionsParserExportTest.cpp
2026-08-20T10:17:27.9229478Z      5>ClCompile:
2026-08-20T10:17:27.9229866Z          ExporterPluginManager.cpp
2026-08-20T10:17:28.4678913Z     20>ClCompile:
2026-08-20T10:17:28.4679826Z          Generating Code...
2026-08-20T10:17:29.4846679Z      5>ClCompile:
2026-08-20T10:17:29.4847078Z          Generating Code...
2026-08-20T10:17:29.9091395Z     20>ClCompile:
2026-08-20T10:17:29.9091867Z          Compiling...
2026-08-20T10:17:29.9092251Z          OptionsParserPatternTest.cpp
2026-08-20T10:17:30.4833233Z      5>ClCompile:
2026-08-20T10:17:30.4839118Z          C:\Program Files\Microsoft Visual Studio\2022\Enterprise\VC\Tools\MSVC\14.44.35207\bin\HostX64\x86\CL.exe /c /I"D:\a\OpenCppCoverage-ARM64\OpenCppCoverage-ARM64\\" /I"D:\a\OpenCppCoverage-ARM64\OpenCppCoverage-ARM64\Exporter\\" /I"D:\a\OpenCppCoverage-ARM64\OpenCppCoverage-ARM64\vcpkg_installed\x86-windows\include" /ZI /JMC /nologo /W0 /WX /diagnostics:column /sdl /Od /Oy- /D EXPORTER_EXPORTS /D _SILENCE_CXX17_ITERATOR_BASE_CLASS_DEPRECATION_WARNING /D BOOST_CONFIG_SUPPRESS_OUTDATED_MESSAGE /D "OPENCPPCOVERAGE_VERSION=\"0.9.9.0\"" /D _CRT_SECURE_NO_WARNINGS /D "PROJECT_DIR=R\"|(D:\a\OpenCppCoverage-ARM64\OpenCppCoverage-ARM64\Exporter\)|\"" /D "SOLUTION_DIR=R\"|(D:\a\OpenCppCoverage-ARM64\OpenCppCoverage-ARM64\)|\"" /D "TARGET_FILE_NAME=R\"|(Exporter.dll)|\"" /D "OUT_DIR=R\"|(D:\a\OpenCppCoverage-ARM64\OpenCppCoverage-ARM64\Debug\)|\"" /D NOMINMAX /D _WINDLL /D _UNICODE /D UNICODE /Gm- /EHsc /RTC1 /MDd /GS /fp:precise /Zc:wchar_t /Zc:forScope /Zc:inline /std:c++17 /permissive- /Fo"Debug\\" /Fd"Debug\vc143.pdb" /external:W0 /Gd /TP /wd4146 /wd4251 /analyze- /FC /errorReport:queue /external:I"D:\a\OpenCppCoverage-ARM64\OpenCppCoverage-ARM64\vcpkg_installed\x86-windows\include" Binary\CoverageData.pb.cc
2026-08-20T10:17:30.5219523Z          CoverageData.pb.cc
2026-08-20T10:17:31.1715202Z     20>ClCompile:
2026-08-20T10:17:31.1715620Z          OptionsParserTest.cpp
2026-08-20T10:17:32.4950622Z          ProcessTest.cpp
2026-08-20T10:17:33.8420321Z          StartInfoTest.cpp
2026-08-20T10:17:34.0056079Z      5>Link:
2026-08-20T10:17:34.0062268Z          C:\Program Files\Microsoft Visual Studio\2022\Enterprise\VC\Tools\MSVC\14.44.35207\bin\HostX64\x86\link.exe /ERRORREPORT:QUEUE /OUT:"D:\a\OpenCppCoverage-ARM64\OpenCppCoverage-ARM64\Debug\Exporter.dll" /INCREMENTAL /ILK:"Debug\Exporter.ilk" /NOLOGO /LIBPATH:"D:\a\OpenCppCoverage-ARM64\OpenCppCoverage-ARM64\vcpkg_installed\x86-windows\debug\lib" /LIBPATH:"D:\a\OpenCppCoverage-ARM64\OpenCppCoverage-ARM64\vcpkg_installed\x86-windows\debug\lib\manual-link" bcrypt.lib kernel32.lib user32.lib gdi32.lib winspool.lib comdlg32.lib advapi32.lib shell32.lib ole32.lib oleaut32.lib uuid.lib odbc32.lib odbccp32.lib "D:\a\OpenCppCoverage-ARM64\OpenCppCoverage-ARM64\vcpkg_installed\x86-windows\debug\lib\*.lib" /MANIFEST /MANIFESTUAC:"level='asInvoker' uiAccess='false'" /manifest:embed /DEBUG /PDB:"D:\a\OpenCppCoverage-ARM64\OpenCppCoverage-ARM64\Debug\Exporter.pdb" /TLBID:1 /DYNAMICBASE /NXCOMPAT /IMPLIB:"D:\a\OpenCppCoverage-ARM64\OpenCppCoverage-ARM64\Debug\Exporter.lib" /MACHINE:X86 /DLL Debug\BinaryExporter.obj
2026-08-20T10:17:34.0066923Z          Debug\CoverageData.pb.obj
2026-08-20T10:17:34.0067198Z          Debug\CoberturaExporter.obj
2026-08-20T10:17:34.0067491Z          Debug\CoverageDataSerializer.obj
2026-08-20T10:17:34.0067975Z          Debug\CoverageDataDeserializer.obj
2026-08-20T10:17:34.0068254Z          Debug\HtmlExporter.obj
2026-08-20T10:17:34.0068531Z          Debug\HtmlFile.obj
2026-08-20T10:17:34.0068842Z          Debug\HtmlFileCoverageExporter.obj
2026-08-20T10:17:34.0069124Z          Debug\HtmlFolderStructure.obj
2026-08-20T10:17:34.0069382Z          Debug\TemplateHtmlExporter.obj
2026-08-20T10:17:34.0069658Z          Debug\InvalidOutputFileException.obj
2026-08-20T10:17:34.0069956Z          Debug\ExporterPluginManager.obj
2026-08-20T10:17:34.0070216Z          Debug\stdafx.obj
2026-08-20T10:17:34.0070556Z          "D:\a\OpenCppCoverage-ARM64\OpenCppCoverage-ARM64\Debug\CppCoverage.lib"
2026-08-20T10:17:34.0071043Z          "D:\a\OpenCppCoverage-ARM64\OpenCppCoverage-ARM64\Debug\Plugin.lib"
2026-08-20T10:17:34.0071491Z          "D:\a\OpenCppCoverage-ARM64\OpenCppCoverage-ARM64\Debug\Tools.lib"
2026-08-20T10:17:34.1509104Z             Creating library D:\a\OpenCppCoverage-ARM64\OpenCppCoverage-ARM64\Debug\Exporter.lib and object D:\a\OpenCppCoverage-ARM64\OpenCppCoverage-ARM64\Debug\Exporter.exp
2026-08-20T10:17:34.2574162Z     20>ClCompile:
2026-08-20T10:17:34.2574562Z          TestTools.cpp
2026-08-20T10:17:34.2910796Z      5>Link:
2026-08-20T10:17:34.2911546Z          Exporter.vcxproj -> D:\a\OpenCppCoverage-ARM64\OpenCppCoverage-ARM64\Debug\Exporter.dll
2026-08-20T10:17:34.2931063Z        AppLocalFromInstalled:
2026-08-20T10:17:34.2933868Z          "C:\Users\runneradmin\AppData\Local\OpenCppCoverage\vcpkg\vcpkg.exe" z-applocal --target-binary="D:\a\OpenCppCoverage-ARM64\OpenCppCoverage-ARM64\Debug\Exporter.dll" --installed-bin-dir="D:\a\OpenCppCoverage-ARM64\OpenCppCoverage-ARM64\vcpkg_installed\x86-windows\debug\bin" --tlog-file="Debug\Exporter.tlog\Exporter.write.1u.tlog" --copied-files-log="Debug\vcpkg.applocal.log"
2026-08-20T10:17:34.3405350Z          D:\a\OpenCppCoverage-ARM64\OpenCppCoverage-ARM64\vcpkg_installed\x86-windows\debug\bin\abseil_dll.dll -> D:\a\OpenCppCoverage-ARM64\OpenCppCoverage-ARM64\Debug\abseil_dll.dll done
2026-08-20T10:17:34.3414744Z          D:\a\OpenCppCoverage-ARM64\OpenCppCoverage-ARM64\vcpkg_installed\x86-windows\debug\bin\libctemplate.dll -> D:\a\OpenCppCoverage-ARM64\OpenCppCoverage-ARM64\Debug\libctemplate.dll done
2026-08-20T10:17:34.3431342Z          D:\a\OpenCppCoverage-ARM64\OpenCppCoverage-ARM64\vcpkg_installed\x86-windows\debug\bin\libprotobuf-lited.dll -> D:\a\OpenCppCoverage-ARM64\OpenCppCoverage-ARM64\Debug\libprotobuf-lited.dll done
2026-08-20T10:17:34.3496775Z          D:\a\OpenCppCoverage-ARM64\OpenCppCoverage-ARM64\vcpkg_installed\x86-windows\debug\bin\libprotobufd.dll -> D:\a\OpenCppCoverage-ARM64\OpenCppCoverage-ARM64\Debug\libprotobufd.dll done
2026-08-20T10:17:34.3575633Z          D:\a\OpenCppCoverage-ARM64\OpenCppCoverage-ARM64\vcpkg_installed\x86-windows\debug\bin\abseil_dll.dll
2026-08-20T10:17:34.3576709Z          D:\a\OpenCppCoverage-ARM64\OpenCppCoverage-ARM64\vcpkg_installed\x86-windows\debug\bin\libctemplate.dll
2026-08-20T10:17:34.3577478Z          D:\a\OpenCppCoverage-ARM64\OpenCppCoverage-ARM64\vcpkg_installed\x86-windows\debug\bin\libprotobuf-lited.dll
2026-08-20T10:17:34.3578595Z          D:\a\OpenCppCoverage-ARM64\OpenCppCoverage-ARM64\vcpkg_installed\x86-windows\debug\bin\libprotobufd.dll
2026-08-20T10:17:34.3579577Z          D:\a\OpenCppCoverage-ARM64\OpenCppCoverage-ARM64\vcpkg_installed\x86-windows\debug\bin\boost_log-vc143-mt-gd-x32-1_91.dll
2026-08-20T10:17:34.3581072Z          D:\a\OpenCppCoverage-ARM64\OpenCppCoverage-ARM64\vcpkg_installed\x86-windows\debug\bin\boost_filesystem-vc143-mt-gd-x32-1_91.dll
2026-08-20T10:17:34.3582234Z          D:\a\OpenCppCoverage-ARM64\OpenCppCoverage-ARM64\vcpkg_installed\x86-windows\debug\bin\boost_thread-vc143-mt-gd-x32-1_91.dll
2026-08-20T10:17:34.3583323Z          D:\a\OpenCppCoverage-ARM64\OpenCppCoverage-ARM64\vcpkg_installed\x86-windows\debug\bin\boost_program_options-vc143-mt-gd-x32-1_91.dll
2026-08-20T10:17:34.3584635Z          D:\a\OpenCppCoverage-ARM64\OpenCppCoverage-ARM64\vcpkg_installed\x86-windows\debug\bin\boost_iostreams-vc143-mt-gd-x32-1_91.dll
2026-08-20T10:17:34.3585396Z          D:\a\OpenCppCoverage-ARM64\OpenCppCoverage-ARM64\vcpkg_installed\x86-windows\debug\bin\zd.dll
2026-08-20T10:17:34.3586584Z          D:\a\OpenCppCoverage-ARM64\OpenCppCoverage-ARM64\vcpkg_installed\x86-windows\debug\bin\bz2d.dll
2026-08-20T10:17:34.3587715Z          D:\a\OpenCppCoverage-ARM64\OpenCppCoverage-ARM64\vcpkg_installed\x86-windows\debug\bin\liblzma.dll
2026-08-20T10:17:34.3588935Z          D:\a\OpenCppCoverage-ARM64\OpenCppCoverage-ARM64\vcpkg_installed\x86-windows\debug\bin\zstd.dll
2026-08-20T10:17:34.3590308Z          D:\a\OpenCppCoverage-ARM64\OpenCppCoverage-ARM64\vcpkg_installed\x86-windows\debug\bin\boost_locale-vc143-mt-gd-x32-1_91.dll
2026-08-20T10:17:34.3820937Z        PostBuildEvent:
2026-08-20T10:17:34.3823202Z          if not exist "D:\a\OpenCppCoverage-ARM64\OpenCppCoverage-ARM64\Debug\Template" mkdir "D:\a\OpenCppCoverage-ARM64\OpenCppCoverage-ARM64\Debug\Template" && xcopy /s /y "D:\a\OpenCppCoverage-ARM64\OpenCppCoverage-ARM64\Exporter\Html\Template" "D:\a\OpenCppCoverage-ARM64\OpenCppCoverage-ARM64\Debug\Template"
2026-08-20T10:17:34.3825491Z          :VCEnd
2026-08-20T10:17:34.4176117Z          D:\a\OpenCppCoverage-ARM64\OpenCppCoverage-ARM64\Exporter\Html\Template\MainTemplate.html
2026-08-20T10:17:34.4179599Z          D:\a\OpenCppCoverage-ARM64\OpenCppCoverage-ARM64\Exporter\Html\Template\SourceTemplate.html
2026-08-20T10:17:34.4190070Z          D:\a\OpenCppCoverage-ARM64\OpenCppCoverage-ARM64\Exporter\Html\Template\third-party\css\style.css
2026-08-20T10:17:34.4197406Z          D:\a\OpenCppCoverage-ARM64\OpenCppCoverage-ARM64\Exporter\Html\Template\third-party\css\table-images\botleft.png
2026-08-20T10:17:34.4204278Z          D:\a\OpenCppCoverage-ARM64\OpenCppCoverage-ARM64\Exporter\Html\Template\third-party\css\table-images\botright.png
2026-08-20T10:17:34.4209594Z          D:\a\OpenCppCoverage-ARM64\OpenCppCoverage-ARM64\Exporter\Html\Template\third-party\css\table-images\left.png
2026-08-20T10:17:34.4215413Z          D:\a\OpenCppCoverage-ARM64\OpenCppCoverage-ARM64\Exporter\Html\Template\third-party\css\table-images\right.png
2026-08-20T10:17:34.4226320Z          D:\a\OpenCppCoverage-ARM64\OpenCppCoverage-ARM64\Exporter\Html\Template\third-party\google-code-prettify\prettify-CppCoverage.css
2026-08-20T10:17:34.4231854Z          D:\a\OpenCppCoverage-ARM64\OpenCppCoverage-ARM64\Exporter\Html\Template\third-party\google-code-prettify\prettify.js
2026-08-20T10:17:34.4236528Z          D:\a\OpenCppCoverage-ARM64\OpenCppCoverage-ARM64\Exporter\Html\Template\third-party\google-code-prettify\run_prettify.js
2026-08-20T10:17:34.4244017Z          D:\a\OpenCppCoverage-ARM64\OpenCppCoverage-ARM64\Exporter\Html\Template\third-party\JQuery\jquery-3.4.1.min.js
2026-08-20T10:17:34.4253017Z          D:\a\OpenCppCoverage-ARM64\OpenCppCoverage-ARM64\Exporter\Html\Template\third-party\RGraph\license.txt
2026-08-20T10:17:34.4260148Z          D:\a\OpenCppCoverage-ARM64\OpenCppCoverage-ARM64\Exporter\Html\Template\third-party\RGraph\libraries\RGraph.common.core.js
2026-08-20T10:17:34.4265466Z          D:\a\OpenCppCoverage-ARM64\OpenCppCoverage-ARM64\Exporter\Html\Template\third-party\RGraph\libraries\RGraph.common.dynamic.js
2026-08-20T10:17:34.4270324Z          D:\a\OpenCppCoverage-ARM64\OpenCppCoverage-ARM64\Exporter\Html\Template\third-party\RGraph\libraries\RGraph.common.tooltips.js
2026-08-20T10:17:34.4275288Z          D:\a\OpenCppCoverage-ARM64\OpenCppCoverage-ARM64\Exporter\Html\Template\third-party\RGraph\libraries\RGraph.pie.js
2026-08-20T10:17:34.4282779Z          16 File(s) copied
2026-08-20T10:17:34.4375000Z        FinalizeBuildStatus:
2026-08-20T10:17:34.4376485Z          Deleting file "Debug\Exporter.tlog\unsuccessfulbuild".
2026-08-20T10:17:34.4377613Z          Touching "Debug\Exporter.tlog\Exporter.lastbuildstate".
2026-08-20T10:17:34.4379563Z      5>Done Building Project "D:\a\OpenCppCoverage-ARM64\OpenCppCoverage-ARM64\Exporter\Exporter.vcxproj" (default targets).
2026-08-20T10:17:34.4676626Z      6>PrepareForBuild:
2026-08-20T10:17:34.4741972Z          Creating directory "Debug\".
2026-08-20T10:17:34.4749999Z          Structured output is enabled. The formatting of compiler diagnostics will reflect the error hierarchy. See https://aka.ms/cpp/structured-output for more details.
2026-08-20T10:17:34.4768683Z          Creating directory "Debug\OpenCppCoverage.tlog\".
2026-08-20T10:17:34.4808295Z        InitializeBuildStatus:
2026-08-20T10:17:34.4809186Z          Creating "Debug\OpenCppCoverage.tlog\unsuccessfulbuild" because "AlwaysCreate" was specified.
2026-08-20T10:17:34.4811956Z          Touching "Debug\OpenCppCoverage.tlog\unsuccessfulbuild".
2026-08-20T10:17:34.5221191Z        VcpkgTripletSelection:
2026-08-20T10:17:34.5223026Z          Using triplet "x86-windows" from "D:\a\OpenCppCoverage-ARM64\OpenCppCoverage-ARM64\vcpkg_installed\x86-windows\"
2026-08-20T10:17:34.5230719Z          Using normalized configuration "Debug"
2026-08-20T10:17:34.5255825Z        VcpkgBootstrap:
2026-08-20T10:17:34.5258145Z        Skipping target "VcpkgBootstrap" because all output files are up-to-date with respect to the input files.
2026-08-20T10:17:34.5260931Z        VcpkgInstallManifestDependencies:
2026-08-20T10:17:34.5262961Z        Skipping target "VcpkgInstallManifestDependencies" because all output files are up-to-date with respect to the input files.
2026-08-20T10:17:34.5380426Z        ClCompile:
2026-08-20T10:17:34.5437936Z          C:\Program Files\Microsoft Visual Studio\2022\Enterprise\VC\Tools\MSVC\14.44.35207\bin\HostX64\x86\CL.exe /c /I"D:\a\OpenCppCoverage-ARM64\OpenCppCoverage-ARM64\\" /I"D:\a\OpenCppCoverage-ARM64\OpenCppCoverage-ARM64\OpenCppCoverage\\" /I"D:\a\OpenCppCoverage-ARM64\OpenCppCoverage-ARM64\vcpkg_installed\x86-windows\include" /ZI /JMC /nologo /W3 /WX /diagnostics:column /sdl /Od /Oy- /D WIN32 /D OPEN_CPP_COVERAGE_EXPORTS /D _DEBUG /D _CONSOLE /D _LIB /D BOOST_CONFIG_SUPPRESS_OUTDATED_MESSAGE /D "OPENCPPCOVERAGE_VERSION=\"0.9.9.0\"" /D _CRT_SECURE_NO_WARNINGS /D "PROJECT_DIR=R\"|(D:\a\OpenCppCoverage-ARM64\OpenCppCoverage-ARM64\OpenCppCoverage\)|\"" /D "SOLUTION_DIR=R\"|(D:\a\OpenCppCoverage-ARM64\OpenCppCoverage-ARM64\)|\"" /D "TARGET_FILE_NAME=R\"|(OpenCppCoverage.exe)|\"" /D "OUT_DIR=R\"|(D:\a\OpenCppCoverage-ARM64\OpenCppCoverage-ARM64\Debug\)|\"" /D NOMINMAX /D _UNICODE /D UNICODE /Gm- /EHsc /RTC1 /MDd /GS /fp:precise /Zc:wchar_t /Zc:forScope /Zc:inline /std:c++17 /permissive- /Yc"stdafx.h" /Fp"Debug\OpenCppCoverage.pch" /Fo"Debug\\" /Fd"Debug\vc143.pdb" /external:W3 /Gd /TP /analyze- /FC /errorReport:queue stdafx.cpp
2026-08-20T10:17:34.5618172Z      3>Project "D:\a\OpenCppCoverage-ARM64\OpenCppCoverage-ARM64\ExporterTest\ExporterTest.vcxproj.metaproj" (3) is building "D:\a\OpenCppCoverage-ARM64\OpenCppCoverage-ARM64\ExporterTest\ExporterTest.vcxproj" (21) on node 4 (default targets).
2026-08-20T10:17:34.5620690Z     21>PrepareForBuild:
2026-08-20T10:17:34.5621586Z          Creating directory "Debug\".
2026-08-20T10:17:34.5663086Z          Structured output is enabled. The formatting of compiler diagnostics will reflect the error hierarchy. See https://aka.ms/cpp/structured-output for more details.
2026-08-20T10:17:34.5667039Z          Creating directory "Debug\ExporterTest.tlog\".
2026-08-20T10:17:34.5757519Z      6>ClCompile:
2026-08-20T10:17:34.5759153Z          stdafx.cpp
2026-08-20T10:17:34.5760111Z     21>InitializeBuildStatus:
2026-08-20T10:17:34.5763260Z          Creating "Debug\ExporterTest.tlog\unsuccessfulbuild" because "AlwaysCreate" was specified.
2026-08-20T10:17:34.5764637Z          Touching "Debug\ExporterTest.tlog\unsuccessfulbuild".
2026-08-20T10:17:34.6273494Z        VcpkgTripletSelection:
2026-08-20T10:17:34.6294693Z          Using triplet "x86-windows" from "D:\a\OpenCppCoverage-ARM64\OpenCppCoverage-ARM64\vcpkg_installed\x86-windows\"
2026-08-20T10:17:34.6296441Z          Using normalized configuration "Debug"
2026-08-20T10:17:34.6303546Z        VcpkgBootstrap:
2026-08-20T10:17:34.6307152Z        Skipping target "VcpkgBootstrap" because all output files are up-to-date with respect to the input files.
2026-08-20T10:17:34.6315391Z        VcpkgInstallManifestDependencies:
2026-08-20T10:17:34.6319709Z        Skipping target "VcpkgInstallManifestDependencies" because all output files are up-to-date with respect to the input files.
2026-08-20T10:17:34.6334905Z        ClCompile:
2026-08-20T10:17:34.6343944Z          C:\Program Files\Microsoft Visual Studio\2022\Enterprise\VC\Tools\MSVC\14.44.35207\bin\HostX64\x86\CL.exe /c /I"D:\a\OpenCppCoverage-ARM64\OpenCppCoverage-ARM64\\" /I"D:\a\OpenCppCoverage-ARM64\OpenCppCoverage-ARM64\ExporterTest\\" /I"D:\a\OpenCppCoverage-ARM64\OpenCppCoverage-ARM64\vcpkg_installed\x86-windows\include" /ZI /JMC /nologo /W3 /WX /diagnostics:column /sdl /Od /Oy- /D WIN32 /D _DEBUG /D _CONSOLE /D _LIB /D _SCL_SECURE_NO_WARNINGS /D GTEST_LINKED_AS_SHARED_LIBRARY=1 /D _SILENCE_TR1_NAMESPACE_DEPRECATION_WARNING /D BOOST_CONFIG_SUPPRESS_OUTDATED_MESSAGE /D "OPENCPPCOVERAGE_VERSION=\"0.9.9.0\"" /D _CRT_SECURE_NO_WARNINGS /D "PROJECT_DIR=R\"|(D:\a\OpenCppCoverage-ARM64\OpenCppCoverage-ARM64\ExporterTest\)|\"" /D "SOLUTION_DIR=R\"|(D:\a\OpenCppCoverage-ARM64\OpenCppCoverage-ARM64\)|\"" /D "TARGET_FILE_NAME=R\"|(ExporterTest.exe)|\"" /D "OUT_DIR=R\"|(D:\a\OpenCppCoverage-ARM64\OpenCppCoverage-ARM64\Debug\)|\"" /D NOMINMAX /D _UNICODE /D UNICODE /Gm- /EHsc /RTC1 /MDd /GS /fp:precise /Zc:wchar_t /Zc:forScope /Zc:inline /std:c++17 /permissive- /Yc"stdafx.h" /Fp"Debug\ExporterTest.pch" /Fo"Debug\\" /Fd"Debug\vc143.pdb" /external:W3 /Gd /TP /wd4251 /wd4275 /analyze- /FC /errorReport:queue stdafx.cpp
2026-08-20T10:17:34.6701563Z          stdafx.cpp
2026-08-20T10:17:34.7938082Z      6>ClCompile:
2026-08-20T10:17:34.7946511Z          C:\Program Files\Microsoft Visual Studio\2022\Enterprise\VC\Tools\MSVC\14.44.35207\bin\HostX64\x86\CL.exe /c /I"D:\a\OpenCppCoverage-ARM64\OpenCppCoverage-ARM64\\" /I"D:\a\OpenCppCoverage-ARM64\OpenCppCoverage-ARM64\OpenCppCoverage\\" /I"D:\a\OpenCppCoverage-ARM64\OpenCppCoverage-ARM64\vcpkg_installed\x86-windows\include" /ZI /JMC /nologo /W3 /WX /diagnostics:column /sdl /Od /Oy- /D WIN32 /D OPEN_CPP_COVERAGE_EXPORTS /D _DEBUG /D _CONSOLE /D _LIB /D BOOST_CONFIG_SUPPRESS_OUTDATED_MESSAGE /D "OPENCPPCOVERAGE_VERSION=\"0.9.9.0\"" /D _CRT_SECURE_NO_WARNINGS /D "PROJECT_DIR=R\"|(D:\a\OpenCppCoverage-ARM64\OpenCppCoverage-ARM64\OpenCppCoverage\)|\"" /D "SOLUTION_DIR=R\"|(D:\a\OpenCppCoverage-ARM64\OpenCppCoverage-ARM64\)|\"" /D "TARGET_FILE_NAME=R\"|(OpenCppCoverage.exe)|\"" /D "OUT_DIR=R\"|(D:\a\OpenCppCoverage-ARM64\OpenCppCoverage-ARM64\Debug\)|\"" /D NOMINMAX /D _UNICODE /D UNICODE /Gm- /EHsc /RTC1 /MDd /GS /fp:precise /Zc:wchar_t /Zc:forScope /Zc:inline /std:c++17 /permissive- /Yu"stdafx.h" /Fp"Debug\OpenCppCoverage.pch" /Fo"Debug\\" /Fd"Debug\vc143.pdb" /external:W3 /Gd /TP /analyze- /FC /errorReport:queue main.cpp OpenCppCoverage.cpp
2026-08-20T10:17:34.8342492Z          main.cpp
2026-08-20T10:17:35.5735028Z          OpenCppCoverage.cpp
2026-08-20T10:17:36.0180978Z     20>ClCompile:
2026-08-20T10:17:36.0181725Z          WildcardsTest.cpp
2026-08-20T10:17:36.2280917Z          Generating Code...
2026-08-20T10:17:36.7965521Z        Link:
2026-08-20T10:17:36.7975983Z          C:\Program Files\Microsoft Visual Studio\2022\Enterprise\VC\Tools\MSVC\14.44.35207\bin\HostX64\x86\link.exe /ERRORREPORT:QUEUE /OUT:"D:\a\OpenCppCoverage-ARM64\OpenCppCoverage-ARM64\Debug\CppCoverageTest.exe" /INCREMENTAL /ILK:"Debug\CppCoverageTest.ilk" /NOLOGO /LIBPATH:"D:\a\OpenCppCoverage-ARM64\OpenCppCoverage-ARM64\vcpkg_installed\x86-windows\debug\lib" /LIBPATH:"D:\a\OpenCppCoverage-ARM64\OpenCppCoverage-ARM64\vcpkg_installed\x86-windows\debug\lib\manual-link" gmock.lib gtest.lib bcrypt.lib kernel32.lib user32.lib gdi32.lib winspool.lib comdlg32.lib advapi32.lib shell32.lib ole32.lib oleaut32.lib uuid.lib odbc32.lib odbccp32.lib "D:\a\OpenCppCoverage-ARM64\OpenCppCoverage-ARM64\vcpkg_installed\x86-windows\debug\lib\*.lib" /MANIFEST /MANIFESTUAC:"level='asInvoker' uiAccess='false'" /manifest:embed /DEBUG /PDB:"D:\a\OpenCppCoverage-ARM64\OpenCppCoverage-ARM64\Debug\CppCoverageTest.pdb" /SUBSYSTEM:CONSOLE /TLBID:1 /DYNAMICBASE /NXCOMPAT /IMPLIB:"D:\a\OpenCppCoverage-ARM64\OpenCppCoverage-ARM64\Debug\CppCoverageTest.lib" /MACHINE:X86 Debug\BreakPointTest.obj
2026-08-20T10:17:36.7984848Z          Debug\CodeCoverageRunnerTest.obj
2026-08-20T10:17:36.7985578Z          Debug\CoverageDataMergerRandomTest.obj
2026-08-20T10:17:36.7986301Z          Debug\CoverageDataMergerTest.obj
2026-08-20T10:17:36.7986935Z          Debug\CppCliTest.obj
2026-08-20T10:17:36.7987547Z          Debug\DebugInformationEnumeratorTest.obj
2026-08-20T10:17:36.7988257Z          Debug\FilterAssistantTest.obj
2026-08-20T10:17:36.7988960Z          Debug\UnifiedDiffCoverageFilterManagerTest.obj
2026-08-20T10:17:36.7989799Z          Debug\OptionsParserUnifiedDiffTest.obj
2026-08-20T10:17:36.7990479Z          Debug\WildcardCoverageFilterTest.obj
2026-08-20T10:17:36.7991051Z          Debug\CoverageRateComputerTest.obj
2026-08-20T10:17:36.7991655Z          Debug\CoverageRateTest.obj
2026-08-20T10:17:36.7992221Z          Debug\CppCoverageExceptionTest.obj
2026-08-20T10:17:36.7992825Z          Debug\CppCoverageTest.obj
2026-08-20T10:17:36.7993349Z          Debug\DebuggerTest.obj
2026-08-20T10:17:36.7993870Z          Debug\ExceptionHandlerTest.obj
2026-08-20T10:17:36.7994456Z          Debug\ExecutedAddressManagerTest.obj
2026-08-20T10:17:36.7995066Z          Debug\HandleInformationTest.obj
2026-08-20T10:17:36.7995644Z          Debug\OptionsParserConfigTest.obj
2026-08-20T10:17:36.7996232Z          Debug\OptionsParserExportTest.obj
2026-08-20T10:17:36.7996817Z          Debug\OptionsParserPatternTest.obj
2026-08-20T10:17:36.7997400Z          Debug\OptionsParserTest.obj
2026-08-20T10:17:36.7997933Z          Debug\ProcessTest.obj
2026-08-20T10:17:36.7998438Z          Debug\StartInfoTest.obj
2026-08-20T10:17:36.7998942Z          Debug\stdafx.obj
2026-08-20T10:17:36.7999394Z          Debug\TestTools.obj
2026-08-20T10:17:36.7999873Z          Debug\WildcardsTest.obj
2026-08-20T10:17:36.8000611Z          "D:\a\OpenCppCoverage-ARM64\OpenCppCoverage-ARM64\Debug\CppCoverage.lib"
2026-08-20T10:17:36.8001618Z          "D:\a\OpenCppCoverage-ARM64\OpenCppCoverage-ARM64\Debug\FileFilter.lib"
2026-08-20T10:17:36.8002564Z          "D:\a\OpenCppCoverage-ARM64\OpenCppCoverage-ARM64\Debug\Plugin.lib"
2026-08-20T10:17:36.8003654Z          "D:\a\OpenCppCoverage-ARM64\OpenCppCoverage-ARM64\Debug\TestCoverageOptimizedBuild.lib"
2026-08-20T10:17:36.8004864Z          "D:\a\OpenCppCoverage-ARM64\OpenCppCoverage-ARM64\Debug\TestCoverageSharedLib.lib"
2026-08-20T10:17:36.8005966Z          "D:\a\OpenCppCoverage-ARM64\OpenCppCoverage-ARM64\Debug\TestHelper.lib"
2026-08-20T10:17:36.8006924Z          "D:\a\OpenCppCoverage-ARM64\OpenCppCoverage-ARM64\Debug\Tools.lib"
2026-08-20T10:17:37.1579212Z          CppCoverageTest.vcxproj -> D:\a\OpenCppCoverage-ARM64\OpenCppCoverage-ARM64\Debug\CppCoverageTest.exe
2026-08-20T10:17:37.1656488Z        AppLocalFromInstalled:
2026-08-20T10:17:37.1659655Z          "C:\Users\runneradmin\AppData\Local\OpenCppCoverage\vcpkg\vcpkg.exe" z-applocal --target-binary="D:\a\OpenCppCoverage-ARM64\OpenCppCoverage-ARM64\Debug\CppCoverageTest.exe" --installed-bin-dir="D:\a\OpenCppCoverage-ARM64\OpenCppCoverage-ARM64\vcpkg_installed\x86-windows\debug\bin" --tlog-file="Debug\CppCoverageTest.tlog\CppCoverageTest.write.1u.tlog" --copied-files-log="Debug\vcpkg.applocal.log"
2026-08-20T10:17:37.2246323Z          D:\a\OpenCppCoverage-ARM64\OpenCppCoverage-ARM64\vcpkg_installed\x86-windows\debug\bin\gmock.dll
2026-08-20T10:17:37.2248533Z          D:\a\OpenCppCoverage-ARM64\OpenCppCoverage-ARM64\vcpkg_installed\x86-windows\debug\bin\boost_log-vc143-mt-gd-x32-1_91.dll
2026-08-20T10:17:37.2251917Z          D:\a\OpenCppCoverage-ARM64\OpenCppCoverage-ARM64\vcpkg_installed\x86-windows\debug\bin\boost_filesystem-vc143-mt-gd-x32-1_91.dll
2026-08-20T10:17:37.2254076Z          D:\a\OpenCppCoverage-ARM64\OpenCppCoverage-ARM64\vcpkg_installed\x86-windows\debug\bin\boost_thread-vc143-mt-gd-x32-1_91.dll
2026-08-20T10:17:37.2256650Z          D:\a\OpenCppCoverage-ARM64\OpenCppCoverage-ARM64\vcpkg_installed\x86-windows\debug\bin\boost_program_options-vc143-mt-gd-x32-1_91.dll
2026-08-20T10:17:37.2260360Z          D:\a\OpenCppCoverage-ARM64\OpenCppCoverage-ARM64\vcpkg_installed\x86-windows\debug\bin\boost_iostreams-vc143-mt-gd-x32-1_91.dll
2026-08-20T10:17:37.2271141Z          D:\a\OpenCppCoverage-ARM64\OpenCppCoverage-ARM64\vcpkg_installed\x86-windows\debug\bin\zd.dll
2026-08-20T10:17:37.2277840Z          D:\a\OpenCppCoverage-ARM64\OpenCppCoverage-ARM64\vcpkg_installed\x86-windows\debug\bin\bz2d.dll
2026-08-20T10:17:37.2281863Z          D:\a\OpenCppCoverage-ARM64\OpenCppCoverage-ARM64\vcpkg_installed\x86-windows\debug\bin\liblzma.dll
2026-08-20T10:17:37.2287181Z          D:\a\OpenCppCoverage-ARM64\OpenCppCoverage-ARM64\vcpkg_installed\x86-windows\debug\bin\zstd.dll
2026-08-20T10:17:37.2296382Z          D:\a\OpenCppCoverage-ARM64\OpenCppCoverage-ARM64\vcpkg_installed\x86-windows\debug\bin\boost_locale-vc143-mt-gd-x32-1_91.dll
2026-08-20T10:17:37.2304569Z          D:\a\OpenCppCoverage-ARM64\OpenCppCoverage-ARM64\vcpkg_installed\x86-windows\debug\bin\PocoFoundationd.dll
2026-08-20T10:17:37.2327000Z          D:\a\OpenCppCoverage-ARM64\OpenCppCoverage-ARM64\vcpkg_installed\x86-windows\debug\bin\pcre2-8d.dll
2026-08-20T10:17:37.2330471Z          D:\a\OpenCppCoverage-ARM64\OpenCppCoverage-ARM64\vcpkg_installed\x86-windows\debug\bin\utf8proc.dll
2026-08-20T10:17:37.3078026Z        FinalizeBuildStatus:
2026-08-20T10:17:37.3078610Z          Deleting file "Debug\CppCoverageTest.tlog\unsuccessfulbuild".
2026-08-20T10:17:37.3085824Z          Touching "Debug\CppCoverageTest.tlog\CppCoverageTest.lastbuildstate".
2026-08-20T10:17:37.3110089Z     20>Done Building Project "D:\a\OpenCppCoverage-ARM64\OpenCppCoverage-ARM64\CppCoverageTest\CppCoverageTest.vcxproj" (default targets).
2026-08-20T10:17:37.3128292Z      2>Done Building Project "D:\a\OpenCppCoverage-ARM64\OpenCppCoverage-ARM64\CppCoverageTest\CppCoverageTest.vcxproj.metaproj" (default targets).
2026-08-20T10:17:37.3799054Z     21>ClCompile:
2026-08-20T10:17:37.3808799Z          C:\Program Files\Microsoft Visual Studio\2022\Enterprise\VC\Tools\MSVC\14.44.35207\bin\HostX64\x86\CL.exe /c /I"D:\a\OpenCppCoverage-ARM64\OpenCppCoverage-ARM64\\" /I"D:\a\OpenCppCoverage-ARM64\OpenCppCoverage-ARM64\ExporterTest\\" /I"D:\a\OpenCppCoverage-ARM64\OpenCppCoverage-ARM64\vcpkg_installed\x86-windows\include" /ZI /JMC /nologo /W3 /WX /diagnostics:column /sdl /Od /Oy- /D WIN32 /D _DEBUG /D _CONSOLE /D _LIB /D _SCL_SECURE_NO_WARNINGS /D GTEST_LINKED_AS_SHARED_LIBRARY=1 /D _SILENCE_TR1_NAMESPACE_DEPRECATION_WARNING /D BOOST_CONFIG_SUPPRESS_OUTDATED_MESSAGE /D "OPENCPPCOVERAGE_VERSION=\"0.9.9.0\"" /D _CRT_SECURE_NO_WARNINGS /D "PROJECT_DIR=R\"|(D:\a\OpenCppCoverage-ARM64\OpenCppCoverage-ARM64\ExporterTest\)|\"" /D "SOLUTION_DIR=R\"|(D:\a\OpenCppCoverage-ARM64\OpenCppCoverage-ARM64\)|\"" /D "TARGET_FILE_NAME=R\"|(ExporterTest.exe)|\"" /D "OUT_DIR=R\"|(D:\a\OpenCppCoverage-ARM64\OpenCppCoverage-ARM64\Debug\)|\"" /D NOMINMAX /D _UNICODE /D UNICODE /Gm- /EHsc /RTC1 /MDd /GS /fp:precise /Zc:wchar_t /Zc:forScope /Zc:inline /std:c++17 /permissive- /Yu"stdafx.h" /Fp"Debug\ExporterTest.pch" /Fo"Debug\\" /Fd"Debug\vc143.pdb" /external:W3 /Gd /TP /wd4251 /wd4275 /analyze- /FC /errorReport:queue BinaryExporterTest.cpp CoberturaExporterTest.cpp CoverageDataSerializerTest.cpp ExporterPluginManagerTest.cpp ExporterTest.cpp HtmlExporterTest.cpp HtmlFileCoverageExporterTest.cpp HtmlFolderStructureTest.cpp TemplateHtmlExporterTest.cpp
2026-08-20T10:17:37.4198953Z          BinaryExporterTest.cpp
2026-08-20T10:17:37.8447264Z          CoberturaExporterTest.cpp
2026-08-20T10:17:39.1088238Z          CoverageDataSerializerTest.cpp
2026-08-20T10:17:39.2920581Z      6>ClCompile:
2026-08-20T10:17:39.2920962Z          Generating Code...
2026-08-20T10:17:39.5008393Z        Link:
2026-08-20T10:17:39.5014432Z          C:\Program Files\Microsoft Visual Studio\2022\Enterprise\VC\Tools\MSVC\14.44.35207\bin\HostX64\x86\link.exe /ERRORREPORT:QUEUE /OUT:"D:\a\OpenCppCoverage-ARM64\OpenCppCoverage-ARM64\Debug\OpenCppCoverage.exe" /INCREMENTAL /ILK:"Debug\OpenCppCoverage.ilk" /NOLOGO /LIBPATH:"D:\a\OpenCppCoverage-ARM64\OpenCppCoverage-ARM64\vcpkg_installed\x86-windows\debug\lib" /LIBPATH:"D:\a\OpenCppCoverage-ARM64\OpenCppCoverage-ARM64\vcpkg_installed\x86-windows\debug\lib\manual-link" bcrypt.lib kernel32.lib user32.lib gdi32.lib winspool.lib comdlg32.lib advapi32.lib shell32.lib ole32.lib oleaut32.lib uuid.lib odbc32.lib odbccp32.lib "D:\a\OpenCppCoverage-ARM64\OpenCppCoverage-ARM64\vcpkg_installed\x86-windows\debug\lib\*.lib" /MANIFEST /MANIFESTUAC:"level='asInvoker' uiAccess='false'" /manifest:embed /DEBUG /PDB:"D:\a\OpenCppCoverage-ARM64\OpenCppCoverage-ARM64\Debug\OpenCppCoverage.pdb" /SUBSYSTEM:CONSOLE /TLBID:1 /DYNAMICBASE /NXCOMPAT /IMPLIB:"D:\a\OpenCppCoverage-ARM64\OpenCppCoverage-ARM64\Debug\OpenCppCoverage.lib" /MACHINE:X86 Debug\main.obj
2026-08-20T10:17:39.5018492Z          Debug\OpenCppCoverage.obj
2026-08-20T10:17:39.5018739Z          Debug\stdafx.obj
2026-08-20T10:17:39.5019082Z          "D:\a\OpenCppCoverage-ARM64\OpenCppCoverage-ARM64\Debug\CppCoverage.lib"
2026-08-20T10:17:39.5019590Z          "D:\a\OpenCppCoverage-ARM64\OpenCppCoverage-ARM64\Debug\Exporter.lib"
2026-08-20T10:17:39.5020061Z          "D:\a\OpenCppCoverage-ARM64\OpenCppCoverage-ARM64\Debug\Plugin.lib"
2026-08-20T10:17:39.5020517Z          "D:\a\OpenCppCoverage-ARM64\OpenCppCoverage-ARM64\Debug\Tools.lib"
2026-08-20T10:17:39.7027122Z     21>ClCompile:
2026-08-20T10:17:39.7027807Z          ExporterPluginManagerTest.cpp
2026-08-20T10:17:39.7271365Z      6>Link:
2026-08-20T10:17:39.7278760Z          OpenCppCoverage.vcxproj -> D:\a\OpenCppCoverage-ARM64\OpenCppCoverage-ARM64\Debug\OpenCppCoverage.exe
2026-08-20T10:17:39.7314841Z        AppLocalFromInstalled:
2026-08-20T10:17:39.7318459Z          "C:\Users\runneradmin\AppData\Local\OpenCppCoverage\vcpkg\vcpkg.exe" z-applocal --target-binary="D:\a\OpenCppCoverage-ARM64\OpenCppCoverage-ARM64\Debug\OpenCppCoverage.exe" --installed-bin-dir="D:\a\OpenCppCoverage-ARM64\OpenCppCoverage-ARM64\vcpkg_installed\x86-windows\debug\bin" --tlog-file="Debug\OpenCppCoverage.tlog\OpenCppCoverage.write.1u.tlog" --copied-files-log="Debug\vcpkg.applocal.log"
2026-08-20T10:17:39.7838135Z          D:\a\OpenCppCoverage-ARM64\OpenCppCoverage-ARM64\vcpkg_installed\x86-windows\debug\bin\boost_log-vc143-mt-gd-x32-1_91.dll
2026-08-20T10:17:39.7843230Z          D:\a\OpenCppCoverage-ARM64\OpenCppCoverage-ARM64\vcpkg_installed\x86-windows\debug\bin\boost_filesystem-vc143-mt-gd-x32-1_91.dll
2026-08-20T10:17:39.7846188Z          D:\a\OpenCppCoverage-ARM64\OpenCppCoverage-ARM64\vcpkg_installed\x86-windows\debug\bin\boost_thread-vc143-mt-gd-x32-1_91.dll
2026-08-20T10:17:39.7850266Z          D:\a\OpenCppCoverage-ARM64\OpenCppCoverage-ARM64\vcpkg_installed\x86-windows\debug\bin\boost_program_options-vc143-mt-gd-x32-1_91.dll
2026-08-20T10:17:39.7854363Z          D:\a\OpenCppCoverage-ARM64\OpenCppCoverage-ARM64\vcpkg_installed\x86-windows\debug\bin\boost_iostreams-vc143-mt-gd-x32-1_91.dll
2026-08-20T10:17:39.7857950Z          D:\a\OpenCppCoverage-ARM64\OpenCppCoverage-ARM64\vcpkg_installed\x86-windows\debug\bin\zd.dll
2026-08-20T10:17:39.7860104Z          D:\a\OpenCppCoverage-ARM64\OpenCppCoverage-ARM64\vcpkg_installed\x86-windows\debug\bin\bz2d.dll
2026-08-20T10:17:39.7865459Z          D:\a\OpenCppCoverage-ARM64\OpenCppCoverage-ARM64\vcpkg_installed\x86-windows\debug\bin\liblzma.dll
2026-08-20T10:17:39.7867336Z          D:\a\OpenCppCoverage-ARM64\OpenCppCoverage-ARM64\vcpkg_installed\x86-windows\debug\bin\zstd.dll
2026-08-20T10:17:39.7869290Z          D:\a\OpenCppCoverage-ARM64\OpenCppCoverage-ARM64\vcpkg_installed\x86-windows\debug\bin\boost_locale-vc143-mt-gd-x32-1_91.dll
2026-08-20T10:17:39.7872548Z          D:\a\OpenCppCoverage-ARM64\OpenCppCoverage-ARM64\vcpkg_installed\x86-windows\debug\bin\abseil_dll.dll
2026-08-20T10:17:39.7879462Z          D:\a\OpenCppCoverage-ARM64\OpenCppCoverage-ARM64\vcpkg_installed\x86-windows\debug\bin\libctemplate.dll
2026-08-20T10:17:39.7882944Z          D:\a\OpenCppCoverage-ARM64\OpenCppCoverage-ARM64\vcpkg_installed\x86-windows\debug\bin\libprotobuf-lited.dll
2026-08-20T10:17:39.7888388Z          D:\a\OpenCppCoverage-ARM64\OpenCppCoverage-ARM64\vcpkg_installed\x86-windows\debug\bin\libprotobufd.dll
2026-08-20T10:17:39.8315349Z        PostBuildEvent:
2026-08-20T10:17:39.8316889Z          if not exist "D:\a\OpenCppCoverage-ARM64\OpenCppCoverage-ARM64\Debug\Plugins\Exporter" mkdir "D:\a\OpenCppCoverage-ARM64\OpenCppCoverage-ARM64\Debug\Plugins\Exporter"
2026-08-20T10:17:39.8318199Z          :VCEnd
2026-08-20T10:17:39.8685259Z        FinalizeBuildStatus:
2026-08-20T10:17:39.8686021Z          Deleting file "Debug\OpenCppCoverage.tlog\unsuccessfulbuild".
2026-08-20T10:17:39.8690783Z          Touching "Debug\OpenCppCoverage.tlog\OpenCppCoverage.lastbuildstate".
2026-08-20T10:17:39.8712155Z      6>Done Building Project "D:\a\OpenCppCoverage-ARM64\OpenCppCoverage-ARM64\OpenCppCoverage\OpenCppCoverage.vcxproj" (default targets).
2026-08-20T10:17:41.2620699Z     21>ClCompile:
2026-08-20T10:17:41.2621367Z          ExporterTest.cpp
2026-08-20T10:17:42.1346889Z          HtmlExporterTest.cpp
2026-08-20T10:17:42.6879414Z          HtmlFileCoverageExporterTest.cpp
2026-08-20T10:17:43.6679079Z          HtmlFolderStructureTest.cpp
2026-08-20T10:17:44.0062986Z          TemplateHtmlExporterTest.cpp
2026-08-20T10:17:44.7014151Z          Generating Code...
2026-08-20T10:17:45.4815509Z        Link:
2026-08-20T10:17:45.4820393Z          C:\Program Files\Microsoft Visual Studio\2022\Enterprise\VC\Tools\MSVC\14.44.35207\bin\HostX64\x86\link.exe /ERRORREPORT:QUEUE /OUT:"D:\a\OpenCppCoverage-ARM64\OpenCppCoverage-ARM64\Debug\ExporterTest.exe" /INCREMENTAL /ILK:"Debug\ExporterTest.ilk" /NOLOGO /LIBPATH:"D:\a\OpenCppCoverage-ARM64\OpenCppCoverage-ARM64\vcpkg_installed\x86-windows\debug\lib" /LIBPATH:"D:\a\OpenCppCoverage-ARM64\OpenCppCoverage-ARM64\vcpkg_installed\x86-windows\debug\lib\manual-link" gmock.lib gtest.lib bcrypt.lib kernel32.lib user32.lib gdi32.lib winspool.lib comdlg32.lib advapi32.lib shell32.lib ole32.lib oleaut32.lib uuid.lib odbc32.lib odbccp32.lib "D:\a\OpenCppCoverage-ARM64\OpenCppCoverage-ARM64\vcpkg_installed\x86-windows\debug\lib\*.lib" /MANIFEST /MANIFESTUAC:"level='asInvoker' uiAccess='false'" /manifest:embed /DEBUG /PDB:"D:\a\OpenCppCoverage-ARM64\OpenCppCoverage-ARM64\Debug\ExporterTest.pdb" /SUBSYSTEM:CONSOLE /TLBID:1 /DYNAMICBASE /NXCOMPAT /IMPLIB:"D:\a\OpenCppCoverage-ARM64\OpenCppCoverage-ARM64\Debug\ExporterTest.lib" /MACHINE:X86 Debug\BinaryExporterTest.obj
2026-08-20T10:17:45.4824501Z          Debug\CoberturaExporterTest.obj
2026-08-20T10:17:45.4824789Z          Debug\CoverageDataSerializerTest.obj
2026-08-20T10:17:45.4825088Z          Debug\ExporterPluginManagerTest.obj
2026-08-20T10:17:45.4825359Z          Debug\ExporterTest.obj
2026-08-20T10:17:45.4825594Z          Debug\HtmlExporterTest.obj
2026-08-20T10:17:45.4825864Z          Debug\HtmlFileCoverageExporterTest.obj
2026-08-20T10:17:45.4826164Z          Debug\HtmlFolderStructureTest.obj
2026-08-20T10:17:45.4826416Z          Debug\stdafx.obj
2026-08-20T10:17:45.4826640Z          Debug\TemplateHtmlExporterTest.obj
2026-08-20T10:17:45.4827032Z          "D:\a\OpenCppCoverage-ARM64\OpenCppCoverage-ARM64\Debug\CppCoverage.lib"
2026-08-20T10:17:45.4827759Z          "D:\a\OpenCppCoverage-ARM64\OpenCppCoverage-ARM64\Debug\Exporter.lib"
2026-08-20T10:17:45.4828363Z          "D:\a\OpenCppCoverage-ARM64\OpenCppCoverage-ARM64\Debug\Plugin.lib"
2026-08-20T10:17:45.4828846Z          "D:\a\OpenCppCoverage-ARM64\OpenCppCoverage-ARM64\Debug\TestHelper.lib"
2026-08-20T10:17:45.4829315Z          "D:\a\OpenCppCoverage-ARM64\OpenCppCoverage-ARM64\Debug\Tools.lib"
2026-08-20T10:17:45.5806425Z             Creating library D:\a\OpenCppCoverage-ARM64\OpenCppCoverage-ARM64\Debug\ExporterTest.lib and object D:\a\OpenCppCoverage-ARM64\OpenCppCoverage-ARM64\Debug\ExporterTest.exp
2026-08-20T10:17:45.7137080Z          ExporterTest.vcxproj -> D:\a\OpenCppCoverage-ARM64\OpenCppCoverage-ARM64\Debug\ExporterTest.exe
2026-08-20T10:17:45.7186753Z        AppLocalFromInstalled:
2026-08-20T10:17:45.7189383Z          "C:\Users\runneradmin\AppData\Local\OpenCppCoverage\vcpkg\vcpkg.exe" z-applocal --target-binary="D:\a\OpenCppCoverage-ARM64\OpenCppCoverage-ARM64\Debug\ExporterTest.exe" --installed-bin-dir="D:\a\OpenCppCoverage-ARM64\OpenCppCoverage-ARM64\vcpkg_installed\x86-windows\debug\bin" --tlog-file="Debug\ExporterTest.tlog\ExporterTest.write.1u.tlog" --copied-files-log="Debug\vcpkg.applocal.log"
2026-08-20T10:17:45.7636490Z          D:\a\OpenCppCoverage-ARM64\OpenCppCoverage-ARM64\vcpkg_installed\x86-windows\debug\bin\gmock.dll
2026-08-20T10:17:45.7639610Z          D:\a\OpenCppCoverage-ARM64\OpenCppCoverage-ARM64\vcpkg_installed\x86-windows\debug\bin\libctemplate.dll
2026-08-20T10:17:45.7642658Z          D:\a\OpenCppCoverage-ARM64\OpenCppCoverage-ARM64\vcpkg_installed\x86-windows\debug\bin\boost_log-vc143-mt-gd-x32-1_91.dll
2026-08-20T10:17:45.7644938Z          D:\a\OpenCppCoverage-ARM64\OpenCppCoverage-ARM64\vcpkg_installed\x86-windows\debug\bin\boost_filesystem-vc143-mt-gd-x32-1_91.dll
2026-08-20T10:17:45.7648311Z          D:\a\OpenCppCoverage-ARM64\OpenCppCoverage-ARM64\vcpkg_installed\x86-windows\debug\bin\boost_thread-vc143-mt-gd-x32-1_91.dll
2026-08-20T10:17:45.7652271Z          D:\a\OpenCppCoverage-ARM64\OpenCppCoverage-ARM64\vcpkg_installed\x86-windows\debug\bin\boost_program_options-vc143-mt-gd-x32-1_91.dll
2026-08-20T10:17:45.7655712Z          D:\a\OpenCppCoverage-ARM64\OpenCppCoverage-ARM64\vcpkg_installed\x86-windows\debug\bin\boost_iostreams-vc143-mt-gd-x32-1_91.dll
2026-08-20T10:17:45.7658113Z          D:\a\OpenCppCoverage-ARM64\OpenCppCoverage-ARM64\vcpkg_installed\x86-windows\debug\bin\zd.dll
2026-08-20T10:17:45.7661042Z          D:\a\OpenCppCoverage-ARM64\OpenCppCoverage-ARM64\vcpkg_installed\x86-windows\debug\bin\bz2d.dll
2026-08-20T10:17:45.7663487Z          D:\a\OpenCppCoverage-ARM64\OpenCppCoverage-ARM64\vcpkg_installed\x86-windows\debug\bin\liblzma.dll
2026-08-20T10:17:45.7666672Z          D:\a\OpenCppCoverage-ARM64\OpenCppCoverage-ARM64\vcpkg_installed\x86-windows\debug\bin\zstd.dll
2026-08-20T10:17:45.7668191Z          D:\a\OpenCppCoverage-ARM64\OpenCppCoverage-ARM64\vcpkg_installed\x86-windows\debug\bin\boost_locale-vc143-mt-gd-x32-1_91.dll
2026-08-20T10:17:45.7669565Z          D:\a\OpenCppCoverage-ARM64\OpenCppCoverage-ARM64\vcpkg_installed\x86-windows\debug\bin\abseil_dll.dll
2026-08-20T10:17:45.7671640Z          D:\a\OpenCppCoverage-ARM64\OpenCppCoverage-ARM64\vcpkg_installed\x86-windows\debug\bin\libprotobuf-lited.dll
2026-08-20T10:17:45.7673914Z          D:\a\OpenCppCoverage-ARM64\OpenCppCoverage-ARM64\vcpkg_installed\x86-windows\debug\bin\libprotobufd.dll
2026-08-20T10:17:45.7676505Z          D:\a\OpenCppCoverage-ARM64\OpenCppCoverage-ARM64\vcpkg_installed\x86-windows\debug\bin\PocoFoundationd.dll
2026-08-20T10:17:45.7678714Z          D:\a\OpenCppCoverage-ARM64\OpenCppCoverage-ARM64\vcpkg_installed\x86-windows\debug\bin\pcre2-8d.dll
2026-08-20T10:17:45.7680061Z          D:\a\OpenCppCoverage-ARM64\OpenCppCoverage-ARM64\vcpkg_installed\x86-windows\debug\bin\utf8proc.dll
2026-08-20T10:17:45.8211065Z        FinalizeBuildStatus:
2026-08-20T10:17:45.8211702Z          Deleting file "Debug\ExporterTest.tlog\unsuccessfulbuild".
2026-08-20T10:17:45.8216275Z          Touching "Debug\ExporterTest.tlog\ExporterTest.lastbuildstate".
2026-08-20T10:17:45.8232828Z     21>Done Building Project "D:\a\OpenCppCoverage-ARM64\OpenCppCoverage-ARM64\ExporterTest\ExporterTest.vcxproj" (default targets).
2026-08-20T10:17:45.8246334Z      3>Done Building Project "D:\a\OpenCppCoverage-ARM64\OpenCppCoverage-ARM64\ExporterTest\ExporterTest.vcxproj.metaproj" (default targets).
2026-08-20T10:17:45.8656230Z      1>Project "D:\a\OpenCppCoverage-ARM64\OpenCppCoverage-ARM64\CppCoverage.sln" (1) is building "D:\a\OpenCppCoverage-ARM64\OpenCppCoverage-ARM64\OpenCppCoverageTest\OpenCppCoverageTest.vcxproj.metaproj" (4) on node 1 (default targets).
2026-08-20T10:17:45.8659859Z      4>Project "D:\a\OpenCppCoverage-ARM64\OpenCppCoverage-ARM64\OpenCppCoverageTest\OpenCppCoverageTest.vcxproj.metaproj" (4) is building "D:\a\OpenCppCoverage-ARM64\OpenCppCoverage-ARM64\OpenCppCoverageTest\OpenCppCoverageTest.vcxproj" (22) on node 1 (default targets).
2026-08-20T10:17:45.8662007Z     22>PrepareForBuild:
2026-08-20T10:17:45.8662457Z          Creating directory "Debug\".
2026-08-20T10:17:45.8675789Z          Structured output is enabled. The formatting of compiler diagnostics will reflect the error hierarchy. See https://aka.ms/cpp/structured-output for more details.
2026-08-20T10:17:45.8677213Z          Creating directory "Debug\OpenCppC.F892B2B1.tlog\".
2026-08-20T10:17:45.8692187Z        InitializeBuildStatus:
2026-08-20T10:17:45.8693056Z          Creating "Debug\OpenCppC.F892B2B1.tlog\unsuccessfulbuild" because "AlwaysCreate" was specified.
2026-08-20T10:17:45.8694078Z          Touching "Debug\OpenCppC.F892B2B1.tlog\unsuccessfulbuild".
2026-08-20T10:17:45.8971004Z        VcpkgTripletSelection:
2026-08-20T10:17:45.8971687Z          Using triplet "x86-windows" from "D:\a\OpenCppCoverage-ARM64\OpenCppCoverage-ARM64\vcpkg_installed\x86-windows\"
2026-08-20T10:17:45.8972256Z          Using normalized configuration "Debug"
2026-08-20T10:17:45.8973086Z        VcpkgBootstrap:
2026-08-20T10:17:45.8973876Z        Skipping target "VcpkgBootstrap" because all output files are up-to-date with respect to the input files.
2026-08-20T10:17:45.8974761Z        VcpkgInstallManifestDependencies:
2026-08-20T10:17:45.8975431Z        Skipping target "VcpkgInstallManifestDependencies" because all output files are up-to-date with respect to the input files.
2026-08-20T10:17:45.9015700Z        ClCompile:
2026-08-20T10:17:45.9023337Z          C:\Program Files\Microsoft Visual Studio\2022\Enterprise\VC\Tools\MSVC\14.44.35207\bin\HostX64\x86\CL.exe /c /I"D:\a\OpenCppCoverage-ARM64\OpenCppCoverage-ARM64\\" /I"D:\a\OpenCppCoverage-ARM64\OpenCppCoverage-ARM64\OpenCppCoverageTest\\" /I"D:\a\OpenCppCoverage-ARM64\OpenCppCoverage-ARM64\vcpkg_installed\x86-windows\include" /ZI /JMC /nologo /W3 /WX /diagnostics:column /sdl /Od /Oy- /D WIN32 /D _DEBUG /D _CONSOLE /D _LIB /D GTEST_LINKED_AS_SHARED_LIBRARY=1 /D _SILENCE_TR1_NAMESPACE_DEPRECATION_WARNING /D BOOST_CONFIG_SUPPRESS_OUTDATED_MESSAGE /D "OPENCPPCOVERAGE_VERSION=\"0.9.9.0\"" /D _CRT_SECURE_NO_WARNINGS /D "PROJECT_DIR=R\"|(D:\a\OpenCppCoverage-ARM64\OpenCppCoverage-ARM64\OpenCppCoverageTest\)|\"" /D "SOLUTION_DIR=R\"|(D:\a\OpenCppCoverage-ARM64\OpenCppCoverage-ARM64\)|\"" /D "TARGET_FILE_NAME=R\"|(OpenCppCoverageTest.exe)|\"" /D "OUT_DIR=R\"|(D:\a\OpenCppCoverage-ARM64\OpenCppCoverage-ARM64\Debug\)|\"" /D NOMINMAX /D _UNICODE /D UNICODE /Gm- /EHsc /RTC1 /MDd /GS /fp:precise /Zc:wchar_t /Zc:forScope /Zc:inline /std:c++17 /permissive- /Yc"stdafx.h" /Fp"Debug\OpenCppCoverageTest.pch" /Fo"Debug\\" /Fd"Debug\vc143.pdb" /external:W3 /Gd /TP /wd4251 /wd4275 /analyze- /FC /errorReport:queue stdafx.cpp
2026-08-20T10:17:45.9354682Z          stdafx.cpp
2026-08-20T10:17:47.7116542Z          C:\Program Files\Microsoft Visual Studio\2022\Enterprise\VC\Tools\MSVC\14.44.35207\bin\HostX64\x86\CL.exe /c /I"D:\a\OpenCppCoverage-ARM64\OpenCppCoverage-ARM64\\" /I"D:\a\OpenCppCoverage-ARM64\OpenCppCoverage-ARM64\OpenCppCoverageTest\\" /I"D:\a\OpenCppCoverage-ARM64\OpenCppCoverage-ARM64\vcpkg_installed\x86-windows\include" /ZI /JMC /nologo /W3 /WX /diagnostics:column /sdl /Od /Oy- /D WIN32 /D _DEBUG /D _CONSOLE /D _LIB /D GTEST_LINKED_AS_SHARED_LIBRARY=1 /D _SILENCE_TR1_NAMESPACE_DEPRECATION_WARNING /D BOOST_CONFIG_SUPPRESS_OUTDATED_MESSAGE /D "OPENCPPCOVERAGE_VERSION=\"0.9.9.0\"" /D _CRT_SECURE_NO_WARNINGS /D "PROJECT_DIR=R\"|(D:\a\OpenCppCoverage-ARM64\OpenCppCoverage-ARM64\OpenCppCoverageTest\)|\"" /D "SOLUTION_DIR=R\"|(D:\a\OpenCppCoverage-ARM64\OpenCppCoverage-ARM64\)|\"" /D "TARGET_FILE_NAME=R\"|(OpenCppCoverageTest.exe)|\"" /D "OUT_DIR=R\"|(D:\a\OpenCppCoverage-ARM64\OpenCppCoverage-ARM64\Debug\)|\"" /D NOMINMAX /D _UNICODE /D UNICODE /Gm- /EHsc /RTC1 /MDd /GS /fp:precise /Zc:wchar_t /Zc:forScope /Zc:inline /std:c++17 /permissive- /Yu"stdafx.h" /Fp"Debug\OpenCppCoverageTest.pch" /Fo"Debug\\" /Fd"Debug\vc143.pdb" /external:W3 /Gd /TP /wd4251 /wd4275 /analyze- /FC /errorReport:queue CommandLineOptionsTest.cpp ImportExportTests.cpp OpenCppCoverageConsoleTest.cpp OpenCppCoverageTest.cpp OpenCppCoverageTestTools.cpp WarningManagerTests.cpp
2026-08-20T10:17:47.7450822Z          CommandLineOptionsTest.cpp
2026-08-20T10:17:48.8222053Z          ImportExportTests.cpp
2026-08-20T10:17:49.4616640Z          OpenCppCoverageConsoleTest.cpp
2026-08-20T10:17:50.8901917Z          OpenCppCoverageTest.cpp
2026-08-20T10:17:50.9041474Z          OpenCppCoverageTestTools.cpp
2026-08-20T10:17:51.7028201Z          WarningManagerTests.cpp
2026-08-20T10:17:52.7077411Z          Generating Code...
2026-08-20T10:17:53.0813539Z        Link:
2026-08-20T10:17:53.0821197Z          C:\Program Files\Microsoft Visual Studio\2022\Enterprise\VC\Tools\MSVC\14.44.35207\bin\HostX64\x86\link.exe /ERRORREPORT:QUEUE /OUT:"D:\a\OpenCppCoverage-ARM64\OpenCppCoverage-ARM64\Debug\OpenCppCoverageTest.exe" /INCREMENTAL /ILK:"Debug\OpenCppCoverageTest.ilk" /NOLOGO /LIBPATH:"D:\a\OpenCppCoverage-ARM64\OpenCppCoverage-ARM64\vcpkg_installed\x86-windows\debug\lib" /LIBPATH:"D:\a\OpenCppCoverage-ARM64\OpenCppCoverage-ARM64\vcpkg_installed\x86-windows\debug\lib\manual-link" gmock.lib gtest.lib bcrypt.lib kernel32.lib user32.lib gdi32.lib winspool.lib comdlg32.lib advapi32.lib shell32.lib ole32.lib oleaut32.lib uuid.lib odbc32.lib odbccp32.lib "D:\a\OpenCppCoverage-ARM64\OpenCppCoverage-ARM64\vcpkg_installed\x86-windows\debug\lib\*.lib" /MANIFEST /MANIFESTUAC:"level='asInvoker' uiAccess='false'" /manifest:embed /DEBUG /PDB:"D:\a\OpenCppCoverage-ARM64\OpenCppCoverage-ARM64\Debug\OpenCppCoverageTest.pdb" /SUBSYSTEM:CONSOLE /TLBID:1 /DYNAMICBASE /NXCOMPAT /IMPLIB:"D:\a\OpenCppCoverage-ARM64\OpenCppCoverage-ARM64\Debug\OpenCppCoverageTest.lib" /MACHINE:X86 Debug\CommandLineOptionsTest.obj
2026-08-20T10:17:53.0828963Z          Debug\ImportExportTests.obj
2026-08-20T10:17:53.0829424Z          Debug\OpenCppCoverageConsoleTest.obj
2026-08-20T10:17:53.0829899Z          Debug\OpenCppCoverageTest.obj
2026-08-20T10:17:53.0830374Z          Debug\OpenCppCoverageTestTools.obj
2026-08-20T10:17:53.0830826Z          Debug\stdafx.obj
2026-08-20T10:17:53.0831176Z          Debug\WarningManagerTests.obj
2026-08-20T10:17:53.0831876Z          "D:\a\OpenCppCoverage-ARM64\OpenCppCoverage-ARM64\Debug\CppCoverage.lib"
2026-08-20T10:17:53.0832728Z          "D:\a\OpenCppCoverage-ARM64\OpenCppCoverage-ARM64\Debug\Exporter.lib"
2026-08-20T10:17:53.0833545Z          "D:\a\OpenCppCoverage-ARM64\OpenCppCoverage-ARM64\Debug\Plugin.lib"
2026-08-20T10:17:53.0834477Z          "D:\a\OpenCppCoverage-ARM64\OpenCppCoverage-ARM64\Debug\TestCoverageSharedLib.lib"
2026-08-20T10:17:53.0835436Z          "D:\a\OpenCppCoverage-ARM64\OpenCppCoverage-ARM64\Debug\TestHelper.lib"
2026-08-20T10:17:53.0836311Z          "D:\a\OpenCppCoverage-ARM64\OpenCppCoverage-ARM64\Debug\Tools.lib"
2026-08-20T10:17:53.2935455Z          OpenCppCoverageTest.vcxproj -> D:\a\OpenCppCoverage-ARM64\OpenCppCoverage-ARM64\Debug\OpenCppCoverageTest.exe
2026-08-20T10:17:53.2949951Z        AppLocalFromInstalled:
2026-08-20T10:17:53.2953212Z          "C:\Users\runneradmin\AppData\Local\OpenCppCoverage\vcpkg\vcpkg.exe" z-applocal --target-binary="D:\a\OpenCppCoverage-ARM64\OpenCppCoverage-ARM64\Debug\OpenCppCoverageTest.exe" --installed-bin-dir="D:\a\OpenCppCoverage-ARM64\OpenCppCoverage-ARM64\vcpkg_installed\x86-windows\debug\bin" --tlog-file="Debug\OpenCppC.F892B2B1.tlog\OpenCppCoverageTest.write.1u.tlog" --copied-files-log="Debug\vcpkg.applocal.log"
2026-08-20T10:17:53.3405628Z          D:\a\OpenCppCoverage-ARM64\OpenCppCoverage-ARM64\vcpkg_installed\x86-windows\debug\bin\gmock.dll
2026-08-20T10:17:53.3406929Z          D:\a\OpenCppCoverage-ARM64\OpenCppCoverage-ARM64\vcpkg_installed\x86-windows\debug\bin\PocoFoundationd.dll
2026-08-20T10:17:53.3408292Z          D:\a\OpenCppCoverage-ARM64\OpenCppCoverage-ARM64\vcpkg_installed\x86-windows\debug\bin\pcre2-8d.dll
2026-08-20T10:17:53.3409522Z          D:\a\OpenCppCoverage-ARM64\OpenCppCoverage-ARM64\vcpkg_installed\x86-windows\debug\bin\zd.dll
2026-08-20T10:17:53.3410357Z          D:\a\OpenCppCoverage-ARM64\OpenCppCoverage-ARM64\vcpkg_installed\x86-windows\debug\bin\utf8proc.dll
2026-08-20T10:17:53.3411312Z          D:\a\OpenCppCoverage-ARM64\OpenCppCoverage-ARM64\vcpkg_installed\x86-windows\debug\bin\boost_log-vc143-mt-gd-x32-1_91.dll
2026-08-20T10:17:53.3412456Z          D:\a\OpenCppCoverage-ARM64\OpenCppCoverage-ARM64\vcpkg_installed\x86-windows\debug\bin\boost_filesystem-vc143-mt-gd-x32-1_91.dll
2026-08-20T10:17:53.3413823Z          D:\a\OpenCppCoverage-ARM64\OpenCppCoverage-ARM64\vcpkg_installed\x86-windows\debug\bin\boost_thread-vc143-mt-gd-x32-1_91.dll
2026-08-20T10:17:53.3414823Z          D:\a\OpenCppCoverage-ARM64\OpenCppCoverage-ARM64\vcpkg_installed\x86-windows\debug\bin\boost_program_options-vc143-mt-gd-x32-1_91.dll
2026-08-20T10:17:53.3415991Z          D:\a\OpenCppCoverage-ARM64\OpenCppCoverage-ARM64\vcpkg_installed\x86-windows\debug\bin\boost_iostreams-vc143-mt-gd-x32-1_91.dll
2026-08-20T10:17:53.3416986Z          D:\a\OpenCppCoverage-ARM64\OpenCppCoverage-ARM64\vcpkg_installed\x86-windows\debug\bin\bz2d.dll
2026-08-20T10:17:53.3417937Z          D:\a\OpenCppCoverage-ARM64\OpenCppCoverage-ARM64\vcpkg_installed\x86-windows\debug\bin\liblzma.dll
2026-08-20T10:17:53.3419132Z          D:\a\OpenCppCoverage-ARM64\OpenCppCoverage-ARM64\vcpkg_installed\x86-windows\debug\bin\zstd.dll
2026-08-20T10:17:53.3420163Z          D:\a\OpenCppCoverage-ARM64\OpenCppCoverage-ARM64\vcpkg_installed\x86-windows\debug\bin\boost_locale-vc143-mt-gd-x32-1_91.dll
2026-08-20T10:17:53.3421424Z          D:\a\OpenCppCoverage-ARM64\OpenCppCoverage-ARM64\vcpkg_installed\x86-windows\debug\bin\abseil_dll.dll
2026-08-20T10:17:53.3422583Z          D:\a\OpenCppCoverage-ARM64\OpenCppCoverage-ARM64\vcpkg_installed\x86-windows\debug\bin\libctemplate.dll
2026-08-20T10:17:53.3423941Z          D:\a\OpenCppCoverage-ARM64\OpenCppCoverage-ARM64\vcpkg_installed\x86-windows\debug\bin\libprotobuf-lited.dll
2026-08-20T10:17:53.3425257Z          D:\a\OpenCppCoverage-ARM64\OpenCppCoverage-ARM64\vcpkg_installed\x86-windows\debug\bin\libprotobufd.dll
2026-08-20T10:17:53.3680949Z        PostBuildEvent:
2026-08-20T10:17:53.3682270Z          xcopy /y "D:\a\OpenCppCoverage-ARM64\OpenCppCoverage-ARM64\Debug\TestCoverageSharedLib.dll" "D:\a\OpenCppCoverage-ARM64\OpenCppCoverage-ARM64\Debug\Plugins\Exporter"
2026-08-20T10:17:53.3683592Z          :VCEnd
2026-08-20T10:17:53.4005217Z          D:\a\OpenCppCoverage-ARM64\OpenCppCoverage-ARM64\Debug\TestCoverageSharedLib.dll
2026-08-20T10:17:53.4023802Z          1 File(s) copied
2026-08-20T10:17:53.4087850Z        FinalizeBuildStatus:
2026-08-20T10:17:53.4088499Z          Deleting file "Debug\OpenCppC.F892B2B1.tlog\unsuccessfulbuild".
2026-08-20T10:17:53.4090258Z          Touching "Debug\OpenCppC.F892B2B1.tlog\OpenCppCoverageTest.lastbuildstate".
2026-08-20T10:17:53.4091238Z     22>Done Building Project "D:\a\OpenCppCoverage-ARM64\OpenCppCoverage-ARM64\OpenCppCoverageTest\OpenCppCoverageTest.vcxproj" (default targets).
2026-08-20T10:17:53.4099034Z      4>Done Building Project "D:\a\OpenCppCoverage-ARM64\OpenCppCoverage-ARM64\OpenCppCoverageTest\OpenCppCoverageTest.vcxproj.metaproj" (default targets).
2026-08-20T10:17:53.4106853Z      1>Done Building Project "D:\a\OpenCppCoverage-ARM64\OpenCppCoverage-ARM64\CppCoverage.sln" (default targets).
2026-08-20T10:17:53.4681017Z Deferred Messages
2026-08-20T10:17:53.4685563Z          
2026-08-20T10:17:53.4685963Z          Detailed Build Summary
2026-08-20T10:17:53.4686505Z          ======================
2026-08-20T10:17:53.4686944Z              
2026-08-20T10:17:53.4688406Z          
2026-08-20T10:17:53.4689204Z          ============================== Build Hierarchy (IDs represent configurations) =====================================================
2026-08-20T10:17:53.4690224Z          Id                  : Exclusive Time   Total Time   Path (Targets)
2026-08-20T10:17:53.4691217Z          -----------------------------------------------------------------------------------------------------------------------------------
2026-08-20T10:17:53.4705113Z          0                   : 0.359s           147.263s       D:\a\OpenCppCoverage-ARM64\OpenCppCoverage-ARM64\CppCoverage.sln () 
2026-08-20T10:17:53.4706493Z          | 9                 : 0.000s           0.000s       D:\a\OpenCppCoverage-ARM64\OpenCppCoverage-ARM64\Tools\Tools.vcxproj () 
2026-08-20T10:17:53.4707797Z          | 16                : 0.000s           0.000s       D:\a\OpenCppCoverage-ARM64\OpenCppCoverage-ARM64\Plugin\Plugin.vcxproj () 
2026-08-20T10:17:53.4709193Z          | 15                : 0.000s           0.000s       D:\a\OpenCppCoverage-ARM64\OpenCppCoverage-ARM64\TestCppCli\TestCppCli.vcxproj () 
2026-08-20T10:17:53.4710808Z          | 14                : 0.000s           0.000s       D:\a\OpenCppCoverage-ARM64\OpenCppCoverage-ARM64\TestCoverageOptimizedBuild\TestCoverageOptimizedBuild.vcxproj () 
2026-08-20T10:17:53.4712455Z          | 11                : 0.000s           0.000s       D:\a\OpenCppCoverage-ARM64\OpenCppCoverage-ARM64\FileFilter\FileFilter.vcxproj () 
2026-08-20T10:17:53.4713826Z          | 5                 : 0.000s           0.000s       D:\a\OpenCppCoverage-ARM64\OpenCppCoverage-ARM64\Exporter\Exporter.vcxproj () 
2026-08-20T10:17:53.4715404Z          | 7                 : 0.000s           0.000s       D:\a\OpenCppCoverage-ARM64\OpenCppCoverage-ARM64\TestCoverageSharedLib\TestCoverageSharedLib.vcxproj () 
2026-08-20T10:17:53.4717127Z          | 3                 : 0.141s           130.814s       D:\a\OpenCppCoverage-ARM64\OpenCppCoverage-ARM64\CppCoverageTest\CppCoverageTest.vcxproj.metaproj () 
2026-08-20T10:17:53.4718803Z          | | 4               : 0.000s           0.000s       D:\a\OpenCppCoverage-ARM64\OpenCppCoverage-ARM64\TestCoverageConsole\TestCoverageConsole.vcxproj () 
2026-08-20T10:17:53.4720345Z          | | 1               : 0.000s           0.000s       D:\a\OpenCppCoverage-ARM64\OpenCppCoverage-ARM64\CppCoverage\CppCoverage.vcxproj () 
2026-08-20T10:17:53.4721774Z          | | 15              : 2.252s           32.166s       D:\a\OpenCppCoverage-ARM64\OpenCppCoverage-ARM64\TestCppCli\TestCppCli.vcxproj () 
2026-08-20T10:17:53.4723335Z          | | | 7             : 0.000s           0.000s       D:\a\OpenCppCoverage-ARM64\OpenCppCoverage-ARM64\TestCoverageSharedLib\TestCoverageSharedLib.vcxproj () 
2026-08-20T10:17:53.4725198Z          | | | 25            : 0.000s           0.000s       D:\a\OpenCppCoverage-ARM64\OpenCppCoverage-ARM64\TestCoverageSharedLib\TestCoverageSharedLib.vcxproj (GetNativeManifest) 
2026-08-20T10:17:53.4727236Z          | | . 26            : 0.000s           0.000s       D:\a\OpenCppCoverage-ARM64\OpenCppCoverage-ARM64\TestCoverageSharedLib\TestCoverageSharedLib.vcxproj (GetProjectInfoForReference) 
2026-08-20T10:17:53.4729081Z          | . 62              : 0.829s           0.845s       D:\a\OpenCppCoverage-ARM64\OpenCppCoverage-ARM64\CppCoverageTest\CppCoverageTest.vcxproj () 
2026-08-20T10:17:53.4730763Z          | | | 79            : 0.000s           0.000s       D:\a\OpenCppCoverage-ARM64\OpenCppCoverage-ARM64\CppCoverage\CppCoverage.vcxproj (GetProjectInfoForReference) 
2026-08-20T10:17:53.4734245Z          | | | 78            : 0.000s           0.000s       D:\a\OpenCppCoverage-ARM64\OpenCppCoverage-ARM64\TestCoverageConsole\TestCoverageConsole.vcxproj (GetNativeManifest) 
2026-08-20T10:17:53.4736095Z          | | | 77            : 0.000s           0.000s       D:\a\OpenCppCoverage-ARM64\OpenCppCoverage-ARM64\TestCppCli\TestCppCli.vcxproj (GetNativeManifest) 
2026-08-20T10:17:53.4737936Z          | | | 86            : 0.016s           0.016s       D:\a\OpenCppCoverage-ARM64\OpenCppCoverage-ARM64\TestCoverageConsole\TestCoverageConsole.vcxproj (GetProjectInfoForReference) 
2026-08-20T10:17:53.4739914Z          | | | 85            : 0.016s           0.016s       D:\a\OpenCppCoverage-ARM64\OpenCppCoverage-ARM64\TestCppCli\TestCppCli.vcxproj (GetProjectInfoForReference) 
2026-08-20T10:17:53.4741799Z          | | | 115           : 0.000s           0.000s       D:\a\OpenCppCoverage-ARM64\OpenCppCoverage-ARM64\TestHelper\TestHelper.vcxproj (GetCopyToOutputDirectoryItems) 
2026-08-20T10:17:53.4743690Z          | | | 111           : 0.000s           0.000s       D:\a\OpenCppCoverage-ARM64\OpenCppCoverage-ARM64\FileFilter\FileFilter.vcxproj (GetCopyToOutputDirectoryItems) 
2026-08-20T10:17:53.4747332Z          | | | 117           : 0.000s           0.000s       D:\a\OpenCppCoverage-ARM64\OpenCppCoverage-ARM64\TestCoverageConsole\TestCoverageConsole.vcxproj (GetCopyToOutputDirectoryItems) 
2026-08-20T10:17:53.4749444Z          | | . 116           : 0.000s           0.000s       D:\a\OpenCppCoverage-ARM64\OpenCppCoverage-ARM64\TestCppCli\TestCppCli.vcxproj (GetCopyToOutputDirectoryItems) 
2026-08-20T10:17:53.4751161Z          | 4                 : 1.080s           47.446s       D:\a\OpenCppCoverage-ARM64\OpenCppCoverage-ARM64\TestCoverageConsole\TestCoverageConsole.vcxproj () 
2026-08-20T10:17:53.4752553Z          | | 9               : 0.000s           0.000s       D:\a\OpenCppCoverage-ARM64\OpenCppCoverage-ARM64\Tools\Tools.vcxproj () 
2026-08-20T10:17:53.4753933Z          | | 32              : 0.000s           0.000s       D:\a\OpenCppCoverage-ARM64\OpenCppCoverage-ARM64\Tools\Tools.vcxproj (GetProjectInfoForReference) 
2026-08-20T10:17:53.4755597Z          | | 14              : 12.928s           17.774s       D:\a\OpenCppCoverage-ARM64\OpenCppCoverage-ARM64\TestCoverageOptimizedBuild\TestCoverageOptimizedBuild.vcxproj () 
2026-08-20T10:17:53.4757591Z          | | . 18            : 0.000s           0.000s       C:\Users\runneradmin\AppData\Local\OpenCppCoverage\vcpkg\scripts\buildsystems\msbuild\support\InstallImplementation.targets (VcpkgInstallImplementation) 
2026-08-20T10:17:53.4759942Z          | | 7               : 0.671s           26.330s       D:\a\OpenCppCoverage-ARM64\OpenCppCoverage-ARM64\TestCoverageSharedLib\TestCoverageSharedLib.vcxproj () 
2026-08-20T10:17:53.4761473Z          | | | 16            : 0.000s           0.000s       D:\a\OpenCppCoverage-ARM64\OpenCppCoverage-ARM64\Plugin\Plugin.vcxproj () 
2026-08-20T10:17:53.4762842Z          | | . 21            : 0.000s           0.000s       D:\a\OpenCppCoverage-ARM64\OpenCppCoverage-ARM64\Plugin\Plugin.vcxproj (GetProjectInfoForReference) 
2026-08-20T10:17:53.4764291Z          | | 29              : 0.016s           0.016s       D:\a\OpenCppCoverage-ARM64\OpenCppCoverage-ARM64\Tools\Tools.vcxproj (GetNativeManifest) 
2026-08-20T10:17:53.4766500Z          | | 27              : 0.016s           0.016s       D:\a\OpenCppCoverage-ARM64\OpenCppCoverage-ARM64\TestCoverageOptimizedBuild\TestCoverageOptimizedBuild.vcxproj (GetNativeManifest) 
2026-08-20T10:17:53.4768877Z          | | 33              : 0.017s           0.017s       D:\a\OpenCppCoverage-ARM64\OpenCppCoverage-ARM64\TestCoverageOptimizedBuild\TestCoverageOptimizedBuild.vcxproj (GetProjectInfoForReference) 
2026-08-20T10:17:53.4771311Z          | . 43              : 0.000s           0.000s       D:\a\OpenCppCoverage-ARM64\OpenCppCoverage-ARM64\TestCoverageSharedLib\TestCoverageSharedLib.vcxproj (GetCopyToOutputDirectoryItems) 
2026-08-20T10:17:53.4774227Z          | 1                 : 1.471s           63.977s       D:\a\OpenCppCoverage-ARM64\OpenCppCoverage-ARM64\CppCoverage\CppCoverage.vcxproj () 
2026-08-20T10:17:53.4775912Z          | | 9               : 0.000s           0.000s       D:\a\OpenCppCoverage-ARM64\OpenCppCoverage-ARM64\Tools\Tools.vcxproj () 
2026-08-20T10:17:53.4777276Z          | | 16              : 0.000s           0.000s       D:\a\OpenCppCoverage-ARM64\OpenCppCoverage-ARM64\Plugin\Plugin.vcxproj () 
2026-08-20T10:17:53.4778853Z          | | 47              : 0.000s           0.000s       D:\a\OpenCppCoverage-ARM64\OpenCppCoverage-ARM64\FileFilter\FileFilter.vcxproj (GetNativeManifest) 
2026-08-20T10:17:53.4780445Z          | | 11              : 0.918s           46.877s       D:\a\OpenCppCoverage-ARM64\OpenCppCoverage-ARM64\FileFilter\FileFilter.vcxproj () 
2026-08-20T10:17:53.4781827Z          | | | 9             : 0.000s           0.000s       D:\a\OpenCppCoverage-ARM64\OpenCppCoverage-ARM64\Tools\Tools.vcxproj () 
2026-08-20T10:17:53.4783266Z          | | . 32            : 0.017s           0.017s       D:\a\OpenCppCoverage-ARM64\OpenCppCoverage-ARM64\Tools\Tools.vcxproj (GetProjectInfoForReference) 
2026-08-20T10:17:53.4785233Z          | . 52              : 0.000s           0.000s       D:\a\OpenCppCoverage-ARM64\OpenCppCoverage-ARM64\FileFilter\FileFilter.vcxproj (GetProjectInfoForReference) 
2026-08-20T10:17:53.4789046Z          | 2                 : 2.173s           129.564s       D:\a\OpenCppCoverage-ARM64\OpenCppCoverage-ARM64\OpenCppCoverage\OpenCppCoverage.vcxproj () 
2026-08-20T10:17:53.4790698Z          | | 16              : 0.000s           0.000s       D:\a\OpenCppCoverage-ARM64\OpenCppCoverage-ARM64\Plugin\Plugin.vcxproj () 
2026-08-20T10:17:53.4792113Z          | | 5               : 0.000s           0.000s       D:\a\OpenCppCoverage-ARM64\OpenCppCoverage-ARM64\Exporter\Exporter.vcxproj () 
2026-08-20T10:17:53.4795956Z          | | 1               : 0.000s           0.000s       D:\a\OpenCppCoverage-ARM64\OpenCppCoverage-ARM64\CppCoverage\CppCoverage.vcxproj () 
2026-08-20T10:17:53.4797613Z          | | 9               : 13.474s           18.321s       D:\a\OpenCppCoverage-ARM64\OpenCppCoverage-ARM64\Tools\Tools.vcxproj () 
2026-08-20T10:17:53.4803325Z          | | . 18            : 0.000s           0.000s       C:\Users\runneradmin\AppData\Local\OpenCppCoverage\vcpkg\scripts\buildsystems\msbuild\support\InstallImplementation.targets (VcpkgInstallImplementation) 
2026-08-20T10:17:53.4805712Z          | | 90              : 0.000s           0.000s       D:\a\OpenCppCoverage-ARM64\OpenCppCoverage-ARM64\Exporter\Exporter.vcxproj (GetNativeManifest) 
2026-08-20T10:17:53.4807541Z          | . 93              : 0.000s           0.000s       D:\a\OpenCppCoverage-ARM64\OpenCppCoverage-ARM64\Exporter\Exporter.vcxproj (GetProjectInfoForReference) 
2026-08-20T10:17:53.4809288Z          | 6                 : 0.000s           139.194s       D:\a\OpenCppCoverage-ARM64\OpenCppCoverage-ARM64\ExporterTest\ExporterTest.vcxproj.metaproj () 
2026-08-20T10:17:53.4811164Z          | | 1               : 0.000s           0.000s       D:\a\OpenCppCoverage-ARM64\OpenCppCoverage-ARM64\CppCoverage\CppCoverage.vcxproj () 
2026-08-20T10:17:53.4812423Z          | | 5               : 1.123s           104.423s       D:\a\OpenCppCoverage-ARM64\OpenCppCoverage-ARM64\Exporter\Exporter.vcxproj () 
2026-08-20T10:17:53.4813689Z          | | | 9             : 0.000s           0.000s       D:\a\OpenCppCoverage-ARM64\OpenCppCoverage-ARM64\Tools\Tools.vcxproj () 
2026-08-20T10:17:53.4815046Z          | | | 1             : 0.000s           0.000s       D:\a\OpenCppCoverage-ARM64\OpenCppCoverage-ARM64\CppCoverage\CppCoverage.vcxproj () 
2026-08-20T10:17:53.4816402Z          | | | 16            : 12.255s           17.102s       D:\a\OpenCppCoverage-ARM64\OpenCppCoverage-ARM64\Plugin\Plugin.vcxproj () 
2026-08-20T10:17:53.4819012Z          | | | . 18          : 4.847s           4.847s       C:\Users\runneradmin\AppData\Local\OpenCppCoverage\vcpkg\scripts\buildsystems\msbuild\support\InstallImplementation.targets (VcpkgInstallImplementation) 
2026-08-20T10:17:53.4821221Z          | | | 61            : 0.000s           0.000s       D:\a\OpenCppCoverage-ARM64\OpenCppCoverage-ARM64\CppCoverage\CppCoverage.vcxproj (GetNativeManifest) 
2026-08-20T10:17:53.4822928Z          | | | 79            : 0.016s           0.016s       D:\a\OpenCppCoverage-ARM64\OpenCppCoverage-ARM64\CppCoverage\CppCoverage.vcxproj (GetProjectInfoForReference) 
2026-08-20T10:17:53.4824794Z          | | . 87            : 0.000s           0.000s       D:\a\OpenCppCoverage-ARM64\OpenCppCoverage-ARM64\CppCoverage\CppCoverage.vcxproj (GetCopyToOutputDirectoryItems) 
2026-08-20T10:17:53.4826456Z          | . 88              : 0.609s           0.609s       D:\a\OpenCppCoverage-ARM64\OpenCppCoverage-ARM64\ExporterTest\ExporterTest.vcxproj () 
2026-08-20T10:17:53.4828144Z          | 8                 : 0.000s           146.779s       D:\a\OpenCppCoverage-ARM64\OpenCppCoverage-ARM64\OpenCppCoverageTest\OpenCppCoverageTest.vcxproj.metaproj () 
2026-08-20T10:17:53.4829898Z          | | 2               : 0.000s           0.000s       D:\a\OpenCppCoverage-ARM64\OpenCppCoverage-ARM64\OpenCppCoverage\OpenCppCoverage.vcxproj () 
2026-08-20T10:17:53.4831491Z          | | 3               : 0.000s           0.000s       D:\a\OpenCppCoverage-ARM64\OpenCppCoverage-ARM64\CppCoverageTest\CppCoverageTest.vcxproj.metaproj () 
2026-08-20T10:17:53.4833793Z          | | 6               : 0.000s           0.000s       D:\a\OpenCppCoverage-ARM64\OpenCppCoverage-ARM64\ExporterTest\ExporterTest.vcxproj.metaproj () 
2026-08-20T10:17:53.4835813Z          | . 126             : 0.422s           0.438s       D:\a\OpenCppCoverage-ARM64\OpenCppCoverage-ARM64\OpenCppCoverageTest\OpenCppCoverageTest.vcxproj () 
2026-08-20T10:17:53.4837652Z          | | | 129           : 0.000s           0.000s       D:\a\OpenCppCoverage-ARM64\OpenCppCoverage-ARM64\OpenCppCoverage\OpenCppCoverage.vcxproj (GetNativeManifest) 
2026-08-20T10:17:53.4839396Z          | | | 128           : 0.000s           0.000s       D:\a\OpenCppCoverage-ARM64\OpenCppCoverage-ARM64\CppCoverageTest\CppCoverageTest.vcxproj (GetNativeManifest) 
2026-08-20T10:17:53.4841903Z          | | | 127           : 0.000s           0.000s       D:\a\OpenCppCoverage-ARM64\OpenCppCoverage-ARM64\ExporterTest\ExporterTest.vcxproj (GetNativeManifest) 
2026-08-20T10:17:53.4844052Z          | | | 131           : 0.016s           0.016s       D:\a\OpenCppCoverage-ARM64\OpenCppCoverage-ARM64\CppCoverageTest\CppCoverageTest.vcxproj (GetProjectInfoForReference) 
2026-08-20T10:17:53.4846080Z          | | | 130           : 0.016s           0.016s       D:\a\OpenCppCoverage-ARM64\OpenCppCoverage-ARM64\ExporterTest\ExporterTest.vcxproj (GetProjectInfoForReference) 
2026-08-20T10:17:53.4847853Z          | | | 132           : 0.000s           0.000s       D:\a\OpenCppCoverage-ARM64\OpenCppCoverage-ARM64\OpenCppCoverage\OpenCppCoverage.vcxproj (GetProjectInfoForReference) 
2026-08-20T10:17:53.4849888Z          | | | 135           : 0.000s           0.000s       D:\a\OpenCppCoverage-ARM64\OpenCppCoverage-ARM64\OpenCppCoverage\OpenCppCoverage.vcxproj (GetCopyToOutputDirectoryItems) 
2026-08-20T10:17:53.4851942Z          | | | 134           : 0.000s           0.000s       D:\a\OpenCppCoverage-ARM64\OpenCppCoverage-ARM64\CppCoverageTest\CppCoverageTest.vcxproj (GetCopyToOutputDirectoryItems) 
2026-08-20T10:17:53.4853897Z          | | . 133           : 0.000s           0.000s       D:\a\OpenCppCoverage-ARM64\OpenCppCoverage-ARM64\ExporterTest\ExporterTest.vcxproj (GetCopyToOutputDirectoryItems) 
2026-08-20T10:17:53.4855557Z          | 10                : 0.780s           46.238s       D:\a\OpenCppCoverage-ARM64\OpenCppCoverage-ARM64\TestHelper\TestHelper.vcxproj () 
2026-08-20T10:17:53.4856869Z          | | 9               : 0.000s           0.000s       D:\a\OpenCppCoverage-ARM64\OpenCppCoverage-ARM64\Tools\Tools.vcxproj () 
2026-08-20T10:17:53.4858752Z          | | 16              : 0.000s           0.000s       D:\a\OpenCppCoverage-ARM64\OpenCppCoverage-ARM64\Plugin\Plugin.vcxproj () 
2026-08-20T10:17:53.4860882Z          | | 29              : 0.000s           0.000s       D:\a\OpenCppCoverage-ARM64\OpenCppCoverage-ARM64\Tools\Tools.vcxproj (GetNativeManifest) 
2026-08-20T10:17:53.4862508Z          | . 38              : 0.000s           0.000s       D:\a\OpenCppCoverage-ARM64\OpenCppCoverage-ARM64\Tools\Tools.vcxproj (GetCopyToOutputDirectoryItems) 
2026-08-20T10:17:53.4864149Z          | 12                : 0.672s           62.646s       D:\a\OpenCppCoverage-ARM64\OpenCppCoverage-ARM64\FileFilterTest\FileFilterTest.vcxproj () 
2026-08-20T10:17:53.4865570Z          | | 9               : 0.000s           0.000s       D:\a\OpenCppCoverage-ARM64\OpenCppCoverage-ARM64\Tools\Tools.vcxproj () 
2026-08-20T10:17:53.4866900Z          | | 10              : 0.000s           0.000s       D:\a\OpenCppCoverage-ARM64\OpenCppCoverage-ARM64\TestHelper\TestHelper.vcxproj () 
2026-08-20T10:17:53.4868568Z          | | 14              : 0.000s           0.000s       D:\a\OpenCppCoverage-ARM64\OpenCppCoverage-ARM64\TestCoverageOptimizedBuild\TestCoverageOptimizedBuild.vcxproj () 
2026-08-20T10:17:53.4870243Z          | | 11              : 0.000s           0.000s       D:\a\OpenCppCoverage-ARM64\OpenCppCoverage-ARM64\FileFilter\FileFilter.vcxproj () 
2026-08-20T10:17:53.4871841Z          | | 52              : 0.000s           0.000s       D:\a\OpenCppCoverage-ARM64\OpenCppCoverage-ARM64\FileFilter\FileFilter.vcxproj (GetProjectInfoForReference) 
2026-08-20T10:17:53.4873571Z          | | 47              : 0.000s           0.000s       D:\a\OpenCppCoverage-ARM64\OpenCppCoverage-ARM64\FileFilter\FileFilter.vcxproj (GetNativeManifest) 
2026-08-20T10:17:53.4875619Z          | . 57              : 0.000s           0.000s       D:\a\OpenCppCoverage-ARM64\OpenCppCoverage-ARM64\TestCoverageOptimizedBuild\TestCoverageOptimizedBuild.vcxproj (GetCopyToOutputDirectoryItems) 
2026-08-20T10:17:53.4877807Z          | 13                : 1.614s           54.159s       D:\a\OpenCppCoverage-ARM64\OpenCppCoverage-ARM64\ToolsTest\ToolsTest.vcxproj () 
2026-08-20T10:17:53.4879126Z          | | 9               : 0.000s           0.000s       D:\a\OpenCppCoverage-ARM64\OpenCppCoverage-ARM64\Tools\Tools.vcxproj () 
2026-08-20T10:17:53.4880441Z          | | 10              : 0.000s           0.000s       D:\a\OpenCppCoverage-ARM64\OpenCppCoverage-ARM64\TestHelper\TestHelper.vcxproj () 
2026-08-20T10:17:53.4881981Z          | | 39              : 0.005s           0.005s       D:\a\OpenCppCoverage-ARM64\OpenCppCoverage-ARM64\TestHelper\TestHelper.vcxproj (GetNativeManifest) 
2026-08-20T10:17:53.4886648Z          | . 41              : 0.010s           0.010s       D:\a\OpenCppCoverage-ARM64\OpenCppCoverage-ARM64\TestHelper\TestHelper.vcxproj (GetProjectInfoForReference) 
2026-08-20T10:17:53.4888276Z          . 17                : 0.783s           26.112s       D:\a\OpenCppCoverage-ARM64\OpenCppCoverage-ARM64\PluginTest\PluginTest.vcxproj () 
2026-08-20T10:17:53.4889658Z          | | 16              : 0.000s           0.000s       D:\a\OpenCppCoverage-ARM64\OpenCppCoverage-ARM64\Plugin\Plugin.vcxproj () 
2026-08-20T10:17:53.4891579Z          | . 19              : 0.016s           0.016s       D:\a\OpenCppCoverage-ARM64\OpenCppCoverage-ARM64\Plugin\Plugin.vcxproj (GetNativeManifest) 
2026-08-20T10:17:53.4892571Z          
2026-08-20T10:17:53.4893292Z          ============================== Node Utilization (IDs represent configurations) ====================================================
2026-08-20T10:17:53.4894304Z          Timestamp:            1       3       2       4        Duration   Cumulative
2026-08-20T10:17:53.4895275Z          -----------------------------------------------------------------------------------------------------------------------------------
2026-08-20T10:17:53.4896266Z          639228177261386072:   0       x       x       x        0.359s     0.359s .......
2026-08-20T10:17:53.4897034Z          639228177264979827:   3       x       x       x        0.110s     0.469s ..
2026-08-20T10:17:53.4898442Z          639228177266076056:   |       1       2       4        0.016s     0.485s 
2026-08-20T10:17:53.4900186Z          639228177266232367:   5       |       |       |        0.422s     0.907s ........
2026-08-20T10:17:53.4900976Z          639228177270451208:   16      |       9       |        0.047s     0.953s 
2026-08-20T10:17:53.4901977Z          639228177270920740:   |       |       |       14       0.141s     1.094s ..
2026-08-20T10:17:53.4902821Z          639228177272326960:   |       11      |       |        0.078s     1.172s .
2026-08-20T10:17:53.4903589Z          639228177273108199:   |       7       |       |        0.094s     1.266s .
2026-08-20T10:17:53.4904385Z          639228177274045711:   |       15      |       |        0.282s     1.548s .....
2026-08-20T10:17:53.4905164Z          639228177276863463:   |       10      |       |        0.063s     1.610s .
2026-08-20T10:17:53.4905918Z          639228177277488485:   |       12      |       |        0.078s     1.688s .
2026-08-20T10:17:53.4906697Z          639228177278269695:   |       13      |       |        0.078s     1.767s .
2026-08-20T10:17:53.4907477Z          639228177279051077:   |       17      |       |        0.078s     1.844s .
2026-08-20T10:17:53.4908398Z          639228177279828530:   |       x       |       |        10.472s     12.316s ++ (scale 1:100)
2026-08-20T10:17:53.4909582Z          639228177384550398:   18      x       x       x        4.847s     17.163s ................................................................................................
2026-08-20T10:17:53.4910740Z          639228177433018173:   16      x       9       14       0.423s     17.586s ........
2026-08-20T10:17:53.4911856Z          639228177437243473:   |       x       |       |        4.490s     22.076s .........................................................................................
2026-08-20T10:17:53.4912961Z          639228177482148139:   |       x       |       |        0.063s     22.139s .
2026-08-20T10:17:53.4913880Z          639228177482773237:   |       x       |       |        0.360s     22.498s .......
2026-08-20T10:17:53.4914644Z          639228177486369226:   |       x       |       |        0.016s     22.514s 
2026-08-20T10:17:53.4915465Z          639228177486525481:   |       x       |       |        0.844s     23.358s ................
2026-08-20T10:17:53.4916342Z          639228177494964329:   |       x       |       |        1.142s     24.500s ......................
2026-08-20T10:17:53.4917316Z          639228177506386511:   |       x       |       x        1.922s     26.423s ......................................
2026-08-20T10:17:53.4918205Z          639228177525611491:   |       x       |       x        0.360s     26.782s .......
2026-08-20T10:17:53.4918962Z          639228177529210351:   19      7       |       x        0.016s     26.798s 
2026-08-20T10:17:53.4919676Z          639228177529366678:   x       |       |       x        0.047s     26.845s 
2026-08-20T10:17:53.4920437Z          639228177529838546:   21      17      |       x        0.143s     26.989s ..
2026-08-20T10:17:53.4921206Z          639228177531272520:   |       7       |       x        0.014s     27.003s 
2026-08-20T10:17:53.4921937Z          639228177531412876:   |       |       |       x        0.314s     27.316s ......
2026-08-20T10:17:53.4922640Z          639228177534550851:   |       |       |       x        0.047s     27.363s 
2026-08-20T10:17:53.4923331Z          639228177535019518:   |       |       |       x        2.120s     29.483s ..........................................
2026-08-20T10:17:53.4923824Z          639228177556216415:   |       17      |       x        0.030s     29.513s 
2026-08-20T10:17:53.4924259Z          639228177556516246:   |       |       |       x        0.963s     30.476s ...................
2026-08-20T10:17:53.4924701Z          639228177566148290:   |       7       |       x        0.125s     30.601s ..
2026-08-20T10:17:53.4925295Z          639228177567398247:   |       |       |       x        0.328s     30.929s ......
2026-08-20T10:17:53.4926128Z          639228177570679413:   |       17      |       x        0.532s     31.461s ..........
2026-08-20T10:17:53.4926589Z          639228177575995897:   |       15      |       x        0.938s     32.399s ..................
2026-08-20T10:17:53.4927026Z          639228177585378607:   |       |       |       x        0.047s     32.446s 
2026-08-20T10:17:53.4927510Z          639228177585849372:   |       |       |       x        0.859s     33.306s .................
2026-08-20T10:17:53.4927958Z          639228177594443687:   |       |       |       x        0.985s     34.291s ...................
2026-08-20T10:17:53.4928412Z          639228177604295289:   |       x       |       x        11.104s     45.395s ++ (scale 1:100)
2026-08-20T10:17:53.4928879Z          639228177715339212:   |       x       |       x        1.564s     46.959s ...............................
2026-08-20T10:17:53.4929335Z          639228177730975152:   |       10      x       4        0.016s     46.975s 
2026-08-20T10:17:53.4929735Z          639228177731131849:   |       11      29      27       0.016s     46.990s 
2026-08-20T10:17:53.4930136Z          639228177731288093:   |       |       x       4        0.094s     47.084s .
2026-08-20T10:17:53.4930539Z          639228177732225657:   |       10      32      33       0.017s     47.101s 
2026-08-20T10:17:53.4930936Z          639228177732392260:   |       |       x       4        0.078s     47.178s .
2026-08-20T10:17:53.4931337Z          639228177733168047:   |       |       x       |        0.063s     47.241s .
2026-08-20T10:17:53.4931741Z          639228177733793166:   |       11      x       |        0.320s     47.560s ......
2026-08-20T10:17:53.4932180Z          639228177736990755:   |       |       x       |        1.035s     48.596s ....................
2026-08-20T10:17:53.4932602Z          639228177747342439:   |       |       x       |        0.020s     48.616s 
2026-08-20T10:17:53.4933049Z          639228177747542528:   |       |       x       |        1.490s     50.106s .............................
2026-08-20T10:17:53.4933492Z          639228177762442565:   |       10      x       |        0.020s     50.126s 
2026-08-20T10:17:53.4934019Z          639228177762642444:   |       |       x       |        3.645s     53.771s ........................................................................
2026-08-20T10:17:53.4934564Z          639228177799092542:   |       |       x       |        0.495s     54.266s .........
2026-08-20T10:17:53.4934974Z          639228177804042445:   |       |       38      |        0.030s     54.296s 
2026-08-20T10:17:53.4935358Z          639228177804342497:   |       39      |       |        0.005s     54.301s 
2026-08-20T10:17:53.4935749Z          639228177804392465:   |       13      |       |        0.070s     54.371s .
2026-08-20T10:17:53.4936143Z          639228177805092478:   |       41      |       |        0.010s     54.381s 
2026-08-20T10:17:53.4936533Z          639228177805192474:   |       13      |       |        0.030s     54.411s 
2026-08-20T10:17:53.4937008Z          639228177805492483:   |       |       |       |        2.405s     56.816s ................................................
2026-08-20T10:17:53.4937518Z          639228177829542550:   |       |       |       |        1.012s     57.828s ....................
2026-08-20T10:17:53.4937957Z          639228177839667423:   |       |       |       |        0.563s     58.391s ...........
2026-08-20T10:17:53.4938371Z          639228177845298193:   |       |       |       |        0.297s     58.688s .....
2026-08-20T10:17:53.4938772Z          639228177848270287:   |       |       |       |        0.096s     58.784s .
2026-08-20T10:17:53.4939176Z          639228177849230144:   |       |       |       x        0.328s     59.112s ......
2026-08-20T10:17:53.4939575Z          639228177852507810:   |       43      |       4        0.031s     59.143s 
2026-08-20T10:17:53.4940501Z          639228177852820290:   |       |       |       x        4.019s     63.162s ................................................................................
2026-08-20T10:17:53.4941059Z          639228177893010528:   |       11      |       x        0.391s     63.553s .......
2026-08-20T10:17:53.4941471Z          639228177896918404:   |       12      |       x        0.047s     63.600s 
2026-08-20T10:17:53.4941866Z          639228177897387162:   |       1       |       x        0.062s     63.663s .
2026-08-20T10:17:53.4942251Z          639228177898012055:   |       |       |       x        0.047s     63.709s 
2026-08-20T10:17:53.4942640Z          639228177898480996:   |       12      |       x        0.047s     63.756s 
2026-08-20T10:17:53.4943052Z          639228177898949662:   |       |       |       x        0.736s     64.492s ..............
2026-08-20T10:17:53.4943475Z          639228177906305344:   |       1       |       x        0.031s     64.523s 
2026-08-20T10:17:53.4943921Z          639228177906617838:   |       |       |       x        1.313s     65.836s ..........................
2026-08-20T10:17:53.4944371Z          639228177919745283:   |       12      |       x        0.016s     65.852s 
2026-08-20T10:17:53.4944930Z          639228177919901498:   |       |       |       x        4.503s     70.355s ..........................................................................................
2026-08-20T10:17:53.4945503Z          639228177964933391:   |       |       |       x        0.453s     70.808s .........
2026-08-20T10:17:53.4945930Z          639228177969467211:   |       |       |       57       0.031s     70.839s 
2026-08-20T10:17:53.4946363Z          639228177969779787:   |       1       |       |        32.630s     103.470s ++++++ (scale 1:100)
2026-08-20T10:17:53.4946836Z          639228178296083344:   |       |       |       |        0.721s     104.190s ..............
2026-08-20T10:17:53.4953760Z          639228178303290693:   5       61      62      |        0.094s     104.284s .
2026-08-20T10:17:53.4954209Z          639228178304228323:   |       77      |       78       0.047s     104.332s 
2026-08-20T10:17:53.4954626Z          639228178304703138:   x       79      |       |        0.016s     104.347s 
2026-08-20T10:17:53.4955049Z          639228178304859796:   5       85      x       86       0.016s     104.363s 
2026-08-20T10:17:53.4955452Z          639228178305016056:   |       x       62      x        0.016s     104.379s 
2026-08-20T10:17:53.4956302Z          639228178305172332:   |       x       |       x        0.031s     104.410s 
2026-08-20T10:17:53.4956769Z          639228178305484780:   |       x       |       x        0.735s     105.145s ..............
2026-08-20T10:17:53.4957205Z          639228178312833644:   |       x       |       x        0.016s     105.160s 
2026-08-20T10:17:53.4957652Z          639228178312989838:   |       x       |       x        1.344s     106.504s ..........................
2026-08-20T10:17:53.4958099Z          639228178326425668:   |       x       |       x        0.031s     106.535s 
2026-08-20T10:17:53.4958538Z          639228178326738111:   |       x       |       x        17.760s     124.295s +++ (scale 1:100)
2026-08-20T10:17:53.4958968Z          639228178504339243:   |       x       |       x        0.047s     124.343s 
2026-08-20T10:17:53.4959500Z          639228178504812697:   |       x       |       x        3.489s     127.831s .....................................................................
2026-08-20T10:17:53.4960043Z          639228178539697956:   |       x       |       x        0.403s     128.234s ........
2026-08-20T10:17:53.4960478Z          639228178543730390:   |       87      |       x        0.063s     128.297s .
2026-08-20T10:17:53.4960881Z          639228178544355392:   90      |       2       88       0.062s     128.359s .
2026-08-20T10:17:53.4961288Z          639228178544980380:   93      |       |       |        0.125s     128.484s ..
2026-08-20T10:17:53.4961869Z          639228178546230301:   |       |       |       |        0.140s     128.625s ..
2026-08-20T10:17:53.4962732Z          639228178547634898:   |       |       |       |        1.001s     129.626s ....................
2026-08-20T10:17:53.4963192Z          639228178557648243:   |       |       |       |        0.937s     130.564s ..................
2026-08-20T10:17:53.4963639Z          639228178567023214:   |       |       62      |        0.563s     131.126s ...........
2026-08-20T10:17:53.4964067Z          639228178572650497:   |       116     |       117      0.031s     131.158s 
2026-08-20T10:17:53.4964474Z          639228178572962841:   3       |       2       |        0.016s     131.173s 
2026-08-20T10:17:53.4964864Z          639228178573119111:   x       |       |       |        0.031s     131.205s 
2026-08-20T10:17:53.4965249Z          639228178573431664:   x       |       |       88       0.031s     131.236s 
2026-08-20T10:17:53.4965726Z          639228178573744080:   x       |       |       |        2.063s     133.299s .........................................
2026-08-20T10:17:53.4966217Z          639228178594378013:   x       |       |       |        0.422s     133.721s ........
2026-08-20T10:17:53.4966653Z          639228178598597182:   x       |       x       |        5.567s     139.288s + (scale 1:100)
2026-08-20T10:17:53.4967090Z          639228178654266120:   x       |       x       |        0.391s     139.679s .......
2026-08-20T10:17:53.4967505Z          639228178658173418:   126     |       x       x        0.031s     139.710s 
2026-08-20T10:17:53.4967901Z          639228178658485876:   |       |       129     127      0.016s     139.726s 
2026-08-20T10:17:53.4968289Z          639228178658642214:   x       |       131     130      0.016s     139.741s 
2026-08-20T10:17:53.4968692Z          639228178658798412:   126     |       132     x        0.016s     139.757s 
2026-08-20T10:17:53.4969148Z          639228178658954659:   |       |       |       x        1.797s     141.554s ...................................
2026-08-20T10:17:53.4969608Z          639228178676929463:   |       |       |       x        0.016s     141.570s 
2026-08-20T10:17:53.4970025Z          639228178677085629:   |       |       |       x        5.349s     146.919s + (scale 1:100)
2026-08-20T10:17:53.4970459Z          639228178730577518:   |       |       |       x        0.297s     147.216s .....
2026-08-20T10:17:53.4970857Z          639228178733549384:   |       |       135     133      0.047s     147.263s 
2026-08-20T10:17:53.4971246Z          639228178733549384:   0       |       |       |        0.047s     147.310s 
2026-08-20T10:17:53.4971775Z          -----------------------------------------------------------------------------------------------------------------------------------
2026-08-20T10:17:53.4972337Z          Utilization:          39.7    60.5    50.5    28.9     Average Utilization: 44.9
2026-08-20T10:17:53.4972615Z 
2026-08-20T10:17:53.4972687Z Build succeeded.
2026-08-20T10:17:53.4972868Z     0 Warning(s)
2026-08-20T10:17:53.4973041Z     0 Error(s)
2026-08-20T10:17:53.4973142Z 
2026-08-20T10:17:53.4973225Z Time Elapsed 00:02:27.77
2026-08-20T10:17:53.6150871Z ##[group]Run & .\Build\Scripts\Assert-BuildToolchain.ps1 `
2026-08-20T10:17:53.6151378Z [36;1m& .\Build\Scripts\Assert-BuildToolchain.ps1 `[0m
2026-08-20T10:17:53.6151768Z [36;1m  -BuildLog artifacts\logs\build-Debug-Win32.log `[0m
2026-08-20T10:17:53.6152100Z [36;1m  -ExpectedHost HostX64 `[0m
2026-08-20T10:17:53.6152457Z [36;1m  -SummaryPath artifacts\logs\build-toolchain-Debug-Win32.json[0m
2026-08-20T10:17:53.6152877Z [36;1mif ($LASTEXITCODE -ne 0) { exit $LASTEXITCODE }[0m
2026-08-20T10:17:53.6185182Z shell: C:\Program Files\PowerShell\7\pwsh.EXE -command ". '{0}'"
2026-08-20T10:17:53.6185514Z env:
2026-08-20T10:17:53.6185917Z   MSBUILD_EXE: C:\Program Files\Microsoft Visual Studio\2022\Enterprise\MSBuild\Current\Bin\amd64\MSBuild.exe
2026-08-20T10:17:53.6186521Z   VCPKG_ROOT: C:\Users\runneradmin\AppData\Local\OpenCppCoverage\vcpkg
2026-08-20T10:17:53.6187364Z ##[endgroup]
2026-08-20T10:17:53.9923938Z cl     HostX64\x86 toolset 14.44.35207 x33
2026-08-20T10:17:53.9930311Z link   HostX64\x86 toolset 14.44.35207 x17
2026-08-20T10:17:53.9942789Z Build host toolchain verified: every compiler and linker invocation came from HostX64.
2026-08-20T10:17:54.0516037Z ##[group]Run & .\Build\Scripts\RunTests.ps1 -Platform x86 `
2026-08-20T10:17:54.0516590Z [36;1m& .\Build\Scripts\RunTests.ps1 -Platform x86 `[0m
2026-08-20T10:17:54.0516994Z [36;1m  -Configuration Debug -LogDirectory artifacts\logs[0m
2026-08-20T10:17:54.0517373Z [36;1mif ($LASTEXITCODE -ne 0) { exit $LASTEXITCODE }[0m
2026-08-20T10:17:54.0549888Z shell: C:\Program Files\PowerShell\7\pwsh.EXE -command ". '{0}'"
2026-08-20T10:17:54.0550236Z env:
2026-08-20T10:17:54.0550639Z   MSBUILD_EXE: C:\Program Files\Microsoft Visual Studio\2022\Enterprise\MSBuild\Current\Bin\amd64\MSBuild.exe
2026-08-20T10:17:54.0551223Z   VCPKG_ROOT: C:\Users\runneradmin\AppData\Local\OpenCppCoverage\vcpkg
2026-08-20T10:17:54.0551579Z ##[endgroup]
2026-08-20T10:17:54.4950358Z Running CppCoverageTest --gtest_filter=-CodeCoverageRunnerTest.OptimizedBuild:CppCliTest.ManagedUnManagedModule
2026-08-20T10:18:03.2652397Z Running ExporterTest 
2026-08-20T10:18:03.8786110Z Running FileFilterTest 
2026-08-20T10:18:09.2564863Z Running OpenCppCoverageTest 
2026-08-20T10:18:44.6747211Z Running PluginTest 
2026-08-20T10:18:44.6916041Z Running ToolsTest 
2026-08-20T10:18:44.7331588Z Test summary written to artifacts\logs\test-summary-x86-Debug.json
2026-08-20T10:18:44.7399452Z 
2026-08-20T10:18:44.7399793Z Name                ExitCode Ran Passed
2026-08-20T10:18:44.7400401Z ----                -------- --- ------
2026-08-20T10:18:44.7400979Z CppCoverageTest            0 115    115
2026-08-20T10:18:44.7401546Z ExporterTest               0  34     34
2026-08-20T10:18:44.7402054Z FileFilterTest             0  29     29
2026-08-20T10:18:44.7402490Z OpenCppCoverageTest        0  19     19
2026-08-20T10:18:44.7402975Z PluginTest                 0   5      5
2026-08-20T10:18:44.7403393Z ToolsTest                  0  12     12
2026-08-20T10:18:44.7403671Z 
2026-08-20T10:18:44.7403676Z 
2026-08-20T10:18:44.7414197Z All test suites passed for x86|Debug.
2026-08-20T10:18:44.7716141Z ##[group]Run & "$env:MSBUILD_EXE" /m CppCoverage.sln /p:Configuration=Release /p:Platform=Win32 `
2026-08-20T10:18:44.7716907Z [36;1m& "$env:MSBUILD_EXE" /m CppCoverage.sln /p:Configuration=Release /p:Platform=Win32 `[0m
2026-08-20T10:18:44.7717378Z [36;1m  /p:PreferredToolArchitecture=x64 `[0m
2026-08-20T10:18:44.7717718Z [36;1m  /bl:artifacts\logs\build-Release-Win32.binlog `[0m
2026-08-20T10:18:44.7718157Z [36;1m  /fl "/flp:logfile=artifacts\logs\build-Release-Win32.log;verbosity=normal"[0m
2026-08-20T10:18:44.7749900Z shell: C:\Program Files\PowerShell\7\pwsh.EXE -command ". '{0}'"
2026-08-20T10:18:44.7750235Z env:
2026-08-20T10:18:44.7750642Z   MSBUILD_EXE: C:\Program Files\Microsoft Visual Studio\2022\Enterprise\MSBuild\Current\Bin\amd64\MSBuild.exe
2026-08-20T10:18:44.7751246Z   VCPKG_ROOT: C:\Users\runneradmin\AppData\Local\OpenCppCoverage\vcpkg
2026-08-20T10:18:44.7751585Z ##[endgroup]
2026-08-20T10:18:45.0330138Z MSBuild version 17.14.51+25f168cee for .NET Framework
2026-08-20T10:18:45.0650732Z Build started 8/20/2026 10:18:45 AM.
2026-08-20T10:18:45.0656570Z 
2026-08-20T10:18:45.1292812Z      1>Project "D:\a\OpenCppCoverage-ARM64\OpenCppCoverage-ARM64\CppCoverage.sln" on node 1 (default targets).
2026-08-20T10:18:45.1293860Z      1>ValidateSolutionConfiguration:
2026-08-20T10:18:45.1294206Z          Building solution configuration "Release|Win32".
2026-08-20T10:18:45.9920246Z      1>Project "D:\a\OpenCppCoverage-ARM64\OpenCppCoverage-ARM64\CppCoverage.sln" (1) is building "D:\a\OpenCppCoverage-ARM64\OpenCppCoverage-ARM64\CppCoverage\CppCoverage.vcxproj" (5) on node 3 (default targets).
2026-08-20T10:18:45.9932359Z      5>Project "D:\a\OpenCppCoverage-ARM64\OpenCppCoverage-ARM64\CppCoverage\CppCoverage.vcxproj" (5) is building "D:\a\OpenCppCoverage-ARM64\OpenCppCoverage-ARM64\FileFilter\FileFilter.vcxproj" (8) on node 3 (default targets).
2026-08-20T10:18:45.9939854Z      8>Project "D:\a\OpenCppCoverage-ARM64\OpenCppCoverage-ARM64\FileFilter\FileFilter.vcxproj" (8) is building "D:\a\OpenCppCoverage-ARM64\OpenCppCoverage-ARM64\Tools\Tools.vcxproj" (11) on node 3 (default targets).
2026-08-20T10:18:45.9941802Z     11>PrepareForBuild:
2026-08-20T10:18:45.9942232Z          Creating directory "Release\".
2026-08-20T10:18:46.0094234Z          Structured output is enabled. The formatting of compiler diagnostics will reflect the error hierarchy. See https://aka.ms/cpp/structured-output for more details.
2026-08-20T10:18:46.0109139Z          Creating directory "Release\Tools.tlog\".
2026-08-20T10:18:46.0132029Z      1>Project "D:\a\OpenCppCoverage-ARM64\OpenCppCoverage-ARM64\CppCoverage.sln" (1) is building "D:\a\OpenCppCoverage-ARM64\OpenCppCoverage-ARM64\OpenCppCoverage\OpenCppCoverage.vcxproj" (7) on node 2 (default targets).
2026-08-20T10:18:46.0135070Z      7>Project "D:\a\OpenCppCoverage-ARM64\OpenCppCoverage-ARM64\OpenCppCoverage\OpenCppCoverage.vcxproj" (7) is building "D:\a\OpenCppCoverage-ARM64\OpenCppCoverage-ARM64\Plugin\Plugin.vcxproj" (10) on node 2 (default targets).
2026-08-20T10:18:46.0138627Z     10>PrepareForBuild:
2026-08-20T10:18:46.0139376Z          Creating directory "Release\".
2026-08-20T10:18:46.0539768Z          Structured output is enabled. The formatting of compiler diagnostics will reflect the error hierarchy. See https://aka.ms/cpp/structured-output for more details.
2026-08-20T10:18:46.0541371Z          Creating directory "Release\Plugin.tlog\".
2026-08-20T10:18:46.0541892Z     11>InitializeBuildStatus:
2026-08-20T10:18:46.0542703Z          Creating "Release\Tools.tlog\unsuccessfulbuild" because "AlwaysCreate" was specified.
2026-08-20T10:18:46.0543578Z          Touching "Release\Tools.tlog\unsuccessfulbuild".
2026-08-20T10:18:46.0667409Z     10>InitializeBuildStatus:
2026-08-20T10:18:46.0668326Z          Creating "Release\Plugin.tlog\unsuccessfulbuild" because "AlwaysCreate" was specified.
2026-08-20T10:18:46.0673739Z          Touching "Release\Plugin.tlog\unsuccessfulbuild".
2026-08-20T10:18:46.1244299Z     11>VcpkgTripletSelection:
2026-08-20T10:18:46.1245911Z          Using triplet "x86-windows" from "D:\a\OpenCppCoverage-ARM64\OpenCppCoverage-ARM64\vcpkg_installed\x86-windows\"
2026-08-20T10:18:46.1258939Z          Using normalized configuration "Release"
2026-08-20T10:18:46.1268972Z      1>Project "D:\a\OpenCppCoverage-ARM64\OpenCppCoverage-ARM64\CppCoverage.sln" (1) is building "D:\a\OpenCppCoverage-ARM64\OpenCppCoverage-ARM64\TestCoverageConsole\TestCoverageConsole.vcxproj" (6) on node 4 (default targets).
2026-08-20T10:18:46.1272848Z      6>Project "D:\a\OpenCppCoverage-ARM64\OpenCppCoverage-ARM64\TestCoverageConsole\TestCoverageConsole.vcxproj" (6) is building "D:\a\OpenCppCoverage-ARM64\OpenCppCoverage-ARM64\TestCoverageOptimizedBuild\TestCoverageOptimizedBuild.vcxproj" (16) on node 4 (default targets).
2026-08-20T10:18:46.1276514Z     16>PrepareForBuild:
2026-08-20T10:18:46.1276987Z          Creating directory "Release\".
2026-08-20T10:18:46.1292778Z     11>VcpkgBootstrap:
2026-08-20T10:18:46.1294320Z        Skipping target "VcpkgBootstrap" because all output files are up-to-date with respect to the input files.
2026-08-20T10:18:46.1311588Z        VcpkgInstallManifestDependencies:
2026-08-20T10:18:46.1313010Z        Skipping target "VcpkgInstallManifestDependencies" because all output files are up-to-date with respect to the input files.
2026-08-20T10:18:46.1314193Z     10>VcpkgTripletSelection:
2026-08-20T10:18:46.1315137Z          Using triplet "x86-windows" from "D:\a\OpenCppCoverage-ARM64\OpenCppCoverage-ARM64\vcpkg_installed\x86-windows\"
2026-08-20T10:18:46.1321000Z          Using normalized configuration "Release"
2026-08-20T10:18:46.1330710Z     16>PrepareForBuild:
2026-08-20T10:18:46.1331990Z          Structured output is enabled. The formatting of compiler diagnostics will reflect the error hierarchy. See https://aka.ms/cpp/structured-output for more details.
2026-08-20T10:18:46.1339272Z          Creating directory "D:\a\OpenCppCoverage-ARM64\OpenCppCoverage-ARM64\Release\".
2026-08-20T10:18:46.1343272Z          Creating directory "Release\TestCove.2FD17BA1.tlog\".
2026-08-20T10:18:46.1347057Z     10>VcpkgBootstrap:
2026-08-20T10:18:46.1348791Z        Skipping target "VcpkgBootstrap" because all output files are up-to-date with respect to the input files.
2026-08-20T10:18:46.1359671Z        VcpkgInstallManifestDependencies:
2026-08-20T10:18:46.1361302Z        Skipping target "VcpkgInstallManifestDependencies" because all output files are up-to-date with respect to the input files.
2026-08-20T10:18:46.1435543Z     11>ClCompile:
2026-08-20T10:18:46.1445150Z          C:\Program Files\Microsoft Visual Studio\2022\Enterprise\VC\Tools\MSVC\14.44.35207\bin\HostX64\x86\CL.exe /c /I"D:\a\OpenCppCoverage-ARM64\OpenCppCoverage-ARM64\\" /I"D:\a\OpenCppCoverage-ARM64\OpenCppCoverage-ARM64\Tools\\" /I"D:\a\OpenCppCoverage-ARM64\OpenCppCoverage-ARM64\vcpkg_installed\x86-windows\include" /Zi /nologo /W3 /WX /diagnostics:column /sdl /O2 /Oi /Oy- /GL /D WIN32 /D NDEBUG /D _WINDOWS /D _USRDLL /D TOOLS_EXPORTS /D BOOST_CONFIG_SUPPRESS_OUTDATED_MESSAGE /D "OPENCPPCOVERAGE_VERSION=\"0.9.9.0\"" /D _CRT_SECURE_NO_WARNINGS /D "PROJECT_DIR=R\"|(D:\a\OpenCppCoverage-ARM64\OpenCppCoverage-ARM64\Tools\)|\"" /D "SOLUTION_DIR=R\"|(D:\a\OpenCppCoverage-ARM64\OpenCppCoverage-ARM64\)|\"" /D "TARGET_FILE_NAME=R\"|(Tools.dll)|\"" /D "OUT_DIR=R\"|(D:\a\OpenCppCoverage-ARM64\OpenCppCoverage-ARM64\Release\)|\"" /D NOMINMAX /D _WINDLL /D _UNICODE /D UNICODE /Gm- /EHsc /MD /GS /Gy /fp:precise /Zc:wchar_t /Zc:forScope /Zc:inline /std:c++17 /permissive- /Yc"stdafx.h" /Fp"Release\Tools.pch" /Fo"Release\\" /Fd"Release\vc143.pdb" /external:W3 /Gd /TP /analyze- /FC /errorReport:queue stdafx.cpp
2026-08-20T10:18:46.1455413Z          stdafx.cpp
2026-08-20T10:18:46.1459769Z     16>InitializeBuildStatus:
2026-08-20T10:18:46.1462600Z          Creating "Release\TestCove.2FD17BA1.tlog\unsuccessfulbuild" because "AlwaysCreate" was specified.
2026-08-20T10:18:46.1469305Z          Touching "Release\TestCove.2FD17BA1.tlog\unsuccessfulbuild".
2026-08-20T10:18:46.1487026Z     10>ClCompile:
2026-08-20T10:18:46.1493862Z          C:\Program Files\Microsoft Visual Studio\2022\Enterprise\VC\Tools\MSVC\14.44.35207\bin\HostX64\x86\CL.exe /c /I"D:\a\OpenCppCoverage-ARM64\OpenCppCoverage-ARM64\\" /I"D:\a\OpenCppCoverage-ARM64\OpenCppCoverage-ARM64\Plugin\\" /I"D:\a\OpenCppCoverage-ARM64\OpenCppCoverage-ARM64\vcpkg_installed\x86-windows\include" /Zi /nologo /W3 /WX /diagnostics:column /sdl /O2 /Oi /Oy- /GL /D WIN32 /D NDEBUG /D PLUGIN_EXPORTS /D _WINDOWS /D _USRDLL /D "OPENCPPCOVERAGE_VERSION=\"0.9.9.0\"" /D _CRT_SECURE_NO_WARNINGS /D "PROJECT_DIR=R\"|(D:\a\OpenCppCoverage-ARM64\OpenCppCoverage-ARM64\Plugin\)|\"" /D "SOLUTION_DIR=R\"|(D:\a\OpenCppCoverage-ARM64\OpenCppCoverage-ARM64\)|\"" /D "TARGET_FILE_NAME=R\"|(Plugin.dll)|\"" /D "OUT_DIR=R\"|(D:\a\OpenCppCoverage-ARM64\OpenCppCoverage-ARM64\Release\)|\"" /D NOMINMAX /D _WINDLL /D _UNICODE /D UNICODE /Gm- /EHsc /MD /GS /Gy /fp:precise /Zc:wchar_t /Zc:forScope /Zc:inline /std:c++17 /permissive- /Yc"stdafx.h" /Fp"Release\Plugin.pch" /Fo"Release\\" /Fd"Release\vc143.pdb" /external:W3 /Gd /TP /analyze- /FC /errorReport:queue stdafx.cpp
2026-08-20T10:18:46.1504576Z          stdafx.cpp
2026-08-20T10:18:46.2464934Z          C:\Program Files\Microsoft Visual Studio\2022\Enterprise\VC\Tools\MSVC\14.44.35207\bin\HostX64\x86\CL.exe /c /I"D:\a\OpenCppCoverage-ARM64\OpenCppCoverage-ARM64\\" /I"D:\a\OpenCppCoverage-ARM64\OpenCppCoverage-ARM64\Plugin\\" /I"D:\a\OpenCppCoverage-ARM64\OpenCppCoverage-ARM64\vcpkg_installed\x86-windows\include" /Zi /nologo /W3 /WX /diagnostics:column /sdl /O2 /Oi /Oy- /GL /D WIN32 /D NDEBUG /D PLUGIN_EXPORTS /D _WINDOWS /D _USRDLL /D "OPENCPPCOVERAGE_VERSION=\"0.9.9.0\"" /D _CRT_SECURE_NO_WARNINGS /D "PROJECT_DIR=R\"|(D:\a\OpenCppCoverage-ARM64\OpenCppCoverage-ARM64\Plugin\)|\"" /D "SOLUTION_DIR=R\"|(D:\a\OpenCppCoverage-ARM64\OpenCppCoverage-ARM64\)|\"" /D "TARGET_FILE_NAME=R\"|(Plugin.dll)|\"" /D "OUT_DIR=R\"|(D:\a\OpenCppCoverage-ARM64\OpenCppCoverage-ARM64\Release\)|\"" /D NOMINMAX /D _WINDLL /D _UNICODE /D UNICODE /Gm- /EHsc /MD /GS /Gy /fp:precise /Zc:wchar_t /Zc:forScope /Zc:inline /std:c++17 /permissive- /Yu"stdafx.h" /Fp"Release\Plugin.pch" /Fo"Release\\" /Fd"Release\vc143.pdb" /external:W3 /Gd /TP /analyze- /FC /errorReport:queue Exporter\CoverageData.cpp Exporter\FileCoverage.cpp Exporter\LineCoverage.cpp Exporter\ModuleCoverage.cpp
2026-08-20T10:18:46.2481309Z     16>VcpkgTripletSelection:
2026-08-20T10:18:46.2483756Z          Using triplet "x86-windows" from "D:\a\OpenCppCoverage-ARM64\OpenCppCoverage-ARM64\vcpkg_installed\x86-windows\"
2026-08-20T10:18:46.2488565Z          Using normalized configuration "Release"
2026-08-20T10:18:46.2490267Z        VcpkgBootstrap:
2026-08-20T10:18:46.2491642Z        Skipping target "VcpkgBootstrap" because all output files are up-to-date with respect to the input files.
2026-08-20T10:18:46.2493754Z        VcpkgInstallManifestDependencies:
2026-08-20T10:18:46.2495444Z        Skipping target "VcpkgInstallManifestDependencies" because all output files are up-to-date with respect to the input files.
2026-08-20T10:18:46.2497542Z        ClCompile:
2026-08-20T10:18:46.2505976Z          C:\Program Files\Microsoft Visual Studio\2022\Enterprise\VC\Tools\MSVC\14.44.35207\bin\HostX64\x86\CL.exe /c /I"D:\a\OpenCppCoverage-ARM64\OpenCppCoverage-ARM64\\" /I"D:\a\OpenCppCoverage-ARM64\OpenCppCoverage-ARM64\TestCoverageOptimizedBuild\\" /I"D:\a\OpenCppCoverage-ARM64\OpenCppCoverage-ARM64\vcpkg_installed\x86-windows\include" /Zi /nologo /W3 /WX /diagnostics:column /sdl /O2 /Oi /Oy- /GL /D WIN32 /D NDEBUG /D _WINDOWS /D _USRDLL /D TESTCOVERAGERELEASELIB_EXPORTS /D BOOST_CONFIG_SUPPRESS_OUTDATED_MESSAGE /D "OPENCPPCOVERAGE_VERSION=\"0.9.9.0\"" /D _CRT_SECURE_NO_WARNINGS /D "PROJECT_DIR=R\"|(D:\a\OpenCppCoverage-ARM64\OpenCppCoverage-ARM64\TestCoverageOptimizedBuild\)|\"" /D "SOLUTION_DIR=R\"|(D:\a\OpenCppCoverage-ARM64\OpenCppCoverage-ARM64\)|\"" /D "TARGET_FILE_NAME=R\"|(TestCoverageOptimizedBuild.dll)|\"" /D "OUT_DIR=R\"|(D:\a\OpenCppCoverage-ARM64\OpenCppCoverage-ARM64\Release\)|\"" /D NOMINMAX /D _WINDLL /D _UNICODE /D UNICODE /Gm- /EHsc /MD /GS /Gy /fp:precise /Zc:wchar_t /Zc:forScope /Zc:inline /std:c++17 /permissive- /Fo"Release\\" /Fd"Release\vc143.pdb" /external:W3 /Gd /TP /analyze- /FC /errorReport:queue TestCoverageOptimizedBuild.cpp
2026-08-20T10:18:46.3108651Z          TestCoverageOptimizedBuild.cpp
2026-08-20T10:18:46.3737269Z     11>ClCompile:
2026-08-20T10:18:46.3748087Z          C:\Program Files\Microsoft Visual Studio\2022\Enterprise\VC\Tools\MSVC\14.44.35207\bin\HostX64\x86\CL.exe /c /I"D:\a\OpenCppCoverage-ARM64\OpenCppCoverage-ARM64\\" /I"D:\a\OpenCppCoverage-ARM64\OpenCppCoverage-ARM64\Tools\\" /I"D:\a\OpenCppCoverage-ARM64\OpenCppCoverage-ARM64\vcpkg_installed\x86-windows\include" /Zi /nologo /W3 /WX /diagnostics:column /sdl /O2 /Oi /Oy- /GL /D WIN32 /D NDEBUG /D _WINDOWS /D _USRDLL /D TOOLS_EXPORTS /D BOOST_CONFIG_SUPPRESS_OUTDATED_MESSAGE /D "OPENCPPCOVERAGE_VERSION=\"0.9.9.0\"" /D _CRT_SECURE_NO_WARNINGS /D "PROJECT_DIR=R\"|(D:\a\OpenCppCoverage-ARM64\OpenCppCoverage-ARM64\Tools\)|\"" /D "SOLUTION_DIR=R\"|(D:\a\OpenCppCoverage-ARM64\OpenCppCoverage-ARM64\)|\"" /D "TARGET_FILE_NAME=R\"|(Tools.dll)|\"" /D "OUT_DIR=R\"|(D:\a\OpenCppCoverage-ARM64\OpenCppCoverage-ARM64\Release\)|\"" /D NOMINMAX /D _WINDLL /D _UNICODE /D UNICODE /Gm- /EHsc /MD /GS /Gy /fp:precise /Zc:wchar_t /Zc:forScope /Zc:inline /std:c++17 /permissive- /Fo"Release\\" /Fd"Release\vc143.pdb" /external:W3 /Gd /TP /analyze- /FC /errorReport:queue dllmain.cpp
2026-08-20T10:18:46.3757003Z          dllmain.cpp
2026-08-20T10:18:46.3757863Z     10>ClCompile:
2026-08-20T10:18:46.4347406Z          CoverageData.cpp
2026-08-20T10:18:46.5339118Z     11>ClCompile:
2026-08-20T10:18:46.5351748Z          C:\Program Files\Microsoft Visual Studio\2022\Enterprise\VC\Tools\MSVC\14.44.35207\bin\HostX64\x86\CL.exe /c /I"D:\a\OpenCppCoverage-ARM64\OpenCppCoverage-ARM64\\" /I"D:\a\OpenCppCoverage-ARM64\OpenCppCoverage-ARM64\Tools\\" /I"D:\a\OpenCppCoverage-ARM64\OpenCppCoverage-ARM64\vcpkg_installed\x86-windows\include" /Zi /nologo /W3 /WX /diagnostics:column /sdl /O2 /Oi /Oy- /GL /D WIN32 /D NDEBUG /D _WINDOWS /D _USRDLL /D TOOLS_EXPORTS /D BOOST_CONFIG_SUPPRESS_OUTDATED_MESSAGE /D "OPENCPPCOVERAGE_VERSION=\"0.9.9.0\"" /D _CRT_SECURE_NO_WARNINGS /D "PROJECT_DIR=R\"|(D:\a\OpenCppCoverage-ARM64\OpenCppCoverage-ARM64\Tools\)|\"" /D "SOLUTION_DIR=R\"|(D:\a\OpenCppCoverage-ARM64\OpenCppCoverage-ARM64\)|\"" /D "TARGET_FILE_NAME=R\"|(Tools.dll)|\"" /D "OUT_DIR=R\"|(D:\a\OpenCppCoverage-ARM64\OpenCppCoverage-ARM64\Release\)|\"" /D NOMINMAX /D _WINDLL /D _UNICODE /D UNICODE /Gm- /EHsc /MD /GS /Gy /fp:precise /Zc:wchar_t /Zc:forScope /Zc:inline /std:c++17 /permissive- /Yu"stdafx.h" /Fp"Release\Tools.pch" /Fo"Release\\" /Fd"Release\vc143.pdb" /external:W3 /Gd /TP /analyze- /FC /errorReport:queue ExceptionBase.cpp Log.cpp MappedFile.cpp MiniDump.cpp PEFileHeader.cpp ProcessMemory.cpp ScopedAction.cpp Tool.cpp UniquePath.cpp WarningManager.cpp
2026-08-20T10:18:46.5747260Z          ExceptionBase.cpp
2026-08-20T10:18:46.9890481Z     16>Link:
2026-08-20T10:18:46.9899011Z          C:\Program Files\Microsoft Visual Studio\2022\Enterprise\VC\Tools\MSVC\14.44.35207\bin\HostX64\x86\link.exe /ERRORREPORT:QUEUE /OUT:"D:\a\OpenCppCoverage-ARM64\OpenCppCoverage-ARM64\Release\TestCoverageOptimizedBuild.dll" /INCREMENTAL:NO /NOLOGO /LIBPATH:"D:\a\OpenCppCoverage-ARM64\OpenCppCoverage-ARM64\vcpkg_installed\x86-windows\lib" /LIBPATH:"D:\a\OpenCppCoverage-ARM64\OpenCppCoverage-ARM64\vcpkg_installed\x86-windows\lib\manual-link" bcrypt.lib kernel32.lib user32.lib gdi32.lib winspool.lib comdlg32.lib advapi32.lib shell32.lib ole32.lib oleaut32.lib uuid.lib odbc32.lib odbccp32.lib "D:\a\OpenCppCoverage-ARM64\OpenCppCoverage-ARM64\vcpkg_installed\x86-windows\lib\*.lib" /MANIFEST /MANIFESTUAC:"level='asInvoker' uiAccess='false'" /manifest:embed /DEBUG /PDB:"D:\a\OpenCppCoverage-ARM64\OpenCppCoverage-ARM64\Release\TestCoverageOptimizedBuild.pdb" /SUBSYSTEM:WINDOWS /OPT:REF /OPT:ICF /LTCG:incremental /LTCGOUT:"Release\TestCoverageOptimizedBuild.iobj" /TLBID:1 /DYNAMICBASE /NXCOMPAT /IMPLIB:"D:\a\OpenCppCoverage-ARM64\OpenCppCoverage-ARM64\Release\TestCoverageOptimizedBuild.lib" /MACHINE:X86 /SAFESEH /DLL Release\TestCoverageOptimizedBuild.obj
2026-08-20T10:18:47.1987481Z             Creating library D:\a\OpenCppCoverage-ARM64\OpenCppCoverage-ARM64\Release\TestCoverageOptimizedBuild.lib and object D:\a\OpenCppCoverage-ARM64\OpenCppCoverage-ARM64\Release\TestCoverageOptimizedBuild.exp
2026-08-20T10:18:47.2033526Z          Generating code
2026-08-20T10:18:47.2119192Z          Previous IPDB not found, fall back to full compilation.
2026-08-20T10:18:47.4524401Z          All 251 functions were compiled because no usable IPDB/IOBJ from previous compilation was found.
2026-08-20T10:18:47.4548392Z          Finished generating code
2026-08-20T10:18:47.5987286Z          TestCoverageOptimizedBuild.vcxproj -> D:\a\OpenCppCoverage-ARM64\OpenCppCoverage-ARM64\Release\TestCoverageOptimizedBuild.dll
2026-08-20T10:18:47.5989277Z        AppLocalFromInstalled:
2026-08-20T10:18:47.5995307Z          "C:\Users\runneradmin\AppData\Local\OpenCppCoverage\vcpkg\vcpkg.exe" z-applocal --target-binary="D:\a\OpenCppCoverage-ARM64\OpenCppCoverage-ARM64\Release\TestCoverageOptimizedBuild.dll" --installed-bin-dir="D:\a\OpenCppCoverage-ARM64\OpenCppCoverage-ARM64\vcpkg_installed\x86-windows\bin" --tlog-file="Release\TestCove.2FD17BA1.tlog\TestCoverageOptimizedBuild.write.1u.tlog" --copied-files-log="Release\vcpkg.applocal.log"
2026-08-20T10:18:47.6191019Z     10>ClCompile:
2026-08-20T10:18:47.6191411Z          FileCoverage.cpp
2026-08-20T10:18:47.7099654Z     16>FinalizeBuildStatus:
2026-08-20T10:18:47.7103122Z          Deleting file "Release\TestCove.2FD17BA1.tlog\unsuccessfulbuild".
2026-08-20T10:18:47.7105952Z          Touching "Release\TestCove.2FD17BA1.tlog\TestCoverageOptimizedBuild.lastbuildstate".
2026-08-20T10:18:47.7119030Z     16>Done Building Project "D:\a\OpenCppCoverage-ARM64\OpenCppCoverage-ARM64\TestCoverageOptimizedBuild\TestCoverageOptimizedBuild.vcxproj" (default targets).
2026-08-20T10:18:48.0050107Z     11>ClCompile:
2026-08-20T10:18:48.0050938Z          Log.cpp
2026-08-20T10:18:48.7859742Z     10>ClCompile:
2026-08-20T10:18:48.7860132Z          LineCoverage.cpp
2026-08-20T10:18:48.7961196Z          ModuleCoverage.cpp
2026-08-20T10:18:49.9254571Z        Link:
2026-08-20T10:18:49.9262240Z          C:\Program Files\Microsoft Visual Studio\2022\Enterprise\VC\Tools\MSVC\14.44.35207\bin\HostX64\x86\link.exe /ERRORREPORT:QUEUE /OUT:"D:\a\OpenCppCoverage-ARM64\OpenCppCoverage-ARM64\Release\Plugin.dll" /INCREMENTAL:NO /NOLOGO /LIBPATH:"D:\a\OpenCppCoverage-ARM64\OpenCppCoverage-ARM64\vcpkg_installed\x86-windows\lib" /LIBPATH:"D:\a\OpenCppCoverage-ARM64\OpenCppCoverage-ARM64\vcpkg_installed\x86-windows\lib\manual-link" kernel32.lib user32.lib gdi32.lib winspool.lib comdlg32.lib advapi32.lib shell32.lib ole32.lib oleaut32.lib uuid.lib odbc32.lib odbccp32.lib "D:\a\OpenCppCoverage-ARM64\OpenCppCoverage-ARM64\vcpkg_installed\x86-windows\lib\*.lib" /MANIFEST /MANIFESTUAC:"level='asInvoker' uiAccess='false'" /manifest:embed /DEBUG /PDB:"D:\a\OpenCppCoverage-ARM64\OpenCppCoverage-ARM64\Release\Plugin.pdb" /SUBSYSTEM:WINDOWS /OPT:REF /OPT:ICF /LTCG:incremental /LTCGOUT:"Release\Plugin.iobj" /TLBID:1 /DYNAMICBASE /NXCOMPAT /IMPLIB:"D:\a\OpenCppCoverage-ARM64\OpenCppCoverage-ARM64\Release\Plugin.lib" /MACHINE:X86 /SAFESEH /DLL Release\CoverageData.obj
2026-08-20T10:18:49.9271979Z          Release\FileCoverage.obj
2026-08-20T10:18:49.9272251Z          Release\LineCoverage.obj
2026-08-20T10:18:49.9272505Z          Release\ModuleCoverage.obj
2026-08-20T10:18:49.9272746Z          Release\stdafx.obj
2026-08-20T10:18:50.0078111Z             Creating library D:\a\OpenCppCoverage-ARM64\OpenCppCoverage-ARM64\Release\Plugin.lib and object D:\a\OpenCppCoverage-ARM64\OpenCppCoverage-ARM64\Release\Plugin.exp
2026-08-20T10:18:50.0131729Z          Generating code
2026-08-20T10:18:50.0177353Z          Previous IPDB not found, fall back to full compilation.
2026-08-20T10:18:50.3666401Z          All 564 functions were compiled because no usable IPDB/IOBJ from previous compilation was found.
2026-08-20T10:18:50.3701948Z          Finished generating code
2026-08-20T10:18:50.4978291Z          Plugin.vcxproj -> D:\a\OpenCppCoverage-ARM64\OpenCppCoverage-ARM64\Release\Plugin.dll
2026-08-20T10:18:50.5012009Z        AppLocalFromInstalled:
2026-08-20T10:18:50.5014953Z          "C:\Users\runneradmin\AppData\Local\OpenCppCoverage\vcpkg\vcpkg.exe" z-applocal --target-binary="D:\a\OpenCppCoverage-ARM64\OpenCppCoverage-ARM64\Release\Plugin.dll" --installed-bin-dir="D:\a\OpenCppCoverage-ARM64\OpenCppCoverage-ARM64\vcpkg_installed\x86-windows\bin" --tlog-file="Release\Plugin.tlog\Plugin.write.1u.tlog" --copied-files-log="Release\vcpkg.applocal.log"
2026-08-20T10:18:50.5948360Z        FinalizeBuildStatus:
2026-08-20T10:18:50.5949011Z          Deleting file "Release\Plugin.tlog\unsuccessfulbuild".
2026-08-20T10:18:50.5952357Z          Touching "Release\Plugin.tlog\Plugin.lastbuildstate".
2026-08-20T10:18:50.5968224Z     10>Done Building Project "D:\a\OpenCppCoverage-ARM64\OpenCppCoverage-ARM64\Plugin\Plugin.vcxproj" (default targets).
2026-08-20T10:18:50.6093178Z      1>Project "D:\a\OpenCppCoverage-ARM64\OpenCppCoverage-ARM64\CppCoverage.sln" (1) is building "D:\a\OpenCppCoverage-ARM64\OpenCppCoverage-ARM64\PluginTest\PluginTest.vcxproj" (18) on node 1 (default targets).
2026-08-20T10:18:50.6094832Z     18>PrepareForBuild:
2026-08-20T10:18:50.6095222Z          Creating directory "Release\".
2026-08-20T10:18:50.6159164Z          Structured output is enabled. The formatting of compiler diagnostics will reflect the error hierarchy. See https://aka.ms/cpp/structured-output for more details.
2026-08-20T10:18:50.6160814Z          Creating directory "Release\PluginTest.tlog\".
2026-08-20T10:18:50.6194077Z        InitializeBuildStatus:
2026-08-20T10:18:50.6195009Z          Creating "Release\PluginTest.tlog\unsuccessfulbuild" because "AlwaysCreate" was specified.
2026-08-20T10:18:50.6195998Z          Touching "Release\PluginTest.tlog\unsuccessfulbuild".
2026-08-20T10:18:50.6416939Z      6>Project "D:\a\OpenCppCoverage-ARM64\OpenCppCoverage-ARM64\TestCoverageConsole\TestCoverageConsole.vcxproj" (6) is building "D:\a\OpenCppCoverage-ARM64\OpenCppCoverage-ARM64\TestCoverageSharedLib\TestCoverageSharedLib.vcxproj" (12) on node 1 (default targets).
2026-08-20T10:18:50.6425864Z     12>PrepareForBuild:
2026-08-20T10:18:50.6428163Z          Creating directory "Release\".
2026-08-20T10:18:50.6437521Z          Structured output is enabled. The formatting of compiler diagnostics will reflect the error hierarchy. See https://aka.ms/cpp/structured-output for more details.
2026-08-20T10:18:50.6439280Z          Creating directory "Release\TestCove.0481B51C.tlog\".
2026-08-20T10:18:50.6459415Z        InitializeBuildStatus:
2026-08-20T10:18:50.6460426Z          Creating "Release\TestCove.0481B51C.tlog\unsuccessfulbuild" because "AlwaysCreate" was specified.
2026-08-20T10:18:50.6461927Z          Touching "Release\TestCove.0481B51C.tlog\unsuccessfulbuild".
2026-08-20T10:18:50.6547611Z        VcpkgTripletSelection:
2026-08-20T10:18:50.6548871Z          Using triplet "x86-windows" from "D:\a\OpenCppCoverage-ARM64\OpenCppCoverage-ARM64\vcpkg_installed\x86-windows\"
2026-08-20T10:18:50.6549968Z          Using normalized configuration "Release"
2026-08-20T10:18:50.6552724Z        VcpkgBootstrap:
2026-08-20T10:18:50.6553687Z        Skipping target "VcpkgBootstrap" because all output files are up-to-date with respect to the input files.
2026-08-20T10:18:50.6555350Z        VcpkgInstallManifestDependencies:
2026-08-20T10:18:50.6556733Z        Skipping target "VcpkgInstallManifestDependencies" because all output files are up-to-date with respect to the input files.
2026-08-20T10:18:50.7178586Z        ClCompile:
2026-08-20T10:18:50.7186529Z          C:\Program Files\Microsoft Visual Studio\2022\Enterprise\VC\Tools\MSVC\14.44.35207\bin\HostX64\x86\CL.exe /c /I"D:\a\OpenCppCoverage-ARM64\OpenCppCoverage-ARM64\\" /I"D:\a\OpenCppCoverage-ARM64\OpenCppCoverage-ARM64\TestCoverageSharedLib\\" /I"D:\a\OpenCppCoverage-ARM64\OpenCppCoverage-ARM64\vcpkg_installed\x86-windows\include" /Zi /nologo /W3 /WX /diagnostics:column /sdl /Od /Oi /Oy- /GL /D WIN32 /D NDEBUG /D _WINDOWS /D BOOST_CONFIG_SUPPRESS_OUTDATED_MESSAGE /D "OPENCPPCOVERAGE_VERSION=\"0.9.9.0\"" /D _CRT_SECURE_NO_WARNINGS /D "PROJECT_DIR=R\"|(D:\a\OpenCppCoverage-ARM64\OpenCppCoverage-ARM64\TestCoverageSharedLib\)|\"" /D "SOLUTION_DIR=R\"|(D:\a\OpenCppCoverage-ARM64\OpenCppCoverage-ARM64\)|\"" /D "TARGET_FILE_NAME=R\"|(TestCoverageSharedLib.dll)|\"" /D "OUT_DIR=R\"|(D:\a\OpenCppCoverage-ARM64\OpenCppCoverage-ARM64\Release\)|\"" /D NOMINMAX /D _WINDLL /D _UNICODE /D UNICODE /Gm- /EHsc /MD /GS /Gy /fp:precise /Zc:wchar_t /Zc:forScope /Zc:inline /std:c++17 /permissive- /Yc"stdafx.h" /Fp"Release\TestCoverageSharedLib.pch" /Fo"Release\\" /Fd"Release\vc143.pdb" /external:W3 /Gd /TP /analyze- /FC /errorReport:queue stdafx.cpp
2026-08-20T10:18:50.7347484Z     18>VcpkgTripletSelection:
2026-08-20T10:18:50.7350479Z          Using triplet "x86-windows" from "D:\a\OpenCppCoverage-ARM64\OpenCppCoverage-ARM64\vcpkg_installed\x86-windows\"
2026-08-20T10:18:50.7354265Z          Using normalized configuration "Release"
2026-08-20T10:18:50.7356083Z        VcpkgBootstrap:
2026-08-20T10:18:50.7357033Z        Skipping target "VcpkgBootstrap" because all output files are up-to-date with respect to the input files.
2026-08-20T10:18:50.7358090Z        VcpkgInstallManifestDependencies:
2026-08-20T10:18:50.7359259Z        Skipping target "VcpkgInstallManifestDependencies" because all output files are up-to-date with respect to the input files.
2026-08-20T10:18:50.7438340Z        ClCompile:
2026-08-20T10:18:50.7445983Z          C:\Program Files\Microsoft Visual Studio\2022\Enterprise\VC\Tools\MSVC\14.44.35207\bin\HostX64\x86\CL.exe /c /I"D:\a\OpenCppCoverage-ARM64\OpenCppCoverage-ARM64\\" /I"D:\a\OpenCppCoverage-ARM64\OpenCppCoverage-ARM64\PluginTest\\" /I"D:\a\OpenCppCoverage-ARM64\OpenCppCoverage-ARM64\vcpkg_installed\x86-windows\include" /Zi /nologo /W3 /WX /diagnostics:column /sdl /O2 /Oi /Oy- /GL /D WIN32 /D NDEBUG /D _CONSOLE /D GTEST_LINKED_AS_SHARED_LIBRARY=1 /D _SILENCE_TR1_NAMESPACE_DEPRECATION_WARNING /D "OPENCPPCOVERAGE_VERSION=\"0.9.9.0\"" /D _CRT_SECURE_NO_WARNINGS /D "PROJECT_DIR=R\"|(D:\a\OpenCppCoverage-ARM64\OpenCppCoverage-ARM64\PluginTest\)|\"" /D "SOLUTION_DIR=R\"|(D:\a\OpenCppCoverage-ARM64\OpenCppCoverage-ARM64\)|\"" /D "TARGET_FILE_NAME=R\"|(PluginTest.exe)|\"" /D "OUT_DIR=R\"|(D:\a\OpenCppCoverage-ARM64\OpenCppCoverage-ARM64\Release\)|\"" /D NOMINMAX /D _UNICODE /D UNICODE /Gm- /EHsc /MD /GS /Gy /fp:precise /Zc:wchar_t /Zc:forScope /Zc:inline /std:c++17 /permissive- /Yc"pch.h" /Fp"Release\PluginTest.pch" /Fo"Release\\" /Fd"Release\vc143.pdb" /external:W3 /Gd /TP /wd4251 /wd4275 /analyze- /FC /errorReport:queue pch.cpp
2026-08-20T10:18:50.7759257Z     12>ClCompile:
2026-08-20T10:18:50.7761043Z          stdafx.cpp
2026-08-20T10:18:50.7888936Z     18>ClCompile:
2026-08-20T10:18:50.7889436Z          pch.cpp
2026-08-20T10:18:51.0890340Z     12>ClCompile:
2026-08-20T10:18:51.0917189Z          C:\Program Files\Microsoft Visual Studio\2022\Enterprise\VC\Tools\MSVC\14.44.35207\bin\HostX64\x86\CL.exe /c /I"D:\a\OpenCppCoverage-ARM64\OpenCppCoverage-ARM64\\" /I"D:\a\OpenCppCoverage-ARM64\OpenCppCoverage-ARM64\TestCoverageSharedLib\\" /I"D:\a\OpenCppCoverage-ARM64\OpenCppCoverage-ARM64\vcpkg_installed\x86-windows\include" /Zi /nologo /W3 /WX /diagnostics:column /sdl /Od /Oi /Oy- /GL /D WIN32 /D NDEBUG /D _WINDOWS /D BOOST_CONFIG_SUPPRESS_OUTDATED_MESSAGE /D "OPENCPPCOVERAGE_VERSION=\"0.9.9.0\"" /D _CRT_SECURE_NO_WARNINGS /D "PROJECT_DIR=R\"|(D:\a\OpenCppCoverage-ARM64\OpenCppCoverage-ARM64\TestCoverageSharedLib\)|\"" /D "SOLUTION_DIR=R\"|(D:\a\OpenCppCoverage-ARM64\OpenCppCoverage-ARM64\)|\"" /D "TARGET_FILE_NAME=R\"|(TestCoverageSharedLib.dll)|\"" /D "OUT_DIR=R\"|(D:\a\OpenCppCoverage-ARM64\OpenCppCoverage-ARM64\Release\)|\"" /D NOMINMAX /D _WINDLL /D _UNICODE /D UNICODE /Gm- /EHsc /MD /GS /Gy /fp:precise /Zc:wchar_t /Zc:forScope /Zc:inline /std:c++17 /permissive- /Yu"stdafx.h" /Fp"Release\TestCoverageSharedLib.pch" /Fo"Release\\" /Fd"Release\vc143.pdb" /external:W3 /Gd /TP /analyze- /FC /errorReport:queue SimpleTextExport.cpp TestCoverageSharedLib.cpp TestCppCli.cpp
2026-08-20T10:18:51.1250450Z          SimpleTextExport.cpp
2026-08-20T10:18:52.6101807Z          TestCoverageSharedLib.cpp
2026-08-20T10:18:52.9222792Z     18>ClCompile:
2026-08-20T10:18:52.9230985Z          C:\Program Files\Microsoft Visual Studio\2022\Enterprise\VC\Tools\MSVC\14.44.35207\bin\HostX64\x86\CL.exe /c /I"D:\a\OpenCppCoverage-ARM64\OpenCppCoverage-ARM64\\" /I"D:\a\OpenCppCoverage-ARM64\OpenCppCoverage-ARM64\PluginTest\\" /I"D:\a\OpenCppCoverage-ARM64\OpenCppCoverage-ARM64\vcpkg_installed\x86-windows\include" /Zi /nologo /W3 /WX /diagnostics:column /sdl /O2 /Oi /Oy- /GL /D WIN32 /D NDEBUG /D _CONSOLE /D GTEST_LINKED_AS_SHARED_LIBRARY=1 /D _SILENCE_TR1_NAMESPACE_DEPRECATION_WARNING /D "OPENCPPCOVERAGE_VERSION=\"0.9.9.0\"" /D _CRT_SECURE_NO_WARNINGS /D "PROJECT_DIR=R\"|(D:\a\OpenCppCoverage-ARM64\OpenCppCoverage-ARM64\PluginTest\)|\"" /D "SOLUTION_DIR=R\"|(D:\a\OpenCppCoverage-ARM64\OpenCppCoverage-ARM64\)|\"" /D "TARGET_FILE_NAME=R\"|(PluginTest.exe)|\"" /D "OUT_DIR=R\"|(D:\a\OpenCppCoverage-ARM64\OpenCppCoverage-ARM64\Release\)|\"" /D NOMINMAX /D _UNICODE /D UNICODE /Gm- /EHsc /MD /GS /Gy /fp:precise /Zc:wchar_t /Zc:forScope /Zc:inline /std:c++17 /permissive- /Yu"pch.h" /Fp"Release\PluginTest.pch" /Fo"Release\\" /Fd"Release\vc143.pdb" /external:W3 /Gd /TP /wd4251 /wd4275 /analyze- /FC /errorReport:queue Exporter\CoverageDataTest.cpp Exporter\FileCoverageTest.cpp PluginTest.cpp
2026-08-20T10:18:52.9587876Z          CoverageDataTest.cpp
2026-08-20T10:18:53.3508952Z          FileCoverageTest.cpp
2026-08-20T10:18:53.7790151Z          PluginTest.cpp
2026-08-20T10:18:53.8749202Z        Link:
2026-08-20T10:18:53.8757730Z          C:\Program Files\Microsoft Visual Studio\2022\Enterprise\VC\Tools\MSVC\14.44.35207\bin\HostX64\x86\link.exe /ERRORREPORT:QUEUE /OUT:"D:\a\OpenCppCoverage-ARM64\OpenCppCoverage-ARM64\Release\PluginTest.exe" /INCREMENTAL:NO /NOLOGO /LIBPATH:"D:\a\OpenCppCoverage-ARM64\OpenCppCoverage-ARM64\vcpkg_installed\x86-windows\lib" /LIBPATH:"D:\a\OpenCppCoverage-ARM64\OpenCppCoverage-ARM64\vcpkg_installed\x86-windows\lib\manual-link" gmock.lib gtest.lib kernel32.lib user32.lib gdi32.lib winspool.lib comdlg32.lib advapi32.lib shell32.lib ole32.lib oleaut32.lib uuid.lib odbc32.lib odbccp32.lib "D:\a\OpenCppCoverage-ARM64\OpenCppCoverage-ARM64\vcpkg_installed\x86-windows\lib\*.lib" /MANIFEST /MANIFESTUAC:"level='asInvoker' uiAccess='false'" /manifest:embed /DEBUG /PDB:"D:\a\OpenCppCoverage-ARM64\OpenCppCoverage-ARM64\Release\PluginTest.pdb" /SUBSYSTEM:CONSOLE /OPT:REF /OPT:ICF /LTCG:incremental /LTCGOUT:"Release\PluginTest.iobj" /TLBID:1 /DYNAMICBASE /NXCOMPAT /IMPLIB:"D:\a\OpenCppCoverage-ARM64\OpenCppCoverage-ARM64\Release\PluginTest.lib" /MACHINE:X86 /SAFESEH Release\CoverageDataTest.obj
2026-08-20T10:18:53.8766667Z          Release\FileCoverageTest.obj
2026-08-20T10:18:53.8767297Z          Release\pch.obj
2026-08-20T10:18:53.8767822Z          Release\PluginTest.obj
2026-08-20T10:18:53.8768609Z          "D:\a\OpenCppCoverage-ARM64\OpenCppCoverage-ARM64\Release\Plugin.lib"
2026-08-20T10:18:53.9768888Z     12>ClCompile:
2026-08-20T10:18:53.9769557Z          TestCppCli.cpp
2026-08-20T10:18:54.1210017Z     18>Link:
2026-08-20T10:18:54.1210420Z          Generating code
2026-08-20T10:18:54.1241736Z          Previous IPDB not found, fall back to full compilation.
2026-08-20T10:18:54.5596315Z          All 463 functions were compiled because no usable IPDB/IOBJ from previous compilation was found.
2026-08-20T10:18:54.5637932Z          Finished generating code
2026-08-20T10:18:54.7276722Z          PluginTest.vcxproj -> D:\a\OpenCppCoverage-ARM64\OpenCppCoverage-ARM64\Release\PluginTest.exe
2026-08-20T10:18:54.7314239Z        AppLocalFromInstalled:
2026-08-20T10:18:54.7316806Z          "C:\Users\runneradmin\AppData\Local\OpenCppCoverage\vcpkg\vcpkg.exe" z-applocal --target-binary="D:\a\OpenCppCoverage-ARM64\OpenCppCoverage-ARM64\Release\PluginTest.exe" --installed-bin-dir="D:\a\OpenCppCoverage-ARM64\OpenCppCoverage-ARM64\vcpkg_installed\x86-windows\bin" --tlog-file="Release\PluginTest.tlog\PluginTest.write.1u.tlog" --copied-files-log="Release\vcpkg.applocal.log"
2026-08-20T10:18:54.7751723Z          D:\a\OpenCppCoverage-ARM64\OpenCppCoverage-ARM64\vcpkg_installed\x86-windows\bin\gmock.dll -> D:\a\OpenCppCoverage-ARM64\OpenCppCoverage-ARM64\Release\gmock.dll done
2026-08-20T10:18:54.7802712Z          D:\a\OpenCppCoverage-ARM64\OpenCppCoverage-ARM64\vcpkg_installed\x86-windows\bin\gmock.dll
2026-08-20T10:18:54.8245758Z     12>Link:
2026-08-20T10:18:54.8253722Z          C:\Program Files\Microsoft Visual Studio\2022\Enterprise\VC\Tools\MSVC\14.44.35207\bin\HostX64\x86\link.exe /ERRORREPORT:QUEUE /OUT:"D:\a\OpenCppCoverage-ARM64\OpenCppCoverage-ARM64\Release\TestCoverageSharedLib.dll" /INCREMENTAL:NO /NOLOGO /LIBPATH:"D:\a\OpenCppCoverage-ARM64\OpenCppCoverage-ARM64\vcpkg_installed\x86-windows\lib" /LIBPATH:"D:\a\OpenCppCoverage-ARM64\OpenCppCoverage-ARM64\vcpkg_installed\x86-windows\lib\manual-link" bcrypt.lib kernel32.lib user32.lib gdi32.lib winspool.lib comdlg32.lib advapi32.lib shell32.lib ole32.lib oleaut32.lib uuid.lib odbc32.lib odbccp32.lib "D:\a\OpenCppCoverage-ARM64\OpenCppCoverage-ARM64\vcpkg_installed\x86-windows\lib\*.lib" /MANIFEST /MANIFESTUAC:"level='asInvoker' uiAccess='false'" /manifest:embed /DEBUG /PDB:"D:\a\OpenCppCoverage-ARM64\OpenCppCoverage-ARM64\Release\TestCoverageSharedLib.pdb" /SUBSYSTEM:WINDOWS /OPT:REF /OPT:ICF /LTCG:incremental /LTCGOUT:"Release\TestCoverageSharedLib.iobj" /TLBID:1 /DYNAMICBASE /NXCOMPAT /IMPLIB:"D:\a\OpenCppCoverage-ARM64\OpenCppCoverage-ARM64\Release\TestCoverageSharedLib.lib" /MACHINE:X86 /SAFESEH /DLL Release\SimpleTextExport.obj
2026-08-20T10:18:54.8262157Z          Release\TestCoverageSharedLib.obj
2026-08-20T10:18:54.8262603Z          Release\stdafx.obj
2026-08-20T10:18:54.8262932Z          Release\TestCppCli.obj
2026-08-20T10:18:54.8263497Z          "D:\a\OpenCppCoverage-ARM64\OpenCppCoverage-ARM64\Release\Plugin.lib"
2026-08-20T10:18:54.9199713Z             Creating library D:\a\OpenCppCoverage-ARM64\OpenCppCoverage-ARM64\Release\TestCoverageSharedLib.lib and object D:\a\OpenCppCoverage-ARM64\OpenCppCoverage-ARM64\Release\TestCoverageSharedLib.exp
2026-08-20T10:18:54.9249688Z          Generating code
2026-08-20T10:18:54.9281150Z          Previous IPDB not found, fall back to full compilation.
2026-08-20T10:18:54.9787929Z          All 422 functions were compiled because no usable IPDB/IOBJ from previous compilation was found.
2026-08-20T10:18:54.9816655Z          Finished generating code
2026-08-20T10:18:55.1179329Z          TestCoverageSharedLib.vcxproj -> D:\a\OpenCppCoverage-ARM64\OpenCppCoverage-ARM64\Release\TestCoverageSharedLib.dll
2026-08-20T10:18:55.1196190Z        AppLocalFromInstalled:
2026-08-20T10:18:55.1198388Z          "C:\Users\runneradmin\AppData\Local\OpenCppCoverage\vcpkg\vcpkg.exe" z-applocal --target-binary="D:\a\OpenCppCoverage-ARM64\OpenCppCoverage-ARM64\Release\TestCoverageSharedLib.dll" --installed-bin-dir="D:\a\OpenCppCoverage-ARM64\OpenCppCoverage-ARM64\vcpkg_installed\x86-windows\bin" --tlog-file="Release\TestCove.0481B51C.tlog\TestCoverageSharedLib.write.1u.tlog" --copied-files-log="Release\vcpkg.applocal.log"
2026-08-20T10:18:55.1837463Z        FinalizeBuildStatus:
2026-08-20T10:18:55.1838441Z          Deleting file "Release\TestCove.0481B51C.tlog\unsuccessfulbuild".
2026-08-20T10:18:55.1840197Z          Touching "Release\TestCove.0481B51C.tlog\TestCoverageSharedLib.lastbuildstate".
2026-08-20T10:18:55.1846702Z     12>Done Building Project "D:\a\OpenCppCoverage-ARM64\OpenCppCoverage-ARM64\TestCoverageSharedLib\TestCoverageSharedLib.vcxproj" (default targets).
2026-08-20T10:18:55.1918491Z     18>FinalizeBuildStatus:
2026-08-20T10:18:55.1919593Z          Deleting file "Release\PluginTest.tlog\unsuccessfulbuild".
2026-08-20T10:18:55.1923307Z          Touching "Release\PluginTest.tlog\PluginTest.lastbuildstate".
2026-08-20T10:18:55.1924598Z     18>Done Building Project "D:\a\OpenCppCoverage-ARM64\OpenCppCoverage-ARM64\PluginTest\PluginTest.vcxproj" (default targets).
2026-08-20T10:18:55.2017478Z      1>Project "D:\a\OpenCppCoverage-ARM64\OpenCppCoverage-ARM64\CppCoverage.sln" (1) is building "D:\a\OpenCppCoverage-ARM64\OpenCppCoverage-ARM64\CppCoverageTest\CppCoverageTest.vcxproj.metaproj" (2) on node 1 (default targets).
2026-08-20T10:18:55.2020633Z      2>Project "D:\a\OpenCppCoverage-ARM64\OpenCppCoverage-ARM64\CppCoverageTest\CppCoverageTest.vcxproj.metaproj" (2) is building "D:\a\OpenCppCoverage-ARM64\OpenCppCoverage-ARM64\TestCppCli\TestCppCli.vcxproj" (13) on node 1 (default targets).
2026-08-20T10:18:55.2021921Z     13>PrepareForBuild:
2026-08-20T10:18:55.2022316Z          Creating directory "Release\".
2026-08-20T10:18:55.2044531Z          Structured output is enabled. The formatting of compiler diagnostics will reflect the error hierarchy. See https://aka.ms/cpp/structured-output for more details.
2026-08-20T10:18:55.2046285Z          Creating directory "Release\TestCppCli.tlog\".
2026-08-20T10:18:55.3021751Z        InitializeBuildStatus:
2026-08-20T10:18:55.3022924Z          Creating "Release\TestCppCli.tlog\unsuccessfulbuild" because "AlwaysCreate" was specified.
2026-08-20T10:18:55.3023890Z          Touching "Release\TestCppCli.tlog\unsuccessfulbuild".
2026-08-20T10:18:55.3116766Z        VcpkgTripletSelection:
2026-08-20T10:18:55.3118229Z          Using triplet "x86-windows" from "D:\a\OpenCppCoverage-ARM64\OpenCppCoverage-ARM64\vcpkg_installed\x86-windows\"
2026-08-20T10:18:55.3119336Z          Using normalized configuration "Release"
2026-08-20T10:18:55.3120865Z        VcpkgBootstrap:
2026-08-20T10:18:55.3121883Z        Skipping target "VcpkgBootstrap" because all output files are up-to-date with respect to the input files.
2026-08-20T10:18:55.3122970Z        VcpkgInstallManifestDependencies:
2026-08-20T10:18:55.3124064Z        Skipping target "VcpkgInstallManifestDependencies" because all output files are up-to-date with respect to the input files.
2026-08-20T10:18:55.3253483Z        ClCompile:
2026-08-20T10:18:55.3263855Z          C:\Program Files\Microsoft Visual Studio\2022\Enterprise\VC\Tools\MSVC\14.44.35207\bin\HostX64\x86\CL.exe /c /I"D:\a\OpenCppCoverage-ARM64\OpenCppCoverage-ARM64\vcpkg_installed\x86-windows\include" /AI"C:\Program Files (x86)\Reference Assemblies\Microsoft\Framework\.NETFramework\v4.7.2\\" /AI"C:\Program Files (x86)\Windows Kits\10\References" /AI"C:\Program Files (x86)\Reference Assemblies\Microsoft\Framework\.NETFramework\v4.7.2\Facades\\" /Zi /clr /nologo /W3 /WX- /diagnostics:column /O2 /Oy- /D WIN32 /D NDEBUG /D _WINDLL /D _UNICODE /D UNICODE /EHa /MD /GS /fp:precise /Zc:wchar_t /Zc:forScope /Zc:inline /Fo"Release\\" /Fd"Release\vc143.pdb" /external:W3 /TP /FU"C:\Program Files\Microsoft Visual Studio\2022\Enterprise\Common7\IDE\PublicAssemblies\Microsoft.VisualStudio.QualityTools.UnitTestFramework.dll" /FU"C:\Program Files (x86)\Reference Assemblies\Microsoft\Framework\.NETFramework\v4.7.2\mscorlib.dll" /FU"C:\Program Files (x86)\Reference Assemblies\Microsoft\Framework\.NETFramework\v4.7.2\System.Data.dll" /FU"C:\Program Files (x86)\Reference Assemblies\Microsoft\Framework\.NETFramework\v4.7.2\System.dll" /FU"C:\Program Files (x86)\Reference Assemblies\Microsoft\Framework\.NETFramework\v4.7.2\System.Xml.dll" /analyze- /FC /errorReport:queue /clr:nostdlib AssemblyInfo.cpp UnitTest.cpp "Release\.NETFramework,Version=v4.7.2.AssemblyAttributes.cpp"
2026-08-20T10:18:55.3666361Z          AssemblyInfo.cpp
2026-08-20T10:18:55.4466199Z          UnitTest.cpp
2026-08-20T10:18:55.5465689Z          .NETFramework,Version=v4.7.2.AssemblyAttributes.cpp
2026-08-20T10:18:55.5947232Z          Generating Code...
2026-08-20T10:18:55.6614564Z        Link:
2026-08-20T10:18:55.6620946Z          C:\Program Files\Microsoft Visual Studio\2022\Enterprise\VC\Tools\MSVC\14.44.35207\bin\HostX64\x86\link.exe /ERRORREPORT:QUEUE /OUT:"D:\a\OpenCppCoverage-ARM64\OpenCppCoverage-ARM64\Release\DefaultTest.dll" /INCREMENTAL:NO /NOLOGO /LIBPATH:"D:\a\OpenCppCoverage-ARM64\OpenCppCoverage-ARM64\vcpkg_installed\x86-windows\lib" /LIBPATH:"D:\a\OpenCppCoverage-ARM64\OpenCppCoverage-ARM64\vcpkg_installed\x86-windows\lib\manual-link" "D:\a\OpenCppCoverage-ARM64\OpenCppCoverage-ARM64\vcpkg_installed\x86-windows\lib\*.lib" /MANIFEST /MANIFESTUAC:"level='asInvoker' uiAccess='false'" /manifest:embed /DEBUG:FULL /PDB:"D:\a\OpenCppCoverage-ARM64\OpenCppCoverage-ARM64\Release\DefaultTest.pdb" /TLBID:1 /DYNAMICBASE /FIXED:NO /NXCOMPAT /MACHINE:X86 /SAFESEH /DLL Release\AssemblyInfo.obj
2026-08-20T10:18:55.6626371Z          Release\UnitTest.obj
2026-08-20T10:18:55.6626965Z          "Release\.NETFramework,Version=v4.7.2.AssemblyAttributes.obj"
2026-08-20T10:18:55.6627913Z          "D:\a\OpenCppCoverage-ARM64\OpenCppCoverage-ARM64\Release\TestCoverageSharedLib.lib"
2026-08-20T10:18:55.8400455Z          TestCppCli.vcxproj -> D:\a\OpenCppCoverage-ARM64\OpenCppCoverage-ARM64\Release\DefaultTest.dll
2026-08-20T10:18:55.8486595Z     11>ClCompile:
2026-08-20T10:18:55.8486976Z          MappedFile.cpp
2026-08-20T10:18:55.8756527Z     13>MetaGen:
2026-08-20T10:18:55.8765408Z          To improve incremental build performance for managed components, please make sure that the 'VC++ Directories->Reference Directories' points to all the paths which contain the referenced managed assemblies.
2026-08-20T10:18:55.8768375Z          Could not load file or assembly 'Microsoft.VisualStudio.QualityTools.UnitTestFramework, Version=10.0.0.0, Culture=neutral, PublicKeyToken=b03f5f7f11d50a3a' or one of its dependencies. The system cannot find the file specified.
2026-08-20T10:18:55.8811114Z        AppLocalFromInstalled:
2026-08-20T10:18:55.8813174Z          "C:\Users\runneradmin\AppData\Local\OpenCppCoverage\vcpkg\vcpkg.exe" z-applocal --target-binary="D:\a\OpenCppCoverage-ARM64\OpenCppCoverage-ARM64\Release\DefaultTest.dll" --installed-bin-dir="D:\a\OpenCppCoverage-ARM64\OpenCppCoverage-ARM64\vcpkg_installed\x86-windows\bin" --tlog-file="Release\TestCppCli.tlog\TestCppCli.write.1u.tlog" --copied-files-log="Release\vcpkg.applocal.log"
2026-08-20T10:18:55.9481815Z        FinalizeBuildStatus:
2026-08-20T10:18:55.9482616Z          Deleting file "Release\TestCppCli.tlog\unsuccessfulbuild".
2026-08-20T10:18:55.9483431Z          Touching "Release\TestCppCli.tlog\TestCppCli.lastbuildstate".
2026-08-20T10:18:55.9487848Z     13>Done Building Project "D:\a\OpenCppCoverage-ARM64\OpenCppCoverage-ARM64\TestCppCli\TestCppCli.vcxproj" (default targets).
2026-08-20T10:18:57.3765086Z     11>ClCompile:
2026-08-20T10:18:57.3765497Z          MiniDump.cpp
2026-08-20T10:18:57.9726195Z          PEFileHeader.cpp
2026-08-20T10:18:58.6340661Z          ProcessMemory.cpp
2026-08-20T10:19:00.2194481Z          ScopedAction.cpp
2026-08-20T10:19:01.7975501Z          Tool.cpp
2026-08-20T10:19:03.4107702Z          UniquePath.cpp
2026-08-20T10:19:04.4120808Z          WarningManager.cpp
2026-08-20T10:19:06.1927858Z        Link:
2026-08-20T10:19:06.1937153Z          C:\Program Files\Microsoft Visual Studio\2022\Enterprise\VC\Tools\MSVC\14.44.35207\bin\HostX64\x86\link.exe /ERRORREPORT:QUEUE /OUT:"D:\a\OpenCppCoverage-ARM64\OpenCppCoverage-ARM64\Release\Tools.dll" /INCREMENTAL:NO /NOLOGO /LIBPATH:"D:\a\OpenCppCoverage-ARM64\OpenCppCoverage-ARM64\vcpkg_installed\x86-windows\lib" /LIBPATH:"D:\a\OpenCppCoverage-ARM64\OpenCppCoverage-ARM64\vcpkg_installed\x86-windows\lib\manual-link" DbgHelp.lib bcrypt.lib kernel32.lib user32.lib gdi32.lib winspool.lib comdlg32.lib advapi32.lib shell32.lib ole32.lib oleaut32.lib uuid.lib odbc32.lib odbccp32.lib "D:\a\OpenCppCoverage-ARM64\OpenCppCoverage-ARM64\vcpkg_installed\x86-windows\lib\*.lib" /MANIFEST /MANIFESTUAC:"level='asInvoker' uiAccess='false'" /manifest:embed /DEBUG /PDB:"D:\a\OpenCppCoverage-ARM64\OpenCppCoverage-ARM64\Release\Tools.pdb" /SUBSYSTEM:WINDOWS /OPT:REF /OPT:ICF /LTCG:incremental /LTCGOUT:"Release\Tools.iobj" /TLBID:1 /DYNAMICBASE /NXCOMPAT /IMPLIB:"D:\a\OpenCppCoverage-ARM64\OpenCppCoverage-ARM64\Release\Tools.lib" /MACHINE:X86 /SAFESEH /DLL Release\dllmain.obj
2026-08-20T10:19:06.1944656Z          Release\ExceptionBase.obj
2026-08-20T10:19:06.1945081Z          Release\Log.obj
2026-08-20T10:19:06.1945440Z          Release\MappedFile.obj
2026-08-20T10:19:06.1945833Z          Release\MiniDump.obj
2026-08-20T10:19:06.1946214Z          Release\PEFileHeader.obj
2026-08-20T10:19:06.1946622Z          Release\ProcessMemory.obj
2026-08-20T10:19:06.1947041Z          Release\ScopedAction.obj
2026-08-20T10:19:06.1947442Z          Release\stdafx.obj
2026-08-20T10:19:06.1947798Z          Release\Tool.obj
2026-08-20T10:19:06.1948153Z          Release\UniquePath.obj
2026-08-20T10:19:06.1948582Z          Release\WarningManager.obj
2026-08-20T10:19:06.3648626Z             Creating library D:\a\OpenCppCoverage-ARM64\OpenCppCoverage-ARM64\Release\Tools.lib and object D:\a\OpenCppCoverage-ARM64\OpenCppCoverage-ARM64\Release\Tools.exp
2026-08-20T10:19:06.3710971Z          Generating code
2026-08-20T10:19:06.3886532Z          Previous IPDB not found, fall back to full compilation.
2026-08-20T10:19:07.8522617Z          All 2821 functions were compiled because no usable IPDB/IOBJ from previous compilation was found.
2026-08-20T10:19:07.8890871Z          Finished generating code
2026-08-20T10:19:08.0854956Z          Tools.vcxproj -> D:\a\OpenCppCoverage-ARM64\OpenCppCoverage-ARM64\Release\Tools.dll
2026-08-20T10:19:08.0906916Z        AppLocalFromInstalled:
2026-08-20T10:19:08.0910749Z          "C:\Users\runneradmin\AppData\Local\OpenCppCoverage\vcpkg\vcpkg.exe" z-applocal --target-binary="D:\a\OpenCppCoverage-ARM64\OpenCppCoverage-ARM64\Release\Tools.dll" --installed-bin-dir="D:\a\OpenCppCoverage-ARM64\OpenCppCoverage-ARM64\vcpkg_installed\x86-windows\bin" --tlog-file="Release\Tools.tlog\Tools.write.1u.tlog" --copied-files-log="Release\vcpkg.applocal.log"
2026-08-20T10:19:08.1295907Z          D:\a\OpenCppCoverage-ARM64\OpenCppCoverage-ARM64\vcpkg_installed\x86-windows\bin\boost_iostreams-vc143-mt-x32-1_91.dll -> D:\a\OpenCppCoverage-ARM64\OpenCppCoverage-ARM64\Release\boost_iostreams-vc143-mt-x32-1_91.dll done
2026-08-20T10:19:08.1301928Z          D:\a\OpenCppCoverage-ARM64\OpenCppCoverage-ARM64\vcpkg_installed\x86-windows\bin\z.dll -> D:\a\OpenCppCoverage-ARM64\OpenCppCoverage-ARM64\Release\z.dll done
2026-08-20T10:19:08.1305000Z          D:\a\OpenCppCoverage-ARM64\OpenCppCoverage-ARM64\vcpkg_installed\x86-windows\bin\bz2.dll -> D:\a\OpenCppCoverage-ARM64\OpenCppCoverage-ARM64\Release\bz2.dll done
2026-08-20T10:19:08.1473408Z          D:\a\OpenCppCoverage-ARM64\OpenCppCoverage-ARM64\vcpkg_installed\x86-windows\bin\liblzma.dll -> D:\a\OpenCppCoverage-ARM64\OpenCppCoverage-ARM64\Release\liblzma.dll done
2026-08-20T10:19:08.1480865Z          D:\a\OpenCppCoverage-ARM64\OpenCppCoverage-ARM64\vcpkg_installed\x86-windows\bin\zstd.dll -> D:\a\OpenCppCoverage-ARM64\OpenCppCoverage-ARM64\Release\zstd.dll done
2026-08-20T10:19:08.1488924Z          D:\a\OpenCppCoverage-ARM64\OpenCppCoverage-ARM64\vcpkg_installed\x86-windows\bin\boost_locale-vc143-mt-x32-1_91.dll -> D:\a\OpenCppCoverage-ARM64\OpenCppCoverage-ARM64\Release\boost_locale-vc143-mt-x32-1_91.dll done
2026-08-20T10:19:08.1497410Z          D:\a\OpenCppCoverage-ARM64\OpenCppCoverage-ARM64\vcpkg_installed\x86-windows\bin\boost_log-vc143-mt-x32-1_91.dll -> D:\a\OpenCppCoverage-ARM64\OpenCppCoverage-ARM64\Release\boost_log-vc143-mt-x32-1_91.dll done
2026-08-20T10:19:08.1503181Z          D:\a\OpenCppCoverage-ARM64\OpenCppCoverage-ARM64\vcpkg_installed\x86-windows\bin\boost_filesystem-vc143-mt-x32-1_91.dll -> D:\a\OpenCppCoverage-ARM64\OpenCppCoverage-ARM64\Release\boost_filesystem-vc143-mt-x32-1_91.dll done
2026-08-20T10:19:08.1511746Z          D:\a\OpenCppCoverage-ARM64\OpenCppCoverage-ARM64\vcpkg_installed\x86-windows\bin\boost_thread-vc143-mt-x32-1_91.dll -> D:\a\OpenCppCoverage-ARM64\OpenCppCoverage-ARM64\Release\boost_thread-vc143-mt-x32-1_91.dll done
2026-08-20T10:19:08.1569835Z          D:\a\OpenCppCoverage-ARM64\OpenCppCoverage-ARM64\vcpkg_installed\x86-windows\bin\boost_iostreams-vc143-mt-x32-1_91.dll
2026-08-20T10:19:08.1572746Z          D:\a\OpenCppCoverage-ARM64\OpenCppCoverage-ARM64\vcpkg_installed\x86-windows\bin\z.dll
2026-08-20T10:19:08.1574852Z          D:\a\OpenCppCoverage-ARM64\OpenCppCoverage-ARM64\vcpkg_installed\x86-windows\bin\bz2.dll
2026-08-20T10:19:08.1577816Z          D:\a\OpenCppCoverage-ARM64\OpenCppCoverage-ARM64\vcpkg_installed\x86-windows\bin\liblzma.dll
2026-08-20T10:19:08.1580465Z          D:\a\OpenCppCoverage-ARM64\OpenCppCoverage-ARM64\vcpkg_installed\x86-windows\bin\zstd.dll
2026-08-20T10:19:08.1583269Z          D:\a\OpenCppCoverage-ARM64\OpenCppCoverage-ARM64\vcpkg_installed\x86-windows\bin\boost_locale-vc143-mt-x32-1_91.dll
2026-08-20T10:19:08.1586881Z          D:\a\OpenCppCoverage-ARM64\OpenCppCoverage-ARM64\vcpkg_installed\x86-windows\bin\boost_log-vc143-mt-x32-1_91.dll
2026-08-20T10:19:08.1589783Z          D:\a\OpenCppCoverage-ARM64\OpenCppCoverage-ARM64\vcpkg_installed\x86-windows\bin\boost_filesystem-vc143-mt-x32-1_91.dll
2026-08-20T10:19:08.1591881Z          D:\a\OpenCppCoverage-ARM64\OpenCppCoverage-ARM64\vcpkg_installed\x86-windows\bin\boost_thread-vc143-mt-x32-1_91.dll
2026-08-20T10:19:08.2140611Z        FinalizeBuildStatus:
2026-08-20T10:19:08.2141163Z          Deleting file "Release\Tools.tlog\unsuccessfulbuild".
2026-08-20T10:19:08.2145379Z          Touching "Release\Tools.tlog\Tools.lastbuildstate".
2026-08-20T10:19:08.2162274Z     11>Done Building Project "D:\a\OpenCppCoverage-ARM64\OpenCppCoverage-ARM64\Tools\Tools.vcxproj" (default targets).
2026-08-20T10:19:08.2569374Z      1>Project "D:\a\OpenCppCoverage-ARM64\OpenCppCoverage-ARM64\CppCoverage.sln" (1) is building "D:\a\OpenCppCoverage-ARM64\OpenCppCoverage-ARM64\TestHelper\TestHelper.vcxproj" (14) on node 1 (default targets).
2026-08-20T10:19:08.2576965Z     14>PrepareForBuild:
2026-08-20T10:19:08.2577598Z          Creating directory "Release\".
2026-08-20T10:19:08.2630514Z          Structured output is enabled. The formatting of compiler diagnostics will reflect the error hierarchy. See https://aka.ms/cpp/structured-output for more details.
2026-08-20T10:19:08.2633070Z          Creating directory "Release\TestHelper.tlog\".
2026-08-20T10:19:08.2655294Z        InitializeBuildStatus:
2026-08-20T10:19:08.2656096Z          Creating "Release\TestHelper.tlog\unsuccessfulbuild" because "AlwaysCreate" was specified.
2026-08-20T10:19:08.2657102Z          Touching "Release\TestHelper.tlog\unsuccessfulbuild".
2026-08-20T10:19:08.2675551Z      6>PrepareForBuild:
2026-08-20T10:19:08.2676577Z          Creating directory "Release\".
2026-08-20T10:19:08.2689561Z      8>PrepareForBuild:
2026-08-20T10:19:08.2690010Z          Creating directory "Release\".
2026-08-20T10:19:08.2707749Z      6>PrepareForBuild:
2026-08-20T10:19:08.2709043Z          Structured output is enabled. The formatting of compiler diagnostics will reflect the error hierarchy. See https://aka.ms/cpp/structured-output for more details.
2026-08-20T10:19:08.2712423Z          Creating directory "Release\TestCove.0DD16EDF.tlog\".
2026-08-20T10:19:08.2725401Z      8>PrepareForBuild:
2026-08-20T10:19:08.2726699Z          Structured output is enabled. The formatting of compiler diagnostics will reflect the error hierarchy. See https://aka.ms/cpp/structured-output for more details.
2026-08-20T10:19:08.2729157Z          Creating directory "Release\FileFilter.tlog\".
2026-08-20T10:19:08.2786813Z      6>InitializeBuildStatus:
2026-08-20T10:19:08.2787710Z          Creating "Release\TestCove.0DD16EDF.tlog\unsuccessfulbuild" because "AlwaysCreate" was specified.
2026-08-20T10:19:08.2789439Z          Touching "Release\TestCove.0DD16EDF.tlog\unsuccessfulbuild".
2026-08-20T10:19:08.2801156Z      8>InitializeBuildStatus:
2026-08-20T10:19:08.2801964Z          Creating "Release\FileFilter.tlog\unsuccessfulbuild" because "AlwaysCreate" was specified.
2026-08-20T10:19:08.2803946Z          Touching "Release\FileFilter.tlog\unsuccessfulbuild".
2026-08-20T10:19:08.3504045Z        VcpkgTripletSelection:
2026-08-20T10:19:08.3523032Z          Using triplet "x86-windows" from "D:\a\OpenCppCoverage-ARM64\OpenCppCoverage-ARM64\vcpkg_installed\x86-windows\"
2026-08-20T10:19:08.3524574Z          Using normalized configuration "Release"
2026-08-20T10:19:08.3526822Z        VcpkgBootstrap:
2026-08-20T10:19:08.3530130Z        Skipping target "VcpkgBootstrap" because all output files are up-to-date with respect to the input files.
2026-08-20T10:19:08.3531273Z        VcpkgInstallManifestDependencies:
2026-08-20T10:19:08.3534087Z        Skipping target "VcpkgInstallManifestDependencies" because all output files are up-to-date with respect to the input files.
2026-08-20T10:19:08.3535456Z        ClCompile:
2026-08-20T10:19:08.3561938Z          C:\Program Files\Microsoft Visual Studio\2022\Enterprise\VC\Tools\MSVC\14.44.35207\bin\HostX64\x86\CL.exe /c /I"D:\a\OpenCppCoverage-ARM64\OpenCppCoverage-ARM64\\" /I"D:\a\OpenCppCoverage-ARM64\OpenCppCoverage-ARM64\FileFilter\\" /I"D:\a\OpenCppCoverage-ARM64\OpenCppCoverage-ARM64\vcpkg_installed\x86-windows\include" /Zi /nologo /W3 /WX /diagnostics:column /sdl /O2 /Oi /Oy- /GL /D WIN32 /D NDEBUG /D _WINDOWS /D _USRDLL /D FILEFILTER_EXPORTS /D BOOST_CONFIG_SUPPRESS_OUTDATED_MESSAGE /D "OPENCPPCOVERAGE_VERSION=\"0.9.9.0\"" /D _CRT_SECURE_NO_WARNINGS /D "PROJECT_DIR=R\"|(D:\a\OpenCppCoverage-ARM64\OpenCppCoverage-ARM64\FileFilter\)|\"" /D "SOLUTION_DIR=R\"|(D:\a\OpenCppCoverage-ARM64\OpenCppCoverage-ARM64\)|\"" /D "TARGET_FILE_NAME=R\"|(FileFilter.dll)|\"" /D "OUT_DIR=R\"|(D:\a\OpenCppCoverage-ARM64\OpenCppCoverage-ARM64\Release\)|\"" /D NOMINMAX /D _WINDLL /D _UNICODE /D UNICODE /Gm- /EHsc /MD /GS /Gy /fp:precise /Zc:wchar_t /Zc:forScope /Zc:inline /std:c++17 /permissive- /Yc"stdafx.h" /Fp"Release\FileFilter.pch" /Fo"Release\\" /Fd"Release\vc143.pdb" /external:W3 /Gd /TP /analyze- /FC /errorReport:queue stdafx.cpp
2026-08-20T10:19:08.3578573Z      6>VcpkgTripletSelection:
2026-08-20T10:19:08.3580848Z          Using triplet "x86-windows" from "D:\a\OpenCppCoverage-ARM64\OpenCppCoverage-ARM64\vcpkg_installed\x86-windows\"
2026-08-20T10:19:08.3584567Z          Using normalized configuration "Release"
2026-08-20T10:19:08.3585326Z        VcpkgBootstrap:
2026-08-20T10:19:08.3586413Z        Skipping target "VcpkgBootstrap" because all output files are up-to-date with respect to the input files.
2026-08-20T10:19:08.3587374Z        VcpkgInstallManifestDependencies:
2026-08-20T10:19:08.3588453Z        Skipping target "VcpkgInstallManifestDependencies" because all output files are up-to-date with respect to the input files.
2026-08-20T10:19:08.3589488Z        ClCompile:
2026-08-20T10:19:08.3597364Z          C:\Program Files\Microsoft Visual Studio\2022\Enterprise\VC\Tools\MSVC\14.44.35207\bin\HostX64\x86\CL.exe /c /I"D:\a\OpenCppCoverage-ARM64\OpenCppCoverage-ARM64\TestCoverageConsole\\" /I"D:\a\OpenCppCoverage-ARM64\OpenCppCoverage-ARM64\\" /I"D:\a\OpenCppCoverage-ARM64\OpenCppCoverage-ARM64\TestCoverageConsole\\" /I"D:\a\OpenCppCoverage-ARM64\OpenCppCoverage-ARM64\vcpkg_installed\x86-windows\include" /Zi /nologo /W3 /WX /diagnostics:column /sdl /Od /Oi /Oy- /GL /D WIN32 /D NDEBUG /D _CONSOLE /D _LIB /D BOOST_CONFIG_SUPPRESS_OUTDATED_MESSAGE /D "OPENCPPCOVERAGE_VERSION=\"0.9.9.0\"" /D _CRT_SECURE_NO_WARNINGS /D "PROJECT_DIR=R\"|(D:\a\OpenCppCoverage-ARM64\OpenCppCoverage-ARM64\TestCoverageConsole\)|\"" /D "SOLUTION_DIR=R\"|(D:\a\OpenCppCoverage-ARM64\OpenCppCoverage-ARM64\)|\"" /D "TARGET_FILE_NAME=R\"|(TestCoverageConsole.exe)|\"" /D "OUT_DIR=R\"|(D:\a\OpenCppCoverage-ARM64\OpenCppCoverage-ARM64\Release\)|\"" /D NOMINMAX /D _UNICODE /D UNICODE /Gm- /EHsc /MD /GS /Gy /fp:precise /Zc:wchar_t /Zc:forScope /Zc:inline /std:c++17 /permissive- /Fo"Release\\" /Fd"Release\vc143.pdb" /external:W3 /Gd /TP /analyze- /FC /errorReport:queue TestBasic.cpp TestCoverageConsole.cpp SpecialLineInfo.cpp TestDebugInformationEnumerator.cpp TestDiff.cpp TestThread.cpp
2026-08-20T10:19:08.3605831Z     14>VcpkgTripletSelection:
2026-08-20T10:19:08.3607066Z          Using triplet "x86-windows" from "D:\a\OpenCppCoverage-ARM64\OpenCppCoverage-ARM64\vcpkg_installed\x86-windows\"
2026-08-20T10:19:08.3608154Z          Using normalized configuration "Release"
2026-08-20T10:19:08.3608691Z        VcpkgBootstrap:
2026-08-20T10:19:08.3609530Z        Skipping target "VcpkgBootstrap" because all output files are up-to-date with respect to the input files.
2026-08-20T10:19:08.3610496Z        VcpkgInstallManifestDependencies:
2026-08-20T10:19:08.3611635Z        Skipping target "VcpkgInstallManifestDependencies" because all output files are up-to-date with respect to the input files.
2026-08-20T10:19:08.3672168Z        ClCompile:
2026-08-20T10:19:08.3679844Z          C:\Program Files\Microsoft Visual Studio\2022\Enterprise\VC\Tools\MSVC\14.44.35207\bin\HostX64\x86\CL.exe /c /I"D:\a\OpenCppCoverage-ARM64\OpenCppCoverage-ARM64\\" /I"D:\a\OpenCppCoverage-ARM64\OpenCppCoverage-ARM64\TestHelper\\" /I"D:\a\OpenCppCoverage-ARM64\OpenCppCoverage-ARM64\vcpkg_installed\x86-windows\include" /Zi /nologo /W3 /WX /diagnostics:column /sdl /O2 /Oi /Oy- /GL /D WIN32 /D _USRDLL /D TEST_HELPER_EXPORTS /D NDEBUG /D _CONSOLE /D _LIB /D GTEST_LINKED_AS_SHARED_LIBRARY=1 /D _SILENCE_TR1_NAMESPACE_DEPRECATION_WARNING /D BOOST_CONFIG_SUPPRESS_OUTDATED_MESSAGE /D "OPENCPPCOVERAGE_VERSION=\"0.9.9.0\"" /D _CRT_SECURE_NO_WARNINGS /D "PROJECT_DIR=R\"|(D:\a\OpenCppCoverage-ARM64\OpenCppCoverage-ARM64\TestHelper\)|\"" /D "SOLUTION_DIR=R\"|(D:\a\OpenCppCoverage-ARM64\OpenCppCoverage-ARM64\)|\"" /D "TARGET_FILE_NAME=R\"|(TestHelper.dll)|\"" /D "OUT_DIR=R\"|(D:\a\OpenCppCoverage-ARM64\OpenCppCoverage-ARM64\Release\)|\"" /D NOMINMAX /D _WINDLL /D _UNICODE /D UNICODE /Gm- /EHsc /MD /GS /Gy /fp:precise /Zc:wchar_t /Zc:forScope /Zc:inline /std:c++17 /permissive- /Yc"stdafx.h" /Fp"Release\TestHelper.pch" /Fo"Release\\" /Fd"Release\vc143.pdb" /external:W3 /Gd /TP /wd4251 /wd4275 /analyze- /FC /errorReport:queue stdafx.cpp
2026-08-20T10:19:08.3701864Z      6>ClCompile:
2026-08-20T10:19:08.3702570Z          TestBasic.cpp
2026-08-20T10:19:08.3703309Z      8>ClCompile:
2026-08-20T10:19:08.3703711Z          stdafx.cpp
2026-08-20T10:19:08.4143657Z     14>ClCompile:
2026-08-20T10:19:08.4144465Z          stdafx.cpp
2026-08-20T10:19:09.1442326Z      8>ClCompile:
2026-08-20T10:19:09.1451941Z          C:\Program Files\Microsoft Visual Studio\2022\Enterprise\VC\Tools\MSVC\14.44.35207\bin\HostX64\x86\CL.exe /c /I"D:\a\OpenCppCoverage-ARM64\OpenCppCoverage-ARM64\\" /I"D:\a\OpenCppCoverage-ARM64\OpenCppCoverage-ARM64\FileFilter\\" /I"D:\a\OpenCppCoverage-ARM64\OpenCppCoverage-ARM64\vcpkg_installed\x86-windows\include" /Zi /nologo /W3 /WX /diagnostics:column /sdl /O2 /Oi /Oy- /GL /D WIN32 /D NDEBUG /D _WINDOWS /D _USRDLL /D FILEFILTER_EXPORTS /D BOOST_CONFIG_SUPPRESS_OUTDATED_MESSAGE /D "OPENCPPCOVERAGE_VERSION=\"0.9.9.0\"" /D _CRT_SECURE_NO_WARNINGS /D "PROJECT_DIR=R\"|(D:\a\OpenCppCoverage-ARM64\OpenCppCoverage-ARM64\FileFilter\)|\"" /D "SOLUTION_DIR=R\"|(D:\a\OpenCppCoverage-ARM64\OpenCppCoverage-ARM64\)|\"" /D "TARGET_FILE_NAME=R\"|(FileFilter.dll)|\"" /D "OUT_DIR=R\"|(D:\a\OpenCppCoverage-ARM64\OpenCppCoverage-ARM64\Release\)|\"" /D NOMINMAX /D _WINDLL /D _UNICODE /D UNICODE /Gm- /EHsc /MD /GS /Gy /fp:precise /Zc:wchar_t /Zc:forScope /Zc:inline /std:c++17 /permissive- /Yu"stdafx.h" /Fp"Release\FileFilter.pch" /Fo"Release\\" /Fd"Release\vc143.pdb" /external:W3 /Gd /TP /analyze- /FC /errorReport:queue AmbiguousPathException.cpp File.cpp PathMatcher.cpp ReleaseCoverageFilter.cpp RelocationsExtractor.cpp LineFilter.cpp UnifiedDiffCoverageFilter.cpp UnifiedDiffParser.cpp UnifiedDiffParserException.cpp
2026-08-20T10:19:09.1895816Z          AmbiguousPathException.cpp
2026-08-20T10:19:10.0039200Z          File.cpp
2026-08-20T10:19:10.1091958Z      6>ClCompile:
2026-08-20T10:19:10.1094198Z          TestCoverageConsole.cpp
2026-08-20T10:19:10.7503658Z     14>ClCompile:
2026-08-20T10:19:10.7513819Z          C:\Program Files\Microsoft Visual Studio\2022\Enterprise\VC\Tools\MSVC\14.44.35207\bin\HostX64\x86\CL.exe /c /I"D:\a\OpenCppCoverage-ARM64\OpenCppCoverage-ARM64\\" /I"D:\a\OpenCppCoverage-ARM64\OpenCppCoverage-ARM64\TestHelper\\" /I"D:\a\OpenCppCoverage-ARM64\OpenCppCoverage-ARM64\vcpkg_installed\x86-windows\include" /Zi /nologo /W3 /WX /diagnostics:column /sdl /O2 /Oi /Oy- /GL /D WIN32 /D _USRDLL /D TEST_HELPER_EXPORTS /D NDEBUG /D _CONSOLE /D _LIB /D GTEST_LINKED_AS_SHARED_LIBRARY=1 /D _SILENCE_TR1_NAMESPACE_DEPRECATION_WARNING /D BOOST_CONFIG_SUPPRESS_OUTDATED_MESSAGE /D "OPENCPPCOVERAGE_VERSION=\"0.9.9.0\"" /D _CRT_SECURE_NO_WARNINGS /D "PROJECT_DIR=R\"|(D:\a\OpenCppCoverage-ARM64\OpenCppCoverage-ARM64\TestHelper\)|\"" /D "SOLUTION_DIR=R\"|(D:\a\OpenCppCoverage-ARM64\OpenCppCoverage-ARM64\)|\"" /D "TARGET_FILE_NAME=R\"|(TestHelper.dll)|\"" /D "OUT_DIR=R\"|(D:\a\OpenCppCoverage-ARM64\OpenCppCoverage-ARM64\Release\)|\"" /D NOMINMAX /D _WINDLL /D _UNICODE /D UNICODE /Gm- /EHsc /MD /GS /Gy /fp:precise /Zc:wchar_t /Zc:forScope /Zc:inline /std:c++17 /permissive- /Yu"stdafx.h" /Fp"Release\TestHelper.pch" /Fo"Release\\" /Fd"Release\vc143.pdb" /external:W3 /Gd /TP /wd4251 /wd4275 /analyze- /FC /errorReport:queue CoverageDataComparer.cpp TemporaryPath.cpp Tools.cpp
2026-08-20T10:19:10.8021137Z          CoverageDataComparer.cpp
2026-08-20T10:19:10.8254279Z      8>ClCompile:
2026-08-20T10:19:10.8255038Z          PathMatcher.cpp
2026-08-20T10:19:11.3800166Z     14>ClCompile:
2026-08-20T10:19:11.3800847Z          TemporaryPath.cpp
2026-08-20T10:19:11.8758416Z      6>ClCompile:
2026-08-20T10:19:11.8759508Z          SpecialLineInfo.cpp
2026-08-20T10:19:12.5489718Z     14>ClCompile:
2026-08-20T10:19:12.5490321Z          Tools.cpp
2026-08-20T10:19:12.7228979Z      8>ClCompile:
2026-08-20T10:19:12.7229735Z          ReleaseCoverageFilter.cpp
2026-08-20T10:19:13.1233752Z      6>ClCompile:
2026-08-20T10:19:13.1235683Z          TestDebugInformationEnumerator.cpp
2026-08-20T10:19:13.8548099Z     14>Link:
2026-08-20T10:19:13.8556912Z          C:\Program Files\Microsoft Visual Studio\2022\Enterprise\VC\Tools\MSVC\14.44.35207\bin\HostX64\x86\link.exe /ERRORREPORT:QUEUE /OUT:"D:\a\OpenCppCoverage-ARM64\OpenCppCoverage-ARM64\Release\TestHelper.dll" /INCREMENTAL:NO /NOLOGO /LIBPATH:"D:\a\OpenCppCoverage-ARM64\OpenCppCoverage-ARM64\vcpkg_installed\x86-windows\lib" /LIBPATH:"D:\a\OpenCppCoverage-ARM64\OpenCppCoverage-ARM64\vcpkg_installed\x86-windows\lib\manual-link" gmock.lib gtest.lib bcrypt.lib kernel32.lib user32.lib gdi32.lib winspool.lib comdlg32.lib advapi32.lib shell32.lib ole32.lib oleaut32.lib uuid.lib odbc32.lib odbccp32.lib "D:\a\OpenCppCoverage-ARM64\OpenCppCoverage-ARM64\vcpkg_installed\x86-windows\lib\*.lib" /MANIFEST /MANIFESTUAC:"level='asInvoker' uiAccess='false'" /manifest:embed /DEBUG /PDB:"D:\a\OpenCppCoverage-ARM64\OpenCppCoverage-ARM64\Release\TestHelper.pdb" /SUBSYSTEM:CONSOLE /OPT:REF /OPT:ICF /LTCG:incremental /LTCGOUT:"Release\TestHelper.iobj" /TLBID:1 /DYNAMICBASE /NXCOMPAT /IMPLIB:"D:\a\OpenCppCoverage-ARM64\OpenCppCoverage-ARM64\Release\TestHelper.lib" /MACHINE:X86 /SAFESEH /DLL Release\CoverageDataComparer.obj
2026-08-20T10:19:13.8565639Z          Release\stdafx.obj
2026-08-20T10:19:13.8566523Z          Release\TemporaryPath.obj
2026-08-20T10:19:13.8567109Z          Release\Tools.obj
2026-08-20T10:19:13.8567859Z          "D:\a\OpenCppCoverage-ARM64\OpenCppCoverage-ARM64\Release\Plugin.lib"
2026-08-20T10:19:13.8568853Z          "D:\a\OpenCppCoverage-ARM64\OpenCppCoverage-ARM64\Release\Tools.lib"
2026-08-20T10:19:13.9593213Z             Creating library D:\a\OpenCppCoverage-ARM64\OpenCppCoverage-ARM64\Release\TestHelper.lib and object D:\a\OpenCppCoverage-ARM64\OpenCppCoverage-ARM64\Release\TestHelper.exp
2026-08-20T10:19:13.9647044Z          Generating code
2026-08-20T10:19:13.9714335Z          Previous IPDB not found, fall back to full compilation.
2026-08-20T10:19:14.7148049Z      8>ClCompile:
2026-08-20T10:19:15.0728304Z          RelocationsExtractor.cpp
2026-08-20T10:19:15.2920040Z      6>ClCompile:
2026-08-20T10:19:15.6121323Z          TestDiff.cpp
2026-08-20T10:19:15.6599362Z      8>ClCompile:
2026-08-20T10:19:15.6603033Z          LineFilter.cpp
2026-08-20T10:19:15.7010383Z     14>Link:
2026-08-20T10:19:15.7011606Z          All 1405 functions were compiled because no usable IPDB/IOBJ from previous compilation was found.
2026-08-20T10:19:15.7100849Z          Finished generating code
2026-08-20T10:19:15.9096314Z          TestHelper.vcxproj -> D:\a\OpenCppCoverage-ARM64\OpenCppCoverage-ARM64\Release\TestHelper.dll
2026-08-20T10:19:15.9117153Z        AppLocalFromInstalled:
2026-08-20T10:19:15.9120321Z          "C:\Users\runneradmin\AppData\Local\OpenCppCoverage\vcpkg\vcpkg.exe" z-applocal --target-binary="D:\a\OpenCppCoverage-ARM64\OpenCppCoverage-ARM64\Release\TestHelper.dll" --installed-bin-dir="D:\a\OpenCppCoverage-ARM64\OpenCppCoverage-ARM64\vcpkg_installed\x86-windows\bin" --tlog-file="Release\TestHelper.tlog\TestHelper.write.1u.tlog" --copied-files-log="Release\vcpkg.applocal.log"
2026-08-20T10:19:15.9742696Z          D:\a\OpenCppCoverage-ARM64\OpenCppCoverage-ARM64\vcpkg_installed\x86-windows\bin\PocoFoundation.dll -> D:\a\OpenCppCoverage-ARM64\OpenCppCoverage-ARM64\Release\PocoFoundation.dll done
2026-08-20T10:19:15.9749114Z          D:\a\OpenCppCoverage-ARM64\OpenCppCoverage-ARM64\vcpkg_installed\x86-windows\bin\pcre2-8.dll -> D:\a\OpenCppCoverage-ARM64\OpenCppCoverage-ARM64\Release\pcre2-8.dll done
2026-08-20T10:19:15.9760110Z          D:\a\OpenCppCoverage-ARM64\OpenCppCoverage-ARM64\vcpkg_installed\x86-windows\bin\utf8proc.dll -> D:\a\OpenCppCoverage-ARM64\OpenCppCoverage-ARM64\Release\utf8proc.dll done
2026-08-20T10:19:15.9827824Z          D:\a\OpenCppCoverage-ARM64\OpenCppCoverage-ARM64\vcpkg_installed\x86-windows\bin\gmock.dll
2026-08-20T10:19:15.9832365Z          D:\a\OpenCppCoverage-ARM64\OpenCppCoverage-ARM64\vcpkg_installed\x86-windows\bin\boost_log-vc143-mt-x32-1_91.dll
2026-08-20T10:19:15.9837641Z          D:\a\OpenCppCoverage-ARM64\OpenCppCoverage-ARM64\vcpkg_installed\x86-windows\bin\boost_filesystem-vc143-mt-x32-1_91.dll
2026-08-20T10:19:15.9840586Z          D:\a\OpenCppCoverage-ARM64\OpenCppCoverage-ARM64\vcpkg_installed\x86-windows\bin\boost_thread-vc143-mt-x32-1_91.dll
2026-08-20T10:19:15.9844071Z          D:\a\OpenCppCoverage-ARM64\OpenCppCoverage-ARM64\vcpkg_installed\x86-windows\bin\PocoFoundation.dll
2026-08-20T10:19:15.9845515Z          D:\a\OpenCppCoverage-ARM64\OpenCppCoverage-ARM64\vcpkg_installed\x86-windows\bin\pcre2-8.dll
2026-08-20T10:19:15.9846832Z          D:\a\OpenCppCoverage-ARM64\OpenCppCoverage-ARM64\vcpkg_installed\x86-windows\bin\z.dll
2026-08-20T10:19:15.9849376Z          D:\a\OpenCppCoverage-ARM64\OpenCppCoverage-ARM64\vcpkg_installed\x86-windows\bin\utf8proc.dll
2026-08-20T10:19:15.9851763Z          D:\a\OpenCppCoverage-ARM64\OpenCppCoverage-ARM64\vcpkg_installed\x86-windows\bin\boost_iostreams-vc143-mt-x32-1_91.dll
2026-08-20T10:19:15.9853272Z          D:\a\OpenCppCoverage-ARM64\OpenCppCoverage-ARM64\vcpkg_installed\x86-windows\bin\bz2.dll
2026-08-20T10:19:15.9855666Z          D:\a\OpenCppCoverage-ARM64\OpenCppCoverage-ARM64\vcpkg_installed\x86-windows\bin\liblzma.dll
2026-08-20T10:19:15.9858665Z          D:\a\OpenCppCoverage-ARM64\OpenCppCoverage-ARM64\vcpkg_installed\x86-windows\bin\zstd.dll
2026-08-20T10:19:15.9860229Z          D:\a\OpenCppCoverage-ARM64\OpenCppCoverage-ARM64\vcpkg_installed\x86-windows\bin\boost_locale-vc143-mt-x32-1_91.dll
2026-08-20T10:19:16.0028330Z        FinalizeBuildStatus:
2026-08-20T10:19:16.0028988Z          Deleting file "Release\TestHelper.tlog\unsuccessfulbuild".
2026-08-20T10:19:16.0029909Z          Touching "Release\TestHelper.tlog\TestHelper.lastbuildstate".
2026-08-20T10:19:16.0033079Z     14>Done Building Project "D:\a\OpenCppCoverage-ARM64\OpenCppCoverage-ARM64\TestHelper\TestHelper.vcxproj" (default targets).
2026-08-20T10:19:16.0098933Z      1>Project "D:\a\OpenCppCoverage-ARM64\OpenCppCoverage-ARM64\CppCoverage.sln" (1) is building "D:\a\OpenCppCoverage-ARM64\OpenCppCoverage-ARM64\ToolsTest\ToolsTest.vcxproj" (17) on node 1 (default targets).
2026-08-20T10:19:16.0107327Z     17>PrepareForBuild:
2026-08-20T10:19:16.0108000Z          Creating directory "Release\".
2026-08-20T10:19:16.0123458Z          Structured output is enabled. The formatting of compiler diagnostics will reflect the error hierarchy. See https://aka.ms/cpp/structured-output for more details.
2026-08-20T10:19:16.0127621Z          Creating directory "Release\ToolsTest.tlog\".
2026-08-20T10:19:16.0146743Z        InitializeBuildStatus:
2026-08-20T10:19:16.0148640Z          Creating "Release\ToolsTest.tlog\unsuccessfulbuild" because "AlwaysCreate" was specified.
2026-08-20T10:19:16.0151112Z          Touching "Release\ToolsTest.tlog\unsuccessfulbuild".
2026-08-20T10:19:16.0277123Z      6>ClCompile:
2026-08-20T10:19:16.0280560Z          TestThread.cpp
2026-08-20T10:19:16.0283268Z     17>VcpkgTripletSelection:
2026-08-20T10:19:16.0285479Z          Using triplet "x86-windows" from "D:\a\OpenCppCoverage-ARM64\OpenCppCoverage-ARM64\vcpkg_installed\x86-windows\"
2026-08-20T10:19:16.0288339Z          Using normalized configuration "Release"
2026-08-20T10:19:16.0288998Z        VcpkgBootstrap:
2026-08-20T10:19:16.0290181Z        Skipping target "VcpkgBootstrap" because all output files are up-to-date with respect to the input files.
2026-08-20T10:19:16.0291823Z        VcpkgInstallManifestDependencies:
2026-08-20T10:19:16.0293742Z        Skipping target "VcpkgInstallManifestDependencies" because all output files are up-to-date with respect to the input files.
2026-08-20T10:19:16.0360802Z        ClCompile:
2026-08-20T10:19:16.0369230Z          C:\Program Files\Microsoft Visual Studio\2022\Enterprise\VC\Tools\MSVC\14.44.35207\bin\HostX64\x86\CL.exe /c /I"D:\a\OpenCppCoverage-ARM64\OpenCppCoverage-ARM64\\" /I"D:\a\OpenCppCoverage-ARM64\OpenCppCoverage-ARM64\ToolsTest\\" /I"D:\a\OpenCppCoverage-ARM64\OpenCppCoverage-ARM64\vcpkg_installed\x86-windows\include" /Zi /nologo /W3 /WX /diagnostics:column /sdl /O2 /Oi /Oy- /GL /D WIN32 /D NDEBUG /D _CONSOLE /D GTEST_LINKED_AS_SHARED_LIBRARY=1 /D _SILENCE_TR1_NAMESPACE_DEPRECATION_WARNING /D BOOST_CONFIG_SUPPRESS_OUTDATED_MESSAGE /D "OPENCPPCOVERAGE_VERSION=\"0.9.9.0\"" /D _CRT_SECURE_NO_WARNINGS /D "PROJECT_DIR=R\"|(D:\a\OpenCppCoverage-ARM64\OpenCppCoverage-ARM64\ToolsTest\)|\"" /D "SOLUTION_DIR=R\"|(D:\a\OpenCppCoverage-ARM64\OpenCppCoverage-ARM64\)|\"" /D "TARGET_FILE_NAME=R\"|(ToolsTest.exe)|\"" /D "OUT_DIR=R\"|(D:\a\OpenCppCoverage-ARM64\OpenCppCoverage-ARM64\Release\)|\"" /D NOMINMAX /D _UNICODE /D UNICODE /Gm- /EHsc /MD /GS /Gy /fp:precise /Zc:wchar_t /Zc:forScope /Zc:inline /std:c++17 /permissive- /Yc"stdafx.h" /Fp"Release\ToolsTest.pch" /Fo"Release\\" /Fd"Release\vc143.pdb" /external:W3 /Gd /TP /wd4251 /wd4275 /analyze- /FC /errorReport:queue stdafx.cpp
2026-08-20T10:19:16.0875736Z          stdafx.cpp
2026-08-20T10:19:17.2541415Z      8>ClCompile:
2026-08-20T10:19:17.2542647Z          UnifiedDiffCoverageFilter.cpp
2026-08-20T10:19:17.4077870Z      6>Link:
2026-08-20T10:19:17.4086861Z          C:\Program Files\Microsoft Visual Studio\2022\Enterprise\VC\Tools\MSVC\14.44.35207\bin\HostX64\x86\link.exe /ERRORREPORT:QUEUE /OUT:"D:\a\OpenCppCoverage-ARM64\OpenCppCoverage-ARM64\Release\TestCoverageConsole.exe" /INCREMENTAL:NO /NOLOGO /LIBPATH:"D:\a\OpenCppCoverage-ARM64\OpenCppCoverage-ARM64\vcpkg_installed\x86-windows\lib" /LIBPATH:"D:\a\OpenCppCoverage-ARM64\OpenCppCoverage-ARM64\vcpkg_installed\x86-windows\lib\manual-link" bcrypt.lib kernel32.lib user32.lib gdi32.lib winspool.lib comdlg32.lib advapi32.lib shell32.lib ole32.lib oleaut32.lib uuid.lib odbc32.lib odbccp32.lib "D:\a\OpenCppCoverage-ARM64\OpenCppCoverage-ARM64\vcpkg_installed\x86-windows\lib\*.lib" /MANIFEST /MANIFESTUAC:"level='asInvoker' uiAccess='false'" /manifest:embed /DEBUG /PDB:"D:\a\OpenCppCoverage-ARM64\OpenCppCoverage-ARM64\Release\TestCoverageConsole.pdb" /SUBSYSTEM:CONSOLE /OPT:REF /OPT:ICF /LTCG:incremental /LTCGOUT:"Release\TestCoverageConsole.iobj" /TLBID:1 /DYNAMICBASE /NXCOMPAT /IMPLIB:"D:\a\OpenCppCoverage-ARM64\OpenCppCoverage-ARM64\Release\TestCoverageConsole.lib" /MACHINE:X86 /SAFESEH Release\TestBasic.obj
2026-08-20T10:19:17.4096729Z          Release\TestCoverageConsole.obj
2026-08-20T10:19:17.4097791Z          Release\SpecialLineInfo.obj
2026-08-20T10:19:17.4099527Z          Release\TestDebugInformationEnumerator.obj
2026-08-20T10:19:17.4100581Z          Release\TestDiff.obj
2026-08-20T10:19:17.4102052Z          Release\TestThread.obj
2026-08-20T10:19:17.4103397Z          "D:\a\OpenCppCoverage-ARM64\OpenCppCoverage-ARM64\Release\TestCoverageOptimizedBuild.lib"
2026-08-20T10:19:17.4105859Z          "D:\a\OpenCppCoverage-ARM64\OpenCppCoverage-ARM64\Release\TestCoverageSharedLib.lib"
2026-08-20T10:19:17.4107132Z          "D:\a\OpenCppCoverage-ARM64\OpenCppCoverage-ARM64\Release\Tools.lib"
2026-08-20T10:19:17.5224538Z             Creating library D:\a\OpenCppCoverage-ARM64\OpenCppCoverage-ARM64\Release\TestCoverageConsole.lib and object D:\a\OpenCppCoverage-ARM64\OpenCppCoverage-ARM64\Release\TestCoverageConsole.exp
2026-08-20T10:19:17.5277502Z          Generating code
2026-08-20T10:19:17.5355567Z          Previous IPDB not found, fall back to full compilation.
2026-08-20T10:19:17.5979927Z          All 486 functions were compiled because no usable IPDB/IOBJ from previous compilation was found.
2026-08-20T10:19:17.6014378Z          Finished generating code
2026-08-20T10:19:17.7549131Z          TestCoverageConsole.vcxproj -> D:\a\OpenCppCoverage-ARM64\OpenCppCoverage-ARM64\Release\TestCoverageConsole.exe
2026-08-20T10:19:17.7575256Z        AppLocalFromInstalled:
2026-08-20T10:19:17.7578899Z          "C:\Users\runneradmin\AppData\Local\OpenCppCoverage\vcpkg\vcpkg.exe" z-applocal --target-binary="D:\a\OpenCppCoverage-ARM64\OpenCppCoverage-ARM64\Release\TestCoverageConsole.exe" --installed-bin-dir="D:\a\OpenCppCoverage-ARM64\OpenCppCoverage-ARM64\vcpkg_installed\x86-windows\bin" --tlog-file="Release\TestCove.0DD16EDF.tlog\TestCoverageConsole.write.1u.tlog" --copied-files-log="Release\vcpkg.applocal.log"
2026-08-20T10:19:17.8217258Z          D:\a\OpenCppCoverage-ARM64\OpenCppCoverage-ARM64\vcpkg_installed\x86-windows\bin\PocoFoundation.dll
2026-08-20T10:19:17.8226867Z          D:\a\OpenCppCoverage-ARM64\OpenCppCoverage-ARM64\vcpkg_installed\x86-windows\bin\pcre2-8.dll
2026-08-20T10:19:17.8235251Z          D:\a\OpenCppCoverage-ARM64\OpenCppCoverage-ARM64\vcpkg_installed\x86-windows\bin\z.dll
2026-08-20T10:19:17.8251044Z          D:\a\OpenCppCoverage-ARM64\OpenCppCoverage-ARM64\vcpkg_installed\x86-windows\bin\utf8proc.dll
2026-08-20T10:19:17.8261651Z          D:\a\OpenCppCoverage-ARM64\OpenCppCoverage-ARM64\vcpkg_installed\x86-windows\bin\boost_iostreams-vc143-mt-x32-1_91.dll
2026-08-20T10:19:17.8271113Z          D:\a\OpenCppCoverage-ARM64\OpenCppCoverage-ARM64\vcpkg_installed\x86-windows\bin\bz2.dll
2026-08-20T10:19:17.8276768Z          D:\a\OpenCppCoverage-ARM64\OpenCppCoverage-ARM64\vcpkg_installed\x86-windows\bin\liblzma.dll
2026-08-20T10:19:17.8279798Z          D:\a\OpenCppCoverage-ARM64\OpenCppCoverage-ARM64\vcpkg_installed\x86-windows\bin\zstd.dll
2026-08-20T10:19:17.8282490Z          D:\a\OpenCppCoverage-ARM64\OpenCppCoverage-ARM64\vcpkg_installed\x86-windows\bin\boost_locale-vc143-mt-x32-1_91.dll
2026-08-20T10:19:17.8284170Z          D:\a\OpenCppCoverage-ARM64\OpenCppCoverage-ARM64\vcpkg_installed\x86-windows\bin\boost_log-vc143-mt-x32-1_91.dll
2026-08-20T10:19:17.8286488Z          D:\a\OpenCppCoverage-ARM64\OpenCppCoverage-ARM64\vcpkg_installed\x86-windows\bin\boost_filesystem-vc143-mt-x32-1_91.dll
2026-08-20T10:19:17.8289304Z          D:\a\OpenCppCoverage-ARM64\OpenCppCoverage-ARM64\vcpkg_installed\x86-windows\bin\boost_thread-vc143-mt-x32-1_91.dll
2026-08-20T10:19:17.8886467Z        FinalizeBuildStatus:
2026-08-20T10:19:17.8887757Z          Deleting file "Release\TestCove.0DD16EDF.tlog\unsuccessfulbuild".
2026-08-20T10:19:17.8893358Z          Touching "Release\TestCove.0DD16EDF.tlog\TestCoverageConsole.lastbuildstate".
2026-08-20T10:19:17.8927174Z      6>Done Building Project "D:\a\OpenCppCoverage-ARM64\OpenCppCoverage-ARM64\TestCoverageConsole\TestCoverageConsole.vcxproj" (default targets).
2026-08-20T10:19:18.4215002Z     17>ClCompile:
2026-08-20T10:19:18.4223085Z          C:\Program Files\Microsoft Visual Studio\2022\Enterprise\VC\Tools\MSVC\14.44.35207\bin\HostX64\x86\CL.exe /c /I"D:\a\OpenCppCoverage-ARM64\OpenCppCoverage-ARM64\\" /I"D:\a\OpenCppCoverage-ARM64\OpenCppCoverage-ARM64\ToolsTest\\" /I"D:\a\OpenCppCoverage-ARM64\OpenCppCoverage-ARM64\vcpkg_installed\x86-windows\include" /Zi /nologo /W3 /WX /diagnostics:column /sdl /O2 /Oi /Oy- /GL /D WIN32 /D NDEBUG /D _CONSOLE /D GTEST_LINKED_AS_SHARED_LIBRARY=1 /D _SILENCE_TR1_NAMESPACE_DEPRECATION_WARNING /D BOOST_CONFIG_SUPPRESS_OUTDATED_MESSAGE /D "OPENCPPCOVERAGE_VERSION=\"0.9.9.0\"" /D _CRT_SECURE_NO_WARNINGS /D "PROJECT_DIR=R\"|(D:\a\OpenCppCoverage-ARM64\OpenCppCoverage-ARM64\ToolsTest\)|\"" /D "SOLUTION_DIR=R\"|(D:\a\OpenCppCoverage-ARM64\OpenCppCoverage-ARM64\)|\"" /D "TARGET_FILE_NAME=R\"|(ToolsTest.exe)|\"" /D "OUT_DIR=R\"|(D:\a\OpenCppCoverage-ARM64\OpenCppCoverage-ARM64\Release\)|\"" /D NOMINMAX /D _UNICODE /D UNICODE /Gm- /EHsc /MD /GS /Gy /fp:precise /Zc:wchar_t /Zc:forScope /Zc:inline /std:c++17 /permissive- /Yu"stdafx.h" /Fp"Release\ToolsTest.pch" /Fo"Release\\" /Fd"Release\vc143.pdb" /external:W3 /Gd /TP /wd4251 /wd4275 /analyze- /FC /errorReport:queue MappedFileTest.cpp PEFileHeaderTest.cpp ToolsTest.cpp ToolTest.cpp
2026-08-20T10:19:18.4668419Z          MappedFileTest.cpp
2026-08-20T10:19:18.8649138Z          PEFileHeaderTest.cpp
2026-08-20T10:19:18.8694094Z      8>ClCompile:
2026-08-20T10:19:18.8694543Z          UnifiedDiffParser.cpp
2026-08-20T10:19:19.2866135Z     17>ClCompile:
2026-08-20T10:19:19.2866499Z          ToolsTest.cpp
2026-08-20T10:19:19.3060472Z          ToolTest.cpp
2026-08-20T10:19:19.6793043Z        Link:
2026-08-20T10:19:19.6800761Z          C:\Program Files\Microsoft Visual Studio\2022\Enterprise\VC\Tools\MSVC\14.44.35207\bin\HostX64\x86\link.exe /ERRORREPORT:QUEUE /OUT:"D:\a\OpenCppCoverage-ARM64\OpenCppCoverage-ARM64\Release\ToolsTest.exe" /INCREMENTAL:NO /NOLOGO /LIBPATH:"D:\a\OpenCppCoverage-ARM64\OpenCppCoverage-ARM64\vcpkg_installed\x86-windows\lib" /LIBPATH:"D:\a\OpenCppCoverage-ARM64\OpenCppCoverage-ARM64\vcpkg_installed\x86-windows\lib\manual-link" gmock.lib gtest.lib bcrypt.lib kernel32.lib user32.lib gdi32.lib winspool.lib comdlg32.lib advapi32.lib shell32.lib ole32.lib oleaut32.lib uuid.lib odbc32.lib odbccp32.lib "D:\a\OpenCppCoverage-ARM64\OpenCppCoverage-ARM64\vcpkg_installed\x86-windows\lib\*.lib" /MANIFEST /MANIFESTUAC:"level='asInvoker' uiAccess='false'" /manifest:embed /DEBUG /PDB:"D:\a\OpenCppCoverage-ARM64\OpenCppCoverage-ARM64\Release\ToolsTest.pdb" /SUBSYSTEM:CONSOLE /OPT:REF /OPT:ICF /LTCG:incremental /LTCGOUT:"Release\ToolsTest.iobj" /TLBID:1 /DYNAMICBASE /NXCOMPAT /IMPLIB:"D:\a\OpenCppCoverage-ARM64\OpenCppCoverage-ARM64\Release\ToolsTest.lib" /MACHINE:X86 /SAFESEH Release\MappedFileTest.obj
2026-08-20T10:19:19.6809029Z          Release\PEFileHeaderTest.obj
2026-08-20T10:19:19.6809479Z          Release\stdafx.obj
2026-08-20T10:19:19.6809860Z          Release\ToolsTest.obj
2026-08-20T10:19:19.6810262Z          Release\ToolTest.obj
2026-08-20T10:19:19.6810906Z          "D:\a\OpenCppCoverage-ARM64\OpenCppCoverage-ARM64\Release\TestHelper.lib"
2026-08-20T10:19:19.6811822Z          "D:\a\OpenCppCoverage-ARM64\OpenCppCoverage-ARM64\Release\Tools.lib"
2026-08-20T10:19:19.7814977Z          Generating code
2026-08-20T10:19:19.7858223Z          Previous IPDB not found, fall back to full compilation.
2026-08-20T10:19:20.5302727Z          All 782 functions were compiled because no usable IPDB/IOBJ from previous compilation was found.
2026-08-20T10:19:20.5357115Z          Finished generating code
2026-08-20T10:19:20.6814763Z          ToolsTest.vcxproj -> D:\a\OpenCppCoverage-ARM64\OpenCppCoverage-ARM64\Release\ToolsTest.exe
2026-08-20T10:19:20.6836497Z        AppLocalFromInstalled:
2026-08-20T10:19:20.6839030Z          "C:\Users\runneradmin\AppData\Local\OpenCppCoverage\vcpkg\vcpkg.exe" z-applocal --target-binary="D:\a\OpenCppCoverage-ARM64\OpenCppCoverage-ARM64\Release\ToolsTest.exe" --installed-bin-dir="D:\a\OpenCppCoverage-ARM64\OpenCppCoverage-ARM64\vcpkg_installed\x86-windows\bin" --tlog-file="Release\ToolsTest.tlog\ToolsTest.write.1u.tlog" --copied-files-log="Release\vcpkg.applocal.log"
2026-08-20T10:19:20.7348538Z          D:\a\OpenCppCoverage-ARM64\OpenCppCoverage-ARM64\vcpkg_installed\x86-windows\bin\gmock.dll
2026-08-20T10:19:20.7351047Z          D:\a\OpenCppCoverage-ARM64\OpenCppCoverage-ARM64\vcpkg_installed\x86-windows\bin\boost_log-vc143-mt-x32-1_91.dll
2026-08-20T10:19:20.7354892Z          D:\a\OpenCppCoverage-ARM64\OpenCppCoverage-ARM64\vcpkg_installed\x86-windows\bin\boost_filesystem-vc143-mt-x32-1_91.dll
2026-08-20T10:19:20.7356789Z          D:\a\OpenCppCoverage-ARM64\OpenCppCoverage-ARM64\vcpkg_installed\x86-windows\bin\boost_thread-vc143-mt-x32-1_91.dll
2026-08-20T10:19:20.7358334Z          D:\a\OpenCppCoverage-ARM64\OpenCppCoverage-ARM64\vcpkg_installed\x86-windows\bin\PocoFoundation.dll
2026-08-20T10:19:20.7359690Z          D:\a\OpenCppCoverage-ARM64\OpenCppCoverage-ARM64\vcpkg_installed\x86-windows\bin\pcre2-8.dll
2026-08-20T10:19:20.7360959Z          D:\a\OpenCppCoverage-ARM64\OpenCppCoverage-ARM64\vcpkg_installed\x86-windows\bin\z.dll
2026-08-20T10:19:20.7362144Z          D:\a\OpenCppCoverage-ARM64\OpenCppCoverage-ARM64\vcpkg_installed\x86-windows\bin\utf8proc.dll
2026-08-20T10:19:20.7363590Z          D:\a\OpenCppCoverage-ARM64\OpenCppCoverage-ARM64\vcpkg_installed\x86-windows\bin\boost_iostreams-vc143-mt-x32-1_91.dll
2026-08-20T10:19:20.7365012Z          D:\a\OpenCppCoverage-ARM64\OpenCppCoverage-ARM64\vcpkg_installed\x86-windows\bin\bz2.dll
2026-08-20T10:19:20.7366243Z          D:\a\OpenCppCoverage-ARM64\OpenCppCoverage-ARM64\vcpkg_installed\x86-windows\bin\liblzma.dll
2026-08-20T10:19:20.7367775Z          D:\a\OpenCppCoverage-ARM64\OpenCppCoverage-ARM64\vcpkg_installed\x86-windows\bin\zstd.dll
2026-08-20T10:19:20.7369130Z          D:\a\OpenCppCoverage-ARM64\OpenCppCoverage-ARM64\vcpkg_installed\x86-windows\bin\boost_locale-vc143-mt-x32-1_91.dll
2026-08-20T10:19:20.7553408Z        FinalizeBuildStatus:
2026-08-20T10:19:20.7553989Z          Deleting file "Release\ToolsTest.tlog\unsuccessfulbuild".
2026-08-20T10:19:20.7554426Z          Touching "Release\ToolsTest.tlog\ToolsTest.lastbuildstate".
2026-08-20T10:19:20.7555109Z     17>Done Building Project "D:\a\OpenCppCoverage-ARM64\OpenCppCoverage-ARM64\ToolsTest\ToolsTest.vcxproj" (default targets).
2026-08-20T10:19:21.1914309Z      8>ClCompile:
2026-08-20T10:19:21.1914746Z          UnifiedDiffParserException.cpp
2026-08-20T10:19:22.0028414Z        Link:
2026-08-20T10:19:22.0033970Z          C:\Program Files\Microsoft Visual Studio\2022\Enterprise\VC\Tools\MSVC\14.44.35207\bin\HostX64\x86\link.exe /ERRORREPORT:QUEUE /OUT:"D:\a\OpenCppCoverage-ARM64\OpenCppCoverage-ARM64\Release\FileFilter.dll" /INCREMENTAL:NO /NOLOGO /LIBPATH:"D:\a\OpenCppCoverage-ARM64\OpenCppCoverage-ARM64\vcpkg_installed\x86-windows\lib" /LIBPATH:"D:\a\OpenCppCoverage-ARM64\OpenCppCoverage-ARM64\vcpkg_installed\x86-windows\lib\manual-link" bcrypt.lib kernel32.lib user32.lib gdi32.lib winspool.lib comdlg32.lib advapi32.lib shell32.lib ole32.lib oleaut32.lib uuid.lib odbc32.lib odbccp32.lib "D:\a\OpenCppCoverage-ARM64\OpenCppCoverage-ARM64\vcpkg_installed\x86-windows\lib\*.lib" /MANIFEST /MANIFESTUAC:"level='asInvoker' uiAccess='false'" /manifest:embed /DEBUG /PDB:"D:\a\OpenCppCoverage-ARM64\OpenCppCoverage-ARM64\Release\FileFilter.pdb" /SUBSYSTEM:WINDOWS /OPT:REF /OPT:ICF /LTCG:incremental /LTCGOUT:"Release\FileFilter.iobj" /TLBID:1 /DYNAMICBASE /NXCOMPAT /IMPLIB:"D:\a\OpenCppCoverage-ARM64\OpenCppCoverage-ARM64\Release\FileFilter.lib" /MACHINE:X86 /SAFESEH /DLL Release\AmbiguousPathException.obj
2026-08-20T10:19:22.0038137Z          Release\File.obj
2026-08-20T10:19:22.0038375Z          Release\PathMatcher.obj
2026-08-20T10:19:22.0038638Z          Release\ReleaseCoverageFilter.obj
2026-08-20T10:19:22.0038925Z          Release\RelocationsExtractor.obj
2026-08-20T10:19:22.0039187Z          Release\stdafx.obj
2026-08-20T10:19:22.0039637Z          Release\LineFilter.obj
2026-08-20T10:19:22.0039913Z          Release\UnifiedDiffCoverageFilter.obj
2026-08-20T10:19:22.0040206Z          Release\UnifiedDiffParser.obj
2026-08-20T10:19:22.0040497Z          Release\UnifiedDiffParserException.obj
2026-08-20T10:19:22.0040886Z          "D:\a\OpenCppCoverage-ARM64\OpenCppCoverage-ARM64\Release\Tools.lib"
2026-08-20T10:19:22.1281960Z             Creating library D:\a\OpenCppCoverage-ARM64\OpenCppCoverage-ARM64\Release\FileFilter.lib and object D:\a\OpenCppCoverage-ARM64\OpenCppCoverage-ARM64\Release\FileFilter.exp
2026-08-20T10:19:22.1341373Z          Generating code
2026-08-20T10:19:22.1485645Z          Previous IPDB not found, fall back to full compilation.
2026-08-20T10:19:24.2378701Z          All 3502 functions were compiled because no usable IPDB/IOBJ from previous compilation was found.
2026-08-20T10:19:24.2549457Z          Finished generating code
2026-08-20T10:19:24.4292067Z          FileFilter.vcxproj -> D:\a\OpenCppCoverage-ARM64\OpenCppCoverage-ARM64\Release\FileFilter.dll
2026-08-20T10:19:24.4344592Z        AppLocalFromInstalled:
2026-08-20T10:19:24.4346815Z          "C:\Users\runneradmin\AppData\Local\OpenCppCoverage\vcpkg\vcpkg.exe" z-applocal --target-binary="D:\a\OpenCppCoverage-ARM64\OpenCppCoverage-ARM64\Release\FileFilter.dll" --installed-bin-dir="D:\a\OpenCppCoverage-ARM64\OpenCppCoverage-ARM64\vcpkg_installed\x86-windows\bin" --tlog-file="Release\FileFilter.tlog\FileFilter.write.1u.tlog" --copied-files-log="Release\vcpkg.applocal.log"
2026-08-20T10:19:24.4784513Z          D:\a\OpenCppCoverage-ARM64\OpenCppCoverage-ARM64\vcpkg_installed\x86-windows\bin\boost_log-vc143-mt-x32-1_91.dll
2026-08-20T10:19:24.4789815Z          D:\a\OpenCppCoverage-ARM64\OpenCppCoverage-ARM64\vcpkg_installed\x86-windows\bin\boost_filesystem-vc143-mt-x32-1_91.dll
2026-08-20T10:19:24.4792431Z          D:\a\OpenCppCoverage-ARM64\OpenCppCoverage-ARM64\vcpkg_installed\x86-windows\bin\boost_thread-vc143-mt-x32-1_91.dll
2026-08-20T10:19:24.4796115Z          D:\a\OpenCppCoverage-ARM64\OpenCppCoverage-ARM64\vcpkg_installed\x86-windows\bin\boost_iostreams-vc143-mt-x32-1_91.dll
2026-08-20T10:19:24.4798919Z          D:\a\OpenCppCoverage-ARM64\OpenCppCoverage-ARM64\vcpkg_installed\x86-windows\bin\z.dll
2026-08-20T10:19:24.4800773Z          D:\a\OpenCppCoverage-ARM64\OpenCppCoverage-ARM64\vcpkg_installed\x86-windows\bin\bz2.dll
2026-08-20T10:19:24.4804851Z          D:\a\OpenCppCoverage-ARM64\OpenCppCoverage-ARM64\vcpkg_installed\x86-windows\bin\liblzma.dll
2026-08-20T10:19:24.4807635Z          D:\a\OpenCppCoverage-ARM64\OpenCppCoverage-ARM64\vcpkg_installed\x86-windows\bin\zstd.dll
2026-08-20T10:19:24.4811576Z          D:\a\OpenCppCoverage-ARM64\OpenCppCoverage-ARM64\vcpkg_installed\x86-windows\bin\boost_locale-vc143-mt-x32-1_91.dll
2026-08-20T10:19:24.5367258Z        FinalizeBuildStatus:
2026-08-20T10:19:24.5367651Z          Deleting file "Release\FileFilter.tlog\unsuccessfulbuild".
2026-08-20T10:19:24.5372728Z          Touching "Release\FileFilter.tlog\FileFilter.lastbuildstate".
2026-08-20T10:19:24.5389888Z      8>Done Building Project "D:\a\OpenCppCoverage-ARM64\OpenCppCoverage-ARM64\FileFilter\FileFilter.vcxproj" (default targets).
2026-08-20T10:19:24.5634233Z      1>Project "D:\a\OpenCppCoverage-ARM64\OpenCppCoverage-ARM64\CppCoverage.sln" (1) is building "D:\a\OpenCppCoverage-ARM64\OpenCppCoverage-ARM64\FileFilterTest\FileFilterTest.vcxproj" (15) on node 1 (default targets).
2026-08-20T10:19:24.5639278Z     15>PrepareForBuild:
2026-08-20T10:19:24.5640610Z          Creating directory "Release\".
2026-08-20T10:19:24.5642033Z      5>PrepareForBuild:
2026-08-20T10:19:24.5643272Z          Creating directory "Release\".
2026-08-20T10:19:24.5655263Z          Structured output is enabled. The formatting of compiler diagnostics will reflect the error hierarchy. See https://aka.ms/cpp/structured-output for more details.
2026-08-20T10:19:24.5659247Z          Creating directory "Release\CppCoverage.tlog\".
2026-08-20T10:19:24.5671004Z     15>PrepareForBuild:
2026-08-20T10:19:24.5677186Z          Structured output is enabled. The formatting of compiler diagnostics will reflect the error hierarchy. See https://aka.ms/cpp/structured-output for more details.
2026-08-20T10:19:24.5681357Z          Creating directory "Release\FileFilterTest.tlog\".
2026-08-20T10:19:24.5706644Z        InitializeBuildStatus:
2026-08-20T10:19:24.5711779Z          Creating "Release\FileFilterTest.tlog\unsuccessfulbuild" because "AlwaysCreate" was specified.
2026-08-20T10:19:24.5714303Z          Touching "Release\FileFilterTest.tlog\unsuccessfulbuild".
2026-08-20T10:19:24.5750433Z      5>InitializeBuildStatus:
2026-08-20T10:19:24.5753210Z          Creating "Release\CppCoverage.tlog\unsuccessfulbuild" because "AlwaysCreate" was specified.
2026-08-20T10:19:24.5757419Z          Touching "Release\CppCoverage.tlog\unsuccessfulbuild".
2026-08-20T10:19:24.6162758Z     15>VcpkgTripletSelection:
2026-08-20T10:19:24.6164145Z          Using triplet "x86-windows" from "D:\a\OpenCppCoverage-ARM64\OpenCppCoverage-ARM64\vcpkg_installed\x86-windows\"
2026-08-20T10:19:24.6165669Z          Using normalized configuration "Release"
2026-08-20T10:19:24.6168360Z        VcpkgBootstrap:
2026-08-20T10:19:24.6170214Z        Skipping target "VcpkgBootstrap" because all output files are up-to-date with respect to the input files.
2026-08-20T10:19:24.6171642Z        VcpkgInstallManifestDependencies:
2026-08-20T10:19:24.6173277Z        Skipping target "VcpkgInstallManifestDependencies" because all output files are up-to-date with respect to the input files.
2026-08-20T10:19:24.6233602Z        ClCompile:
2026-08-20T10:19:24.6238120Z          C:\Program Files\Microsoft Visual Studio\2022\Enterprise\VC\Tools\MSVC\14.44.35207\bin\HostX64\x86\CL.exe /c /I"D:\a\OpenCppCoverage-ARM64\OpenCppCoverage-ARM64\\" /I"D:\a\OpenCppCoverage-ARM64\OpenCppCoverage-ARM64\FileFilterTest\\" /I"D:\a\OpenCppCoverage-ARM64\OpenCppCoverage-ARM64\vcpkg_installed\x86-windows\include" /Zi /nologo /W3 /WX /diagnostics:column /sdl /O2 /Oi /Oy- /GL /D WIN32 /D NDEBUG /D _CONSOLE /D GTEST_LINKED_AS_SHARED_LIBRARY=1 /D _SILENCE_TR1_NAMESPACE_DEPRECATION_WARNING /D BOOST_CONFIG_SUPPRESS_OUTDATED_MESSAGE /D "OPENCPPCOVERAGE_VERSION=\"0.9.9.0\"" /D _CRT_SECURE_NO_WARNINGS /D "PROJECT_DIR=R\"|(D:\a\OpenCppCoverage-ARM64\OpenCppCoverage-ARM64\FileFilterTest\)|\"" /D "SOLUTION_DIR=R\"|(D:\a\OpenCppCoverage-ARM64\OpenCppCoverage-ARM64\)|\"" /D "TARGET_FILE_NAME=R\"|(FileFilterTest.exe)|\"" /D "OUT_DIR=R\"|(D:\a\OpenCppCoverage-ARM64\OpenCppCoverage-ARM64\Release\)|\"" /D NOMINMAX /D _UNICODE /D UNICODE /Gm- /EHsc /MD /GS /Gy /fp:precise /Zc:wchar_t /Zc:forScope /Zc:inline /std:c++17 /permissive- /Yc"stdafx.h" /Fp"Release\FileFilterTest.pch" /Fo"Release\\" /Fd"Release\vc143.pdb" /external:W3 /Gd /TP /wd4251 /wd4275 /analyze- /FC /errorReport:queue stdafx.cpp
2026-08-20T10:19:24.6335075Z      5>VcpkgTripletSelection:
2026-08-20T10:19:24.6339498Z          Using triplet "x86-windows" from "D:\a\OpenCppCoverage-ARM64\OpenCppCoverage-ARM64\vcpkg_installed\x86-windows\"
2026-08-20T10:19:24.6345558Z          Using normalized configuration "Release"
2026-08-20T10:19:24.6349837Z        VcpkgBootstrap:
2026-08-20T10:19:24.6352482Z        Skipping target "VcpkgBootstrap" because all output files are up-to-date with respect to the input files.
2026-08-20T10:19:24.6354399Z        VcpkgInstallManifestDependencies:
2026-08-20T10:19:24.6356598Z        Skipping target "VcpkgInstallManifestDependencies" because all output files are up-to-date with respect to the input files.
2026-08-20T10:19:24.6398125Z        ClCompile:
2026-08-20T10:19:24.6408218Z          C:\Program Files\Microsoft Visual Studio\2022\Enterprise\VC\Tools\MSVC\14.44.35207\bin\HostX64\x86\CL.exe /c /I"D:\a\OpenCppCoverage-ARM64\OpenCppCoverage-ARM64\\" /I"D:\a\OpenCppCoverage-ARM64\OpenCppCoverage-ARM64\CppCoverage\\" /I"C:\Program Files\Microsoft Visual Studio\2022\Enterprise\DIA SDK\include" /I"D:\a\OpenCppCoverage-ARM64\OpenCppCoverage-ARM64\vcpkg_installed\x86-windows\include" /Zi /nologo /W3 /WX /diagnostics:column /sdl /O2 /Oi /Oy- /GL /D WIN32 /D NDEBUG /D _WINDOWS /D _USRDLL /D CPPCOVERAGE_EXPORTS /D BOOST_CONFIG_SUPPRESS_OUTDATED_MESSAGE /D "OPENCPPCOVERAGE_VERSION=\"0.9.9.0\"" /D _CRT_SECURE_NO_WARNINGS /D "PROJECT_DIR=R\"|(D:\a\OpenCppCoverage-ARM64\OpenCppCoverage-ARM64\CppCoverage\)|\"" /D "SOLUTION_DIR=R\"|(D:\a\OpenCppCoverage-ARM64\OpenCppCoverage-ARM64\)|\"" /D "TARGET_FILE_NAME=R\"|(CppCoverage.dll)|\"" /D "OUT_DIR=R\"|(D:\a\OpenCppCoverage-ARM64\OpenCppCoverage-ARM64\Release\)|\"" /D NOMINMAX /D _WINDLL /D _UNICODE /D UNICODE /Gm- /EHsc /MD /GS /Gy /fp:precise /Zc:wchar_t /Zc:forScope /Zc:inline /std:c++17 /permissive- /Yc"stdafx.h" /Fp"Release\CppCoverage.pch" /Fo"Release\\" /Fd"Release\vc143.pdb" /external:W3 /Gd /TP /analyze- /FC /errorReport:queue stdafx.cpp
2026-08-20T10:19:24.6725992Z     15>ClCompile:
2026-08-20T10:19:24.6727198Z          stdafx.cpp
2026-08-20T10:19:24.6727568Z      5>ClCompile:
2026-08-20T10:19:24.6727864Z          stdafx.cpp
2026-08-20T10:19:25.2981969Z          C:\Program Files\Microsoft Visual Studio\2022\Enterprise\VC\Tools\MSVC\14.44.35207\bin\HostX64\x86\CL.exe /c /I"D:\a\OpenCppCoverage-ARM64\OpenCppCoverage-ARM64\\" /I"D:\a\OpenCppCoverage-ARM64\OpenCppCoverage-ARM64\CppCoverage\\" /I"C:\Program Files\Microsoft Visual Studio\2022\Enterprise\DIA SDK\include" /I"D:\a\OpenCppCoverage-ARM64\OpenCppCoverage-ARM64\vcpkg_installed\x86-windows\include" /Zi /nologo /W3 /WX /diagnostics:column /sdl /O2 /Oi /Oy- /GL /D WIN32 /D NDEBUG /D _WINDOWS /D _USRDLL /D CPPCOVERAGE_EXPORTS /D BOOST_CONFIG_SUPPRESS_OUTDATED_MESSAGE /D "OPENCPPCOVERAGE_VERSION=\"0.9.9.0\"" /D _CRT_SECURE_NO_WARNINGS /D "PROJECT_DIR=R\"|(D:\a\OpenCppCoverage-ARM64\OpenCppCoverage-ARM64\CppCoverage\)|\"" /D "SOLUTION_DIR=R\"|(D:\a\OpenCppCoverage-ARM64\OpenCppCoverage-ARM64\)|\"" /D "TARGET_FILE_NAME=R\"|(CppCoverage.dll)|\"" /D "OUT_DIR=R\"|(D:\a\OpenCppCoverage-ARM64\OpenCppCoverage-ARM64\Release\)|\"" /D NOMINMAX /D _WINDLL /D _UNICODE /D UNICODE /Gm- /EHsc /MD /GS /Gy /fp:precise /Zc:wchar_t /Zc:forScope /Zc:inline /std:c++17 /permissive- /Yu"stdafx.h" /Fp"Release\CppCoverage.pch" /Fo"Release\\" /Fd"Release\vc143.pdb" /external:W3 /Gd /TP /analyze- /FC /errorReport:queue Address.cpp BreakPoint.cpp CodeCoverageRunner.cpp CoverageDataMerger.cpp CoverageFilterManager.cpp DebugInformationEnumerator.cpp ExportOptionParser.cpp FileSystem.cpp FilterAssistant.cpp MonitoredLineRegister.cpp RunCoverageSettings.cpp UnifiedDiffCoverageFilterManager.cpp UnifiedDiffSettings.cpp WildcardCoverageFilter.cpp CoverageRate.cpp CoverageRateComputer.cpp CoverageFilterSettings.cpp CppCoverageException.cpp Debugger.cpp ExceptionHandler.cpp ExecutedAddressManager.cpp HandleInformation.cpp IDebugEventsHandler.cpp Options.cpp OptionsExport.cpp OptionsParser.cpp Patterns.cpp Process.cpp ProgramOptions.cpp StartInfo.cpp Wildcards.cpp
2026-08-20T10:19:25.3271252Z          Address.cpp
2026-08-20T10:19:25.6468474Z          BreakPoint.cpp
2026-08-20T10:19:26.4802904Z     15>ClCompile:
2026-08-20T10:19:26.4812334Z          C:\Program Files\Microsoft Visual Studio\2022\Enterprise\VC\Tools\MSVC\14.44.35207\bin\HostX64\x86\CL.exe /c /I"D:\a\OpenCppCoverage-ARM64\OpenCppCoverage-ARM64\\" /I"D:\a\OpenCppCoverage-ARM64\OpenCppCoverage-ARM64\FileFilterTest\\" /I"D:\a\OpenCppCoverage-ARM64\OpenCppCoverage-ARM64\vcpkg_installed\x86-windows\include" /Zi /nologo /W3 /WX /diagnostics:column /sdl /O2 /Oi /Oy- /GL /D WIN32 /D NDEBUG /D _CONSOLE /D GTEST_LINKED_AS_SHARED_LIBRARY=1 /D _SILENCE_TR1_NAMESPACE_DEPRECATION_WARNING /D BOOST_CONFIG_SUPPRESS_OUTDATED_MESSAGE /D "OPENCPPCOVERAGE_VERSION=\"0.9.9.0\"" /D _CRT_SECURE_NO_WARNINGS /D "PROJECT_DIR=R\"|(D:\a\OpenCppCoverage-ARM64\OpenCppCoverage-ARM64\FileFilterTest\)|\"" /D "SOLUTION_DIR=R\"|(D:\a\OpenCppCoverage-ARM64\OpenCppCoverage-ARM64\)|\"" /D "TARGET_FILE_NAME=R\"|(FileFilterTest.exe)|\"" /D "OUT_DIR=R\"|(D:\a\OpenCppCoverage-ARM64\OpenCppCoverage-ARM64\Release\)|\"" /D NOMINMAX /D _UNICODE /D UNICODE /Gm- /EHsc /MD /GS /Gy /fp:precise /Zc:wchar_t /Zc:forScope /Zc:inline /std:c++17 /permissive- /Yu"stdafx.h" /Fp"Release\FileFilterTest.pch" /Fo"Release\\" /Fd"Release\vc143.pdb" /external:W3 /Gd /TP /wd4251 /wd4275 /analyze- /FC /errorReport:queue FileFilterTest.cpp LineFilterTest.cpp PathMatcherTest.cpp RelocationsExtractorTest.cpp Tools.cpp UnifiedDiffCoverageFilterTest.cpp UnifiedDiffParserTest.cpp
2026-08-20T10:19:26.5168482Z          FileFilterTest.cpp
2026-08-20T10:19:26.5365400Z          LineFilterTest.cpp
2026-08-20T10:19:26.9425809Z          PathMatcherTest.cpp
2026-08-20T10:19:27.0842517Z      5>ClCompile:
2026-08-20T10:19:27.0842939Z          CodeCoverageRunner.cpp
2026-08-20T10:19:27.3092443Z     15>ClCompile:
2026-08-20T10:19:27.3092857Z          RelocationsExtractorTest.cpp
2026-08-20T10:19:28.7167368Z      5>ClCompile:
2026-08-20T10:19:28.7167766Z          CoverageDataMerger.cpp
2026-08-20T10:19:28.7996689Z     15>ClCompile:
2026-08-20T10:19:28.7997088Z          Tools.cpp
2026-08-20T10:19:29.1254846Z          UnifiedDiffCoverageFilterTest.cpp
2026-08-20T10:19:29.4790319Z          UnifiedDiffParserTest.cpp
2026-08-20T10:19:29.6081916Z      5>ClCompile:
2026-08-20T10:19:29.6082389Z          CoverageFilterManager.cpp
2026-08-20T10:19:30.0060423Z     15>Link:
2026-08-20T10:19:30.0065513Z          C:\Program Files\Microsoft Visual Studio\2022\Enterprise\VC\Tools\MSVC\14.44.35207\bin\HostX64\x86\link.exe /ERRORREPORT:QUEUE /OUT:"D:\a\OpenCppCoverage-ARM64\OpenCppCoverage-ARM64\Release\FileFilterTest.exe" /INCREMENTAL:NO /NOLOGO /LIBPATH:"D:\a\OpenCppCoverage-ARM64\OpenCppCoverage-ARM64\vcpkg_installed\x86-windows\lib" /LIBPATH:"D:\a\OpenCppCoverage-ARM64\OpenCppCoverage-ARM64\vcpkg_installed\x86-windows\lib\manual-link" gmock.lib gtest.lib bcrypt.lib kernel32.lib user32.lib gdi32.lib winspool.lib comdlg32.lib advapi32.lib shell32.lib ole32.lib oleaut32.lib uuid.lib odbc32.lib odbccp32.lib "D:\a\OpenCppCoverage-ARM64\OpenCppCoverage-ARM64\vcpkg_installed\x86-windows\lib\*.lib" /MANIFEST /MANIFESTUAC:"level='asInvoker' uiAccess='false'" /manifest:embed /DEBUG /PDB:"D:\a\OpenCppCoverage-ARM64\OpenCppCoverage-ARM64\Release\FileFilterTest.pdb" /SUBSYSTEM:CONSOLE /OPT:REF /OPT:ICF /LTCG:incremental /LTCGOUT:"Release\FileFilterTest.iobj" /TLBID:1 /DYNAMICBASE /NXCOMPAT /IMPLIB:"D:\a\OpenCppCoverage-ARM64\OpenCppCoverage-ARM64\Release\FileFilterTest.lib" /MACHINE:X86 /SAFESEH Release\FileFilterTest.obj
2026-08-20T10:19:30.0070598Z          Release\LineFilterTest.obj
2026-08-20T10:19:30.0070891Z          Release\PathMatcherTest.obj
2026-08-20T10:19:30.0071189Z          Release\RelocationsExtractorTest.obj
2026-08-20T10:19:30.0071493Z          Release\stdafx.obj
2026-08-20T10:19:30.0071734Z          Release\Tools.obj
2026-08-20T10:19:30.0072026Z          Release\UnifiedDiffCoverageFilterTest.obj
2026-08-20T10:19:30.0072339Z          Release\UnifiedDiffParserTest.obj
2026-08-20T10:19:30.0072730Z          "D:\a\OpenCppCoverage-ARM64\OpenCppCoverage-ARM64\Release\FileFilter.lib"
2026-08-20T10:19:30.0073321Z          "D:\a\OpenCppCoverage-ARM64\OpenCppCoverage-ARM64\Release\TestCoverageOptimizedBuild.lib"
2026-08-20T10:19:30.0073907Z          "D:\a\OpenCppCoverage-ARM64\OpenCppCoverage-ARM64\Release\TestHelper.lib"
2026-08-20T10:19:30.0074393Z          "D:\a\OpenCppCoverage-ARM64\OpenCppCoverage-ARM64\Release\Tools.lib"
2026-08-20T10:19:30.1463226Z          Generating code
2026-08-20T10:19:30.1555842Z          Previous IPDB not found, fall back to full compilation.
2026-08-20T10:19:31.5378347Z      5>ClCompile:
2026-08-20T10:19:31.7251210Z          DebugInformationEnumerator.cpp
2026-08-20T10:19:32.5420560Z     15>Link:
2026-08-20T10:19:32.5421359Z          All 2592 functions were compiled because no usable IPDB/IOBJ from previous compilation was found.
2026-08-20T10:19:32.5551356Z          Finished generating code
2026-08-20T10:19:32.7351559Z          FileFilterTest.vcxproj -> D:\a\OpenCppCoverage-ARM64\OpenCppCoverage-ARM64\Release\FileFilterTest.exe
2026-08-20T10:19:32.7369731Z        AppLocalFromInstalled:
2026-08-20T10:19:32.7373051Z          "C:\Users\runneradmin\AppData\Local\OpenCppCoverage\vcpkg\vcpkg.exe" z-applocal --target-binary="D:\a\OpenCppCoverage-ARM64\OpenCppCoverage-ARM64\Release\FileFilterTest.exe" --installed-bin-dir="D:\a\OpenCppCoverage-ARM64\OpenCppCoverage-ARM64\vcpkg_installed\x86-windows\bin" --tlog-file="Release\FileFilterTest.tlog\FileFilterTest.write.1u.tlog" --copied-files-log="Release\vcpkg.applocal.log"
2026-08-20T10:19:32.7830193Z          D:\a\OpenCppCoverage-ARM64\OpenCppCoverage-ARM64\vcpkg_installed\x86-windows\bin\gmock.dll
2026-08-20T10:19:32.7832867Z          D:\a\OpenCppCoverage-ARM64\OpenCppCoverage-ARM64\vcpkg_installed\x86-windows\bin\boost_log-vc143-mt-x32-1_91.dll
2026-08-20T10:19:32.7835022Z          D:\a\OpenCppCoverage-ARM64\OpenCppCoverage-ARM64\vcpkg_installed\x86-windows\bin\boost_filesystem-vc143-mt-x32-1_91.dll
2026-08-20T10:19:32.7836586Z          D:\a\OpenCppCoverage-ARM64\OpenCppCoverage-ARM64\vcpkg_installed\x86-windows\bin\boost_thread-vc143-mt-x32-1_91.dll
2026-08-20T10:19:32.7838140Z          D:\a\OpenCppCoverage-ARM64\OpenCppCoverage-ARM64\vcpkg_installed\x86-windows\bin\boost_iostreams-vc143-mt-x32-1_91.dll
2026-08-20T10:19:32.7839500Z          D:\a\OpenCppCoverage-ARM64\OpenCppCoverage-ARM64\vcpkg_installed\x86-windows\bin\z.dll
2026-08-20T10:19:32.7840675Z          D:\a\OpenCppCoverage-ARM64\OpenCppCoverage-ARM64\vcpkg_installed\x86-windows\bin\bz2.dll
2026-08-20T10:19:32.7841865Z          D:\a\OpenCppCoverage-ARM64\OpenCppCoverage-ARM64\vcpkg_installed\x86-windows\bin\liblzma.dll
2026-08-20T10:19:32.7843063Z          D:\a\OpenCppCoverage-ARM64\OpenCppCoverage-ARM64\vcpkg_installed\x86-windows\bin\zstd.dll
2026-08-20T10:19:32.7844427Z          D:\a\OpenCppCoverage-ARM64\OpenCppCoverage-ARM64\vcpkg_installed\x86-windows\bin\boost_locale-vc143-mt-x32-1_91.dll
2026-08-20T10:19:32.7846150Z          D:\a\OpenCppCoverage-ARM64\OpenCppCoverage-ARM64\vcpkg_installed\x86-windows\bin\PocoFoundation.dll
2026-08-20T10:19:32.7847439Z          D:\a\OpenCppCoverage-ARM64\OpenCppCoverage-ARM64\vcpkg_installed\x86-windows\bin\pcre2-8.dll
2026-08-20T10:19:32.7848657Z          D:\a\OpenCppCoverage-ARM64\OpenCppCoverage-ARM64\vcpkg_installed\x86-windows\bin\utf8proc.dll
2026-08-20T10:19:32.8052727Z        FinalizeBuildStatus:
2026-08-20T10:19:32.8055190Z          Deleting file "Release\FileFilterTest.tlog\unsuccessfulbuild".
2026-08-20T10:19:32.8055823Z          Touching "Release\FileFilterTest.tlog\FileFilterTest.lastbuildstate".
2026-08-20T10:19:32.8056594Z     15>Done Building Project "D:\a\OpenCppCoverage-ARM64\OpenCppCoverage-ARM64\FileFilterTest\FileFilterTest.vcxproj" (default targets).
2026-08-20T10:19:33.8248918Z      5>ClCompile:
2026-08-20T10:19:33.8249385Z          ExportOptionParser.cpp
2026-08-20T10:19:34.9553173Z          FileSystem.cpp
2026-08-20T10:19:35.6393907Z          FilterAssistant.cpp
2026-08-20T10:19:36.6110707Z          MonitoredLineRegister.cpp
2026-08-20T10:19:38.0164807Z          RunCoverageSettings.cpp
2026-08-20T10:19:38.7349259Z          UnifiedDiffCoverageFilterManager.cpp
2026-08-20T10:19:40.3113584Z          UnifiedDiffSettings.cpp
2026-08-20T10:19:41.0008748Z          WildcardCoverageFilter.cpp
2026-08-20T10:19:42.6401026Z          CoverageRate.cpp
2026-08-20T10:19:42.6477642Z          CoverageRateComputer.cpp
2026-08-20T10:19:43.4365488Z          CoverageFilterSettings.cpp
2026-08-20T10:19:44.6417263Z          CppCoverageException.cpp
2026-08-20T10:19:45.3191410Z          Debugger.cpp
2026-08-20T10:19:46.6866029Z          ExceptionHandler.cpp
2026-08-20T10:19:47.8881626Z          Compiling...
2026-08-20T10:19:47.8882271Z          ExecutedAddressManager.cpp
2026-08-20T10:19:49.5000763Z          HandleInformation.cpp
2026-08-20T10:19:51.2382466Z          IDebugEventsHandler.cpp
2026-08-20T10:19:51.2473258Z          Options.cpp
2026-08-20T10:19:52.0541247Z          OptionsExport.cpp
2026-08-20T10:19:52.3696700Z          OptionsParser.cpp
2026-08-20T10:19:54.4221803Z          Patterns.cpp
2026-08-20T10:19:54.7172930Z          Process.cpp
2026-08-20T10:19:56.0363351Z          ProgramOptions.cpp
2026-08-20T10:19:57.1076510Z          StartInfo.cpp
2026-08-20T10:19:57.8401589Z          Wildcards.cpp
2026-08-20T10:19:59.5225776Z        Link:
2026-08-20T10:19:59.5234085Z          C:\Program Files\Microsoft Visual Studio\2022\Enterprise\VC\Tools\MSVC\14.44.35207\bin\HostX64\x86\link.exe /ERRORREPORT:QUEUE /OUT:"D:\a\OpenCppCoverage-ARM64\OpenCppCoverage-ARM64\Release\CppCoverage.dll" /INCREMENTAL:NO /NOLOGO /LIBPATH:"D:\a\OpenCppCoverage-ARM64\OpenCppCoverage-ARM64\vcpkg_installed\x86-windows\lib" /LIBPATH:"D:\a\OpenCppCoverage-ARM64\OpenCppCoverage-ARM64\vcpkg_installed\x86-windows\lib\manual-link" Dbghelp.lib bcrypt.lib "C:\Program Files\Microsoft Visual Studio\2022\Enterprise\DIA SDK\lib\diaguids.lib" kernel32.lib user32.lib gdi32.lib winspool.lib comdlg32.lib advapi32.lib shell32.lib ole32.lib oleaut32.lib uuid.lib odbc32.lib odbccp32.lib "D:\a\OpenCppCoverage-ARM64\OpenCppCoverage-ARM64\vcpkg_installed\x86-windows\lib\*.lib" /MANIFEST /MANIFESTUAC:"level='asInvoker' uiAccess='false'" /manifest:embed /DEBUG /PDB:"D:\a\OpenCppCoverage-ARM64\OpenCppCoverage-ARM64\Release\CppCoverage.pdb" /SUBSYSTEM:WINDOWS /OPT:REF /OPT:ICF /LTCG:incremental /LTCGOUT:"Release\CppCoverage.iobj" /TLBID:1 /DYNAMICBASE /NXCOMPAT /IMPLIB:"D:\a\OpenCppCoverage-ARM64\OpenCppCoverage-ARM64\Release\CppCoverage.lib" /MACHINE:X86 /SAFESEH /DLL Release\Address.obj
2026-08-20T10:19:59.5240723Z          Release\BreakPoint.obj
2026-08-20T10:19:59.5240987Z          Release\CodeCoverageRunner.obj
2026-08-20T10:19:59.5241263Z          Release\CoverageDataMerger.obj
2026-08-20T10:19:59.5241537Z          Release\CoverageFilterManager.obj
2026-08-20T10:19:59.5241827Z          Release\DebugInformationEnumerator.obj
2026-08-20T10:19:59.5243075Z          Release\ExportOptionParser.obj
2026-08-20T10:19:59.5243333Z          Release\FileSystem.obj
2026-08-20T10:19:59.5243573Z          Release\FilterAssistant.obj
2026-08-20T10:19:59.5243839Z          Release\MonitoredLineRegister.obj
2026-08-20T10:19:59.5244122Z          Release\RunCoverageSettings.obj
2026-08-20T10:19:59.5244425Z          Release\UnifiedDiffCoverageFilterManager.obj
2026-08-20T10:19:59.5244727Z          Release\UnifiedDiffSettings.obj
2026-08-20T10:19:59.5245004Z          Release\WildcardCoverageFilter.obj
2026-08-20T10:19:59.5245270Z          Release\CoverageRate.obj
2026-08-20T10:19:59.5245517Z          Release\CoverageRateComputer.obj
2026-08-20T10:19:59.5245789Z          Release\CoverageFilterSettings.obj
2026-08-20T10:19:59.5246066Z          Release\CppCoverageException.obj
2026-08-20T10:19:59.5246318Z          Release\Debugger.obj
2026-08-20T10:19:59.5246543Z          Release\ExceptionHandler.obj
2026-08-20T10:19:59.5246799Z          Release\ExecutedAddressManager.obj
2026-08-20T10:19:59.5247075Z          Release\HandleInformation.obj
2026-08-20T10:19:59.5247325Z          Release\IDebugEventsHandler.obj
2026-08-20T10:19:59.5247572Z          Release\Options.obj
2026-08-20T10:19:59.5247794Z          Release\OptionsExport.obj
2026-08-20T10:19:59.5248032Z          Release\OptionsParser.obj
2026-08-20T10:19:59.5248259Z          Release\Patterns.obj
2026-08-20T10:19:59.5248510Z          Release\Process.obj
2026-08-20T10:19:59.5248932Z          Release\ProgramOptions.obj
2026-08-20T10:19:59.5249377Z          Release\StartInfo.obj
2026-08-20T10:19:59.5249781Z          Release\stdafx.obj
2026-08-20T10:19:59.5250164Z          Release\Wildcards.obj
2026-08-20T10:19:59.5250792Z          "D:\a\OpenCppCoverage-ARM64\OpenCppCoverage-ARM64\Release\FileFilter.lib"
2026-08-20T10:19:59.5251699Z          "D:\a\OpenCppCoverage-ARM64\OpenCppCoverage-ARM64\Release\Plugin.lib"
2026-08-20T10:19:59.5252570Z          "D:\a\OpenCppCoverage-ARM64\OpenCppCoverage-ARM64\Release\Tools.lib"
2026-08-20T10:19:59.7953513Z             Creating library D:\a\OpenCppCoverage-ARM64\OpenCppCoverage-ARM64\Release\CppCoverage.lib and object D:\a\OpenCppCoverage-ARM64\OpenCppCoverage-ARM64\Release\CppCoverage.exp
2026-08-20T10:19:59.8036547Z          Generating code
2026-08-20T10:19:59.8423016Z          Previous IPDB not found, fall back to full compilation.
2026-08-20T10:20:03.7630177Z          All 7129 functions were compiled because no usable IPDB/IOBJ from previous compilation was found.
2026-08-20T10:20:03.8082671Z          Finished generating code
2026-08-20T10:20:04.0850635Z          CppCoverage.vcxproj -> D:\a\OpenCppCoverage-ARM64\OpenCppCoverage-ARM64\Release\CppCoverage.dll
2026-08-20T10:20:04.0905342Z        AppLocalFromInstalled:
2026-08-20T10:20:04.0907484Z          "C:\Users\runneradmin\AppData\Local\OpenCppCoverage\vcpkg\vcpkg.exe" z-applocal --target-binary="D:\a\OpenCppCoverage-ARM64\OpenCppCoverage-ARM64\Release\CppCoverage.dll" --installed-bin-dir="D:\a\OpenCppCoverage-ARM64\OpenCppCoverage-ARM64\vcpkg_installed\x86-windows\bin" --tlog-file="Release\CppCoverage.tlog\CppCoverage.write.1u.tlog" --copied-files-log="Release\vcpkg.applocal.log"
2026-08-20T10:20:04.1289940Z          D:\a\OpenCppCoverage-ARM64\OpenCppCoverage-ARM64\vcpkg_installed\x86-windows\bin\boost_program_options-vc143-mt-x32-1_91.dll -> D:\a\OpenCppCoverage-ARM64\OpenCppCoverage-ARM64\Release\boost_program_options-vc143-mt-x32-1_91.dll done
2026-08-20T10:20:04.1359507Z          D:\a\OpenCppCoverage-ARM64\OpenCppCoverage-ARM64\vcpkg_installed\x86-windows\bin\boost_log-vc143-mt-x32-1_91.dll
2026-08-20T10:20:04.1369313Z          D:\a\OpenCppCoverage-ARM64\OpenCppCoverage-ARM64\vcpkg_installed\x86-windows\bin\boost_filesystem-vc143-mt-x32-1_91.dll
2026-08-20T10:20:04.1374989Z          D:\a\OpenCppCoverage-ARM64\OpenCppCoverage-ARM64\vcpkg_installed\x86-windows\bin\boost_thread-vc143-mt-x32-1_91.dll
2026-08-20T10:20:04.1380587Z          D:\a\OpenCppCoverage-ARM64\OpenCppCoverage-ARM64\vcpkg_installed\x86-windows\bin\boost_program_options-vc143-mt-x32-1_91.dll
2026-08-20T10:20:04.1387023Z          D:\a\OpenCppCoverage-ARM64\OpenCppCoverage-ARM64\vcpkg_installed\x86-windows\bin\boost_iostreams-vc143-mt-x32-1_91.dll
2026-08-20T10:20:04.1392777Z          D:\a\OpenCppCoverage-ARM64\OpenCppCoverage-ARM64\vcpkg_installed\x86-windows\bin\z.dll
2026-08-20T10:20:04.1398590Z          D:\a\OpenCppCoverage-ARM64\OpenCppCoverage-ARM64\vcpkg_installed\x86-windows\bin\bz2.dll
2026-08-20T10:20:04.1401843Z          D:\a\OpenCppCoverage-ARM64\OpenCppCoverage-ARM64\vcpkg_installed\x86-windows\bin\liblzma.dll
2026-08-20T10:20:04.1412564Z          D:\a\OpenCppCoverage-ARM64\OpenCppCoverage-ARM64\vcpkg_installed\x86-windows\bin\zstd.dll
2026-08-20T10:20:04.1423303Z          D:\a\OpenCppCoverage-ARM64\OpenCppCoverage-ARM64\vcpkg_installed\x86-windows\bin\boost_locale-vc143-mt-x32-1_91.dll
2026-08-20T10:20:04.1824323Z        PostBuildEvent:
2026-08-20T10:20:04.1825318Z          xcopy /y "C:\Program Files\Microsoft Visual Studio\2022\Enterprise\DIA SDK\bin\msdia140.dll" "D:\a\OpenCppCoverage-ARM64\OpenCppCoverage-ARM64\Release\"
2026-08-20T10:20:04.1826001Z          :VCEnd
2026-08-20T10:20:04.2110977Z          C:\Program Files\Microsoft Visual Studio\2022\Enterprise\DIA SDK\bin\msdia140.dll
2026-08-20T10:20:04.2137010Z          1 File(s) copied
2026-08-20T10:20:04.2291383Z        FinalizeBuildStatus:
2026-08-20T10:20:04.2291851Z          Deleting file "Release\CppCoverage.tlog\unsuccessfulbuild".
2026-08-20T10:20:04.2297598Z          Touching "Release\CppCoverage.tlog\CppCoverage.lastbuildstate".
2026-08-20T10:20:04.2315429Z      5>Done Building Project "D:\a\OpenCppCoverage-ARM64\OpenCppCoverage-ARM64\CppCoverage\CppCoverage.vcxproj" (default targets).
2026-08-20T10:20:04.2513864Z      1>Project "D:\a\OpenCppCoverage-ARM64\OpenCppCoverage-ARM64\CppCoverage.sln" (1) is building "D:\a\OpenCppCoverage-ARM64\OpenCppCoverage-ARM64\ExporterTest\ExporterTest.vcxproj.metaproj" (3) on node 1 (default targets).
2026-08-20T10:20:04.2537696Z      3>Project "D:\a\OpenCppCoverage-ARM64\OpenCppCoverage-ARM64\ExporterTest\ExporterTest.vcxproj.metaproj" (3) is building "D:\a\OpenCppCoverage-ARM64\OpenCppCoverage-ARM64\Exporter\Exporter.vcxproj" (9) on node 1 (default targets).
2026-08-20T10:20:04.2557475Z      9>PrepareForBuild:
2026-08-20T10:20:04.2558631Z          Creating directory "Release\".
2026-08-20T10:20:04.2664912Z          Structured output is enabled. The formatting of compiler diagnostics will reflect the error hierarchy. See https://aka.ms/cpp/structured-output for more details.
2026-08-20T10:20:04.2668396Z          Creating directory "Release\Exporter.tlog\".
2026-08-20T10:20:04.2705943Z        InitializeBuildStatus:
2026-08-20T10:20:04.2707218Z          Creating "Release\Exporter.tlog\unsuccessfulbuild" because "AlwaysCreate" was specified.
2026-08-20T10:20:04.2708934Z          Touching "Release\Exporter.tlog\unsuccessfulbuild".
2026-08-20T10:20:04.2729541Z        PreBuildEvent:
2026-08-20T10:20:04.2733394Z          "D:\a\OpenCppCoverage-ARM64\OpenCppCoverage-ARM64\vcpkg_installed\x86-windows\tools\protobuf\protoc.exe" -I="D:\a\OpenCppCoverage-ARM64\OpenCppCoverage-ARM64\Exporter\Binary" --cpp_out="D:\a\OpenCppCoverage-ARM64\OpenCppCoverage-ARM64\Exporter\Binary" "D:\a\OpenCppCoverage-ARM64\OpenCppCoverage-ARM64\Exporter\Binary\CoverageData.proto"
2026-08-20T10:20:04.2737085Z          :VCEnd
2026-08-20T10:20:04.3738643Z      2>Project "D:\a\OpenCppCoverage-ARM64\OpenCppCoverage-ARM64\CppCoverageTest\CppCoverageTest.vcxproj.metaproj" (2) is building "D:\a\OpenCppCoverage-ARM64\OpenCppCoverage-ARM64\CppCoverageTest\CppCoverageTest.vcxproj" (19) on node 2 (default targets).
2026-08-20T10:20:04.3746928Z     19>PrepareForBuild:
2026-08-20T10:20:04.3748246Z          Creating directory "Release\".
2026-08-20T10:20:04.3773488Z          Structured output is enabled. The formatting of compiler diagnostics will reflect the error hierarchy. See https://aka.ms/cpp/structured-output for more details.
2026-08-20T10:20:04.3782181Z          Creating directory "Release\CppCoverageTest.tlog\".
2026-08-20T10:20:04.3821492Z      9>VcpkgTripletSelection:
2026-08-20T10:20:04.3825917Z          Using triplet "x86-windows" from "D:\a\OpenCppCoverage-ARM64\OpenCppCoverage-ARM64\vcpkg_installed\x86-windows\"
2026-08-20T10:20:04.3829440Z          Using normalized configuration "Release"
2026-08-20T10:20:04.3830770Z        VcpkgBootstrap:
2026-08-20T10:20:04.3833953Z        Skipping target "VcpkgBootstrap" because all output files are up-to-date with respect to the input files.
2026-08-20T10:20:04.3836054Z        VcpkgInstallManifestDependencies:
2026-08-20T10:20:04.3839320Z        Skipping target "VcpkgInstallManifestDependencies" because all output files are up-to-date with respect to the input files.
2026-08-20T10:20:04.3865461Z     19>InitializeBuildStatus:
2026-08-20T10:20:04.3866662Z          Creating "Release\CppCoverageTest.tlog\unsuccessfulbuild" because "AlwaysCreate" was specified.
2026-08-20T10:20:04.3868759Z          Touching "Release\CppCoverageTest.tlog\unsuccessfulbuild".
2026-08-20T10:20:04.3888747Z      9>ClCompile:
2026-08-20T10:20:04.3896805Z          C:\Program Files\Microsoft Visual Studio\2022\Enterprise\VC\Tools\MSVC\14.44.35207\bin\HostX64\x86\CL.exe /c /I"D:\a\OpenCppCoverage-ARM64\OpenCppCoverage-ARM64\\" /I"D:\a\OpenCppCoverage-ARM64\OpenCppCoverage-ARM64\Exporter\\" /I"D:\a\OpenCppCoverage-ARM64\OpenCppCoverage-ARM64\vcpkg_installed\x86-windows\include" /Zi /nologo /W3 /WX /diagnostics:column /sdl /O2 /Oi /Oy- /GL /D EXPORTER_EXPORTS /D _SILENCE_CXX17_ITERATOR_BASE_CLASS_DEPRECATION_WARNING /D BOOST_CONFIG_SUPPRESS_OUTDATED_MESSAGE /D "OPENCPPCOVERAGE_VERSION=\"0.9.9.0\"" /D _CRT_SECURE_NO_WARNINGS /D "PROJECT_DIR=R\"|(D:\a\OpenCppCoverage-ARM64\OpenCppCoverage-ARM64\Exporter\)|\"" /D "SOLUTION_DIR=R\"|(D:\a\OpenCppCoverage-ARM64\OpenCppCoverage-ARM64\)|\"" /D "TARGET_FILE_NAME=R\"|(Exporter.dll)|\"" /D "OUT_DIR=R\"|(D:\a\OpenCppCoverage-ARM64\OpenCppCoverage-ARM64\Release\)|\"" /D NOMINMAX /D _WINDLL /D _UNICODE /D UNICODE /Gm- /EHsc /MD /GS /Gy /fp:precise /Zc:wchar_t /Zc:forScope /Zc:inline /std:c++17 /permissive- /Yc"stdafx.h" /Fp"Release\Exporter.pch" /Fo"Release\\" /Fd"Release\vc143.pdb" /external:W0 /Gd /TP /wd4251 /analyze- /FC /errorReport:queue /external:I"D:\a\OpenCppCoverage-ARM64\OpenCppCoverage-ARM64\vcpkg_installed\x86-windows\include" stdafx.cpp
2026-08-20T10:20:04.4400065Z          stdafx.cpp
2026-08-20T10:20:04.4525551Z     19>VcpkgTripletSelection:
2026-08-20T10:20:04.4543733Z          Using triplet "x86-windows" from "D:\a\OpenCppCoverage-ARM64\OpenCppCoverage-ARM64\vcpkg_installed\x86-windows\"
2026-08-20T10:20:04.4546843Z          Using normalized configuration "Release"
2026-08-20T10:20:04.4548636Z        VcpkgBootstrap:
2026-08-20T10:20:04.4550281Z        Skipping target "VcpkgBootstrap" because all output files are up-to-date with respect to the input files.
2026-08-20T10:20:04.4551835Z        VcpkgInstallManifestDependencies:
2026-08-20T10:20:04.4556428Z        Skipping target "VcpkgInstallManifestDependencies" because all output files are up-to-date with respect to the input files.
2026-08-20T10:20:04.4597696Z        ClCompile:
2026-08-20T10:20:04.4610108Z          C:\Program Files\Microsoft Visual Studio\2022\Enterprise\VC\Tools\MSVC\14.44.35207\bin\HostX64\x86\CL.exe /c /I"D:\a\OpenCppCoverage-ARM64\OpenCppCoverage-ARM64\\" /I"D:\a\OpenCppCoverage-ARM64\OpenCppCoverage-ARM64\CppCoverageTest\\" /I"D:\a\OpenCppCoverage-ARM64\OpenCppCoverage-ARM64\vcpkg_installed\x86-windows\include" /Zi /nologo /W3 /WX /diagnostics:column /sdl /O2 /Oi /Oy- /GL /D WIN32 /D NDEBUG /D _CONSOLE /D _LIB /D GTEST_LINKED_AS_SHARED_LIBRARY=1 /D _SILENCE_TR1_NAMESPACE_DEPRECATION_WARNING /D BOOST_CONFIG_SUPPRESS_OUTDATED_MESSAGE /D "OPENCPPCOVERAGE_VERSION=\"0.9.9.0\"" /D _CRT_SECURE_NO_WARNINGS /D "PROJECT_DIR=R\"|(D:\a\OpenCppCoverage-ARM64\OpenCppCoverage-ARM64\CppCoverageTest\)|\"" /D "SOLUTION_DIR=R\"|(D:\a\OpenCppCoverage-ARM64\OpenCppCoverage-ARM64\)|\"" /D "TARGET_FILE_NAME=R\"|(CppCoverageTest.exe)|\"" /D "OUT_DIR=R\"|(D:\a\OpenCppCoverage-ARM64\OpenCppCoverage-ARM64\Release\)|\"" /D NOMINMAX /D _UNICODE /D UNICODE /D "SOLUTION_DIR=D:\a\OpenCppCoverage-ARM64\OpenCppCoverage-ARM64\\" /D "SOLUTION_DIR=\"D:\a\OpenCppCoverage-ARM64\OpenCppCoverage-ARM64\\\"" /D "SOLUTION_DIR=#\"D:\a\OpenCppCoverage-ARM64\OpenCppCoverage-ARM64\\\"" /Gm- /EHsc /MD /GS /Gy /fp:precise /Zc:wchar_t /Zc:forScope /Zc:inline /std:c++17 /permissive- /Yc"stdafx.h" /Fp"Release\CppCoverageTest.pch" /Fo"Release\\" /Fd"Release\vc143.pdb" /external:W3 /Gd /TP /wd4251 /wd4275 /analyze- /FC /errorReport:queue stdafx.cpp
2026-08-20T10:20:04.4913078Z          stdafx.cpp
2026-08-20T10:20:05.1255147Z      9>ClCompile:
2026-08-20T10:20:05.1265687Z          C:\Program Files\Microsoft Visual Studio\2022\Enterprise\VC\Tools\MSVC\14.44.35207\bin\HostX64\x86\CL.exe /c /I"D:\a\OpenCppCoverage-ARM64\OpenCppCoverage-ARM64\\" /I"D:\a\OpenCppCoverage-ARM64\OpenCppCoverage-ARM64\Exporter\\" /I"D:\a\OpenCppCoverage-ARM64\OpenCppCoverage-ARM64\vcpkg_installed\x86-windows\include" /Zi /nologo /W3 /WX /diagnostics:column /sdl /O2 /Oi /Oy- /GL /D EXPORTER_EXPORTS /D _SILENCE_CXX17_ITERATOR_BASE_CLASS_DEPRECATION_WARNING /D BOOST_CONFIG_SUPPRESS_OUTDATED_MESSAGE /D "OPENCPPCOVERAGE_VERSION=\"0.9.9.0\"" /D _CRT_SECURE_NO_WARNINGS /D "PROJECT_DIR=R\"|(D:\a\OpenCppCoverage-ARM64\OpenCppCoverage-ARM64\Exporter\)|\"" /D "SOLUTION_DIR=R\"|(D:\a\OpenCppCoverage-ARM64\OpenCppCoverage-ARM64\)|\"" /D "TARGET_FILE_NAME=R\"|(Exporter.dll)|\"" /D "OUT_DIR=R\"|(D:\a\OpenCppCoverage-ARM64\OpenCppCoverage-ARM64\Release\)|\"" /D NOMINMAX /D _WINDLL /D _UNICODE /D UNICODE /Gm- /EHsc /MD /GS /Gy /fp:precise /Zc:wchar_t /Zc:forScope /Zc:inline /std:c++17 /permissive- /Yu"stdafx.h" /Fp"Release\Exporter.pch" /Fo"Release\\" /Fd"Release\vc143.pdb" /external:W0 /Gd /TP /wd4251 /analyze- /FC /errorReport:queue /external:I"D:\a\OpenCppCoverage-ARM64\OpenCppCoverage-ARM64\vcpkg_installed\x86-windows\include" Binary\BinaryExporter.cpp CoberturaExporter.cpp Binary\CoverageDataSerializer.cpp Binary\CoverageDataDeserializer.cpp Html\HtmlExporter.cpp Html\HtmlFile.cpp Html\HtmlFileCoverageExporter.cpp Html\HtmlFolderStructure.cpp Html\TemplateHtmlExporter.cpp InvalidOutputFileException.cpp Plugin\ExporterPluginManager.cpp
2026-08-20T10:20:05.1641038Z          BinaryExporter.cpp
2026-08-20T10:20:05.9312886Z          CoberturaExporter.cpp
2026-08-20T10:20:06.4290976Z     19>ClCompile:
2026-08-20T10:20:06.4309126Z          C:\Program Files\Microsoft Visual Studio\2022\Enterprise\VC\Tools\MSVC\14.44.35207\bin\HostX64\x86\CL.exe /c /I"D:\a\OpenCppCoverage-ARM64\OpenCppCoverage-ARM64\\" /I"D:\a\OpenCppCoverage-ARM64\OpenCppCoverage-ARM64\CppCoverageTest\\" /I"D:\a\OpenCppCoverage-ARM64\OpenCppCoverage-ARM64\vcpkg_installed\x86-windows\include" /Zi /nologo /W3 /WX /diagnostics:column /sdl /O2 /Oi /Oy- /GL /D WIN32 /D NDEBUG /D _CONSOLE /D _LIB /D GTEST_LINKED_AS_SHARED_LIBRARY=1 /D _SILENCE_TR1_NAMESPACE_DEPRECATION_WARNING /D BOOST_CONFIG_SUPPRESS_OUTDATED_MESSAGE /D "OPENCPPCOVERAGE_VERSION=\"0.9.9.0\"" /D _CRT_SECURE_NO_WARNINGS /D "PROJECT_DIR=R\"|(D:\a\OpenCppCoverage-ARM64\OpenCppCoverage-ARM64\CppCoverageTest\)|\"" /D "SOLUTION_DIR=R\"|(D:\a\OpenCppCoverage-ARM64\OpenCppCoverage-ARM64\)|\"" /D "TARGET_FILE_NAME=R\"|(CppCoverageTest.exe)|\"" /D "OUT_DIR=R\"|(D:\a\OpenCppCoverage-ARM64\OpenCppCoverage-ARM64\Release\)|\"" /D NOMINMAX /D _UNICODE /D UNICODE /D "SOLUTION_DIR=D:\a\OpenCppCoverage-ARM64\OpenCppCoverage-ARM64\\" /D "SOLUTION_DIR=\"D:\a\OpenCppCoverage-ARM64\OpenCppCoverage-ARM64\\\"" /D "SOLUTION_DIR=#\"D:\a\OpenCppCoverage-ARM64\OpenCppCoverage-ARM64\\\"" /Gm- /EHsc /MD /GS /Gy /fp:precise /Zc:wchar_t /Zc:forScope /Zc:inline /std:c++17 /permissive- /Yu"stdafx.h" /Fp"Release\CppCoverageTest.pch" /Fo"Release\\" /Fd"Release\vc143.pdb" /external:W3 /Gd /TP /wd4251 /wd4275 /analyze- /FC /errorReport:queue BreakPointTest.cpp CodeCoverageRunnerTest.cpp CoverageDataMergerRandomTest.cpp CoverageDataMergerTest.cpp CppCliTest.cpp DebugInformationEnumeratorTest.cpp FilterAssistantTest.cpp UnifiedDiffCoverageFilterManagerTest.cpp OptionsParserUnifiedDiffTest.cpp WildcardCoverageFilterTest.cpp CoverageRateComputerTest.cpp CoverageRateTest.cpp CppCoverageExceptionTest.cpp CppCoverageTest.cpp DebuggerTest.cpp ExceptionHandlerTest.cpp ExecutedAddressManagerTest.cpp HandleInformationTest.cpp OptionsParserConfigTest.cpp OptionsParserExportTest.cpp OptionsParserPatternTest.cpp OptionsParserTest.cpp ProcessTest.cpp StartInfoTest.cpp TestTools.cpp WildcardsTest.cpp
2026-08-20T10:20:06.4626120Z          BreakPointTest.cpp
2026-08-20T10:20:07.1460319Z          CodeCoverageRunnerTest.cpp
2026-08-20T10:20:07.5619471Z      9>ClCompile:
2026-08-20T10:20:07.5619869Z          CoverageDataSerializer.cpp
2026-08-20T10:20:09.1450062Z     19>ClCompile:
2026-08-20T10:20:09.1450559Z          CoverageDataMergerRandomTest.cpp
2026-08-20T10:20:09.6917116Z          CoverageDataMergerTest.cpp
2026-08-20T10:20:10.1812404Z          CppCliTest.cpp
2026-08-20T10:20:10.1970744Z      9>ClCompile:
2026-08-20T10:20:10.1971195Z          CoverageDataDeserializer.cpp
2026-08-20T10:20:10.9363255Z     19>ClCompile:
2026-08-20T10:20:10.9363719Z          DebugInformationEnumeratorTest.cpp
2026-08-20T10:20:11.2947571Z          FilterAssistantTest.cpp
2026-08-20T10:20:12.0196338Z          UnifiedDiffCoverageFilterManagerTest.cpp
2026-08-20T10:20:12.8115931Z      9>ClCompile:
2026-08-20T10:20:12.8116324Z          HtmlExporter.cpp
2026-08-20T10:20:12.8491523Z     19>ClCompile:
2026-08-20T10:20:12.8492243Z          OptionsParserUnifiedDiffTest.cpp
2026-08-20T10:20:13.9262637Z          WildcardCoverageFilterTest.cpp
2026-08-20T10:20:13.9875297Z          CoverageRateComputerTest.cpp
2026-08-20T10:20:14.3688170Z          CoverageRateTest.cpp
2026-08-20T10:20:14.4065163Z          CppCoverageExceptionTest.cpp
2026-08-20T10:20:14.4410304Z          CppCoverageTest.cpp
2026-08-20T10:20:14.5551503Z      9>ClCompile:
2026-08-20T10:20:14.5551879Z          HtmlFile.cpp
2026-08-20T10:20:15.2185779Z          HtmlFileCoverageExporter.cpp
2026-08-20T10:20:15.3340607Z     19>ClCompile:
2026-08-20T10:20:15.3341317Z          DebuggerTest.cpp
2026-08-20T10:20:16.7816836Z          ExceptionHandlerTest.cpp
2026-08-20T10:20:16.7991499Z      9>ClCompile:
2026-08-20T10:20:16.7992238Z          HtmlFolderStructure.cpp
2026-08-20T10:20:17.5732200Z     19>ClCompile:
2026-08-20T10:20:17.5732710Z          ExecutedAddressManagerTest.cpp
2026-08-20T10:20:18.1015105Z      9>ClCompile:
2026-08-20T10:20:18.1015943Z          TemplateHtmlExporter.cpp
2026-08-20T10:20:18.3704388Z     19>ClCompile:
2026-08-20T10:20:18.3704822Z          HandleInformationTest.cpp
2026-08-20T10:20:19.1327175Z          OptionsParserConfigTest.cpp
2026-08-20T10:20:19.7602154Z      9>ClCompile:
2026-08-20T10:20:19.7603121Z          InvalidOutputFileException.cpp
2026-08-20T10:20:20.2603027Z     19>ClCompile:
2026-08-20T10:20:20.2603955Z          OptionsParserExportTest.cpp
2026-08-20T10:20:20.5200893Z      9>ClCompile:
2026-08-20T10:20:20.5201810Z          ExporterPluginManager.cpp
2026-08-20T10:20:21.2510366Z     19>ClCompile:
2026-08-20T10:20:21.2511481Z          Compiling...
2026-08-20T10:20:21.2513129Z          OptionsParserPatternTest.cpp
2026-08-20T10:20:21.6027431Z      9>ClCompile:
2026-08-20T10:20:21.6036288Z          C:\Program Files\Microsoft Visual Studio\2022\Enterprise\VC\Tools\MSVC\14.44.35207\bin\HostX64\x86\CL.exe /c /I"D:\a\OpenCppCoverage-ARM64\OpenCppCoverage-ARM64\\" /I"D:\a\OpenCppCoverage-ARM64\OpenCppCoverage-ARM64\Exporter\\" /I"D:\a\OpenCppCoverage-ARM64\OpenCppCoverage-ARM64\vcpkg_installed\x86-windows\include" /Zi /nologo /W0 /WX /diagnostics:column /sdl /O2 /Oi /Oy- /GL /D EXPORTER_EXPORTS /D _SILENCE_CXX17_ITERATOR_BASE_CLASS_DEPRECATION_WARNING /D BOOST_CONFIG_SUPPRESS_OUTDATED_MESSAGE /D "OPENCPPCOVERAGE_VERSION=\"0.9.9.0\"" /D _CRT_SECURE_NO_WARNINGS /D "PROJECT_DIR=R\"|(D:\a\OpenCppCoverage-ARM64\OpenCppCoverage-ARM64\Exporter\)|\"" /D "SOLUTION_DIR=R\"|(D:\a\OpenCppCoverage-ARM64\OpenCppCoverage-ARM64\)|\"" /D "TARGET_FILE_NAME=R\"|(Exporter.dll)|\"" /D "OUT_DIR=R\"|(D:\a\OpenCppCoverage-ARM64\OpenCppCoverage-ARM64\Release\)|\"" /D NOMINMAX /D _WINDLL /D _UNICODE /D UNICODE /Gm- /EHsc /MD /GS /Gy /fp:precise /Zc:wchar_t /Zc:forScope /Zc:inline /std:c++17 /permissive- /Fo"Release\\" /Fd"Release\vc143.pdb" /external:W0 /Gd /TP /wd4146 /wd4251 /analyze- /FC /errorReport:queue /external:I"D:\a\OpenCppCoverage-ARM64\OpenCppCoverage-ARM64\vcpkg_installed\x86-windows\include" Binary\CoverageData.pb.cc
2026-08-20T10:20:21.6409974Z          CoverageData.pb.cc
2026-08-20T10:20:22.3042201Z     19>ClCompile:
2026-08-20T10:20:22.3042925Z          OptionsParserTest.cpp
2026-08-20T10:20:23.4940436Z          ProcessTest.cpp
2026-08-20T10:20:24.7214090Z          StartInfoTest.cpp
2026-08-20T10:20:24.8247015Z      9>Link:
2026-08-20T10:20:24.8254372Z          C:\Program Files\Microsoft Visual Studio\2022\Enterprise\VC\Tools\MSVC\14.44.35207\bin\HostX64\x86\link.exe /ERRORREPORT:QUEUE /OUT:"D:\a\OpenCppCoverage-ARM64\OpenCppCoverage-ARM64\Release\Exporter.dll" /NOLOGO /LIBPATH:"D:\a\OpenCppCoverage-ARM64\OpenCppCoverage-ARM64\vcpkg_installed\x86-windows\lib" /LIBPATH:"D:\a\OpenCppCoverage-ARM64\OpenCppCoverage-ARM64\vcpkg_installed\x86-windows\lib\manual-link" bcrypt.lib kernel32.lib user32.lib gdi32.lib winspool.lib comdlg32.lib advapi32.lib shell32.lib ole32.lib oleaut32.lib uuid.lib odbc32.lib odbccp32.lib "D:\a\OpenCppCoverage-ARM64\OpenCppCoverage-ARM64\vcpkg_installed\x86-windows\lib\*.lib" /MANIFEST /MANIFESTUAC:"level='asInvoker' uiAccess='false'" /manifest:embed /DEBUG /PDB:"D:\a\OpenCppCoverage-ARM64\OpenCppCoverage-ARM64\Release\Exporter.pdb" /OPT:REF /OPT:ICF /LTCG:incremental /LTCGOUT:"Release\Exporter.iobj" /TLBID:1 /DYNAMICBASE /NXCOMPAT /IMPLIB:"D:\a\OpenCppCoverage-ARM64\OpenCppCoverage-ARM64\Release\Exporter.lib" /MACHINE:X86 /SAFESEH /DLL Release\BinaryExporter.obj
2026-08-20T10:20:24.8262018Z          Release\CoverageData.pb.obj
2026-08-20T10:20:24.8262512Z          Release\CoberturaExporter.obj
2026-08-20T10:20:24.8262994Z          Release\CoverageDataSerializer.obj
2026-08-20T10:20:24.8263543Z          Release\CoverageDataDeserializer.obj
2026-08-20T10:20:24.8264045Z          Release\HtmlExporter.obj
2026-08-20T10:20:24.8264466Z          Release\HtmlFile.obj
2026-08-20T10:20:24.8265271Z          Release\HtmlFileCoverageExporter.obj
2026-08-20T10:20:24.8265827Z          Release\HtmlFolderStructure.obj
2026-08-20T10:20:24.8266311Z          Release\TemplateHtmlExporter.obj
2026-08-20T10:20:24.8266852Z          Release\InvalidOutputFileException.obj
2026-08-20T10:20:24.8267379Z          Release\ExporterPluginManager.obj
2026-08-20T10:20:24.8267837Z          Release\stdafx.obj
2026-08-20T10:20:24.8268465Z          "D:\a\OpenCppCoverage-ARM64\OpenCppCoverage-ARM64\Release\CppCoverage.lib"
2026-08-20T10:20:24.8269409Z          "D:\a\OpenCppCoverage-ARM64\OpenCppCoverage-ARM64\Release\Plugin.lib"
2026-08-20T10:20:24.8270303Z          "D:\a\OpenCppCoverage-ARM64\OpenCppCoverage-ARM64\Release\Tools.lib"
2026-08-20T10:20:25.0771216Z     19>ClCompile:
2026-08-20T10:20:25.0771641Z          TestTools.cpp
2026-08-20T10:20:25.0977227Z      9>Link:
2026-08-20T10:20:25.0978642Z             Creating library D:\a\OpenCppCoverage-ARM64\OpenCppCoverage-ARM64\Release\Exporter.lib and object D:\a\OpenCppCoverage-ARM64\OpenCppCoverage-ARM64\Release\Exporter.exp
2026-08-20T10:20:25.1057350Z          Generating code
2026-08-20T10:20:25.1256479Z          Previous IPDB not found, fall back to full compilation.
2026-08-20T10:20:27.0777090Z     19>ClCompile:
2026-08-20T10:20:27.2604085Z          WildcardsTest.cpp
2026-08-20T10:20:27.7400577Z        Link:
2026-08-20T10:20:27.7408774Z          C:\Program Files\Microsoft Visual Studio\2022\Enterprise\VC\Tools\MSVC\14.44.35207\bin\HostX64\x86\link.exe /ERRORREPORT:QUEUE /OUT:"D:\a\OpenCppCoverage-ARM64\OpenCppCoverage-ARM64\Release\CppCoverageTest.exe" /INCREMENTAL:NO /NOLOGO /LIBPATH:"D:\a\OpenCppCoverage-ARM64\OpenCppCoverage-ARM64\vcpkg_installed\x86-windows\lib" /LIBPATH:"D:\a\OpenCppCoverage-ARM64\OpenCppCoverage-ARM64\vcpkg_installed\x86-windows\lib\manual-link" gmock.lib gtest.lib bcrypt.lib kernel32.lib user32.lib gdi32.lib winspool.lib comdlg32.lib advapi32.lib shell32.lib ole32.lib oleaut32.lib uuid.lib odbc32.lib odbccp32.lib "D:\a\OpenCppCoverage-ARM64\OpenCppCoverage-ARM64\vcpkg_installed\x86-windows\lib\*.lib" /MANIFEST /MANIFESTUAC:"level='asInvoker' uiAccess='false'" /manifest:embed /DEBUG /PDB:"D:\a\OpenCppCoverage-ARM64\OpenCppCoverage-ARM64\Release\CppCoverageTest.pdb" /SUBSYSTEM:CONSOLE /OPT:REF /OPT:ICF /LTCG:incremental /LTCGOUT:"Release\CppCoverageTest.iobj" /TLBID:1 /DYNAMICBASE /NXCOMPAT /IMPLIB:"D:\a\OpenCppCoverage-ARM64\OpenCppCoverage-ARM64\Release\CppCoverageTest.lib" /MACHINE:X86 /SAFESEH Release\BreakPointTest.obj
2026-08-20T10:20:27.7418295Z          Release\CodeCoverageRunnerTest.obj
2026-08-20T10:20:27.7419266Z          Release\CoverageDataMergerRandomTest.obj
2026-08-20T10:20:27.7420831Z          Release\CoverageDataMergerTest.obj
2026-08-20T10:20:27.7421797Z          Release\CppCliTest.obj
2026-08-20T10:20:27.7423133Z          Release\DebugInformationEnumeratorTest.obj
2026-08-20T10:20:27.7424079Z          Release\FilterAssistantTest.obj
2026-08-20T10:20:27.7425960Z          Release\UnifiedDiffCoverageFilterManagerTest.obj
2026-08-20T10:20:27.7426745Z          Release\OptionsParserUnifiedDiffTest.obj
2026-08-20T10:20:27.7427384Z          Release\WildcardCoverageFilterTest.obj
2026-08-20T10:20:27.7427967Z          Release\CoverageRateComputerTest.obj
2026-08-20T10:20:27.7428483Z          Release\CoverageRateTest.obj
2026-08-20T10:20:27.7428987Z          Release\CppCoverageExceptionTest.obj
2026-08-20T10:20:27.7429520Z          Release\CppCoverageTest.obj
2026-08-20T10:20:27.7430010Z          Release\DebuggerTest.obj
2026-08-20T10:20:27.7430540Z          Release\ExceptionHandlerTest.obj
2026-08-20T10:20:27.7431125Z          Release\ExecutedAddressManagerTest.obj
2026-08-20T10:20:27.7431729Z          Release\HandleInformationTest.obj
2026-08-20T10:20:27.7432332Z          Release\OptionsParserConfigTest.obj
2026-08-20T10:20:27.7432943Z          Release\OptionsParserExportTest.obj
2026-08-20T10:20:27.7433544Z          Release\OptionsParserPatternTest.obj
2026-08-20T10:20:27.7434127Z          Release\OptionsParserTest.obj
2026-08-20T10:20:27.7436030Z          Release\ProcessTest.obj
2026-08-20T10:20:27.7436654Z          Release\StartInfoTest.obj
2026-08-20T10:20:27.7437293Z          Release\stdafx.obj
2026-08-20T10:20:27.7437827Z          Release\TestTools.obj
2026-08-20T10:20:27.7438319Z          Release\WildcardsTest.obj
2026-08-20T10:20:27.7439089Z          "D:\a\OpenCppCoverage-ARM64\OpenCppCoverage-ARM64\Release\CppCoverage.lib"
2026-08-20T10:20:27.7440153Z          "D:\a\OpenCppCoverage-ARM64\OpenCppCoverage-ARM64\Release\FileFilter.lib"
2026-08-20T10:20:27.7441159Z          "D:\a\OpenCppCoverage-ARM64\OpenCppCoverage-ARM64\Release\Plugin.lib"
2026-08-20T10:20:27.7442272Z          "D:\a\OpenCppCoverage-ARM64\OpenCppCoverage-ARM64\Release\TestCoverageOptimizedBuild.lib"
2026-08-20T10:20:27.7443561Z          "D:\a\OpenCppCoverage-ARM64\OpenCppCoverage-ARM64\Release\TestCoverageSharedLib.lib"
2026-08-20T10:20:27.7444651Z          "D:\a\OpenCppCoverage-ARM64\OpenCppCoverage-ARM64\Release\TestHelper.lib"
2026-08-20T10:20:27.7445652Z          "D:\a\OpenCppCoverage-ARM64\OpenCppCoverage-ARM64\Release\Tools.lib"
2026-08-20T10:20:27.8190790Z          Generating code
2026-08-20T10:20:27.8543055Z          Previous IPDB not found, fall back to full compilation.
2026-08-20T10:20:28.2075847Z      9>Link:
2026-08-20T10:20:28.2076599Z          All 3364 functions were compiled because no usable IPDB/IOBJ from previous compilation was found.
2026-08-20T10:20:31.9341675Z          Finished generating code
2026-08-20T10:20:32.1524143Z          Exporter.vcxproj -> D:\a\OpenCppCoverage-ARM64\OpenCppCoverage-ARM64\Release\Exporter.dll
2026-08-20T10:20:32.1542879Z        AppLocalFromInstalled:
2026-08-20T10:20:32.1545759Z          "C:\Users\runneradmin\AppData\Local\OpenCppCoverage\vcpkg\vcpkg.exe" z-applocal --target-binary="D:\a\OpenCppCoverage-ARM64\OpenCppCoverage-ARM64\Release\Exporter.dll" --installed-bin-dir="D:\a\OpenCppCoverage-ARM64\OpenCppCoverage-ARM64\vcpkg_installed\x86-windows\bin" --tlog-file="Release\Exporter.tlog\Exporter.write.1u.tlog" --copied-files-log="Release\vcpkg.applocal.log"
2026-08-20T10:20:32.1983167Z          D:\a\OpenCppCoverage-ARM64\OpenCppCoverage-ARM64\vcpkg_installed\x86-windows\bin\abseil_dll.dll -> D:\a\OpenCppCoverage-ARM64\OpenCppCoverage-ARM64\Release\abseil_dll.dll done
2026-08-20T10:20:32.1992017Z          D:\a\OpenCppCoverage-ARM64\OpenCppCoverage-ARM64\vcpkg_installed\x86-windows\bin\libctemplate.dll -> D:\a\OpenCppCoverage-ARM64\OpenCppCoverage-ARM64\Release\libctemplate.dll done
2026-08-20T10:20:32.2002874Z          D:\a\OpenCppCoverage-ARM64\OpenCppCoverage-ARM64\vcpkg_installed\x86-windows\bin\libprotobuf-lite.dll -> D:\a\OpenCppCoverage-ARM64\OpenCppCoverage-ARM64\Release\libprotobuf-lite.dll done
2026-08-20T10:20:32.2041681Z          D:\a\OpenCppCoverage-ARM64\OpenCppCoverage-ARM64\vcpkg_installed\x86-windows\bin\libprotobuf.dll -> D:\a\OpenCppCoverage-ARM64\OpenCppCoverage-ARM64\Release\libprotobuf.dll done
2026-08-20T10:20:32.2113576Z          D:\a\OpenCppCoverage-ARM64\OpenCppCoverage-ARM64\vcpkg_installed\x86-windows\bin\abseil_dll.dll
2026-08-20T10:20:32.2115986Z          D:\a\OpenCppCoverage-ARM64\OpenCppCoverage-ARM64\vcpkg_installed\x86-windows\bin\libctemplate.dll
2026-08-20T10:20:32.2117667Z          D:\a\OpenCppCoverage-ARM64\OpenCppCoverage-ARM64\vcpkg_installed\x86-windows\bin\libprotobuf-lite.dll
2026-08-20T10:20:32.2119024Z          D:\a\OpenCppCoverage-ARM64\OpenCppCoverage-ARM64\vcpkg_installed\x86-windows\bin\libprotobuf.dll
2026-08-20T10:20:32.2120366Z          D:\a\OpenCppCoverage-ARM64\OpenCppCoverage-ARM64\vcpkg_installed\x86-windows\bin\boost_log-vc143-mt-x32-1_91.dll
2026-08-20T10:20:32.2121864Z          D:\a\OpenCppCoverage-ARM64\OpenCppCoverage-ARM64\vcpkg_installed\x86-windows\bin\boost_filesystem-vc143-mt-x32-1_91.dll
2026-08-20T10:20:32.2123404Z          D:\a\OpenCppCoverage-ARM64\OpenCppCoverage-ARM64\vcpkg_installed\x86-windows\bin\boost_thread-vc143-mt-x32-1_91.dll
2026-08-20T10:20:32.2125278Z          D:\a\OpenCppCoverage-ARM64\OpenCppCoverage-ARM64\vcpkg_installed\x86-windows\bin\boost_program_options-vc143-mt-x32-1_91.dll
2026-08-20T10:20:32.2126912Z          D:\a\OpenCppCoverage-ARM64\OpenCppCoverage-ARM64\vcpkg_installed\x86-windows\bin\boost_iostreams-vc143-mt-x32-1_91.dll
2026-08-20T10:20:32.2128252Z          D:\a\OpenCppCoverage-ARM64\OpenCppCoverage-ARM64\vcpkg_installed\x86-windows\bin\z.dll
2026-08-20T10:20:32.2129398Z          D:\a\OpenCppCoverage-ARM64\OpenCppCoverage-ARM64\vcpkg_installed\x86-windows\bin\bz2.dll
2026-08-20T10:20:32.2130606Z          D:\a\OpenCppCoverage-ARM64\OpenCppCoverage-ARM64\vcpkg_installed\x86-windows\bin\liblzma.dll
2026-08-20T10:20:32.2131772Z          D:\a\OpenCppCoverage-ARM64\OpenCppCoverage-ARM64\vcpkg_installed\x86-windows\bin\zstd.dll
2026-08-20T10:20:32.2133092Z          D:\a\OpenCppCoverage-ARM64\OpenCppCoverage-ARM64\vcpkg_installed\x86-windows\bin\boost_locale-vc143-mt-x32-1_91.dll
2026-08-20T10:20:32.2297514Z        PostBuildEvent:
2026-08-20T10:20:32.2299818Z          if not exist "D:\a\OpenCppCoverage-ARM64\OpenCppCoverage-ARM64\Release\Template" mkdir "D:\a\OpenCppCoverage-ARM64\OpenCppCoverage-ARM64\Release\Template" && xcopy /s /y "D:\a\OpenCppCoverage-ARM64\OpenCppCoverage-ARM64\Exporter\Html\Template" "D:\a\OpenCppCoverage-ARM64\OpenCppCoverage-ARM64\Release\Template"
2026-08-20T10:20:32.2302179Z          :VCEnd
2026-08-20T10:20:32.2643630Z          D:\a\OpenCppCoverage-ARM64\OpenCppCoverage-ARM64\Exporter\Html\Template\MainTemplate.html
2026-08-20T10:20:32.2648195Z          D:\a\OpenCppCoverage-ARM64\OpenCppCoverage-ARM64\Exporter\Html\Template\SourceTemplate.html
2026-08-20T10:20:32.2658789Z          D:\a\OpenCppCoverage-ARM64\OpenCppCoverage-ARM64\Exporter\Html\Template\third-party\css\style.css
2026-08-20T10:20:32.2666031Z          D:\a\OpenCppCoverage-ARM64\OpenCppCoverage-ARM64\Exporter\Html\Template\third-party\css\table-images\botleft.png
2026-08-20T10:20:32.2671085Z          D:\a\OpenCppCoverage-ARM64\OpenCppCoverage-ARM64\Exporter\Html\Template\third-party\css\table-images\botright.png
2026-08-20T10:20:32.2676290Z          D:\a\OpenCppCoverage-ARM64\OpenCppCoverage-ARM64\Exporter\Html\Template\third-party\css\table-images\left.png
2026-08-20T10:20:32.2680816Z          D:\a\OpenCppCoverage-ARM64\OpenCppCoverage-ARM64\Exporter\Html\Template\third-party\css\table-images\right.png
2026-08-20T10:20:32.2691312Z          D:\a\OpenCppCoverage-ARM64\OpenCppCoverage-ARM64\Exporter\Html\Template\third-party\google-code-prettify\prettify-CppCoverage.css
2026-08-20T10:20:32.2696661Z          D:\a\OpenCppCoverage-ARM64\OpenCppCoverage-ARM64\Exporter\Html\Template\third-party\google-code-prettify\prettify.js
2026-08-20T10:20:32.2701245Z          D:\a\OpenCppCoverage-ARM64\OpenCppCoverage-ARM64\Exporter\Html\Template\third-party\google-code-prettify\run_prettify.js
2026-08-20T10:20:32.2708759Z          D:\a\OpenCppCoverage-ARM64\OpenCppCoverage-ARM64\Exporter\Html\Template\third-party\JQuery\jquery-3.4.1.min.js
2026-08-20T10:20:32.2716786Z          D:\a\OpenCppCoverage-ARM64\OpenCppCoverage-ARM64\Exporter\Html\Template\third-party\RGraph\license.txt
2026-08-20T10:20:32.2723880Z          D:\a\OpenCppCoverage-ARM64\OpenCppCoverage-ARM64\Exporter\Html\Template\third-party\RGraph\libraries\RGraph.common.core.js
2026-08-20T10:20:32.2729309Z          D:\a\OpenCppCoverage-ARM64\OpenCppCoverage-ARM64\Exporter\Html\Template\third-party\RGraph\libraries\RGraph.common.dynamic.js
2026-08-20T10:20:32.2733921Z          D:\a\OpenCppCoverage-ARM64\OpenCppCoverage-ARM64\Exporter\Html\Template\third-party\RGraph\libraries\RGraph.common.tooltips.js
2026-08-20T10:20:32.2738396Z          D:\a\OpenCppCoverage-ARM64\OpenCppCoverage-ARM64\Exporter\Html\Template\third-party\RGraph\libraries\RGraph.pie.js
2026-08-20T10:20:32.2746090Z          16 File(s) copied
2026-08-20T10:20:32.2845320Z        FinalizeBuildStatus:
2026-08-20T10:20:32.2845976Z          Deleting file "Release\Exporter.tlog\unsuccessfulbuild".
2026-08-20T10:20:32.2846698Z          Touching "Release\Exporter.tlog\Exporter.lastbuildstate".
2026-08-20T10:20:32.2849166Z      9>Done Building Project "D:\a\OpenCppCoverage-ARM64\OpenCppCoverage-ARM64\Exporter\Exporter.vcxproj" (default targets).
2026-08-20T10:20:32.4018207Z      3>Project "D:\a\OpenCppCoverage-ARM64\OpenCppCoverage-ARM64\ExporterTest\ExporterTest.vcxproj.metaproj" (3) is building "D:\a\OpenCppCoverage-ARM64\OpenCppCoverage-ARM64\ExporterTest\ExporterTest.vcxproj" (20) on node 4 (default targets).
2026-08-20T10:20:32.4021062Z     20>PrepareForBuild:
2026-08-20T10:20:32.4021820Z          Creating directory "Release\".
2026-08-20T10:20:32.4066196Z          Structured output is enabled. The formatting of compiler diagnostics will reflect the error hierarchy. See https://aka.ms/cpp/structured-output for more details.
2026-08-20T10:20:32.4072587Z          Creating directory "Release\ExporterTest.tlog\".
2026-08-20T10:20:32.4161988Z        InitializeBuildStatus:
2026-08-20T10:20:32.4162959Z          Creating "Release\ExporterTest.tlog\unsuccessfulbuild" because "AlwaysCreate" was specified.
2026-08-20T10:20:32.4164908Z          Touching "Release\ExporterTest.tlog\unsuccessfulbuild".
2026-08-20T10:20:32.4568532Z        VcpkgTripletSelection:
2026-08-20T10:20:32.4570672Z          Using triplet "x86-windows" from "D:\a\OpenCppCoverage-ARM64\OpenCppCoverage-ARM64\vcpkg_installed\x86-windows\"
2026-08-20T10:20:32.4599656Z          Using normalized configuration "Release"
2026-08-20T10:20:32.4623211Z        VcpkgBootstrap:
2026-08-20T10:20:32.4624338Z        Skipping target "VcpkgBootstrap" because all output files are up-to-date with respect to the input files.
2026-08-20T10:20:32.4634596Z        VcpkgInstallManifestDependencies:
2026-08-20T10:20:32.4635952Z        Skipping target "VcpkgInstallManifestDependencies" because all output files are up-to-date with respect to the input files.
2026-08-20T10:20:32.4715676Z        ClCompile:
2026-08-20T10:20:32.4724101Z          C:\Program Files\Microsoft Visual Studio\2022\Enterprise\VC\Tools\MSVC\14.44.35207\bin\HostX64\x86\CL.exe /c /I"D:\a\OpenCppCoverage-ARM64\OpenCppCoverage-ARM64\\" /I"D:\a\OpenCppCoverage-ARM64\OpenCppCoverage-ARM64\ExporterTest\\" /I"D:\a\OpenCppCoverage-ARM64\OpenCppCoverage-ARM64\vcpkg_installed\x86-windows\include" /Zi /nologo /W3 /WX /diagnostics:column /sdl /O2 /Oi /Oy- /GL /D WIN32 /D NDEBUG /D _CONSOLE /D _LIB /D GTEST_LINKED_AS_SHARED_LIBRARY=1 /D _SILENCE_TR1_NAMESPACE_DEPRECATION_WARNING /D BOOST_CONFIG_SUPPRESS_OUTDATED_MESSAGE /D "OPENCPPCOVERAGE_VERSION=\"0.9.9.0\"" /D _CRT_SECURE_NO_WARNINGS /D "PROJECT_DIR=R\"|(D:\a\OpenCppCoverage-ARM64\OpenCppCoverage-ARM64\ExporterTest\)|\"" /D "SOLUTION_DIR=R\"|(D:\a\OpenCppCoverage-ARM64\OpenCppCoverage-ARM64\)|\"" /D "TARGET_FILE_NAME=R\"|(ExporterTest.exe)|\"" /D "OUT_DIR=R\"|(D:\a\OpenCppCoverage-ARM64\OpenCppCoverage-ARM64\Release\)|\"" /D NOMINMAX /D _UNICODE /D UNICODE /Gm- /EHsc /MD /GS /Gy /fp:precise /Zc:wchar_t /Zc:forScope /Zc:inline /std:c++17 /permissive- /Yc"stdafx.h" /Fp"Release\ExporterTest.pch" /Fo"Release\\" /Fd"Release\vc143.pdb" /external:W3 /Gd /TP /wd4251 /wd4275 /analyze- /FC /errorReport:queue stdafx.cpp
2026-08-20T10:20:32.4999306Z          stdafx.cpp
2026-08-20T10:20:32.9168575Z     19>Link:
2026-08-20T10:20:32.9169256Z          All 7236 functions were compiled because no usable IPDB/IOBJ from previous compilation was found.
2026-08-20T10:20:32.9849882Z          Finished generating code
2026-08-20T10:20:33.3445859Z          CppCoverageTest.vcxproj -> D:\a\OpenCppCoverage-ARM64\OpenCppCoverage-ARM64\Release\CppCoverageTest.exe
2026-08-20T10:20:33.3536204Z        AppLocalFromInstalled:
2026-08-20T10:20:33.3539430Z          "C:\Users\runneradmin\AppData\Local\OpenCppCoverage\vcpkg\vcpkg.exe" z-applocal --target-binary="D:\a\OpenCppCoverage-ARM64\OpenCppCoverage-ARM64\Release\CppCoverageTest.exe" --installed-bin-dir="D:\a\OpenCppCoverage-ARM64\OpenCppCoverage-ARM64\vcpkg_installed\x86-windows\bin" --tlog-file="Release\CppCoverageTest.tlog\CppCoverageTest.write.1u.tlog" --copied-files-log="Release\vcpkg.applocal.log"
2026-08-20T10:20:33.4093870Z          D:\a\OpenCppCoverage-ARM64\OpenCppCoverage-ARM64\vcpkg_installed\x86-windows\bin\gmock.dll
2026-08-20T10:20:33.4104079Z          D:\a\OpenCppCoverage-ARM64\OpenCppCoverage-ARM64\vcpkg_installed\x86-windows\bin\boost_log-vc143-mt-x32-1_91.dll
2026-08-20T10:20:33.4133884Z          D:\a\OpenCppCoverage-ARM64\OpenCppCoverage-ARM64\vcpkg_installed\x86-windows\bin\boost_filesystem-vc143-mt-x32-1_91.dll
2026-08-20T10:20:33.4146156Z          D:\a\OpenCppCoverage-ARM64\OpenCppCoverage-ARM64\vcpkg_installed\x86-windows\bin\boost_thread-vc143-mt-x32-1_91.dll
2026-08-20T10:20:33.4151646Z          D:\a\OpenCppCoverage-ARM64\OpenCppCoverage-ARM64\vcpkg_installed\x86-windows\bin\boost_program_options-vc143-mt-x32-1_91.dll
2026-08-20T10:20:33.4155444Z          D:\a\OpenCppCoverage-ARM64\OpenCppCoverage-ARM64\vcpkg_installed\x86-windows\bin\boost_iostreams-vc143-mt-x32-1_91.dll
2026-08-20T10:20:33.4158782Z          D:\a\OpenCppCoverage-ARM64\OpenCppCoverage-ARM64\vcpkg_installed\x86-windows\bin\z.dll
2026-08-20T10:20:33.4164352Z          D:\a\OpenCppCoverage-ARM64\OpenCppCoverage-ARM64\vcpkg_installed\x86-windows\bin\bz2.dll
2026-08-20T10:20:33.4169070Z          D:\a\OpenCppCoverage-ARM64\OpenCppCoverage-ARM64\vcpkg_installed\x86-windows\bin\liblzma.dll
2026-08-20T10:20:33.4173020Z          D:\a\OpenCppCoverage-ARM64\OpenCppCoverage-ARM64\vcpkg_installed\x86-windows\bin\zstd.dll
2026-08-20T10:20:33.4177519Z          D:\a\OpenCppCoverage-ARM64\OpenCppCoverage-ARM64\vcpkg_installed\x86-windows\bin\boost_locale-vc143-mt-x32-1_91.dll
2026-08-20T10:20:33.4181544Z          D:\a\OpenCppCoverage-ARM64\OpenCppCoverage-ARM64\vcpkg_installed\x86-windows\bin\PocoFoundation.dll
2026-08-20T10:20:33.4186230Z          D:\a\OpenCppCoverage-ARM64\OpenCppCoverage-ARM64\vcpkg_installed\x86-windows\bin\pcre2-8.dll
2026-08-20T10:20:33.4188629Z          D:\a\OpenCppCoverage-ARM64\OpenCppCoverage-ARM64\vcpkg_installed\x86-windows\bin\utf8proc.dll
2026-08-20T10:20:33.4819157Z      7>PrepareForBuild:
2026-08-20T10:20:33.4821936Z          Creating directory "Release\".
2026-08-20T10:20:33.4853579Z          Structured output is enabled. The formatting of compiler diagnostics will reflect the error hierarchy. See https://aka.ms/cpp/structured-output for more details.
2026-08-20T10:20:33.4858779Z          Creating directory "Release\OpenCppCoverage.tlog\".
2026-08-20T10:20:33.4934421Z        InitializeBuildStatus:
2026-08-20T10:20:33.4936748Z          Creating "Release\OpenCppCoverage.tlog\unsuccessfulbuild" because "AlwaysCreate" was specified.
2026-08-20T10:20:33.4938905Z          Touching "Release\OpenCppCoverage.tlog\unsuccessfulbuild".
2026-08-20T10:20:33.5307235Z        VcpkgTripletSelection:
2026-08-20T10:20:33.5308563Z          Using triplet "x86-windows" from "D:\a\OpenCppCoverage-ARM64\OpenCppCoverage-ARM64\vcpkg_installed\x86-windows\"
2026-08-20T10:20:33.5311019Z          Using normalized configuration "Release"
2026-08-20T10:20:33.5357598Z        VcpkgBootstrap:
2026-08-20T10:20:33.5360847Z        Skipping target "VcpkgBootstrap" because all output files are up-to-date with respect to the input files.
2026-08-20T10:20:33.5380630Z        VcpkgInstallManifestDependencies:
2026-08-20T10:20:33.5383579Z        Skipping target "VcpkgInstallManifestDependencies" because all output files are up-to-date with respect to the input files.
2026-08-20T10:20:33.5468651Z        ClCompile:
2026-08-20T10:20:33.5483718Z          C:\Program Files\Microsoft Visual Studio\2022\Enterprise\VC\Tools\MSVC\14.44.35207\bin\HostX64\x86\CL.exe /c /I"D:\a\OpenCppCoverage-ARM64\OpenCppCoverage-ARM64\\" /I"D:\a\OpenCppCoverage-ARM64\OpenCppCoverage-ARM64\OpenCppCoverage\\" /I"D:\a\OpenCppCoverage-ARM64\OpenCppCoverage-ARM64\vcpkg_installed\x86-windows\include" /Zi /nologo /W3 /WX /diagnostics:column /sdl /O2 /Oi /Oy- /GL /D WIN32 /D OPEN_CPP_COVERAGE_EXPORTS /D NDEBUG /D _CONSOLE /D _LIB /D BOOST_CONFIG_SUPPRESS_OUTDATED_MESSAGE /D "OPENCPPCOVERAGE_VERSION=\"0.9.9.0\"" /D _CRT_SECURE_NO_WARNINGS /D "PROJECT_DIR=R\"|(D:\a\OpenCppCoverage-ARM64\OpenCppCoverage-ARM64\OpenCppCoverage\)|\"" /D "SOLUTION_DIR=R\"|(D:\a\OpenCppCoverage-ARM64\OpenCppCoverage-ARM64\)|\"" /D "TARGET_FILE_NAME=R\"|(OpenCppCoverage.exe)|\"" /D "OUT_DIR=R\"|(D:\a\OpenCppCoverage-ARM64\OpenCppCoverage-ARM64\Release\)|\"" /D NOMINMAX /D _UNICODE /D UNICODE /Gm- /EHsc /MD /GS /Gy /fp:precise /Zc:wchar_t /Zc:forScope /Zc:inline /std:c++17 /permissive- /Yc"stdafx.h" /Fp"Release\OpenCppCoverage.pch" /Fo"Release\\" /Fd"Release\vc143.pdb" /external:W3 /Gd /TP /analyze- /FC /errorReport:queue stdafx.cpp
2026-08-20T10:20:33.5759248Z     19>FinalizeBuildStatus:
2026-08-20T10:20:33.5760296Z          Deleting file "Release\CppCoverageTest.tlog\unsuccessfulbuild".
2026-08-20T10:20:33.5761429Z          Touching "Release\CppCoverageTest.tlog\CppCoverageTest.lastbuildstate".
2026-08-20T10:20:33.5771663Z     19>Done Building Project "D:\a\OpenCppCoverage-ARM64\OpenCppCoverage-ARM64\CppCoverageTest\CppCoverageTest.vcxproj" (default targets).
2026-08-20T10:20:33.5789220Z      2>Done Building Project "D:\a\OpenCppCoverage-ARM64\OpenCppCoverage-ARM64\CppCoverageTest\CppCoverageTest.vcxproj.metaproj" (default targets).
2026-08-20T10:20:33.5863816Z      7>ClCompile:
2026-08-20T10:20:33.5864180Z          stdafx.cpp
2026-08-20T10:20:33.7426214Z          C:\Program Files\Microsoft Visual Studio\2022\Enterprise\VC\Tools\MSVC\14.44.35207\bin\HostX64\x86\CL.exe /c /I"D:\a\OpenCppCoverage-ARM64\OpenCppCoverage-ARM64\\" /I"D:\a\OpenCppCoverage-ARM64\OpenCppCoverage-ARM64\OpenCppCoverage\\" /I"D:\a\OpenCppCoverage-ARM64\OpenCppCoverage-ARM64\vcpkg_installed\x86-windows\include" /Zi /nologo /W3 /WX /diagnostics:column /sdl /O2 /Oi /Oy- /GL /D WIN32 /D OPEN_CPP_COVERAGE_EXPORTS /D NDEBUG /D _CONSOLE /D _LIB /D BOOST_CONFIG_SUPPRESS_OUTDATED_MESSAGE /D "OPENCPPCOVERAGE_VERSION=\"0.9.9.0\"" /D _CRT_SECURE_NO_WARNINGS /D "PROJECT_DIR=R\"|(D:\a\OpenCppCoverage-ARM64\OpenCppCoverage-ARM64\OpenCppCoverage\)|\"" /D "SOLUTION_DIR=R\"|(D:\a\OpenCppCoverage-ARM64\OpenCppCoverage-ARM64\)|\"" /D "TARGET_FILE_NAME=R\"|(OpenCppCoverage.exe)|\"" /D "OUT_DIR=R\"|(D:\a\OpenCppCoverage-ARM64\OpenCppCoverage-ARM64\Release\)|\"" /D NOMINMAX /D _UNICODE /D UNICODE /Gm- /EHsc /MD /GS /Gy /fp:precise /Zc:wchar_t /Zc:forScope /Zc:inline /std:c++17 /permissive- /Yu"stdafx.h" /Fp"Release\OpenCppCoverage.pch" /Fo"Release\\" /Fd"Release\vc143.pdb" /external:W3 /Gd /TP /analyze- /FC /errorReport:queue main.cpp OpenCppCoverage.cpp
2026-08-20T10:20:33.7840129Z          main.cpp
2026-08-20T10:20:34.3157176Z          OpenCppCoverage.cpp
2026-08-20T10:20:34.4154478Z     20>ClCompile:
2026-08-20T10:20:34.4163884Z          C:\Program Files\Microsoft Visual Studio\2022\Enterprise\VC\Tools\MSVC\14.44.35207\bin\HostX64\x86\CL.exe /c /I"D:\a\OpenCppCoverage-ARM64\OpenCppCoverage-ARM64\\" /I"D:\a\OpenCppCoverage-ARM64\OpenCppCoverage-ARM64\ExporterTest\\" /I"D:\a\OpenCppCoverage-ARM64\OpenCppCoverage-ARM64\vcpkg_installed\x86-windows\include" /Zi /nologo /W3 /WX /diagnostics:column /sdl /O2 /Oi /Oy- /GL /D WIN32 /D NDEBUG /D _CONSOLE /D _LIB /D GTEST_LINKED_AS_SHARED_LIBRARY=1 /D _SILENCE_TR1_NAMESPACE_DEPRECATION_WARNING /D BOOST_CONFIG_SUPPRESS_OUTDATED_MESSAGE /D "OPENCPPCOVERAGE_VERSION=\"0.9.9.0\"" /D _CRT_SECURE_NO_WARNINGS /D "PROJECT_DIR=R\"|(D:\a\OpenCppCoverage-ARM64\OpenCppCoverage-ARM64\ExporterTest\)|\"" /D "SOLUTION_DIR=R\"|(D:\a\OpenCppCoverage-ARM64\OpenCppCoverage-ARM64\)|\"" /D "TARGET_FILE_NAME=R\"|(ExporterTest.exe)|\"" /D "OUT_DIR=R\"|(D:\a\OpenCppCoverage-ARM64\OpenCppCoverage-ARM64\Release\)|\"" /D NOMINMAX /D _UNICODE /D UNICODE /Gm- /EHsc /MD /GS /Gy /fp:precise /Zc:wchar_t /Zc:forScope /Zc:inline /std:c++17 /permissive- /Yu"stdafx.h" /Fp"Release\ExporterTest.pch" /Fo"Release\\" /Fd"Release\vc143.pdb" /external:W3 /Gd /TP /wd4251 /wd4275 /analyze- /FC /errorReport:queue BinaryExporterTest.cpp CoberturaExporterTest.cpp CoverageDataSerializerTest.cpp ExporterPluginManagerTest.cpp ExporterTest.cpp HtmlExporterTest.cpp HtmlFileCoverageExporterTest.cpp HtmlFolderStructureTest.cpp TemplateHtmlExporterTest.cpp
2026-08-20T10:20:34.4583417Z          BinaryExporterTest.cpp
2026-08-20T10:20:34.7798409Z          CoberturaExporterTest.cpp
2026-08-20T10:20:35.8627667Z          CoverageDataSerializerTest.cpp
2026-08-20T10:20:36.2771494Z          ExporterPluginManagerTest.cpp
2026-08-20T10:20:37.1384366Z      7>Link:
2026-08-20T10:20:37.1392225Z          C:\Program Files\Microsoft Visual Studio\2022\Enterprise\VC\Tools\MSVC\14.44.35207\bin\HostX64\x86\link.exe /ERRORREPORT:QUEUE /OUT:"D:\a\OpenCppCoverage-ARM64\OpenCppCoverage-ARM64\Release\OpenCppCoverage.exe" /INCREMENTAL:NO /NOLOGO /LIBPATH:"D:\a\OpenCppCoverage-ARM64\OpenCppCoverage-ARM64\vcpkg_installed\x86-windows\lib" /LIBPATH:"D:\a\OpenCppCoverage-ARM64\OpenCppCoverage-ARM64\vcpkg_installed\x86-windows\lib\manual-link" bcrypt.lib kernel32.lib user32.lib gdi32.lib winspool.lib comdlg32.lib advapi32.lib shell32.lib ole32.lib oleaut32.lib uuid.lib odbc32.lib odbccp32.lib "D:\a\OpenCppCoverage-ARM64\OpenCppCoverage-ARM64\vcpkg_installed\x86-windows\lib\*.lib" /MANIFEST /MANIFESTUAC:"level='asInvoker' uiAccess='false'" /manifest:embed /DEBUG /PDB:"D:\a\OpenCppCoverage-ARM64\OpenCppCoverage-ARM64\Release\OpenCppCoverage.pdb" /SUBSYSTEM:CONSOLE /OPT:REF /OPT:ICF /LTCG:incremental /LTCGOUT:"Release\OpenCppCoverage.iobj" /TLBID:1 /DYNAMICBASE /NXCOMPAT /IMPLIB:"D:\a\OpenCppCoverage-ARM64\OpenCppCoverage-ARM64\Release\OpenCppCoverage.lib" /MACHINE:X86 /SAFESEH Release\main.obj
2026-08-20T10:20:37.1400320Z          Release\OpenCppCoverage.obj
2026-08-20T10:20:37.1400799Z          Release\stdafx.obj
2026-08-20T10:20:37.1401473Z          "D:\a\OpenCppCoverage-ARM64\OpenCppCoverage-ARM64\Release\CppCoverage.lib"
2026-08-20T10:20:37.1402456Z          "D:\a\OpenCppCoverage-ARM64\OpenCppCoverage-ARM64\Release\Exporter.lib"
2026-08-20T10:20:37.1403714Z          "D:\a\OpenCppCoverage-ARM64\OpenCppCoverage-ARM64\Release\Plugin.lib"
2026-08-20T10:20:37.1404617Z          "D:\a\OpenCppCoverage-ARM64\OpenCppCoverage-ARM64\Release\Tools.lib"
2026-08-20T10:20:37.2673722Z          Generating code
2026-08-20T10:20:37.2737072Z          Previous IPDB not found, fall back to full compilation.
2026-08-20T10:20:38.0461934Z          All 1058 functions were compiled because no usable IPDB/IOBJ from previous compilation was found.
2026-08-20T10:20:38.0532058Z          Finished generating code
2026-08-20T10:20:38.2165534Z          OpenCppCoverage.vcxproj -> D:\a\OpenCppCoverage-ARM64\OpenCppCoverage-ARM64\Release\OpenCppCoverage.exe
2026-08-20T10:20:38.2214090Z        AppLocalFromInstalled:
2026-08-20T10:20:38.2216170Z          "C:\Users\runneradmin\AppData\Local\OpenCppCoverage\vcpkg\vcpkg.exe" z-applocal --target-binary="D:\a\OpenCppCoverage-ARM64\OpenCppCoverage-ARM64\Release\OpenCppCoverage.exe" --installed-bin-dir="D:\a\OpenCppCoverage-ARM64\OpenCppCoverage-ARM64\vcpkg_installed\x86-windows\bin" --tlog-file="Release\OpenCppCoverage.tlog\OpenCppCoverage.write.1u.tlog" --copied-files-log="Release\vcpkg.applocal.log"
2026-08-20T10:20:38.2495614Z     20>ClCompile:
2026-08-20T10:20:38.2496066Z          ExporterTest.cpp
2026-08-20T10:20:38.2709234Z      7>AppLocalFromInstalled:
2026-08-20T10:20:38.2713294Z          D:\a\OpenCppCoverage-ARM64\OpenCppCoverage-ARM64\vcpkg_installed\x86-windows\bin\boost_log-vc143-mt-x32-1_91.dll
2026-08-20T10:20:38.2719519Z          D:\a\OpenCppCoverage-ARM64\OpenCppCoverage-ARM64\vcpkg_installed\x86-windows\bin\boost_filesystem-vc143-mt-x32-1_91.dll
2026-08-20T10:20:38.2724936Z          D:\a\OpenCppCoverage-ARM64\OpenCppCoverage-ARM64\vcpkg_installed\x86-windows\bin\boost_thread-vc143-mt-x32-1_91.dll
2026-08-20T10:20:38.2729808Z          D:\a\OpenCppCoverage-ARM64\OpenCppCoverage-ARM64\vcpkg_installed\x86-windows\bin\boost_program_options-vc143-mt-x32-1_91.dll
2026-08-20T10:20:38.2736375Z          D:\a\OpenCppCoverage-ARM64\OpenCppCoverage-ARM64\vcpkg_installed\x86-windows\bin\boost_iostreams-vc143-mt-x32-1_91.dll
2026-08-20T10:20:38.2740965Z          D:\a\OpenCppCoverage-ARM64\OpenCppCoverage-ARM64\vcpkg_installed\x86-windows\bin\z.dll
2026-08-20T10:20:38.2745562Z          D:\a\OpenCppCoverage-ARM64\OpenCppCoverage-ARM64\vcpkg_installed\x86-windows\bin\bz2.dll
2026-08-20T10:20:38.2749111Z          D:\a\OpenCppCoverage-ARM64\OpenCppCoverage-ARM64\vcpkg_installed\x86-windows\bin\liblzma.dll
2026-08-20T10:20:38.2754430Z          D:\a\OpenCppCoverage-ARM64\OpenCppCoverage-ARM64\vcpkg_installed\x86-windows\bin\zstd.dll
2026-08-20T10:20:38.2759731Z          D:\a\OpenCppCoverage-ARM64\OpenCppCoverage-ARM64\vcpkg_installed\x86-windows\bin\boost_locale-vc143-mt-x32-1_91.dll
2026-08-20T10:20:38.2764759Z          D:\a\OpenCppCoverage-ARM64\OpenCppCoverage-ARM64\vcpkg_installed\x86-windows\bin\abseil_dll.dll
2026-08-20T10:20:38.2767584Z          D:\a\OpenCppCoverage-ARM64\OpenCppCoverage-ARM64\vcpkg_installed\x86-windows\bin\libctemplate.dll
2026-08-20T10:20:38.2772122Z          D:\a\OpenCppCoverage-ARM64\OpenCppCoverage-ARM64\vcpkg_installed\x86-windows\bin\libprotobuf-lite.dll
2026-08-20T10:20:38.2775145Z          D:\a\OpenCppCoverage-ARM64\OpenCppCoverage-ARM64\vcpkg_installed\x86-windows\bin\libprotobuf.dll
2026-08-20T10:20:38.3279341Z        PostBuildEvent:
2026-08-20T10:20:38.3281307Z          if not exist "D:\a\OpenCppCoverage-ARM64\OpenCppCoverage-ARM64\Release\Plugins\Exporter" mkdir "D:\a\OpenCppCoverage-ARM64\OpenCppCoverage-ARM64\Release\Plugins\Exporter"
2026-08-20T10:20:38.3282696Z          :VCEnd
2026-08-20T10:20:38.3690332Z        FinalizeBuildStatus:
2026-08-20T10:20:38.3691280Z          Deleting file "Release\OpenCppCoverage.tlog\unsuccessfulbuild".
2026-08-20T10:20:38.3696315Z          Touching "Release\OpenCppCoverage.tlog\OpenCppCoverage.lastbuildstate".
2026-08-20T10:20:38.3717940Z      7>Done Building Project "D:\a\OpenCppCoverage-ARM64\OpenCppCoverage-ARM64\OpenCppCoverage\OpenCppCoverage.vcxproj" (default targets).
2026-08-20T10:20:39.1028915Z     20>ClCompile:
2026-08-20T10:20:39.1029223Z          HtmlExporterTest.cpp
2026-08-20T10:20:39.6090403Z          HtmlFileCoverageExporterTest.cpp
2026-08-20T10:20:40.5327437Z          HtmlFolderStructureTest.cpp
2026-08-20T10:20:40.8366613Z          TemplateHtmlExporterTest.cpp
2026-08-20T10:20:41.5925361Z        Link:
2026-08-20T10:20:41.5931099Z          C:\Program Files\Microsoft Visual Studio\2022\Enterprise\VC\Tools\MSVC\14.44.35207\bin\HostX64\x86\link.exe /ERRORREPORT:QUEUE /OUT:"D:\a\OpenCppCoverage-ARM64\OpenCppCoverage-ARM64\Release\ExporterTest.exe" /INCREMENTAL:NO /NOLOGO /LIBPATH:"D:\a\OpenCppCoverage-ARM64\OpenCppCoverage-ARM64\vcpkg_installed\x86-windows\lib" /LIBPATH:"D:\a\OpenCppCoverage-ARM64\OpenCppCoverage-ARM64\vcpkg_installed\x86-windows\lib\manual-link" gmock.lib gtest.lib bcrypt.lib kernel32.lib user32.lib gdi32.lib winspool.lib comdlg32.lib advapi32.lib shell32.lib ole32.lib oleaut32.lib uuid.lib odbc32.lib odbccp32.lib "D:\a\OpenCppCoverage-ARM64\OpenCppCoverage-ARM64\vcpkg_installed\x86-windows\lib\*.lib" /MANIFEST /MANIFESTUAC:"level='asInvoker' uiAccess='false'" /manifest:embed /DEBUG /PDB:"D:\a\OpenCppCoverage-ARM64\OpenCppCoverage-ARM64\Release\ExporterTest.pdb" /SUBSYSTEM:CONSOLE /OPT:REF /OPT:ICF /LTCG:incremental /LTCGOUT:"Release\ExporterTest.iobj" /TLBID:1 /DYNAMICBASE /NXCOMPAT /IMPLIB:"D:\a\OpenCppCoverage-ARM64\OpenCppCoverage-ARM64\Release\ExporterTest.lib" /MACHINE:X86 /SAFESEH Release\BinaryExporterTest.obj
2026-08-20T10:20:41.5935426Z          Release\CoberturaExporterTest.obj
2026-08-20T10:20:41.5935735Z          Release\CoverageDataSerializerTest.obj
2026-08-20T10:20:41.5936040Z          Release\ExporterPluginManagerTest.obj
2026-08-20T10:20:41.5936328Z          Release\ExporterTest.obj
2026-08-20T10:20:41.5936573Z          Release\HtmlExporterTest.obj
2026-08-20T10:20:41.5936858Z          Release\HtmlFileCoverageExporterTest.obj
2026-08-20T10:20:41.5937179Z          Release\HtmlFolderStructureTest.obj
2026-08-20T10:20:41.5937455Z          Release\stdafx.obj
2026-08-20T10:20:41.5937694Z          Release\TemplateHtmlExporterTest.obj
2026-08-20T10:20:41.5938101Z          "D:\a\OpenCppCoverage-ARM64\OpenCppCoverage-ARM64\Release\CppCoverage.lib"
2026-08-20T10:20:41.5938837Z          "D:\a\OpenCppCoverage-ARM64\OpenCppCoverage-ARM64\Release\Exporter.lib"
2026-08-20T10:20:41.5939335Z          "D:\a\OpenCppCoverage-ARM64\OpenCppCoverage-ARM64\Release\Plugin.lib"
2026-08-20T10:20:41.5939821Z          "D:\a\OpenCppCoverage-ARM64\OpenCppCoverage-ARM64\Release\TestHelper.lib"
2026-08-20T10:20:41.5940292Z          "D:\a\OpenCppCoverage-ARM64\OpenCppCoverage-ARM64\Release\Tools.lib"
2026-08-20T10:20:41.7207304Z             Creating library D:\a\OpenCppCoverage-ARM64\OpenCppCoverage-ARM64\Release\ExporterTest.lib and object D:\a\OpenCppCoverage-ARM64\OpenCppCoverage-ARM64\Release\ExporterTest.exp
2026-08-20T10:20:41.7277635Z          Generating code
2026-08-20T10:20:41.7450990Z          Previous IPDB not found, fall back to full compilation.
2026-08-20T10:20:44.9978841Z          All 4874 functions were compiled because no usable IPDB/IOBJ from previous compilation was found.
2026-08-20T10:20:45.0266827Z          Finished generating code
2026-08-20T10:20:45.2724972Z          ExporterTest.vcxproj -> D:\a\OpenCppCoverage-ARM64\OpenCppCoverage-ARM64\Release\ExporterTest.exe
2026-08-20T10:20:45.2778478Z        AppLocalFromInstalled:
2026-08-20T10:20:45.2780701Z          "C:\Users\runneradmin\AppData\Local\OpenCppCoverage\vcpkg\vcpkg.exe" z-applocal --target-binary="D:\a\OpenCppCoverage-ARM64\OpenCppCoverage-ARM64\Release\ExporterTest.exe" --installed-bin-dir="D:\a\OpenCppCoverage-ARM64\OpenCppCoverage-ARM64\vcpkg_installed\x86-windows\bin" --tlog-file="Release\ExporterTest.tlog\ExporterTest.write.1u.tlog" --copied-files-log="Release\vcpkg.applocal.log"
2026-08-20T10:20:45.3225547Z          D:\a\OpenCppCoverage-ARM64\OpenCppCoverage-ARM64\vcpkg_installed\x86-windows\bin\gmock.dll
2026-08-20T10:20:45.3230762Z          D:\a\OpenCppCoverage-ARM64\OpenCppCoverage-ARM64\vcpkg_installed\x86-windows\bin\libctemplate.dll
2026-08-20T10:20:45.3233802Z          D:\a\OpenCppCoverage-ARM64\OpenCppCoverage-ARM64\vcpkg_installed\x86-windows\bin\boost_log-vc143-mt-x32-1_91.dll
2026-08-20T10:20:45.3239021Z          D:\a\OpenCppCoverage-ARM64\OpenCppCoverage-ARM64\vcpkg_installed\x86-windows\bin\boost_filesystem-vc143-mt-x32-1_91.dll
2026-08-20T10:20:45.3242787Z          D:\a\OpenCppCoverage-ARM64\OpenCppCoverage-ARM64\vcpkg_installed\x86-windows\bin\boost_thread-vc143-mt-x32-1_91.dll
2026-08-20T10:20:45.3246704Z          D:\a\OpenCppCoverage-ARM64\OpenCppCoverage-ARM64\vcpkg_installed\x86-windows\bin\boost_program_options-vc143-mt-x32-1_91.dll
2026-08-20T10:20:45.3251451Z          D:\a\OpenCppCoverage-ARM64\OpenCppCoverage-ARM64\vcpkg_installed\x86-windows\bin\boost_iostreams-vc143-mt-x32-1_91.dll
2026-08-20T10:20:45.3254837Z          D:\a\OpenCppCoverage-ARM64\OpenCppCoverage-ARM64\vcpkg_installed\x86-windows\bin\z.dll
2026-08-20T10:20:45.3257850Z          D:\a\OpenCppCoverage-ARM64\OpenCppCoverage-ARM64\vcpkg_installed\x86-windows\bin\bz2.dll
2026-08-20T10:20:45.3261611Z          D:\a\OpenCppCoverage-ARM64\OpenCppCoverage-ARM64\vcpkg_installed\x86-windows\bin\liblzma.dll
2026-08-20T10:20:45.3266201Z          D:\a\OpenCppCoverage-ARM64\OpenCppCoverage-ARM64\vcpkg_installed\x86-windows\bin\zstd.dll
2026-08-20T10:20:45.3272037Z          D:\a\OpenCppCoverage-ARM64\OpenCppCoverage-ARM64\vcpkg_installed\x86-windows\bin\boost_locale-vc143-mt-x32-1_91.dll
2026-08-20T10:20:45.3276767Z          D:\a\OpenCppCoverage-ARM64\OpenCppCoverage-ARM64\vcpkg_installed\x86-windows\bin\abseil_dll.dll
2026-08-20T10:20:45.3282496Z          D:\a\OpenCppCoverage-ARM64\OpenCppCoverage-ARM64\vcpkg_installed\x86-windows\bin\libprotobuf-lite.dll
2026-08-20T10:20:45.3288908Z          D:\a\OpenCppCoverage-ARM64\OpenCppCoverage-ARM64\vcpkg_installed\x86-windows\bin\libprotobuf.dll
2026-08-20T10:20:45.3294037Z          D:\a\OpenCppCoverage-ARM64\OpenCppCoverage-ARM64\vcpkg_installed\x86-windows\bin\PocoFoundation.dll
2026-08-20T10:20:45.3298931Z          D:\a\OpenCppCoverage-ARM64\OpenCppCoverage-ARM64\vcpkg_installed\x86-windows\bin\pcre2-8.dll
2026-08-20T10:20:45.3305787Z          D:\a\OpenCppCoverage-ARM64\OpenCppCoverage-ARM64\vcpkg_installed\x86-windows\bin\utf8proc.dll
2026-08-20T10:20:45.3803556Z        FinalizeBuildStatus:
2026-08-20T10:20:45.3804189Z          Deleting file "Release\ExporterTest.tlog\unsuccessfulbuild".
2026-08-20T10:20:45.3809153Z          Touching "Release\ExporterTest.tlog\ExporterTest.lastbuildstate".
2026-08-20T10:20:45.3825755Z     20>Done Building Project "D:\a\OpenCppCoverage-ARM64\OpenCppCoverage-ARM64\ExporterTest\ExporterTest.vcxproj" (default targets).
2026-08-20T10:20:45.3839314Z      3>Done Building Project "D:\a\OpenCppCoverage-ARM64\OpenCppCoverage-ARM64\ExporterTest\ExporterTest.vcxproj.metaproj" (default targets).
2026-08-20T10:20:45.4916384Z      1>Project "D:\a\OpenCppCoverage-ARM64\OpenCppCoverage-ARM64\CppCoverage.sln" (1) is building "D:\a\OpenCppCoverage-ARM64\OpenCppCoverage-ARM64\OpenCppCoverageTest\OpenCppCoverageTest.vcxproj.metaproj" (4) on node 1 (default targets).
2026-08-20T10:20:45.4922285Z      4>Project "D:\a\OpenCppCoverage-ARM64\OpenCppCoverage-ARM64\OpenCppCoverageTest\OpenCppCoverageTest.vcxproj.metaproj" (4) is building "D:\a\OpenCppCoverage-ARM64\OpenCppCoverage-ARM64\OpenCppCoverageTest\OpenCppCoverageTest.vcxproj" (21) on node 3 (default targets).
2026-08-20T10:20:45.4925515Z     21>PrepareForBuild:
2026-08-20T10:20:45.4926545Z          Creating directory "Release\".
2026-08-20T10:20:45.4952627Z          Structured output is enabled. The formatting of compiler diagnostics will reflect the error hierarchy. See https://aka.ms/cpp/structured-output for more details.
2026-08-20T10:20:45.4957982Z          Creating directory "Release\OpenCppC.F892B2B1.tlog\".
2026-08-20T10:20:45.5047081Z        InitializeBuildStatus:
2026-08-20T10:20:45.5048787Z          Creating "Release\OpenCppC.F892B2B1.tlog\unsuccessfulbuild" because "AlwaysCreate" was specified.
2026-08-20T10:20:45.5051105Z          Touching "Release\OpenCppC.F892B2B1.tlog\unsuccessfulbuild".
2026-08-20T10:20:45.5577912Z        VcpkgTripletSelection:
2026-08-20T10:20:45.5585708Z          Using triplet "x86-windows" from "D:\a\OpenCppCoverage-ARM64\OpenCppCoverage-ARM64\vcpkg_installed\x86-windows\"
2026-08-20T10:20:45.5588618Z          Using normalized configuration "Release"
2026-08-20T10:20:45.5598346Z        VcpkgBootstrap:
2026-08-20T10:20:45.5599928Z        Skipping target "VcpkgBootstrap" because all output files are up-to-date with respect to the input files.
2026-08-20T10:20:45.5607188Z        VcpkgInstallManifestDependencies:
2026-08-20T10:20:45.5608769Z        Skipping target "VcpkgInstallManifestDependencies" because all output files are up-to-date with respect to the input files.
2026-08-20T10:20:45.5708361Z        ClCompile:
2026-08-20T10:20:45.5716324Z          C:\Program Files\Microsoft Visual Studio\2022\Enterprise\VC\Tools\MSVC\14.44.35207\bin\HostX64\x86\CL.exe /c /I"D:\a\OpenCppCoverage-ARM64\OpenCppCoverage-ARM64\\" /I"D:\a\OpenCppCoverage-ARM64\OpenCppCoverage-ARM64\OpenCppCoverageTest\\" /I"D:\a\OpenCppCoverage-ARM64\OpenCppCoverage-ARM64\vcpkg_installed\x86-windows\include" /Zi /nologo /W3 /WX /diagnostics:column /sdl /O2 /Oi /Oy- /GL /D WIN32 /D NDEBUG /D _CONSOLE /D _LIB /D GTEST_LINKED_AS_SHARED_LIBRARY=1 /D _SILENCE_TR1_NAMESPACE_DEPRECATION_WARNING /D BOOST_CONFIG_SUPPRESS_OUTDATED_MESSAGE /D "OPENCPPCOVERAGE_VERSION=\"0.9.9.0\"" /D _CRT_SECURE_NO_WARNINGS /D "PROJECT_DIR=R\"|(D:\a\OpenCppCoverage-ARM64\OpenCppCoverage-ARM64\OpenCppCoverageTest\)|\"" /D "SOLUTION_DIR=R\"|(D:\a\OpenCppCoverage-ARM64\OpenCppCoverage-ARM64\)|\"" /D "TARGET_FILE_NAME=R\"|(OpenCppCoverageTest.exe)|\"" /D "OUT_DIR=R\"|(D:\a\OpenCppCoverage-ARM64\OpenCppCoverage-ARM64\Release\)|\"" /D NOMINMAX /D _UNICODE /D UNICODE /Gm- /EHsc /MD /GS /Gy /fp:precise /Zc:wchar_t /Zc:forScope /Zc:inline /std:c++17 /permissive- /Fo"Release\\" /Fd"Release\vc143.pdb" /external:W3 /Gd /TP /wd4251 /wd4275 /analyze- /FC /errorReport:queue CommandLineOptionsTest.cpp ImportExportTests.cpp OpenCppCoverageConsoleTest.cpp OpenCppCoverageTest.cpp OpenCppCoverageTestTools.cpp stdafx.cpp WarningManagerTests.cpp
2026-08-20T10:20:45.6011170Z          CommandLineOptionsTest.cpp
2026-08-20T10:20:48.0790368Z          ImportExportTests.cpp
2026-08-20T10:20:50.1671966Z          OpenCppCoverageConsoleTest.cpp
2026-08-20T10:20:53.0023702Z          OpenCppCoverageTest.cpp
2026-08-20T10:20:54.5580397Z          OpenCppCoverageTestTools.cpp
2026-08-20T10:20:56.7975860Z          stdafx.cpp
2026-08-20T10:20:58.4087816Z          WarningManagerTests.cpp
2026-08-20T10:21:01.0480359Z        Link:
2026-08-20T10:21:01.0485650Z          C:\Program Files\Microsoft Visual Studio\2022\Enterprise\VC\Tools\MSVC\14.44.35207\bin\HostX64\x86\link.exe /ERRORREPORT:QUEUE /OUT:"D:\a\OpenCppCoverage-ARM64\OpenCppCoverage-ARM64\Release\OpenCppCoverageTest.exe" /INCREMENTAL:NO /NOLOGO /LIBPATH:"D:\a\OpenCppCoverage-ARM64\OpenCppCoverage-ARM64\vcpkg_installed\x86-windows\lib" /LIBPATH:"D:\a\OpenCppCoverage-ARM64\OpenCppCoverage-ARM64\vcpkg_installed\x86-windows\lib\manual-link" gmock.lib gtest.lib bcrypt.lib kernel32.lib user32.lib gdi32.lib winspool.lib comdlg32.lib advapi32.lib shell32.lib ole32.lib oleaut32.lib uuid.lib odbc32.lib odbccp32.lib "D:\a\OpenCppCoverage-ARM64\OpenCppCoverage-ARM64\vcpkg_installed\x86-windows\lib\*.lib" /MANIFEST /MANIFESTUAC:"level='asInvoker' uiAccess='false'" /manifest:embed /DEBUG /PDB:"D:\a\OpenCppCoverage-ARM64\OpenCppCoverage-ARM64\Release\OpenCppCoverageTest.pdb" /SUBSYSTEM:CONSOLE /OPT:REF /OPT:ICF /LTCG:incremental /LTCGOUT:"Release\OpenCppCoverageTest.iobj" /TLBID:1 /DYNAMICBASE /NXCOMPAT /IMPLIB:"D:\a\OpenCppCoverage-ARM64\OpenCppCoverage-ARM64\Release\OpenCppCoverageTest.lib" /MACHINE:X86 /SAFESEH Release\CommandLineOptionsTest.obj
2026-08-20T10:21:01.0490419Z          Release\ImportExportTests.obj
2026-08-20T10:21:01.0490912Z          Release\OpenCppCoverageConsoleTest.obj
2026-08-20T10:21:01.0492358Z          Release\OpenCppCoverageTest.obj
2026-08-20T10:21:01.0492659Z          Release\OpenCppCoverageTestTools.obj
2026-08-20T10:21:01.0492926Z          Release\stdafx.obj
2026-08-20T10:21:01.0493158Z          Release\WarningManagerTests.obj
2026-08-20T10:21:01.0493558Z          "D:\a\OpenCppCoverage-ARM64\OpenCppCoverage-ARM64\Release\CppCoverage.lib"
2026-08-20T10:21:01.0494081Z          "D:\a\OpenCppCoverage-ARM64\OpenCppCoverage-ARM64\Release\Exporter.lib"
2026-08-20T10:21:01.0494556Z          "D:\a\OpenCppCoverage-ARM64\OpenCppCoverage-ARM64\Release\Plugin.lib"
2026-08-20T10:21:01.0495079Z          "D:\a\OpenCppCoverage-ARM64\OpenCppCoverage-ARM64\Release\TestCoverageSharedLib.lib"
2026-08-20T10:21:01.0495624Z          "D:\a\OpenCppCoverage-ARM64\OpenCppCoverage-ARM64\Release\TestHelper.lib"
2026-08-20T10:21:01.0496099Z          "D:\a\OpenCppCoverage-ARM64\OpenCppCoverage-ARM64\Release\Tools.lib"
2026-08-20T10:21:01.2000364Z          Generating code
2026-08-20T10:21:01.2135129Z          Previous IPDB not found, fall back to full compilation.
2026-08-20T10:21:02.2336722Z          All 1406 functions were compiled because no usable IPDB/IOBJ from previous compilation was found.
2026-08-20T10:21:02.2448642Z          Finished generating code
2026-08-20T10:21:02.4059386Z          OpenCppCoverageTest.vcxproj -> D:\a\OpenCppCoverage-ARM64\OpenCppCoverage-ARM64\Release\OpenCppCoverageTest.exe
2026-08-20T10:21:02.4106935Z        AppLocalFromInstalled:
2026-08-20T10:21:02.4109111Z          "C:\Users\runneradmin\AppData\Local\OpenCppCoverage\vcpkg\vcpkg.exe" z-applocal --target-binary="D:\a\OpenCppCoverage-ARM64\OpenCppCoverage-ARM64\Release\OpenCppCoverageTest.exe" --installed-bin-dir="D:\a\OpenCppCoverage-ARM64\OpenCppCoverage-ARM64\vcpkg_installed\x86-windows\bin" --tlog-file="Release\OpenCppC.F892B2B1.tlog\OpenCppCoverageTest.write.1u.tlog" --copied-files-log="Release\vcpkg.applocal.log"
2026-08-20T10:21:02.4568533Z          D:\a\OpenCppCoverage-ARM64\OpenCppCoverage-ARM64\vcpkg_installed\x86-windows\bin\gmock.dll
2026-08-20T10:21:02.4571109Z          D:\a\OpenCppCoverage-ARM64\OpenCppCoverage-ARM64\vcpkg_installed\x86-windows\bin\PocoFoundation.dll
2026-08-20T10:21:02.4574000Z          D:\a\OpenCppCoverage-ARM64\OpenCppCoverage-ARM64\vcpkg_installed\x86-windows\bin\pcre2-8.dll
2026-08-20T10:21:02.4576089Z          D:\a\OpenCppCoverage-ARM64\OpenCppCoverage-ARM64\vcpkg_installed\x86-windows\bin\z.dll
2026-08-20T10:21:02.4578165Z          D:\a\OpenCppCoverage-ARM64\OpenCppCoverage-ARM64\vcpkg_installed\x86-windows\bin\utf8proc.dll
2026-08-20T10:21:02.4579602Z          D:\a\OpenCppCoverage-ARM64\OpenCppCoverage-ARM64\vcpkg_installed\x86-windows\bin\boost_log-vc143-mt-x32-1_91.dll
2026-08-20T10:21:02.4582611Z          D:\a\OpenCppCoverage-ARM64\OpenCppCoverage-ARM64\vcpkg_installed\x86-windows\bin\boost_filesystem-vc143-mt-x32-1_91.dll
2026-08-20T10:21:02.4585654Z          D:\a\OpenCppCoverage-ARM64\OpenCppCoverage-ARM64\vcpkg_installed\x86-windows\bin\boost_thread-vc143-mt-x32-1_91.dll
2026-08-20T10:21:02.4588405Z          D:\a\OpenCppCoverage-ARM64\OpenCppCoverage-ARM64\vcpkg_installed\x86-windows\bin\boost_program_options-vc143-mt-x32-1_91.dll
2026-08-20T10:21:02.4591100Z          D:\a\OpenCppCoverage-ARM64\OpenCppCoverage-ARM64\vcpkg_installed\x86-windows\bin\boost_iostreams-vc143-mt-x32-1_91.dll
2026-08-20T10:21:02.4592808Z          D:\a\OpenCppCoverage-ARM64\OpenCppCoverage-ARM64\vcpkg_installed\x86-windows\bin\bz2.dll
2026-08-20T10:21:02.4595477Z          D:\a\OpenCppCoverage-ARM64\OpenCppCoverage-ARM64\vcpkg_installed\x86-windows\bin\liblzma.dll
2026-08-20T10:21:02.4598343Z          D:\a\OpenCppCoverage-ARM64\OpenCppCoverage-ARM64\vcpkg_installed\x86-windows\bin\zstd.dll
2026-08-20T10:21:02.4600729Z          D:\a\OpenCppCoverage-ARM64\OpenCppCoverage-ARM64\vcpkg_installed\x86-windows\bin\boost_locale-vc143-mt-x32-1_91.dll
2026-08-20T10:21:02.4602355Z          D:\a\OpenCppCoverage-ARM64\OpenCppCoverage-ARM64\vcpkg_installed\x86-windows\bin\abseil_dll.dll
2026-08-20T10:21:02.4603963Z          D:\a\OpenCppCoverage-ARM64\OpenCppCoverage-ARM64\vcpkg_installed\x86-windows\bin\libctemplate.dll
2026-08-20T10:21:02.4605333Z          D:\a\OpenCppCoverage-ARM64\OpenCppCoverage-ARM64\vcpkg_installed\x86-windows\bin\libprotobuf-lite.dll
2026-08-20T10:21:02.4607222Z          D:\a\OpenCppCoverage-ARM64\OpenCppCoverage-ARM64\vcpkg_installed\x86-windows\bin\libprotobuf.dll
2026-08-20T10:21:02.5117560Z        PostBuildEvent:
2026-08-20T10:21:02.5118941Z          xcopy /y "D:\a\OpenCppCoverage-ARM64\OpenCppCoverage-ARM64\Release\TestCoverageSharedLib.dll" "D:\a\OpenCppCoverage-ARM64\OpenCppCoverage-ARM64\Release\Plugins\Exporter"
2026-08-20T10:21:02.5119714Z          :VCEnd
2026-08-20T10:21:02.5406476Z          D:\a\OpenCppCoverage-ARM64\OpenCppCoverage-ARM64\Release\TestCoverageSharedLib.dll
2026-08-20T10:21:02.5423349Z          1 File(s) copied
2026-08-20T10:21:02.5567467Z        FinalizeBuildStatus:
2026-08-20T10:21:02.5567983Z          Deleting file "Release\OpenCppC.F892B2B1.tlog\unsuccessfulbuild".
2026-08-20T10:21:02.5573177Z          Touching "Release\OpenCppC.F892B2B1.tlog\OpenCppCoverageTest.lastbuildstate".
2026-08-20T10:21:02.5590216Z     21>Done Building Project "D:\a\OpenCppCoverage-ARM64\OpenCppCoverage-ARM64\OpenCppCoverageTest\OpenCppCoverageTest.vcxproj" (default targets).
2026-08-20T10:21:02.5613451Z      4>Done Building Project "D:\a\OpenCppCoverage-ARM64\OpenCppCoverage-ARM64\OpenCppCoverageTest\OpenCppCoverageTest.vcxproj.metaproj" (default targets).
2026-08-20T10:21:02.5621702Z      1>Done Building Project "D:\a\OpenCppCoverage-ARM64\OpenCppCoverage-ARM64\CppCoverage.sln" (default targets).
2026-08-20T10:21:02.5665328Z Deferred Messages
2026-08-20T10:21:02.5666142Z          
2026-08-20T10:21:02.5667162Z          Detailed Build Summary
2026-08-20T10:21:02.5668151Z          ======================
2026-08-20T10:21:02.5668699Z              
2026-08-20T10:21:02.5669017Z          
2026-08-20T10:21:02.5670113Z          ============================== Build Hierarchy (IDs represent configurations) =====================================================
2026-08-20T10:21:02.5671789Z          Id                  : Exclusive Time   Total Time   Path (Targets)
2026-08-20T10:21:02.5673980Z          -----------------------------------------------------------------------------------------------------------------------------------
2026-08-20T10:21:02.5676392Z          0                   : 0.022s           137.447s       D:\a\OpenCppCoverage-ARM64\OpenCppCoverage-ARM64\CppCoverage.sln () 
2026-08-20T10:21:02.5677479Z          | 9                 : 0.000s           0.000s       D:\a\OpenCppCoverage-ARM64\OpenCppCoverage-ARM64\Tools\Tools.vcxproj () 
2026-08-20T10:21:02.5678579Z          | 16                : 0.000s           0.000s       D:\a\OpenCppCoverage-ARM64\OpenCppCoverage-ARM64\Plugin\Plugin.vcxproj () 
2026-08-20T10:21:02.5679726Z          | 15                : 0.000s           0.000s       D:\a\OpenCppCoverage-ARM64\OpenCppCoverage-ARM64\TestCppCli\TestCppCli.vcxproj () 
2026-08-20T10:21:02.5681217Z          | 14                : 0.000s           0.000s       D:\a\OpenCppCoverage-ARM64\OpenCppCoverage-ARM64\TestCoverageOptimizedBuild\TestCoverageOptimizedBuild.vcxproj () 
2026-08-20T10:21:02.5682758Z          | 11                : 0.000s           0.000s       D:\a\OpenCppCoverage-ARM64\OpenCppCoverage-ARM64\FileFilter\FileFilter.vcxproj () 
2026-08-20T10:21:02.5684037Z          | 5                 : 0.000s           0.000s       D:\a\OpenCppCoverage-ARM64\OpenCppCoverage-ARM64\Exporter\Exporter.vcxproj () 
2026-08-20T10:21:02.5693132Z          | 7                 : 0.000s           0.000s       D:\a\OpenCppCoverage-ARM64\OpenCppCoverage-ARM64\TestCoverageSharedLib\TestCoverageSharedLib.vcxproj () 
2026-08-20T10:21:02.5694749Z          | 3                 : 0.010s           108.436s       D:\a\OpenCppCoverage-ARM64\OpenCppCoverage-ARM64\CppCoverageTest\CppCoverageTest.vcxproj.metaproj () 
2026-08-20T10:21:02.5696310Z          | | 4               : 0.000s           0.000s       D:\a\OpenCppCoverage-ARM64\OpenCppCoverage-ARM64\TestCoverageConsole\TestCoverageConsole.vcxproj () 
2026-08-20T10:21:02.5697983Z          | | 1               : 0.000s           0.000s       D:\a\OpenCppCoverage-ARM64\OpenCppCoverage-ARM64\CppCoverage\CppCoverage.vcxproj () 
2026-08-20T10:21:02.5699291Z          | | 15              : 0.532s           9.835s       D:\a\OpenCppCoverage-ARM64\OpenCppCoverage-ARM64\TestCppCli\TestCppCli.vcxproj () 
2026-08-20T10:21:02.5700743Z          | | | 7             : 0.000s           0.000s       D:\a\OpenCppCoverage-ARM64\OpenCppCoverage-ARM64\TestCoverageSharedLib\TestCoverageSharedLib.vcxproj () 
2026-08-20T10:21:02.5702473Z          | | | 21            : 0.016s           0.016s       D:\a\OpenCppCoverage-ARM64\OpenCppCoverage-ARM64\TestCoverageSharedLib\TestCoverageSharedLib.vcxproj (GetNativeManifest) 
2026-08-20T10:21:02.5704453Z          | | . 22            : 0.000s           0.000s       D:\a\OpenCppCoverage-ARM64\OpenCppCoverage-ARM64\TestCoverageSharedLib\TestCoverageSharedLib.vcxproj (GetProjectInfoForReference) 
2026-08-20T10:21:02.5706165Z          | . 42              : 6.292s           6.401s       D:\a\OpenCppCoverage-ARM64\OpenCppCoverage-ARM64\CppCoverageTest\CppCoverageTest.vcxproj () 
2026-08-20T10:21:02.5713939Z          | | | 58            : 0.000s           0.000s       D:\a\OpenCppCoverage-ARM64\OpenCppCoverage-ARM64\TestCoverageConsole\TestCoverageConsole.vcxproj (GetNativeManifest) 
2026-08-20T10:21:02.5715648Z          | | | 57            : 0.000s           0.000s       D:\a\OpenCppCoverage-ARM64\OpenCppCoverage-ARM64\TestCppCli\TestCppCli.vcxproj (GetNativeManifest) 
2026-08-20T10:21:02.5717380Z          | | | 67            : 0.016s           0.016s       D:\a\OpenCppCoverage-ARM64\OpenCppCoverage-ARM64\TestCoverageConsole\TestCoverageConsole.vcxproj (GetProjectInfoForReference) 
2026-08-20T10:21:02.5720440Z          | | | 66            : 0.000s           0.000s       D:\a\OpenCppCoverage-ARM64\OpenCppCoverage-ARM64\TestCppCli\TestCppCli.vcxproj (GetProjectInfoForReference) 
2026-08-20T10:21:02.5722526Z          | | . 92            : 0.000s           0.000s       D:\a\OpenCppCoverage-ARM64\OpenCppCoverage-ARM64\TestCoverageConsole\TestCoverageConsole.vcxproj (GetCopyToOutputDirectoryItems) 
2026-08-20T10:21:02.5725099Z          | 4                 : 0.861s           23.772s       D:\a\OpenCppCoverage-ARM64\OpenCppCoverage-ARM64\TestCoverageConsole\TestCoverageConsole.vcxproj () 
2026-08-20T10:21:02.5726461Z          | | 9               : 0.000s           0.000s       D:\a\OpenCppCoverage-ARM64\OpenCppCoverage-ARM64\Tools\Tools.vcxproj () 
2026-08-20T10:21:02.5727735Z          | | 25              : 0.000s           0.000s       D:\a\OpenCppCoverage-ARM64\OpenCppCoverage-ARM64\Tools\Tools.vcxproj (GetNativeManifest) 
2026-08-20T10:21:02.5729162Z          | | 26              : 0.000s           0.000s       D:\a\OpenCppCoverage-ARM64\OpenCppCoverage-ARM64\Tools\Tools.vcxproj (GetProjectInfoForReference) 
2026-08-20T10:21:02.5730814Z          | | 14              : 1.642s           1.642s       D:\a\OpenCppCoverage-ARM64\OpenCppCoverage-ARM64\TestCoverageOptimizedBuild\TestCoverageOptimizedBuild.vcxproj () 
2026-08-20T10:21:02.5732508Z          | | 7               : 0.559s           6.171s       D:\a\OpenCppCoverage-ARM64\OpenCppCoverage-ARM64\TestCoverageSharedLib\TestCoverageSharedLib.vcxproj () 
2026-08-20T10:21:02.5733903Z          | | | 16            : 0.000s           0.000s       D:\a\OpenCppCoverage-ARM64\OpenCppCoverage-ARM64\Plugin\Plugin.vcxproj () 
2026-08-20T10:21:02.5735187Z          | | . 18            : 0.000s           0.000s       D:\a\OpenCppCoverage-ARM64\OpenCppCoverage-ARM64\Plugin\Plugin.vcxproj (GetNativeManifest) 
2026-08-20T10:21:02.5736914Z          | | 23              : 0.016s           0.016s       D:\a\OpenCppCoverage-ARM64\OpenCppCoverage-ARM64\TestCoverageOptimizedBuild\TestCoverageOptimizedBuild.vcxproj (GetNativeManifest) 
2026-08-20T10:21:02.5738953Z          | . 27              : 0.016s           0.016s       D:\a\OpenCppCoverage-ARM64\OpenCppCoverage-ARM64\TestCoverageOptimizedBuild\TestCoverageOptimizedBuild.vcxproj (GetProjectInfoForReference) 
2026-08-20T10:21:02.5740886Z          | 1                 : 5.035s           44.316s       D:\a\OpenCppCoverage-ARM64\OpenCppCoverage-ARM64\CppCoverage\CppCoverage.vcxproj () 
2026-08-20T10:21:02.5742116Z          | | 9               : 0.000s           0.000s       D:\a\OpenCppCoverage-ARM64\OpenCppCoverage-ARM64\Tools\Tools.vcxproj () 
2026-08-20T10:21:02.5743231Z          | | 16              : 0.000s           0.000s       D:\a\OpenCppCoverage-ARM64\OpenCppCoverage-ARM64\Plugin\Plugin.vcxproj () 
2026-08-20T10:21:02.5744466Z          | | 11              : 3.004s           25.710s       D:\a\OpenCppCoverage-ARM64\OpenCppCoverage-ARM64\FileFilter\FileFilter.vcxproj () 
2026-08-20T10:21:02.5745714Z          | | | 9             : 3.017s           3.017s       D:\a\OpenCppCoverage-ARM64\OpenCppCoverage-ARM64\Tools\Tools.vcxproj () 
2026-08-20T10:21:02.5746994Z          | | | 25            : 0.016s           0.016s       D:\a\OpenCppCoverage-ARM64\OpenCppCoverage-ARM64\Tools\Tools.vcxproj (GetNativeManifest) 
2026-08-20T10:21:02.5748449Z          | | . 26            : 0.016s           0.016s       D:\a\OpenCppCoverage-ARM64\OpenCppCoverage-ARM64\Tools\Tools.vcxproj (GetProjectInfoForReference) 
2026-08-20T10:21:02.5749888Z          | | 34              : 0.000s           0.000s       D:\a\OpenCppCoverage-ARM64\OpenCppCoverage-ARM64\FileFilter\FileFilter.vcxproj (GetNativeManifest) 
2026-08-20T10:21:02.5751504Z          | . 36              : 0.000s           0.000s       D:\a\OpenCppCoverage-ARM64\OpenCppCoverage-ARM64\FileFilter\FileFilter.vcxproj (GetProjectInfoForReference) 
2026-08-20T10:21:02.5753060Z          | 2                 : 1.595s           109.692s       D:\a\OpenCppCoverage-ARM64\OpenCppCoverage-ARM64\OpenCppCoverage\OpenCppCoverage.vcxproj () 
2026-08-20T10:21:02.5754378Z          | | 9               : 0.000s           0.000s       D:\a\OpenCppCoverage-ARM64\OpenCppCoverage-ARM64\Tools\Tools.vcxproj () 
2026-08-20T10:21:02.5755777Z          | | 5               : 0.000s           0.000s       D:\a\OpenCppCoverage-ARM64\OpenCppCoverage-ARM64\Exporter\Exporter.vcxproj () 
2026-08-20T10:21:02.5757098Z          | | 1               : 0.000s           0.000s       D:\a\OpenCppCoverage-ARM64\OpenCppCoverage-ARM64\CppCoverage\CppCoverage.vcxproj () 
2026-08-20T10:21:02.5758386Z          | . 16              : 1.768s           1.768s       D:\a\OpenCppCoverage-ARM64\OpenCppCoverage-ARM64\Plugin\Plugin.vcxproj () 
2026-08-20T10:21:02.5759771Z          | 6                 : 0.000s           120.230s       D:\a\OpenCppCoverage-ARM64\OpenCppCoverage-ARM64\ExporterTest\ExporterTest.vcxproj.metaproj () 
2026-08-20T10:21:02.5761223Z          | | 1               : 0.000s           0.000s       D:\a\OpenCppCoverage-ARM64\OpenCppCoverage-ARM64\CppCoverage\CppCoverage.vcxproj () 
2026-08-20T10:21:02.5762522Z          | | 5               : 8.325s           86.832s       D:\a\OpenCppCoverage-ARM64\OpenCppCoverage-ARM64\Exporter\Exporter.vcxproj () 
2026-08-20T10:21:02.5763757Z          | | | 9             : 0.000s           0.000s       D:\a\OpenCppCoverage-ARM64\OpenCppCoverage-ARM64\Tools\Tools.vcxproj () 
2026-08-20T10:21:02.5764933Z          | | | 16            : 0.000s           0.000s       D:\a\OpenCppCoverage-ARM64\OpenCppCoverage-ARM64\Plugin\Plugin.vcxproj () 
2026-08-20T10:21:02.5766173Z          | | | 1             : 0.000s           0.000s       D:\a\OpenCppCoverage-ARM64\OpenCppCoverage-ARM64\CppCoverage\CppCoverage.vcxproj () 
2026-08-20T10:21:02.5767556Z          | | | 41            : 0.000s           0.000s       D:\a\OpenCppCoverage-ARM64\OpenCppCoverage-ARM64\CppCoverage\CppCoverage.vcxproj (GetNativeManifest) 
2026-08-20T10:21:02.5769088Z          | | | 59            : 0.016s           0.016s       D:\a\OpenCppCoverage-ARM64\OpenCppCoverage-ARM64\CppCoverage\CppCoverage.vcxproj (GetProjectInfoForReference) 
2026-08-20T10:21:02.5770878Z          | | . 68            : 0.000s           0.000s       D:\a\OpenCppCoverage-ARM64\OpenCppCoverage-ARM64\CppCoverage\CppCoverage.vcxproj (GetCopyToOutputDirectoryItems) 
2026-08-20T10:21:02.5772348Z          | . 69              : 4.019s           4.034s       D:\a\OpenCppCoverage-ARM64\OpenCppCoverage-ARM64\ExporterTest\ExporterTest.vcxproj () 
2026-08-20T10:21:02.5773966Z          | | | 76            : 0.000s           0.000s       D:\a\OpenCppCoverage-ARM64\OpenCppCoverage-ARM64\Exporter\Exporter.vcxproj (GetNativeManifest) 
2026-08-20T10:21:02.5775384Z          | | . 81            : 0.016s           0.016s       D:\a\OpenCppCoverage-ARM64\OpenCppCoverage-ARM64\Exporter\Exporter.vcxproj (GetProjectInfoForReference) 
2026-08-20T10:21:02.5776918Z          | 8                 : 0.000s           137.416s       D:\a\OpenCppCoverage-ARM64\OpenCppCoverage-ARM64\OpenCppCoverageTest\OpenCppCoverageTest.vcxproj.metaproj () 
2026-08-20T10:21:02.5778624Z          | | 2               : 0.000s           0.000s       D:\a\OpenCppCoverage-ARM64\OpenCppCoverage-ARM64\OpenCppCoverage\OpenCppCoverage.vcxproj () 
2026-08-20T10:21:02.5780040Z          | | 3               : 0.000s           0.000s       D:\a\OpenCppCoverage-ARM64\OpenCppCoverage-ARM64\CppCoverageTest\CppCoverageTest.vcxproj.metaproj () 
2026-08-20T10:21:02.5781552Z          | | 6               : 0.000s           0.000s       D:\a\OpenCppCoverage-ARM64\OpenCppCoverage-ARM64\ExporterTest\ExporterTest.vcxproj.metaproj () 
2026-08-20T10:21:02.5782995Z          | . 107             : 1.736s           1.752s       D:\a\OpenCppCoverage-ARM64\OpenCppCoverage-ARM64\OpenCppCoverageTest\OpenCppCoverageTest.vcxproj () 
2026-08-20T10:21:02.5784487Z          | | | 121           : 0.000s           0.000s       D:\a\OpenCppCoverage-ARM64\OpenCppCoverage-ARM64\OpenCppCoverage\OpenCppCoverage.vcxproj (GetNativeManifest) 
2026-08-20T10:21:02.5786066Z          | | | 120           : 0.000s           0.000s       D:\a\OpenCppCoverage-ARM64\OpenCppCoverage-ARM64\CppCoverageTest\CppCoverageTest.vcxproj (GetNativeManifest) 
2026-08-20T10:21:02.5787715Z          | | | 119           : 0.000s           0.000s       D:\a\OpenCppCoverage-ARM64\OpenCppCoverage-ARM64\ExporterTest\ExporterTest.vcxproj (GetNativeManifest) 
2026-08-20T10:21:02.5789220Z          | | | 128           : 0.016s           0.016s       D:\a\OpenCppCoverage-ARM64\OpenCppCoverage-ARM64\OpenCppCoverage\OpenCppCoverage.vcxproj (GetProjectInfoForReference) 
2026-08-20T10:21:02.5791129Z          | | | 127           : 0.000s           0.000s       D:\a\OpenCppCoverage-ARM64\OpenCppCoverage-ARM64\CppCoverageTest\CppCoverageTest.vcxproj (GetProjectInfoForReference) 
2026-08-20T10:21:02.5793115Z          | | | 126           : 0.000s           0.000s       D:\a\OpenCppCoverage-ARM64\OpenCppCoverage-ARM64\ExporterTest\ExporterTest.vcxproj (GetProjectInfoForReference) 
2026-08-20T10:21:02.5795219Z          | | | 135           : 0.000s           0.000s       D:\a\OpenCppCoverage-ARM64\OpenCppCoverage-ARM64\OpenCppCoverage\OpenCppCoverage.vcxproj (GetCopyToOutputDirectoryItems) 
2026-08-20T10:21:02.5797318Z          | | | 134           : 0.000s           0.000s       D:\a\OpenCppCoverage-ARM64\OpenCppCoverage-ARM64\CppCoverageTest\CppCoverageTest.vcxproj (GetCopyToOutputDirectoryItems) 
2026-08-20T10:21:02.5799312Z          | | . 133           : 0.000s           0.000s       D:\a\OpenCppCoverage-ARM64\OpenCppCoverage-ARM64\ExporterTest\ExporterTest.vcxproj (GetCopyToOutputDirectoryItems) 
2026-08-20T10:21:02.5801043Z          | 10                : 2.331s           24.664s       D:\a\OpenCppCoverage-ARM64\OpenCppCoverage-ARM64\TestHelper\TestHelper.vcxproj () 
2026-08-20T10:21:02.5802449Z          | | 9               : 0.000s           0.000s       D:\a\OpenCppCoverage-ARM64\OpenCppCoverage-ARM64\Tools\Tools.vcxproj () 
2026-08-20T10:21:02.5803736Z          | | 16              : 0.000s           0.000s       D:\a\OpenCppCoverage-ARM64\OpenCppCoverage-ARM64\Plugin\Plugin.vcxproj () 
2026-08-20T10:21:02.5805342Z          | | 25              : 0.000s           0.000s       D:\a\OpenCppCoverage-ARM64\OpenCppCoverage-ARM64\Tools\Tools.vcxproj (GetNativeManifest) 
2026-08-20T10:21:02.5806936Z          | | 26              : 0.000s           0.000s       D:\a\OpenCppCoverage-ARM64\OpenCppCoverage-ARM64\Tools\Tools.vcxproj (GetProjectInfoForReference) 
2026-08-20T10:21:02.5808560Z          | . 29              : 0.000s           0.000s       D:\a\OpenCppCoverage-ARM64\OpenCppCoverage-ARM64\Tools\Tools.vcxproj (GetCopyToOutputDirectoryItems) 
2026-08-20T10:21:02.5810078Z          | 12                : 2.988s           41.534s       D:\a\OpenCppCoverage-ARM64\OpenCppCoverage-ARM64\FileFilterTest\FileFilterTest.vcxproj () 
2026-08-20T10:21:02.5811411Z          | | 9               : 0.000s           0.000s       D:\a\OpenCppCoverage-ARM64\OpenCppCoverage-ARM64\Tools\Tools.vcxproj () 
2026-08-20T10:21:02.5815828Z          | | 10              : 0.000s           0.000s       D:\a\OpenCppCoverage-ARM64\OpenCppCoverage-ARM64\TestHelper\TestHelper.vcxproj () 
2026-08-20T10:21:02.5819988Z          | | 14              : 0.000s           0.000s       D:\a\OpenCppCoverage-ARM64\OpenCppCoverage-ARM64\TestCoverageOptimizedBuild\TestCoverageOptimizedBuild.vcxproj () 
2026-08-20T10:21:02.5821696Z          | | 11              : 0.000s           0.000s       D:\a\OpenCppCoverage-ARM64\OpenCppCoverage-ARM64\FileFilter\FileFilter.vcxproj () 
2026-08-20T10:21:02.5823234Z          | | 34              : 0.000s           0.000s       D:\a\OpenCppCoverage-ARM64\OpenCppCoverage-ARM64\FileFilter\FileFilter.vcxproj (GetNativeManifest) 
2026-08-20T10:21:02.5824945Z          | | 36              : 0.000s           0.000s       D:\a\OpenCppCoverage-ARM64\OpenCppCoverage-ARM64\FileFilter\FileFilter.vcxproj (GetProjectInfoForReference) 
2026-08-20T10:21:02.5827039Z          | | 39              : 0.000s           0.000s       D:\a\OpenCppCoverage-ARM64\OpenCppCoverage-ARM64\TestCoverageOptimizedBuild\TestCoverageOptimizedBuild.vcxproj (GetCopyToOutputDirectoryItems) 
2026-08-20T10:21:02.5829215Z          | . 38              : 0.000s           0.000s       D:\a\OpenCppCoverage-ARM64\OpenCppCoverage-ARM64\FileFilter\FileFilter.vcxproj (GetCopyToOutputDirectoryItems) 
2026-08-20T10:21:02.5831131Z          | 13                : 1.236s           31.153s       D:\a\OpenCppCoverage-ARM64\OpenCppCoverage-ARM64\ToolsTest\ToolsTest.vcxproj () 
2026-08-20T10:21:02.5832532Z          | | 9               : 0.000s           0.000s       D:\a\OpenCppCoverage-ARM64\OpenCppCoverage-ARM64\Tools\Tools.vcxproj () 
2026-08-20T10:21:02.5833917Z          | | 10              : 0.000s           0.000s       D:\a\OpenCppCoverage-ARM64\OpenCppCoverage-ARM64\TestHelper\TestHelper.vcxproj () 
2026-08-20T10:21:02.5835507Z          | | 30              : 0.000s           0.000s       D:\a\OpenCppCoverage-ARM64\OpenCppCoverage-ARM64\TestHelper\TestHelper.vcxproj (GetNativeManifest) 
2026-08-20T10:21:02.5837310Z          | . 31              : 0.000s           0.000s       D:\a\OpenCppCoverage-ARM64\OpenCppCoverage-ARM64\TestHelper\TestHelper.vcxproj (GetProjectInfoForReference) 
2026-08-20T10:21:02.5839003Z          . 17                : 1.141s           6.066s       D:\a\OpenCppCoverage-ARM64\OpenCppCoverage-ARM64\PluginTest\PluginTest.vcxproj () 
2026-08-20T10:21:02.5840418Z          | | 16              : 0.000s           0.000s       D:\a\OpenCppCoverage-ARM64\OpenCppCoverage-ARM64\Plugin\Plugin.vcxproj () 
2026-08-20T10:21:02.5841889Z          | | 18              : 0.000s           0.000s       D:\a\OpenCppCoverage-ARM64\OpenCppCoverage-ARM64\Plugin\Plugin.vcxproj (GetNativeManifest) 
2026-08-20T10:21:02.5843566Z          | | 19              : 0.000s           0.000s       D:\a\OpenCppCoverage-ARM64\OpenCppCoverage-ARM64\Plugin\Plugin.vcxproj (GetProjectInfoForReference) 
2026-08-20T10:21:02.5845331Z          | . 20              : 0.000s           0.000s       D:\a\OpenCppCoverage-ARM64\OpenCppCoverage-ARM64\Plugin\Plugin.vcxproj (GetCopyToOutputDirectoryItems) 
2026-08-20T10:21:02.5846686Z          
2026-08-20T10:21:02.5847462Z          ============================== Node Utilization (IDs represent configurations) ====================================================
2026-08-20T10:21:02.5848557Z          Timestamp:            1       3       2       4        Duration   Cumulative
2026-08-20T10:21:02.5849615Z          -----------------------------------------------------------------------------------------------------------------------------------
2026-08-20T10:21:02.5850680Z          639228179251079474:   0       x       x       x        0.022s     0.022s 
2026-08-20T10:21:02.5851502Z          639228179251297243:   3       1       2       4        0.010s     0.031s 
2026-08-20T10:21:02.5852302Z          639228179251392573:   5       |       |       |        0.110s     0.142s ..
2026-08-20T10:21:02.5853118Z          639228179252496724:   |       11      |       |        0.078s     0.220s .
2026-08-20T10:21:02.5853921Z          639228179253277968:   |       |       |       14       0.031s     0.251s 
2026-08-20T10:21:02.5854727Z          639228179253590428:   |       |       16      |        0.175s     0.426s ...
2026-08-20T10:21:02.5855537Z          639228179255336542:   |       9       |       |        0.206s     0.631s ....
2026-08-20T10:21:02.5856338Z          639228179257392469:   7       |       |       |        0.058s     0.690s .
2026-08-20T10:21:02.5857145Z          639228179257977274:   15      |       |       |        0.094s     0.784s .
2026-08-20T10:21:02.5857960Z          639228179258914693:   10      |       |       |        0.047s     0.830s 
2026-08-20T10:21:02.5858755Z          639228179259383513:   12      |       |       |        0.062s     0.893s .
2026-08-20T10:21:02.5859536Z          639228179260008436:   13      |       |       |        0.078s     0.971s .
2026-08-20T10:21:02.5860315Z          639228179260789768:   17      |       |       |        0.047s     1.018s 
2026-08-20T10:21:02.5863536Z          639228179261258497:   x       |       |       |        0.016s     1.034s 
2026-08-20T10:21:02.5864925Z          639228179261414710:   x       |       |       |        0.063s     1.096s .
2026-08-20T10:21:02.5866978Z          639228179262039769:   x       |       |       |        0.234s     1.330s ....
2026-08-20T10:21:02.5867832Z          639228179264383541:   x       |       |       |        0.063s     1.393s .
2026-08-20T10:21:02.5868631Z          639228179265008552:   x       |       |       |        0.031s     1.424s 
2026-08-20T10:21:02.5869438Z          639228179265321027:   x       |       |       |        0.406s     1.831s ........
2026-08-20T10:21:02.5870271Z          639228179269385672:   x       |       |       |        0.766s     2.596s ...............
2026-08-20T10:21:02.5871226Z          639228179277044195:   x       |       |       x        2.189s     4.785s ...........................................
2026-08-20T10:21:02.5872176Z          639228179298930761:   x       |       |       x        0.689s     5.474s .............
2026-08-20T10:21:02.5873008Z          639228179305821312:   17      |       x       x        0.016s     5.490s 
2026-08-20T10:21:02.5873795Z          639228179305977634:   |       |       18      x        0.031s     5.521s 
2026-08-20T10:21:02.5874585Z          639228179306290217:   7       |       19      x        0.094s     5.615s .
2026-08-20T10:21:02.5875376Z          639228179307228261:   17      |       |       x        0.016s     5.631s 
2026-08-20T10:21:02.5876186Z          639228179307384893:   |       |       |       x        0.312s     5.943s ......
2026-08-20T10:21:02.5877011Z          639228179310509828:   7       |       |       x        0.031s     5.974s 
2026-08-20T10:21:02.5877932Z          639228179310822318:   |       |       |       x        1.814s     7.788s ....................................
2026-08-20T10:21:02.5878874Z          639228179328958854:   17      |       |       x        0.031s     7.819s 
2026-08-20T10:21:02.5879718Z          639228179329271734:   |       |       |       x        0.876s     8.695s .................
2026-08-20T10:21:02.5880961Z          639228179338032713:   |       |       |       x        0.219s     8.914s ....
2026-08-20T10:21:02.5881834Z          639228179340223368:   |       |       |       x        0.781s     9.696s ...............
2026-08-20T10:21:02.5882697Z          639228179348036069:   7       |       20      x        0.375s     10.071s .......
2026-08-20T10:21:02.5883495Z          639228179351787886:   21      |       |       x        0.016s     10.086s 
2026-08-20T10:21:02.5884248Z          639228179351944166:   15      |       |       x        0.110s     10.196s ..
2026-08-20T10:21:02.5885105Z          639228179353039654:   |       |       |       x        0.016s     10.212s 
2026-08-20T10:21:02.5885962Z          639228179353195957:   |       |       |       x        0.313s     10.525s ......
2026-08-20T10:21:02.5886786Z          639228179356325094:   |       |       |       x        0.313s     10.838s ......
2026-08-20T10:21:02.5887648Z          639228179359455845:   x       |       |       x        10.182s     21.020s ++ (scale 1:100)
2026-08-20T10:21:02.5888640Z          639228179461275880:   x       |       |       x        2.081s     23.100s .........................................
2026-08-20T10:21:02.5889600Z          639228179482084357:   10      25      |       23       0.016s     23.116s 
2026-08-20T10:21:02.5890357Z          639228179482240579:   |       11      |       4        0.031s     23.147s 
2026-08-20T10:21:02.5891095Z          639228179482553022:   x       |       |       |        0.031s     23.179s 
2026-08-20T10:21:02.5891924Z          639228179482865546:   x       26      |       27       0.016s     23.194s 
2026-08-20T10:21:02.5895336Z          639228179483021759:   10      11      |       4        0.047s     23.241s 
2026-08-20T10:21:02.5896122Z          639228179483490524:   |       |       |       |        0.016s     23.257s 
2026-08-20T10:21:02.5899157Z          639228179483646782:   |       |       |       |        0.750s     24.007s ...............
2026-08-20T10:21:02.5900528Z          639228179491149584:   |       |       |       |        0.031s     24.038s 
2026-08-20T10:21:02.5901565Z          639228179491462051:   |       |       |       |        1.579s     25.617s ...............................
2026-08-20T10:21:02.5902332Z          639228179507252008:   |       |       |       |        0.016s     25.633s 
2026-08-20T10:21:02.5903227Z          639228179507410236:   |       |       |       |        3.080s     28.713s .............................................................
2026-08-20T10:21:02.5904192Z          639228179538205652:   |       |       |       |        2.159s     30.872s ...........................................
2026-08-20T10:21:02.5905010Z          639228179559799387:   |       29      |       |        0.016s     30.888s 
2026-08-20T10:21:02.5905738Z          639228179559955601:   13      |       |       |        0.016s     30.903s 
2026-08-20T10:21:02.5906453Z          639228179560111881:   |       |       |       |        0.016s     30.919s 
2026-08-20T10:21:02.5907245Z          639228179560268160:   |       |       |       |        1.297s     32.216s .........................
2026-08-20T10:21:02.5908058Z          639228179573242048:   |       |       |       |        0.563s     32.779s ...........
2026-08-20T10:21:02.5909116Z          639228179578868797:   |       |       |       x        0.501s     33.279s ..........
2026-08-20T10:21:02.5909937Z          639228179583874362:   |       |       |       x        0.031s     33.311s 
2026-08-20T10:21:02.5910765Z          639228179584186763:   |       |       |       x        1.234s     34.545s ........................
2026-08-20T10:21:02.5911649Z          639228179596531260:   |       |       |       x        1.095s     35.641s .....................
2026-08-20T10:21:02.5912559Z          639228179607485381:   x       |       |       x        1.203s     36.843s ........................
2026-08-20T10:21:02.5913756Z          639228179619514360:   x       11      |       x        2.579s     39.423s ...................................................
2026-08-20T10:21:02.5914729Z          639228179645308242:   12      1       |       x        0.047s     39.470s 
2026-08-20T10:21:02.5915516Z          639228179645777051:   x       |       |       x        0.016s     39.485s 
2026-08-20T10:21:02.5916251Z          639228179645933193:   12      |       |       x        0.031s     39.517s 
2026-08-20T10:21:02.5917344Z          639228179646245705:   |       |       |       x        0.016s     39.532s 
2026-08-20T10:21:02.5918105Z          639228179646401987:   |       |       |       x        0.626s     40.158s ............
2026-08-20T10:21:02.5918861Z          639228179652658757:   |       |       |       x        0.016s     40.174s 
2026-08-20T10:21:02.5919591Z          639228179652815130:   |       |       |       x        1.173s     41.346s .......................
2026-08-20T10:21:02.5920271Z          639228179664541766:   |       |       |       x        0.016s     41.362s 
2026-08-20T10:21:02.5921403Z          639228179664697953:   |       |       |       x        3.502s     44.864s ......................................................................
2026-08-20T10:21:02.5922538Z          639228179699720653:   |       |       |       x        2.816s     47.680s ........................................................
2026-08-20T10:21:02.5925037Z          639228179727881378:   |       38      |       39       0.016s     47.696s 
2026-08-20T10:21:02.5925858Z          639228179728037721:   x       |       |       |        26.626s     74.322s +++++ (scale 1:100)
2026-08-20T10:21:02.5927226Z          639228179994300905:   x       1       |       |        4.800s     79.122s ...............................................................................................
2026-08-20T10:21:02.5927844Z          639228180042299987:   5       41      42      |        0.094s     79.216s .
2026-08-20T10:21:02.5928284Z          639228180043237859:   |       |       x       58       0.016s     79.232s 
2026-08-20T10:21:02.5928727Z          639228180043394481:   57      59      42      |        0.016s     79.247s 
2026-08-20T10:21:02.5929354Z          639228180043550737:   5       x       |       |        0.031s     79.278s 
2026-08-20T10:21:02.5929779Z          639228180043863334:   |       x       |       |        0.016s     79.294s 
2026-08-20T10:21:02.5930178Z          639228180044019471:   66      x       x       67       0.016s     79.310s 
2026-08-20T10:21:02.5930581Z          639228180044175735:   |       x       42      x        0.037s     79.346s 
2026-08-20T10:21:02.5931002Z          639228180044542231:   |       x       |       x        0.654s     80.000s .............
2026-08-20T10:21:02.5931429Z          639228180051077903:   5       x       |       x        0.016s     80.015s 
2026-08-20T10:21:02.5931884Z          639228180051234002:   |       x       |       x        1.267s     81.282s .........................
2026-08-20T10:21:02.5932352Z          639228180063901376:   |       x       |       x        0.031s     81.313s 
2026-08-20T10:21:02.5932798Z          639228180064213826:   |       x       |       x        15.134s     96.447s +++ (scale 1:100)
2026-08-20T10:21:02.5933240Z          639228180215552993:   |       x       |       x        0.047s     96.494s 
2026-08-20T10:21:02.5933774Z          639228180216023885:   |       x       |       x        3.158s     99.653s ...............................................................
2026-08-20T10:21:02.5934393Z          639228180247606043:   |       x       |       x        2.659s     102.312s .....................................................
2026-08-20T10:21:02.5935076Z          639228180274196087:   |       x       |       x        4.800s     107.112s ................................................................................................
2026-08-20T10:21:02.5935674Z          639228180322199555:   |       68      |       x        0.062s     107.175s .
2026-08-20T10:21:02.5936208Z          639228180322824507:   6       |       |       69       0.078s     107.253s .
2026-08-20T10:21:02.5936613Z          639228180323605721:   76      |       |       x        0.016s     107.268s 
2026-08-20T10:21:02.5937015Z          639228180323761899:   x       |       |       69       0.047s     107.315s 
2026-08-20T10:21:02.5937424Z          639228180324230636:   81      |       |       x        0.016s     107.331s 
2026-08-20T10:21:02.5937849Z          639228180324386899:   x       |       |       69       0.031s     107.362s 
2026-08-20T10:21:02.5938282Z          639228180324699428:   x       |       |       |        0.986s     108.348s ...................
2026-08-20T10:21:02.5938724Z          639228180334558506:   x       |       2       92       0.078s     108.426s .
2026-08-20T10:21:02.5939133Z          639228180335339717:   x       |       42      |        0.031s     108.457s 
2026-08-20T10:21:02.5939534Z          639228180335652253:   3       |       2       |        0.156s     108.614s ...
2026-08-20T10:21:02.5939946Z          639228180337214765:   |       |       |       |        0.016s     108.629s 
2026-08-20T10:21:02.5940378Z          639228180337371002:   |       |       |       |        0.657s     109.287s .............
2026-08-20T10:21:02.5940797Z          639228180343945838:   |       |       |       69       0.016s     109.302s 
2026-08-20T10:21:02.5941302Z          639228180344102081:   |       |       |       |        2.673s     111.976s .....................................................
2026-08-20T10:21:02.5941863Z          639228180370835775:   |       |       |       |        1.282s     113.257s .........................
2026-08-20T10:21:02.5942435Z          639228180383652346:   |       |       x       |        3.173s     116.431s ...............................................................
2026-08-20T10:21:02.5943107Z          639228180415384710:   |       |       x       |        3.831s     120.262s ............................................................................
2026-08-20T10:21:02.5943662Z          639228180453696115:   8       107     x       x        0.094s     120.356s .
2026-08-20T10:21:02.5944163Z          639228180454638299:   |       |       121     119      0.063s     120.418s .
2026-08-20T10:21:02.5944570Z          639228180455263302:   |       x       128     126      0.016s     120.434s 
2026-08-20T10:21:02.5944971Z          639228180455419578:   |       107     x       |        0.016s     120.450s 
2026-08-20T10:21:02.5945415Z          639228180455575784:   |       |       x       |        15.434s     135.884s +++ (scale 1:100)
2026-08-20T10:21:02.5945896Z          639228180609915204:   |       |       x       |        1.501s     137.385s ..............................
2026-08-20T10:21:02.5946350Z          639228180624926037:   |       |       135     133      0.063s     137.447s .
2026-08-20T10:21:02.5946754Z          639228180624926037:   0       x       |       |        0.063s     137.510s .
2026-08-20T10:21:02.5947298Z          -----------------------------------------------------------------------------------------------------------------------------------
2026-08-20T10:21:02.5947870Z          Utilization:          42.6    70.1    28.8    18.4     Average Utilization: 40.0
2026-08-20T10:21:02.5948156Z 
2026-08-20T10:21:02.5948231Z Build succeeded.
2026-08-20T10:21:02.5948418Z     0 Warning(s)
2026-08-20T10:21:02.5948602Z     0 Error(s)
2026-08-20T10:21:02.5948700Z 
2026-08-20T10:21:02.5948783Z Time Elapsed 00:02:17.49
2026-08-20T10:21:02.7291857Z ##[group]Run & .\Build\Scripts\Assert-BuildToolchain.ps1 `
2026-08-20T10:21:02.7292428Z [36;1m& .\Build\Scripts\Assert-BuildToolchain.ps1 `[0m
2026-08-20T10:21:02.7292829Z [36;1m  -BuildLog artifacts\logs\build-Release-Win32.log `[0m
2026-08-20T10:21:02.7293174Z [36;1m  -ExpectedHost HostX64 `[0m
2026-08-20T10:21:02.7293535Z [36;1m  -SummaryPath artifacts\logs\build-toolchain-Release-Win32.json[0m
2026-08-20T10:21:02.7293959Z [36;1mif ($LASTEXITCODE -ne 0) { exit $LASTEXITCODE }[0m
2026-08-20T10:21:02.7327541Z shell: C:\Program Files\PowerShell\7\pwsh.EXE -command ". '{0}'"
2026-08-20T10:21:02.7327877Z env:
2026-08-20T10:21:02.7328294Z   MSBUILD_EXE: C:\Program Files\Microsoft Visual Studio\2022\Enterprise\MSBuild\Current\Bin\amd64\MSBuild.exe
2026-08-20T10:21:02.7328891Z   VCPKG_ROOT: C:\Users\runneradmin\AppData\Local\OpenCppCoverage\vcpkg
2026-08-20T10:21:02.7329236Z ##[endgroup]
2026-08-20T10:21:03.1337150Z cl     HostX64\x86 toolset 14.44.35207 x32
2026-08-20T10:21:03.1343135Z link   HostX64\x86 toolset 14.44.35207 x17
2026-08-20T10:21:03.1354875Z Build host toolchain verified: every compiler and linker invocation came from HostX64.
2026-08-20T10:21:03.1950529Z ##[group]Run & .\Build\Scripts\RunTests.ps1 -Platform x86 `
2026-08-20T10:21:03.1951091Z [36;1m& .\Build\Scripts\RunTests.ps1 -Platform x86 `[0m
2026-08-20T10:21:03.1951502Z [36;1m  -Configuration Release -LogDirectory artifacts\logs[0m
2026-08-20T10:21:03.1951894Z [36;1mif ($LASTEXITCODE -ne 0) { exit $LASTEXITCODE }[0m
2026-08-20T10:21:03.1986204Z shell: C:\Program Files\PowerShell\7\pwsh.EXE -command ". '{0}'"
2026-08-20T10:21:03.1986566Z env:
2026-08-20T10:21:03.1986983Z   MSBUILD_EXE: C:\Program Files\Microsoft Visual Studio\2022\Enterprise\MSBuild\Current\Bin\amd64\MSBuild.exe
2026-08-20T10:21:03.1987591Z   VCPKG_ROOT: C:\Users\runneradmin\AppData\Local\OpenCppCoverage\vcpkg
2026-08-20T10:21:03.1987935Z ##[endgroup]
2026-08-20T10:21:03.6626488Z Running CppCoverageTest --gtest_filter=-CodeCoverageRunnerTest.OptimizedBuild:CppCliTest.ManagedUnManagedModule
2026-08-20T10:21:06.7404809Z Running ExporterTest 
2026-08-20T10:21:07.0042524Z Running FileFilterTest 
2026-08-20T10:21:07.1914772Z Running OpenCppCoverageTest 
2026-08-20T10:21:13.5650445Z Running PluginTest 
2026-08-20T10:21:13.5783513Z Running ToolsTest 
2026-08-20T10:21:13.6131365Z Test summary written to artifacts\logs\test-summary-x86-Release.json
2026-08-20T10:21:13.6201521Z 
2026-08-20T10:21:13.6201846Z Name                ExitCode Ran Passed
2026-08-20T10:21:13.6202476Z ----                -------- --- ------
2026-08-20T10:21:13.6203058Z CppCoverageTest            0 115    115
2026-08-20T10:21:13.6203517Z ExporterTest               0  34     34
2026-08-20T10:21:13.6203967Z FileFilterTest             0  29     29
2026-08-20T10:21:13.6204430Z OpenCppCoverageTest        0  19     19
2026-08-20T10:21:13.6204886Z PluginTest                 0   5      5
2026-08-20T10:21:13.6205316Z ToolsTest                  0  12     12
2026-08-20T10:21:13.6205606Z 
2026-08-20T10:21:13.6205612Z 
2026-08-20T10:21:13.6215899Z All test suites passed for x86|Release.
2026-08-20T10:21:13.6847599Z ##[group]Run & .\Build\Scripts\RunEndToEnd.ps1 -Platform x86 `
2026-08-20T10:21:13.6848149Z [36;1m& .\Build\Scripts\RunEndToEnd.ps1 -Platform x86 `[0m
2026-08-20T10:21:13.6848557Z [36;1m  -Configuration Release -LogDirectory artifacts\logs[0m
2026-08-20T10:21:13.6848934Z [36;1mif ($LASTEXITCODE -ne 0) { exit $LASTEXITCODE }[0m
2026-08-20T10:21:13.6880567Z shell: C:\Program Files\PowerShell\7\pwsh.EXE -command ". '{0}'"
2026-08-20T10:21:13.6880907Z env:
2026-08-20T10:21:13.6881320Z   MSBUILD_EXE: C:\Program Files\Microsoft Visual Studio\2022\Enterprise\MSBuild\Current\Bin\amd64\MSBuild.exe
2026-08-20T10:21:13.6881907Z   VCPKG_ROOT: C:\Users\runneradmin\AppData\Local\OpenCppCoverage\vcpkg
2026-08-20T10:21:13.6882247Z ##[endgroup]
2026-08-20T10:21:14.0628606Z Running: D:\a\OpenCppCoverage-ARM64\OpenCppCoverage-ARM64\Release\OpenCppCoverage.exe --sources TestCoverageConsole --export_type=cobertura:artifacts\logs\e2e-cobertura-x86-Release.xml -- D:\a\OpenCppCoverage-ARM64\OpenCppCoverage-ARM64\Release\TestCoverageConsole.exe TestBasic
2026-08-20T10:21:14.1302388Z [31;1m[info] Start Program:[0m
2026-08-20T10:21:14.1313094Z [31;1mPath:"D:\\a\\OpenCppCoverage-ARM64\\OpenCppCoverage-ARM64\\Release\\TestCoverageConsole.exe"[0m
2026-08-20T10:21:14.1320072Z [31;1mArguments:TestBasic [0m
2026-08-20T10:21:14.1326643Z [31;1mWorking directory: not set.[0m
2026-08-20T10:21:14.1332730Z [31;1mModules: Selected: * Excluded: [0m
2026-08-20T10:21:14.1338970Z [31;1mSources: Selected: TestCoverageConsole Excluded: [0m
2026-08-20T10:21:14.1344903Z [31;1mLog Level: Normal[0m
2026-08-20T10:21:14.1351658Z [31;1mCover Children: 0[0m
2026-08-20T10:21:14.1358370Z [31;1mAggregate by file: 1[0m
2026-08-20T10:21:14.1365176Z [31;1mContinue after C++ exception: 0[0m
2026-08-20T10:21:14.1371192Z [31;1mOptimized build support: 0[0m
2026-08-20T10:21:14.1377493Z [31;1mExport: cobertura artifacts\logs\e2e-cobertura-x86-Release.xml [0m
2026-08-20T10:21:14.1383241Z [31;1mInput coverage: [0m
2026-08-20T10:21:14.1389108Z [31;1mUnified diff: [0m
2026-08-20T10:21:14.1395225Z [31;1mExcluded line regular expressions: [0m
2026-08-20T10:21:14.1401211Z [31;1mSubstitute pdb source paths: [0m
2026-08-20T10:21:14.1408072Z [31;1m[info] Module: D:\a\OpenCppCoverage-ARM64\OpenCppCoverage-ARM64\Release\TestCoverageConsole.exe is selected because it matches selected pattern: *[0m
2026-08-20T10:21:14.1417719Z [31;1m[info] Module: C:\Windows\SysWOW64\ntdll.dll is selected because it matches selected pattern: *[0m
2026-08-20T10:21:14.1426485Z [31;1m[info] Module: C:\Windows\SysWOW64\kernel32.dll is selected because it matches selected pattern: *[0m
2026-08-20T10:21:14.1434812Z [31;1m[info] Module: C:\Windows\SysWOW64\KernelBase.dll is selected because it matches selected pattern: *[0m
2026-08-20T10:21:14.1439993Z [31;1m[info] Module: C:\Windows\SysWOW64\ucrtbase.dll is selected because it matches selected pattern: *[0m
2026-08-20T10:21:14.1461738Z [31;1m[info] Module: D:\a\OpenCppCoverage-ARM64\OpenCppCoverage-ARM64\Release\Tools.dll is selected because it matches selected pattern: *[0m
2026-08-20T10:21:14.1464179Z [31;1m[info] Module: D:\a\OpenCppCoverage-ARM64\OpenCppCoverage-ARM64\Release\TestCoverageOptimizedBuild.dll is selected because it matches selected pattern: *[0m
2026-08-20T10:21:14.1467367Z [31;1m[info] Module: D:\a\OpenCppCoverage-ARM64\OpenCppCoverage-ARM64\Release\PocoFoundation.dll is selected because it matches selected pattern: *[0m
2026-08-20T10:21:14.1469997Z [31;1m[info] Module: D:\a\OpenCppCoverage-ARM64\OpenCppCoverage-ARM64\Release\TestCoverageSharedLib.dll is selected because it matches selected pattern: *[0m
2026-08-20T10:21:14.1478327Z [31;1m[info] Module: C:\Windows\SysWOW64\advapi32.dll is selected because it matches selected pattern: *[0m
2026-08-20T10:21:14.1484907Z [31;1m[info] Module: C:\Windows\SysWOW64\msvcp140.dll is selected because it matches selected pattern: *[0m
2026-08-20T10:21:14.1494589Z [31;1m[info] Module: C:\Windows\SysWOW64\msvcrt.dll is selected because it matches selected pattern: *[0m
2026-08-20T10:21:14.1501638Z [31;1m[info] Module: C:\Windows\SysWOW64\vcruntime140.dll is selected because it matches selected pattern: *[0m
2026-08-20T10:21:14.1508089Z [31;1m[info] Module: C:\Windows\SysWOW64\sechost.dll is selected because it matches selected pattern: *[0m
2026-08-20T10:21:14.1514550Z [31;1m[info] Module: D:\a\OpenCppCoverage-ARM64\OpenCppCoverage-ARM64\Release\pcre2-8.dll is selected because it matches selected pattern: *[0m
2026-08-20T10:21:14.1520759Z [31;1m[info] Module: D:\a\OpenCppCoverage-ARM64\OpenCppCoverage-ARM64\Release\z.dll is selected because it matches selected pattern: *[0m
2026-08-20T10:21:14.1566230Z [31;1m[info] Module: C:\Windows\SysWOW64\bcrypt.dll is selected because it matches selected pattern: *[0m
2026-08-20T10:21:14.1597037Z [31;1m[info] Module: C:\Windows\SysWOW64\rpcrt4.dll is selected because it matches selected pattern: *[0m
2026-08-20T10:21:14.1624539Z [31;1m[info] Module: D:\a\OpenCppCoverage-ARM64\OpenCppCoverage-ARM64\Release\Plugin.dll is selected because it matches selected pattern: *[0m
2026-08-20T10:21:14.1645913Z [31;1m[info] Module: C:\Windows\SysWOW64\IPHLPAPI.DLL is selected because it matches selected pattern: *[0m
2026-08-20T10:21:14.1673837Z [31;1m[info] Module: D:\a\OpenCppCoverage-ARM64\OpenCppCoverage-ARM64\Release\utf8proc.dll is selected because it matches selected pattern: *[0m
2026-08-20T10:21:14.1687521Z [31;1m[info] Module: D:\a\OpenCppCoverage-ARM64\OpenCppCoverage-ARM64\Release\boost_iostreams-vc143-mt-x32-1_91.dll is selected because it matches selected pattern: *[0m
2026-08-20T10:21:14.1708625Z [31;1m[info] Module: D:\a\OpenCppCoverage-ARM64\OpenCppCoverage-ARM64\Release\boost_locale-vc143-mt-x32-1_91.dll is selected because it matches selected pattern: *[0m
2026-08-20T10:21:14.1710491Z [31;1m[info] Module: C:\Windows\SysWOW64\dbghelp.dll is selected because it matches selected pattern: *[0m
2026-08-20T10:21:14.1768796Z [31;1m[info] Module: D:\a\OpenCppCoverage-ARM64\OpenCppCoverage-ARM64\Release\boost_log-vc143-mt-x32-1_91.dll is selected because it matches selected pattern: *[0m
2026-08-20T10:21:14.1799193Z [31;1m[info] Module: D:\a\OpenCppCoverage-ARM64\OpenCppCoverage-ARM64\Release\boost_thread-vc143-mt-x32-1_91.dll is selected because it matches selected pattern: *[0m
2026-08-20T10:21:14.1840686Z [31;1m[info] Module: C:\Windows\SysWOW64\ws2_32.dll is selected because it matches selected pattern: *[0m
2026-08-20T10:21:14.1850247Z [31;1m[info] Module: D:\a\OpenCppCoverage-ARM64\OpenCppCoverage-ARM64\Release\bz2.dll is selected because it matches selected pattern: *[0m
2026-08-20T10:21:14.1859695Z [31;1m[info] Module: D:\a\OpenCppCoverage-ARM64\OpenCppCoverage-ARM64\Release\zstd.dll is selected because it matches selected pattern: *[0m
2026-08-20T10:21:14.1869627Z [31;1m[info] Module: D:\a\OpenCppCoverage-ARM64\OpenCppCoverage-ARM64\Release\boost_filesystem-vc143-mt-x32-1_91.dll is selected because it matches selected pattern: *[0m
2026-08-20T10:21:14.1879259Z [31;1m[info] Module: C:\Windows\SysWOW64\secur32.dll is selected because it matches selected pattern: *[0m
2026-08-20T10:21:14.1884655Z [31;1m[info] Module: C:\Windows\SysWOW64\msvcp140_codecvt_ids.dll is selected because it matches selected pattern: *[0m
2026-08-20T10:21:14.1897974Z [31;1m[info] Module: C:\Windows\SysWOW64\dbgcore.dll is selected because it matches selected pattern: *[0m
2026-08-20T10:21:14.1923251Z [31;1m[info] Module: C:\Windows\SysWOW64\sspicli.dll is selected because it matches selected pattern: *[0m
2026-08-20T10:21:14.1944295Z [31;1m[info] Module: D:\a\OpenCppCoverage-ARM64\OpenCppCoverage-ARM64\Release\liblzma.dll is selected because it matches selected pattern: *[0m
2026-08-20T10:21:14.1975525Z [31;1m[info] Module: C:\Windows\SysWOW64\kernel.appcore.dll is selected because it matches selected pattern: *[0m
2026-08-20T10:21:14.2027975Z [31;1m[info] ----------------------------------------------------[0m
2026-08-20T10:21:14.2044977Z [31;1m[info] Cobertura report generated: artifacts\logs\e2e-cobertura-x86-Release.xml[0m
2026-08-20T10:21:14.2046137Z [31;1m[info] ----------------------------------------------------[0m
2026-08-20T10:21:14.2050205Z [31;1m[info] The code coverage report is not what you expect? See the FAQ https://github.com/OpenCppCoverage/OpenCppCoverage/wiki/FAQ.[0m
2026-08-20T10:21:14.2492961Z End-to-end coverage verified on x86|Release: 3/25 lines executed in TestBasic.cpp, unreachable line 36 correctly reported as not executed.
2026-08-20T10:21:14.2498208Z Summary written to artifacts\logs\e2e-summary-x86-Release.json
2026-08-20T10:21:14.3108036Z ##[group]Run & .\CreateRelease.ps1 -Platform x86 -Configuration Release 2>&1 |
2026-08-20T10:21:14.3108670Z [36;1m& .\CreateRelease.ps1 -Platform x86 -Configuration Release 2>&1 |[0m
2026-08-20T10:21:14.3109130Z [36;1m  Tee-Object artifacts\logs\package-Win32.log[0m
2026-08-20T10:21:14.3109486Z [36;1mif ($LASTEXITCODE -ne 0) { exit $LASTEXITCODE }[0m
2026-08-20T10:21:14.3141548Z shell: C:\Program Files\PowerShell\7\pwsh.EXE -command ". '{0}'"
2026-08-20T10:21:14.3141898Z env:
2026-08-20T10:21:14.3142367Z   MSBUILD_EXE: C:\Program Files\Microsoft Visual Studio\2022\Enterprise\MSBuild\Current\Bin\amd64\MSBuild.exe
2026-08-20T10:21:14.3142955Z   VCPKG_ROOT: C:\Users\runneradmin\AppData\Local\OpenCppCoverage\vcpkg
2026-08-20T10:21:14.3143573Z ##[endgroup]
2026-08-20T10:21:17.7664532Z {
2026-08-20T10:21:17.7665684Z   "Package": "D:\\a\\OpenCppCoverage-ARM64\\OpenCppCoverage-ARM64\\artifacts\\OpenCppCoverage-0.9.9.0-windows-x86.zip",
2026-08-20T10:21:17.7666697Z   "Size": 15745318,
2026-08-20T10:21:17.7667225Z   "Sha256": "f913c2e5a7088df07144691f089bb82f9325dea874a17f6e726eab189c1dc3d2",
2026-08-20T10:21:17.7668387Z   "Checksum": "D:\\a\\OpenCppCoverage-ARM64\\OpenCppCoverage-ARM64\\artifacts\\OpenCppCoverage-0.9.9.0-windows-x86.zip.sha256",
2026-08-20T10:21:17.7669821Z   "Staging": "D:\\a\\OpenCppCoverage-ARM64\\OpenCppCoverage-ARM64\\artifacts\\staging\\OpenCppCoverage-0.9.9.0-windows-x86",
2026-08-20T10:21:17.7671235Z   "Expanded": "D:\\a\\OpenCppCoverage-ARM64\\OpenCppCoverage-ARM64\\artifacts\\expanded\\OpenCppCoverage-0.9.9.0-windows-x86",
2026-08-20T10:21:17.7672156Z   "PeImageCount": 34,
2026-08-20T10:21:17.7672471Z   "FileCount": 151,
2026-08-20T10:21:17.7672801Z   "DependencyCount": 100,
2026-08-20T10:21:17.7673650Z   "CrtSource": "C:\\Program Files\\Microsoft Visual Studio\\2022\\Enterprise\\VC\\Redist\\MSVC\\14.44.35112\\x86\\Microsoft.VC143.CRT",
2026-08-20T10:21:17.7674425Z   "CrtStaged": [
2026-08-20T10:21:17.7674653Z     "concrt140.dll",
2026-08-20T10:21:17.7674898Z     "msvcp140_1.dll",
2026-08-20T10:21:17.7675135Z     "msvcp140_2.dll",
2026-08-20T10:21:17.7675384Z     "msvcp140_atomic_wait.dll",
2026-08-20T10:21:17.7675677Z     "msvcp140_codecvt_ids.dll",
2026-08-20T10:21:17.7675951Z     "msvcp140.dll",
2026-08-20T10:21:17.7676202Z     "vccorlib140.dll",
2026-08-20T10:21:17.7676464Z     "vcruntime140_threads.dll",
2026-08-20T10:21:17.7676747Z     "vcruntime140.dll"
2026-08-20T10:21:17.7676980Z   ],
2026-08-20T10:21:17.7677186Z   "CrtNotStaged": []
2026-08-20T10:21:17.7677418Z }
2026-08-20T10:21:17.8409291Z ##[group]Run $packageRoot = Get-ChildItem artifacts\expanded -Directory |
2026-08-20T10:21:17.8409997Z [36;1m$packageRoot = Get-ChildItem artifacts\expanded -Directory |[0m
2026-08-20T10:21:17.8410464Z [36;1m  Select-Object -First 1 -ExpandProperty FullName[0m
2026-08-20T10:21:17.8410913Z [36;1mif (-not $packageRoot) { throw "No re-expanded package was found." }[0m
2026-08-20T10:21:17.8411360Z [36;1m& .\Build\Scripts\RunEndToEnd.ps1 -Platform x86 `[0m
2026-08-20T10:21:17.8411770Z [36;1m  -Configuration Release -LogDirectory artifacts\logs `[0m
2026-08-20T10:21:17.8412172Z [36;1m  -PackageRoot $packageRoot -Label packaged 2>&1 |[0m
2026-08-20T10:21:17.8412557Z [36;1m  Tee-Object artifacts\logs\e2e-packaged-Win32.log[0m
2026-08-20T10:21:17.8412922Z [36;1mif ($LASTEXITCODE -ne 0) { exit $LASTEXITCODE }[0m
2026-08-20T10:21:17.8444705Z shell: C:\Program Files\PowerShell\7\pwsh.EXE -command ". '{0}'"
2026-08-20T10:21:17.8445047Z env:
2026-08-20T10:21:17.8445490Z   MSBUILD_EXE: C:\Program Files\Microsoft Visual Studio\2022\Enterprise\MSBuild\Current\Bin\amd64\MSBuild.exe
2026-08-20T10:21:17.8446094Z   VCPKG_ROOT: C:\Users\runneradmin\AppData\Local\OpenCppCoverage\vcpkg
2026-08-20T10:21:17.8446444Z ##[endgroup]
2026-08-20T10:21:18.2429403Z Running: D:\a\OpenCppCoverage-ARM64\OpenCppCoverage-ARM64\artifacts\expanded\OpenCppCoverage-0.9.9.0-windows-x86\Binaries\OpenCppCoverage.exe --sources TestCoverageConsole --export_type=cobertura:artifacts\logs\e2e-cobertura-x86-Release-packaged.xml -- D:\a\OpenCppCoverage-ARM64\OpenCppCoverage-ARM64\Release\TestCoverageConsole.exe TestBasic
2026-08-20T10:21:18.3393108Z [31;1m[info] Start Program:[0m
2026-08-20T10:21:18.3421070Z [31;1mPath:"D:\\a\\OpenCppCoverage-ARM64\\OpenCppCoverage-ARM64\\Release\\TestCoverageConsole.exe"[0m
2026-08-20T10:21:18.3429883Z [31;1mArguments:TestBasic [0m
2026-08-20T10:21:18.3442729Z [31;1mWorking directory: not set.[0m
2026-08-20T10:21:18.3451952Z [31;1mModules: Selected: * Excluded: [0m
2026-08-20T10:21:18.3463428Z [31;1mSources: Selected: TestCoverageConsole Excluded: [0m
2026-08-20T10:21:18.3472702Z [31;1mLog Level: Normal[0m
2026-08-20T10:21:18.3481422Z [31;1mCover Children: 0[0m
2026-08-20T10:21:18.3490865Z [31;1mAggregate by file: 1[0m
2026-08-20T10:21:18.3499847Z [31;1mContinue after C++ exception: 0[0m
2026-08-20T10:21:18.3513571Z [31;1mOptimized build support: 0[0m
2026-08-20T10:21:18.3523010Z [31;1mExport: cobertura artifacts\logs\e2e-cobertura-x86-Release-packaged.xml [0m
2026-08-20T10:21:18.3535025Z [31;1mInput coverage: [0m
2026-08-20T10:21:18.3545242Z [31;1mUnified diff: [0m
2026-08-20T10:21:18.3555169Z [31;1mExcluded line regular expressions: [0m
2026-08-20T10:21:18.3565164Z [31;1mSubstitute pdb source paths: [0m
2026-08-20T10:21:18.3579085Z [31;1m[info] Module: D:\a\OpenCppCoverage-ARM64\OpenCppCoverage-ARM64\Release\TestCoverageConsole.exe is selected because it matches selected pattern: *[0m
2026-08-20T10:21:18.3591655Z [31;1m[info] Module: C:\Windows\SysWOW64\ntdll.dll is selected because it matches selected pattern: *[0m
2026-08-20T10:21:18.3603397Z [31;1m[info] Module: C:\Windows\SysWOW64\kernel32.dll is selected because it matches selected pattern: *[0m
2026-08-20T10:21:18.3611126Z [31;1m[info] Module: C:\Windows\SysWOW64\KernelBase.dll is selected because it matches selected pattern: *[0m
2026-08-20T10:21:18.3622925Z [31;1m[info] Module: C:\Windows\SysWOW64\ucrtbase.dll is selected because it matches selected pattern: *[0m
2026-08-20T10:21:18.3634758Z [31;1m[info] Module: D:\a\OpenCppCoverage-ARM64\OpenCppCoverage-ARM64\Release\TestCoverageOptimizedBuild.dll is selected because it matches selected pattern: *[0m
2026-08-20T10:21:18.3643562Z [31;1m[info] Module: D:\a\OpenCppCoverage-ARM64\OpenCppCoverage-ARM64\Release\PocoFoundation.dll is selected because it matches selected pattern: *[0m
2026-08-20T10:21:18.3658362Z [31;1m[info] Module: D:\a\OpenCppCoverage-ARM64\OpenCppCoverage-ARM64\Release\Tools.dll is selected because it matches selected pattern: *[0m
2026-08-20T10:21:18.3666036Z [31;1m[info] Module: D:\a\OpenCppCoverage-ARM64\OpenCppCoverage-ARM64\Release\TestCoverageSharedLib.dll is selected because it matches selected pattern: *[0m
2026-08-20T10:21:18.3676780Z [31;1m[info] Module: C:\Windows\SysWOW64\advapi32.dll is selected because it matches selected pattern: *[0m
2026-08-20T10:21:18.3687002Z [31;1m[info] Module: C:\Windows\SysWOW64\msvcrt.dll is selected because it matches selected pattern: *[0m
2026-08-20T10:21:18.3696175Z [31;1m[info] Module: C:\Windows\SysWOW64\vcruntime140.dll is selected because it matches selected pattern: *[0m
2026-08-20T10:21:18.3705077Z [31;1m[info] Module: C:\Windows\SysWOW64\msvcp140.dll is selected because it matches selected pattern: *[0m
2026-08-20T10:21:18.3713722Z [31;1m[info] Module: C:\Windows\SysWOW64\sechost.dll is selected because it matches selected pattern: *[0m
2026-08-20T10:21:18.3722995Z [31;1m[info] Module: D:\a\OpenCppCoverage-ARM64\OpenCppCoverage-ARM64\Release\pcre2-8.dll is selected because it matches selected pattern: *[0m
2026-08-20T10:21:18.3731480Z [31;1m[info] Module: D:\a\OpenCppCoverage-ARM64\OpenCppCoverage-ARM64\Release\Plugin.dll is selected because it matches selected pattern: *[0m
2026-08-20T10:21:18.3754928Z [31;1m[info] Module: C:\Windows\SysWOW64\bcrypt.dll is selected because it matches selected pattern: *[0m
2026-08-20T10:21:18.3775108Z [31;1m[info] Module: C:\Windows\SysWOW64\rpcrt4.dll is selected because it matches selected pattern: *[0m
2026-08-20T10:21:18.3789440Z [31;1m[info] Module: D:\a\OpenCppCoverage-ARM64\OpenCppCoverage-ARM64\Release\z.dll is selected because it matches selected pattern: *[0m
2026-08-20T10:21:18.3833576Z [31;1m[info] Module: C:\Windows\SysWOW64\IPHLPAPI.DLL is selected because it matches selected pattern: *[0m
2026-08-20T10:21:18.3901171Z [31;1m[info] Module: C:\Windows\SysWOW64\dbghelp.dll is selected because it matches selected pattern: *[0m
2026-08-20T10:21:18.3937623Z [31;1m[info] Module: D:\a\OpenCppCoverage-ARM64\OpenCppCoverage-ARM64\Release\boost_iostreams-vc143-mt-x32-1_91.dll is selected because it matches selected pattern: *[0m
2026-08-20T10:21:18.4385444Z [31;1m[info] Module: D:\a\OpenCppCoverage-ARM64\OpenCppCoverage-ARM64\Release\boost_locale-vc143-mt-x32-1_91.dll is selected because it matches selected pattern: *[0m
2026-08-20T10:21:18.4397967Z [31;1m[info] Module: D:\a\OpenCppCoverage-ARM64\OpenCppCoverage-ARM64\Release\boost_log-vc143-mt-x32-1_91.dll is selected because it matches selected pattern: *[0m
2026-08-20T10:21:18.4410535Z [31;1m[info] Module: D:\a\OpenCppCoverage-ARM64\OpenCppCoverage-ARM64\Release\boost_thread-vc143-mt-x32-1_91.dll is selected because it matches selected pattern: *[0m
2026-08-20T10:21:18.4423348Z [31;1m[info] Module: D:\a\OpenCppCoverage-ARM64\OpenCppCoverage-ARM64\Release\utf8proc.dll is selected because it matches selected pattern: *[0m
2026-08-20T10:21:18.4435864Z [31;1m[info] Module: C:\Windows\SysWOW64\ws2_32.dll is selected because it matches selected pattern: *[0m
2026-08-20T10:21:18.4449819Z [31;1m[info] Module: D:\a\OpenCppCoverage-ARM64\OpenCppCoverage-ARM64\Release\bz2.dll is selected because it matches selected pattern: *[0m
2026-08-20T10:21:18.4462705Z [31;1m[info] Module: D:\a\OpenCppCoverage-ARM64\OpenCppCoverage-ARM64\Release\liblzma.dll is selected because it matches selected pattern: *[0m
2026-08-20T10:21:18.4475183Z [31;1m[info] Module: D:\a\OpenCppCoverage-ARM64\OpenCppCoverage-ARM64\Release\zstd.dll is selected because it matches selected pattern: *[0m
2026-08-20T10:21:18.4486996Z [31;1m[info] Module: D:\a\OpenCppCoverage-ARM64\OpenCppCoverage-ARM64\Release\boost_filesystem-vc143-mt-x32-1_91.dll is selected because it matches selected pattern: *[0m
2026-08-20T10:21:18.4489308Z [31;1m[info] Module: C:\Windows\SysWOW64\secur32.dll is selected because it matches selected pattern: *[0m
2026-08-20T10:21:18.4499191Z [31;1m[info] Module: C:\Windows\SysWOW64\msvcp140_codecvt_ids.dll is selected because it matches selected pattern: *[0m
2026-08-20T10:21:18.4506863Z [31;1m[info] Module: C:\Windows\SysWOW64\dbgcore.dll is selected because it matches selected pattern: *[0m
2026-08-20T10:21:18.4515466Z [31;1m[info] Module: C:\Windows\SysWOW64\sspicli.dll is selected because it matches selected pattern: *[0m
2026-08-20T10:21:18.4524276Z [31;1m[info] Module: C:\Windows\SysWOW64\kernel.appcore.dll is selected because it matches selected pattern: *[0m
2026-08-20T10:21:18.4532377Z [31;1m[info] ----------------------------------------------------[0m
2026-08-20T10:21:18.4540891Z [31;1m[info] Cobertura report generated: artifacts\logs\e2e-cobertura-x86-Release-packaged.xml[0m
2026-08-20T10:21:18.4551334Z [31;1m[info] ----------------------------------------------------[0m
2026-08-20T10:21:18.4562787Z [31;1m[info] The code coverage report is not what you expect? See the FAQ https://github.com/OpenCppCoverage/OpenCppCoverage/wiki/FAQ.[0m
2026-08-20T10:21:18.4935756Z End-to-end coverage verified on x86|Release: 3/25 lines executed in TestBasic.cpp, unreachable line 36 correctly reported as not executed.
2026-08-20T10:21:18.4940794Z Summary written to artifacts\logs\e2e-summary-x86-Release-packaged.json
2026-08-20T10:21:18.5562093Z ##[group]Run & .\Build\Scripts\Assert-Results.ps1 -Platform x86 `
2026-08-20T10:21:18.5562633Z [36;1m& .\Build\Scripts\Assert-Results.ps1 -Platform x86 `[0m
2026-08-20T10:21:18.5562993Z [36;1m  -LogDirectory artifacts\logs[0m
2026-08-20T10:21:18.5563310Z [36;1mif ($LASTEXITCODE -ne 0) { exit $LASTEXITCODE }[0m
2026-08-20T10:21:18.5595247Z shell: C:\Program Files\PowerShell\7\pwsh.EXE -command ". '{0}'"
2026-08-20T10:21:18.5595586Z env:
2026-08-20T10:21:18.5595999Z   MSBUILD_EXE: C:\Program Files\Microsoft Visual Studio\2022\Enterprise\MSBuild\Current\Bin\amd64\MSBuild.exe
2026-08-20T10:21:18.5596594Z   VCPKG_ROOT: C:\Users\runneradmin\AppData\Local\OpenCppCoverage\vcpkg
2026-08-20T10:21:18.5596946Z ##[endgroup]
2026-08-20T10:21:18.8865772Z All recorded results for x86 are complete and fully passing (Debug, Release plus end-to-end).
2026-08-20T10:21:18.9402431Z Node 20 is being deprecated. This workflow is running with Node 24 by default. If you need to temporarily use Node 20, you can set the ACTIONS_ALLOW_USE_UNSECURE_NODE_VERSION=true environment variable. For more information see: https://github.blog/changelog/2025-09-19-deprecation-of-node-20-on-github-actions-runners/
2026-08-20T10:21:18.9404561Z ##[group]Run actions/upload-artifact@v4
2026-08-20T10:21:18.9404838Z with:
2026-08-20T10:21:18.9405028Z   name: logs-windows-x86
2026-08-20T10:21:18.9405248Z   path: artifacts/logs
2026-08-20T10:21:18.9405460Z   if-no-files-found: warn
2026-08-20T10:21:18.9405683Z   compression-level: 6
2026-08-20T10:21:18.9405929Z   overwrite: false
2026-08-20T10:21:18.9406131Z   include-hidden-files: false
2026-08-20T10:21:18.9406353Z env:
2026-08-20T10:21:18.9406766Z   MSBUILD_EXE: C:\Program Files\Microsoft Visual Studio\2022\Enterprise\MSBuild\Current\Bin\amd64\MSBuild.exe
2026-08-20T10:21:18.9407380Z   VCPKG_ROOT: C:\Users\runneradmin\AppData\Local\OpenCppCoverage\vcpkg
2026-08-20T10:21:18.9407721Z ##[endgroup]
2026-08-20T10:21:19.1366742Z (node:8120) [DEP0040] DeprecationWarning: The `punycode` module is deprecated. Please use a userland alternative instead.
2026-08-20T10:21:19.1367634Z (Use `node --trace-deprecation ...` to show where the warning was created)
2026-08-20T10:21:19.1540909Z With the provided path, there will be 36 files uploaded
2026-08-20T10:21:19.1548201Z Artifact name is valid!
2026-08-20T10:21:19.1549979Z Root directory input is valid!
2026-08-20T10:21:19.5828828Z Beginning upload of artifact content to blob storage
2026-08-20T10:21:19.7038231Z (node:8120) [DEP0169] DeprecationWarning: `url.parse()` behavior is not standardized and prone to errors that have security implications. Use the WHATWG URL API instead. CVEs are not issued for `url.parse()` vulnerabilities.
2026-08-20T10:21:20.6359217Z Uploaded bytes 1756186
2026-08-20T10:21:20.7167762Z Finished uploading artifact content to blob storage!
2026-08-20T10:21:20.7169426Z SHA256 digest of uploaded artifact zip is b15af16d283359509b7ab31b3abfce445afd6c64fc6b32e5be471564a4a68046
2026-08-20T10:21:20.7171595Z Finalizing artifact upload
2026-08-20T10:21:20.9883989Z Artifact logs-windows-x86.zip successfully finalized. Artifact ID 9402591986
2026-08-20T10:21:20.9885394Z Artifact logs-windows-x86 has been successfully uploaded! Final size is 1756186 bytes. Artifact ID is 9402591986
2026-08-20T10:21:20.9894221Z Artifact download URL: https://github.com/LynnSingoei/OpenCppCoverage-ARM64/actions/runs/32357865925/artifacts/9402591986
2026-08-20T10:21:21.0133272Z Node 20 is being deprecated. This workflow is running with Node 24 by default. If you need to temporarily use Node 20, you can set the ACTIONS_ALLOW_USE_UNSECURE_NODE_VERSION=true environment variable. For more information see: https://github.blog/changelog/2025-09-19-deprecation-of-node-20-on-github-actions-runners/
2026-08-20T10:21:21.0134678Z ##[group]Run actions/upload-artifact@v4
2026-08-20T10:21:21.0134944Z with:
2026-08-20T10:21:21.0135148Z   name: OpenCppCoverage-windows-x86
2026-08-20T10:21:21.0135603Z   path: artifacts/*.zip
artifacts/*.sha256
artifacts/*-expanded-pe-manifest.json

2026-08-20T10:21:21.0136024Z   if-no-files-found: warn
2026-08-20T10:21:21.0136243Z   compression-level: 6
2026-08-20T10:21:21.0136441Z   overwrite: false
2026-08-20T10:21:21.0136642Z   include-hidden-files: false
2026-08-20T10:21:21.0136857Z env:
2026-08-20T10:21:21.0137281Z   MSBUILD_EXE: C:\Program Files\Microsoft Visual Studio\2022\Enterprise\MSBuild\Current\Bin\amd64\MSBuild.exe
2026-08-20T10:21:21.0137867Z   VCPKG_ROOT: C:\Users\runneradmin\AppData\Local\OpenCppCoverage\vcpkg
2026-08-20T10:21:21.0138216Z ##[endgroup]
2026-08-20T10:21:21.1916095Z (node:5948) [DEP0040] DeprecationWarning: The `punycode` module is deprecated. Please use a userland alternative instead.
2026-08-20T10:21:21.1916830Z (Use `node --trace-deprecation ...` to show where the warning was created)
2026-08-20T10:21:21.1989536Z With the provided path, there will be 3 files uploaded
2026-08-20T10:21:21.1994667Z Artifact name is valid!
2026-08-20T10:21:21.1997605Z Root directory input is valid!
2026-08-20T10:21:21.6121891Z Beginning upload of artifact content to blob storage
2026-08-20T10:21:21.8904860Z (node:5948) [DEP0169] DeprecationWarning: `url.parse()` behavior is not standardized and prone to errors that have security implications. Use the WHATWG URL API instead. CVEs are not issued for `url.parse()` vulnerabilities.
2026-08-20T10:21:23.1566887Z Uploaded bytes 8388608
2026-08-20T10:21:23.4174985Z Uploaded bytes 15632425
2026-08-20T10:21:23.4959081Z Finished uploading artifact content to blob storage!
2026-08-20T10:21:23.4960874Z SHA256 digest of uploaded artifact zip is ac116e93ce6c428cb44890ce3c4ef89c6efaec0824bddb6c188052869899cd89
2026-08-20T10:21:23.4963196Z Finalizing artifact upload
2026-08-20T10:21:23.7551795Z Artifact OpenCppCoverage-windows-x86.zip successfully finalized. Artifact ID 9402593340
2026-08-20T10:21:23.7553212Z Artifact OpenCppCoverage-windows-x86 has been successfully uploaded! Final size is 15632425 bytes. Artifact ID is 9402593340
2026-08-20T10:21:23.7561133Z Artifact download URL: https://github.com/LynnSingoei/OpenCppCoverage-ARM64/actions/runs/32357865925/artifacts/9402593340
2026-08-20T10:21:23.8895611Z Node 20 is being deprecated. This workflow is running with Node 24 by default. If you need to temporarily use Node 20, you can set the ACTIONS_ALLOW_USE_UNSECURE_NODE_VERSION=true environment variable. For more information see: https://github.blog/changelog/2025-09-19-deprecation-of-node-20-on-github-actions-runners/
2026-08-20T10:21:23.8896994Z Post job cleanup.
2026-08-20T10:21:24.0176073Z Cache hit occurred on the primary key vcpkg-Windows-X64-x86-windows-e9073cbba490b47646cd34a400c0f939662f8d5e71d819b4641152c3a200eb94, not saving cache.
2026-08-20T10:21:24.0178287Z (node:1000) [DEP0040] DeprecationWarning: The `punycode` module is deprecated. Please use a userland alternative instead.
2026-08-20T10:21:24.0179933Z (Use `node --trace-deprecation ...` to show where the warning was created)
2026-08-20T10:21:24.0403129Z Node 20 is being deprecated. This workflow is running with Node 24 by default. If you need to temporarily use Node 20, you can set the ACTIONS_ALLOW_USE_UNSECURE_NODE_VERSION=true environment variable. For more information see: https://github.blog/changelog/2025-09-19-deprecation-of-node-20-on-github-actions-runners/
2026-08-20T10:21:24.0404549Z Post job cleanup.
2026-08-20T10:21:24.2272121Z [command]"C:\Program Files\Git\bin\git.exe" version
2026-08-20T10:21:24.2488627Z git version 2.55.0.windows.3
2026-08-20T10:21:24.2546331Z Temporarily overriding HOME='D:\a\_temp\31e92da9-66d3-464e-9e5f-20f41d434a85' before making global git config changes
2026-08-20T10:21:24.2547624Z Adding repository directory to the temporary git global config as a safe directory
2026-08-20T10:21:24.2557098Z [command]"C:\Program Files\Git\bin\git.exe" config --global --add safe.directory D:\a\OpenCppCoverage-ARM64\OpenCppCoverage-ARM64
2026-08-20T10:21:24.2772149Z [command]"C:\Program Files\Git\bin\git.exe" config --local --name-only --get-regexp core\.sshCommand
2026-08-20T10:21:24.2986127Z [command]"C:\Program Files\Git\bin\git.exe" submodule foreach --recursive "sh -c \"git config --local --name-only --get-regexp 'core\.sshCommand' && git config --local --unset-all 'core.sshCommand' || :\""
2026-08-20T10:21:24.7083423Z [command]"C:\Program Files\Git\bin\git.exe" config --local --name-only --get-regexp http\.https\:\/\/github\.com\/\.extraheader
2026-08-20T10:21:24.7281440Z http.https://github.com/.extraheader
2026-08-20T10:21:24.7313318Z [command]"C:\Program Files\Git\bin\git.exe" config --local --unset-all http.https://github.com/.extraheader
2026-08-20T10:21:24.7543471Z [command]"C:\Program Files\Git\bin\git.exe" submodule foreach --recursive "sh -c \"git config --local --name-only --get-regexp 'http\.https\:\/\/github\.com\/\.extraheader' && git config --local --unset-all 'http.https://github.com/.extraheader' || :\""
2026-08-20T10:21:25.2037176Z [command]"C:\Program Files\Git\bin\git.exe" config --local --name-only --get-regexp ^includeIf\.gitdir:
2026-08-20T10:21:25.2253045Z [command]"C:\Program Files\Git\bin\git.exe" submodule foreach --recursive "git config --local --show-origin --name-only --get-regexp remote.origin.url"
2026-08-20T10:21:25.6427953Z Cleaning up orphan processes
2026-08-20T10:21:25.6619492Z Terminate orphan process: pid (6128) (MSBuild)
2026-08-20T10:21:25.6672747Z Terminate orphan process: pid (5028) (MSBuild)
2026-08-20T10:21:25.6829700Z Terminate orphan process: pid (716) (MSBuild)
2026-08-20T10:21:25.6963971Z Terminate orphan process: pid (5980) (conhost)
2026-08-20T10:21:25.7149064Z Terminate orphan process: pid (4720) (vctip)
2026-08-20T10:21:25.7376490Z ##[warning]Node.js 20 is deprecated. The following actions target Node.js 20 but are being forced to run on Node.js 24: actions/cache@v4, actions/checkout@v4, actions/upload-artifact@v4, microsoft/setup-msbuild@v2. For more information see: https://github.blog/changelog/2025-09-19-deprecation-of-node-20-on-github-actions-runners/
